0001	デレマスでもひとつの発明だった怪物ユニット・LiPPSを 初手に持ってきた時点でどうなることかと思ったけど " RiPPS "（静凛・竜胆尊・鷹宮リオン・鈴原るる・桜凛月）を 見出した瞬間に一気に展望が開けた感がある  限界ロリコン辣腕P・御伽原江良(Pa)…	20	瀞沢	0
0002	59:45  ほんひまのSUN♡︎FLOWER聞きたい 企画頼むエラＰ	58	miya	0
0003	好きなことで生きていくってこういう事なんだなって羨ましくなった	89	ちゅーたgame	0
0004	57:56 ボンッキュッボンッ なお直後先生に呼び出されたもよう	28	頭剣盾パンダ	1
0004-001	ちゃんと真ん中がキュッとしてますね！！	9	-Keyダイス
0005	JK組流れ星キセキはほんとに見たい 鳥肌たった	29	kya na	0
0006	1:02:24  Zepp難波  復習	9	矢澤式WINTER	0
0007	バベル雨森久遠は今更ながら泣ける	9	1kazuchi	0
0008	江良ちゃん、めっちゃにじさんじのこと好きじゃん。	22	s h	0
0009	にじさんじオタクにとって最高に楽しい配信だ、ありがとう江良Ｐ	25	おりんぽす	0
0010	7:49  Tulip 26:05  アタシポンコツロイド 42:49  HARURUNRUN 47:16  モーレツ★世直しギルティ！ 59:46  SUN♡FLOWER 1:09:17  Trancing Pulse 1:13:23  Trinity Field (1:18:07  With Love) 1:21:20 O-Ku-Ri-Mo-No Sunday! 1:27:19、1:33:17  ハイファイ☆デイズ 1:30:17、1:35:57  ドレミファクトリー！ 1:42:34、1:53:32  命燃やして恋せよ乙女 (1:48:55  桜の頃) 1:58:50  Halloween❤︎Code 2:04:02  Love∞Destiny 2:12:01  バベル 2:16:27  明日また会えるよね 2:23:57  流れ星キセキ 2:29:59  秋風に手を振って (2:35:57  Twin☆くるっ★テール) 2:38:08  純情Midnight伝説 2:42:29  サマカニ！！ 2:48:01  Nothing but You 2:53:58  Stage Bye Stage  配役が決まらなかった曲は()内に記載しました 抜けがあったらすみません	120	さんしょうお	3
0010-001	有能過ぎるのも困りものだな	0	贅肉マッチョGORI
0010-002	すしお 有能すぎる	0	じぇふりー
0010-003	助かるぅ〜	0	みたら
0011	3:04:18  聞こえる聞こえる！きこえる！！（わかる）	42	ぶるぶる	0
0012	そこ違うくね？と思うところあったけどユニット決まってMV流すとマジでドンピシャで震えた これはえらPですわ	4	ヤマタ	0
0013	1:40:14   分身は流石に草	28	きしめん発射装置試作機	0
0014	プロデューサー推しです。  りあむ＝御伽原説推していきたい	12	サラダにょー	0
0015	1:23:40 Okurimono Sundayに舞元力一の発想ほんと好き	1	紳士.	0
0016	終始ニコニコしてる江良ちゃんえっちだなぁ〜	4	あねかわ	0
0017	ほんとに好きっていう気持ちを、愛を感じれた 凄いと思った  神回をありがとう、江良ちゃん	24	月奏-runa-	0
0018	良い企画をありがとう。次回も楽しみ。 企画の趣旨には合わないけれど 『M@STERPIECE』を にじさんじライバーに歌ってほしいと最後のMVを観て思いました。	12	あきさめぜんせん	0
0019	デレス愛がいっぱいで ずっと江良ちゃん可愛かった！ とても面白かった！	12	アナスタシア2756	0
0020	ライバーの為に課金するプロデューサーの鑑	8	マコト・ソノムラ	0
0021	いや～これは生で参加したかった！楽しい企画ありがとうエラP！！	3	くろうず	0
0022	にじさんじのチヒロは勇気です	3	ｋｘｃｘ	0
0023	俺、やっぱりにじさんじ好きなんやなって…	1	久四郎	0
0024	この企画大好きや❗️	1	dekatya でかちゃ	0
0025	クレアさん呼ぼうか通話しよう民は絶対に空気が読めない人	75	ひだぐま	2
0025-001	呼ぶとしたら次回だよな	1	フロランタン
0025-002	SUN NY ほんそれ ずっと、チャイカと舞元力一、刀子言ってるのもあれだった	16	凸亀
0026	妄想でここまで限界になれるの凄いな	8	藤村	0
0027	金払って発注は草	3	仮アサクラ	0
0028	勝手にシンデレラって検索したら 出てきたw	0	時代が経つにつれて存在が忘れられていくザナーク	0
0029	ギバラプロデュースかぁ…期待！	0	めたるおー	0
0030	流れるような終わり方、天才か？	7	朱耶式・あかやしき	0
0031	神回感謝します	0	afternoon田中	0
0032	見ててめっちゃ楽しい ありがとう	0	バブちゃん	0
0033	最近デレステ再熱したから見直しに来たけど、デレもにじも色々増えたからまたやってほしいなあ	0	島々縞子	0
0034	いい夢を見せてくれてありがとう	0	ぷーた。	0
0035	ところどころ解釈違いがつらいけど楽しい配信	3	tukuedusk	0
0036	3:00:35 お前邪魔すこ	7	よしだ。	0
0037	ありがとう	0	wing s	0
0038	NWさんばか！論あると思うけど 小野町、語部、瀬戸の3人も属性綺麗だし合いそうなんだよなぁ	7	きゃんでぃー	0
0039	開始　1:54	21	ぽんちゃん	0
0040	リスナーの好きとか我がもろに出て、それをうまくまとめたギバラPの腕はマジで称賛する！	0	dekatya でかちゃ	0
0041	この配信で一番すごいのはアイマスが好きじゃない人でも楽しいという点	11	地獄鳥	1
0041-001	ほんとこれすごいと思う アイマス全然知らないにじさんじファンだけど超楽しかった	2	セブン
0042	個人的には例のポエムで愛園さんにSUN♡FLOWER歌って欲しくなった	0	ロックマド	0
0043	初手たけたついい声やな（KY）	0	ギュス	0
0044	浅利七海合作で不意打ち食らった	3	やみやみこ	0
0045	江良Pこそ、V界の亀井有馬だ	3	空飛ぶピザ	0
0046	1:22:05 O-Ku-Ri-Mo-No 1:23:40 各曲チャプターが新しい順にあります	5	目次	0
0047	天才	1	Anker	0
0048	江良Pのデレステ愛とにじさんじ愛がすごかった。デレステ知ってる人も知らない人も、ワイワイ楽しめる神企画しゅげぇ！！	0	Shin	0
0049	引退組＋笹木でalways歌わせてえなあ	5	はにう	0
0050	おつえら〜！ ほんと神ユニットばっかだった... 江良Pの強さをまざまざと 魅せられました...！    今年大学受験だけど、デレステ真剣に やるか悩み中...(隙自)	5	アヲノ#調子極端	0
0051	この動画がきっかけでデレステにハマりました！	0	秋野若葉	0
0052	江良P水を得た魚のごとく生き生きとしとったな 勝手にプロデュースと書きながらもコメント拾っていくスタイル好き	5	キムワイプーSDSーペイジ	0
0053	未央が演劇やるってなったのはソロ活動に迷いがある凛を上手く応援するために、美嘉とPに「違う視点になってみないと凛の気持ちわからないかもよ」ってアドバイスされて、自分も凛と同じ視点になってみようって思った結果なので突然では…突然ではないんだ…わかって…	0	魔王	0
0054	デレステを愛しにじさんじも愛した女	1	贅肉マッチョGORI	0
0055	56:40 凹レーション	0	佐藤孝政	0
0056	7:49 Tulip 28:41 ポンコツアンドロイド 43:18 HARURUNRUN 54:00 世直しギルティ！ 1:00:19 SUN♡FLOWER 1:10:49 Tracing Pulse 1:22:05 O-Ku-Ri-Mo-No 1:23:40 1:30:36 ドレミファクトリー！ 1:43:15 命燃やして恋せよ乙女 2:00:34 Halloween Code 2:04:25 Love∞Destiny 2:12:38 バベル 2:17:07 明日また会えるよね 2:24:52 流れ星キセキ 2:30:25 秋風に手を振って 2:38:22 純情Midnight伝説 2:43:42 サマカニ！ 2:48:32 Nothing but You 2:53:58 Stage Bye Stage	6	目次	0
0057	委員長がウサミンってじぇいけ……なんでもないです	0	永遠の非リア	0
0058	01:35:32 趣味全開ユニット	1	kuro yabu	0
0059	同僚ライバーの事をちゃんと理解して無きゃ出来ない配信だったと思う。江良Pお見事でした！	0	如月てぇ提督	0
0060	9:31 なんやその顔	1	フォトンボム魔	0
0061	1:06:36 スッ	0	やんばるやんばる	0
0062	1:26:10	0	Diky	0
