0001	1:50　ﾃﾞﾁ	105	キョンキョン	1
0001-001	それほんっっっと好き（唐突）	1	ミスタースライス
0002	1:28:30 DMMブックス	85	ぷよぷよ	1
0002-001	I'm subbing due to this. A true woman of culture indeed.	3	Dale Ryan Aldover
0003	ギバラがコメント見たくないって言った瞬間に好きとか可愛いとか告白するツンデレニキすこ	6	いろはすあざと	0
0004	4:26 誰これww	73	〜〜	3
0004-001	@飛鳥湊 鼓膜爆散ニキ強く生きて	0	邪智暴虐の翁
0004-002	なんも聞こえんぞ	3	飛鳥湊
0004-003	耳イカれたやんけ	3	キャンタマーニ
0005	40:20 世界の真実に気づくギバラ	80	御谷原伊澄	2
0005-001	ギバラは新人類だった?	0	Noob-kurome
0005-002	このギバラ……バビロン見てやがんなぁ……	1	誇り高きタイヤの王子 へシータ
0006	1:36:54 天才かぁ？	35	dekarucha	0
0007	サムネの顔可愛い笑笑	4	蛇神鬼灯	0
0008	4:26のやつ新光神話パルテナの鏡に出てくる死神に似てない？	27	KN S	4
0008-001	めっちゃわかる	0	ままま
0008-002	ｳｲ!ｳｲ! ﾃｯﾃﾚｯﾃﾚｯﾃﾚｰﾃｯﾃﾚｯﾃﾚｯﾃ	0	chi raq
0008-003	あれトラウマやw	1	A oi
0008-004	スマブラのフィールドスマッシュで聞いたことがあるな。	0	岡本和樹
0009	32:51 32:51 32:51 32:51 32:51 32:51  分かんない	13	SLK	0
0010	1:44:21　喰われそう	6	佐藤 観	0
0011	笹木流上目遣い使いこなしてて草	4	ぎん	0
0012	バケツで猫ひっぱたくは草生えた	4	えええぬぬぬ	0
0013	MTG風のテキスト書いてる奴いて草	2	くらん	0
0014	13:52 ここなんでかわからんけど好き	0	ビブリオ腸炎古書店	0
0015	Lv.151のリスナーギバラの話聞く気なくて草	2	yuuki	0
0016	やり始めすぐにあくび中に木から落ちたオランウータンみたいな声出したな…  聞いた事ないけど	1	黒林檎モノ	0
0017	かわいぼくOwO	1	mata Hari	0
0018	ギバラ剣持開いたマリカの大会出ないんか？	2	松井一代	0
0019	1:45	10	すーすー	0
0020	4:26	2	だれ！？	0
0021	いちいちかわいいなぁおいほんと好きやわ かわいいよギバラ	0	もちだのひと	0
0022	>>こんなにナレーションが煽ってくるゲームある？ getting over it with bennett foddy..	2	あり	0
0023	16:35 すき	1	カルス	0
0024	お疲れ様でした。	1	ヘビーアモ	0
0025	ついにやったか	1	みくたふにたろう	0
0026	何かに怒鳴らないギバラは声キレイなんだな	7	AGORA	0
0027	おつえら〜！ 追い課金しなくてよかったねぇ！ こんなゲームでもいつかは江良ちゃんの人生に意味を成す時がくr… こないか……  とにかくクリアおめでとう！🎊🎉	1	アヲノ#調子極端	0
0028	48:38 自力でやった自分は何だったのか…	1	そむらー	1
0028-001	俺はできんかったから東方にハマってた後輩呼んでやらしたぞ…	0	セン
0029	ゾゾと誕生日一緒や（）	0	ひらさわ	0
0030	開始 1:51	1	うべー	0
0031	せめてタイトルだけはガワのキャラをだな…	2	ろりばばぁ	0
0032	1番最初の142のやつ 4←の三角形合わせて8じゃね？ このアプリガバガバで草	2	まふまふファン	0
0033	4:27 4:27 4:27 4:27	2	アミノ酸ヨーグルト恣意的型	0
