0001	1:51 開始	15	もぶらん	0
0002	8:20すきあらばDM晒し	5	啄木鳥	0
0003	13:19 ぜっっっったいに許さない	3	ヘアピン	0
0004	おつえら〜！ コラボ予定助かる！ 今日も楽しく過ごせて江良い！	3	アヲノ#調子極端	0
0005	12:58 推し同士の結婚は私たちの結婚の理論、カロリーゼロ理論に似た何かを感じたのは私だけ(13:26本題)？	0	さむ	0
0006	江良い！！	1	きらりんf	0
0007	荒みストリートで草	3	タロサァン	0
0008	おつえら～ 最近あまり追えなくなって30分ならとアーカイブで見ました どんどんつながりが拡がってるようで私も嬉しいです あと矢車エルモの話面白かったｗ  まだ実際に見れてないけどリズ天目隠しクリアってやべーでしょ、達成おめでとう！	6	深遠の緑	0
0009	コラボ多いの助かる、楽しみにしてるぞギバラ！	0	天キノ	0
0010	現在のメンバー数 1539人	8	頭剣盾パンダ	0
0011	良いお知らせ楽しみにしてます	0	suke tome	0
0012	OPとEDの曲、ほんとすこ。	0	なこるる	0
0013	御伽原さんもVtuber同士で結婚するんやろなぁ・・・はぁ・・・・	0	よわむしArisia	0
0014	サムネかわいいな	0	くろが	0
0015	うぽつ	0	希望ゆっくり	0
0016	サムネがリズム天国っぽくてよい	0	わっつぁん	0
0017	コラボ予定教えてくれてありがとう 良いお知らせも楽しみ～	0	アムカン	0
0018	短い動画も追いやすくて助かる〜  大炎上で🔥消えちゃったけど 萌え皮脱いでギバラがやりたかった魂解放が 徐々に受け入れられてきた感じするんだよね   もう10万間近や！頑張れぇ〜！	1	ねむのき	0
