0001	ギバラのイメージが強すぎて顔の下の可愛さ部分を脳が受け付けないせいで、頭だけ分離して見える	176	ピヨリ.	0
0002	心無しか声もきれいに聞こえませんか？僕はそう思いませんけど。	206	73 Kautumn	7
0002-001	エビお構文は現環境最強	0	獣王メコン川
0002-002	思わないんかい	0	おかだゆうき
0002-003	チャンネルmeguusi ハート付いてて草	5	紅陽くれひ
0002-004	……はぁ？	0	影 ーExー
0002-005	チャンネルmeguusi  チャンネルmeguusi   最初の語りはなんだったんだ(困惑	0	かきごおり
0002-006	ギバラはギバラだけどギバラじゃないギバラってな〜んだ。正解はギバラ！！	30	茜_AKANE
0002-007	エビオ構文で草	27	‐ばむとケオ
0003	後ろ髪が意思を持ってて草	73	きっきー	0
0004	後ろ髪が色んな力に逆らってて草	86	てる坊	0
0005	初見です！ なんて名前の子の子ですか？ とても清楚でかわいいですね！ 汚い声とか出さなさそうですね！	66	閃いたニキ	3
0005-001	閃いたニキ いらっしゃい(ﾆﾁｬｧ)	3	坂本26
0005-002	閃いたニキ ましてやにじさんじなんかとは何の関係性もありませんよ！　多分アイドル部です！	4	西戻
0005-003	閃いたニキ 御伽原 江良ちゃんですよ！ ギバラさんじゃあるまいし、汚い声なんて出しませんよ	10	ただくに
0006	25:07 新衣装	84	! ANGE	0
0007	う～ん...夏衣装の方があのですねぇ...なんというか...胸が強調されててぇ...えっちですねぇ...	28	ミシン	1
0007-001	良いお胸でしたよねぇ……ぐへへ	1	タコスドン
0008	普通の服より胸あるように見えるの草	2	クローズエボルの人	0
0009	新衣装右肩上に芋けんぴ浮いてますよ	13	ままさまさまあさあさあ	0
0010	25:45	6	睦月	0
0011	バイト終わって音消して見に来たんだが、江良ちゃん可愛すぎんか？	8	Mr.ケチャラー	0
0012	めちゃくちゃ可愛いんだけど💢💢💢💢	14	K. Soul1210	0
0013	34:09　→彼氏面したい王候用  友達以上恋人未満のこの距離感が良いんだよね…。(分かる人には分かるはず！) GOD萌木先生、いつもありがと～！	10	どん!	0
0014	女の武器を全力で出してきやがって… くやしい	18	Inaba Sayaka TA	2
0014-001	@にょにょ 今までの服が体型出ない服だったせいで、腰の細さとか急にスタイルの良さを実感できてヤバいですね。	4	Inaba Sayaka TA
0014-002	おっぱぃ結構あるんやなって。	3	にょにょ
0015	普段髪下ろしてるのがアップになってるのめっちゃ好き!!!!! かわいかった	2	浜波海都	0
0016	サソリのプログライズキーで変身したギバラ	7	わさび	0
0017	おつえら〜！ 新衣装まじでかわいいかった... ほんとかわいいbotになるレベルで 可愛かった... GOD萌木先生ありがとうございます...    かわいい、かわいい、かわいい... ただひたすらにかわいい...	6	アヲノ#調子極端	0
0018	FGOのジャンヌみたいやな(可愛い)	4	山口麺バー	0
0019	可愛すぎて息止まった	3	ユウギリ	0
0020	なんか、こう、たゆんったゆんっ って感じ	8	風魔の忍ちゃん	0
0021	なんか合成感凄くない？？ 俺だけ？？  可愛いからいいけど。	8	宇宙戦艦トマト	0
0022	夏...汗...白い服...閃いたッ！！！	1	神薙羅夢さん	0
0023	夏服最高にかわいかった！	0	やみい/朝日奈樒	0
0024	1:47 ｽﾀｰﾄ	7	胡麻	1
0024-001	ｼｨｼｨ!?	0	Lagusa family
0025	えめっっっっっちゃかわいいよギバラ…好きです…()	0	はっし〜	0
0026	概要からどんな来るのかと思ってたらめっちゃ可愛いじゃん	0	soul Agnika	0
0027	なぜだろう…新衣装が男の娘に見えてしまった…まぁ可愛いからいっかぁ（）	0	博麗大福 Mk-35	0
0028	萌木先生これはGOD	3	百舌鳥男	0
0029	生足途切れてるのホント好き	0	8color	0
0030	その右手… もしかしてこの娘キラークイーンでは…？  めっちゃかわいい てかオプションでサソリの尻尾無くせると思ってたわ	9	Ro ze	0
0031	正直夏衣装メンバーで一番好き	0	影 ーExー	0
0032	かわいいぞ！！！！！！	0	hoheinaba chan	0
0033	右手に包丁持ってそう ってコメで吹いた	2	ラグラ	0
0034	後ろ髪の存在感がすごいw 新衣装着て嬉しそうでかわいい😊	1	つきよも	0
0035	静止筋力やばそう	3	Endless Bow	0
0036	性欲が強そうな衣装だな！(薄い本脳)	0	ちまちま	0
0037	めっちゃかわいかった	0	イチゴミヤ〈SSRB〉	0
0038	烈海王みたいに三つ編みで相手の目潰し出来そう	0	ヴィンテージマグロ	0
0039	身体のラインがくっきり分かってエッッッッッ！	0	柳丸	0
0040	生足エロくね(ド直球)	0	コマド	0
0041	これは…見える…?見えてない…?心眼…?	1	hugh雨夜	0
0042	かかと浮かれせるとか細かくできててすごいし、髪の毛編んであるのめっちゃ好き	13	カニカマ	1
0042-001	浮かせれる、じゃない？	0	紫黃-siki-
0043	パッドであってほしい	2	A T	0
0044	新衣装すこすこの酢昆布	0	たくあん	0
0045	江良ちゃんは世界一可愛いんだ…	0	コー太郎	0
0046	声と服装の清楚バランス1:30000くらいで草	1	Yan Sat	0
0047	一瞬江良ちゃんだと思ったけど気づいたらギバラだった	0	15 pafe	0
0048	胸大きくなったな！！！！！！！！！！！！！！！！！！！！	0	マヌジノビリ	0
0049	地雷だとわかってても踏みたくなるのが男の性なんだよな…	1	明太子おにぎり	0
0050	もう夏も終わりかぁ...	0	Deka Piyo	0
0051	三つ編みクソなげー笑	0	屑	0
0052	ウインク代有能	0	北村京介	0
0053	急に可愛くなるな惚れるぞ	0	だわどぅま	0
0054	胸があるだと…	0	クロネコ	0
0055	にじさんじ平野部と呼ばれてたのに、ちょっと胸あるやん。	1	999ボリー	0
0056	今まで意識してなかった幼馴染がイメチェンしたら可愛くなってた時の感情に近いなにかを感じる…  こんなかわいい幼馴染なんていないが。	0	高野豆腐	0
0057	汚い声出したら配信終了の企画してもやり遂げそうなぐらい清楚ですね！！！！	0	街屋	0
0058	は！！！！？？？？ すき！！！！！！！！！！	1	ねこ	0
0059	ギバラがいねぇぞ…？	0	バウト	0
0060	なんでかな…コラにみえるのは	0	むむむ	0
0061	ギバラこの際だから髪切ろうぜ	1	Lee Witfield	0
0062	感谢你救命之恩	0	焦璐	0
0063	トールギスIIIのヒートロッドに見える	15	山田翔	4
0063-001	わたしは歯医者になりたい	1	変態おじさん
0063-002	編み込まれてるのがにてる	2	!がんだむ
0063-003	山田翔 エピオンの奴にもみえる	2	hachi 111
0063-004	わかるw	2	ザク!
0064	最高	0	alex	0
0065	Amavel、シークレットハニー、アンクルージュ、フェバリット ゆるふわ森ガール似合いそう！！ レストローズのジャンスカも行けそうやん！！	0	丑寅の兄ぃ	0
0066	狂気上目遣い定期  そんなギバラがいつも好きです。	0	岶#ハク	0
0067	祭礼の蛇と合体してそう	0	齋藤 Iあすかりん	0
0068	むしゃぶりつきたい	1	じゃがん	0
0069	え、可愛い？ 普段着がそんなに可愛いのか(困惑)  あー リアタイで可愛い、可愛い言いたかった。 サンキューGOD	0	たなは	0
0070	後ろ髪が全体攻撃してきそう	0	あーるまーる	0
0071	衣装めちゃんこ可愛い。そしてウエストから腰、脚の付け根と太もものラインがガチで神がかってる さすGODとしか言えねぇ	0	Q太郎	0
0072	鞭…髪…？ ラーメンマンでOK？	1	Error 404	0
0073	踏まれて罵倒されたい	0	ワンコロ	0
0074	evelynの全く同じスカパンと似たレーストップス持ってるからワロタ しかもこの組み合わせで着てるわ	0	にゃん	0
0075	三つ編みがサソリの尻尾みたいで草	16	金星 / Venus	2
0075-001	丑寅の兄ぃ 我にじさんじぞ！？（切りつけ）	0	Mr.ユヅル
0075-002	ナンパ男を切り裂くんじゃね？	3	丑寅の兄ぃ
0076	枚数予想 8枚	0	七色『狂測者』	0
0077	絶対髪武器（物理）にできる	0	コエろじねら	0
0078	え…可愛い…可愛すぎだろ… いや、元から可愛いのはわかってたけど さらに可愛くなってヤバい(語彙力喪失) 執事として仕えたくなる	0	ワイドラ《Wydra》	0
0079	なんだそのカッコ(格好)はぁ！？      すきです	0	ほっけ	0
0080	意外と大きい。着やせするタイプだね	0	サファリ	0
0081	お店の住所と電話番号教えてもらっていいですか？ あと、指名料も払うんで	0	田中デーモンヨシヒコ	0
0082	下手したら烈海王	0	カイザー	0
0083	配信中は見えなかったけどツイッターの自撮りで無地じゃなくて花柄だって気付いて「あっかわいい！」となった	0	麦茶	0
0084	新宿アルタ前で待ち合わせしてる私大生。ルミネでカフェプレート食ってからバルト9で映画ってとこか。	0	鈴木敬司	0
0085	桃白白かと思った	1	スフレP	1
0085-001	スフレ ドドンパですか？	0	たける
0086	パッドいれてない…？	0	オンドゥル語	0
0087	くっそ可愛い、ちなみに胸何枚入れてるんですか？(普通の疑問)	6	見返りミミロップ	0
0088	違和感の正体を誰か教えてくれ！このままじゃ夜眠れなくなりますよね？！僕は熟睡ですけど	0	あるふれひと	0
0089	クラスはルーラーですか？	0	つくえもん	0
0090	は？？？？？？？？？？？？         めっっちゃ可愛い良かったぁギバラ〜(´；ω；｀)	0	ライバーの元によく現れる黒子の姿をした背後霊	0
0091	ギバラ知らない人に画像だけ見せたら100%清楚って言われるぐらい清楚かわいい（えらちゃんが	0	すぎやば	0
0092	言っていいのか知らんけどなんかブラ透けてない？	0	雨	0
0093	透けてね？どことは言わないからな	1	ライバーの元によく現れる黒子の姿をした背後霊	0
0094	足元すごい綺麗(*´∀｀*) 靴かわえぇ	0	吉本怜久	0
0095	To LOVEるにいそうな髪型	2	kame	1
0095-001	メアだっけ？	0	真面目なおじさん
0096	なんかコラに見える…	1	ひだぐま	0
0097	チャイカが殴った跡がないなぁ……ギバ虐してなかったのか、ガッカリ……	1	砂男	1
0097-001	見えないところを殴るチャイカの優しさだよ	1	レジキッズ
0098	はぁ～かわいいなぁ(限界)  今まで青が基調のデザインだったけどモノクロの衣装は新鮮で長い三つ編みもオレンジのアクセントになっててすごいすき	5	:ホワドリ	0
0099	衣装は可愛いけど顔は不細工でかわいいと思った	0	man eater	0
0100	声が汚いから服装だけでも清楚感出すのやめろ	2	ぬこ	0
0101	馬子にも衣装みたいなことを書けるかなって思ったけど   めちゃくちゃ良くて逆にどう褒めていいかわからんわｗ	0	P青空	0
0102	なんでかわいいの？なんでめっちゃかわいいの？ギバラかわいいのなんでなの？	1	渡辺曜推し	1
