0001	1:46  めっちゃハマってて草 毎日配信しろ	13	arumaアルマ	0
0002	ごめんなさい自分用です！ 一緒に遊べた所。 50:25	5	かむ!	0
0003	ギバラスナイプしようと思って買ったらハマってs帯いった	2	すごいつりざお	0
0004	35:00 ここら辺からの攻防すげぇわ	0	お茶会好きのとーま	0
0005	おつえら〜！ 1日ですげぇ上達してる！ やっぱゲームセンス抜群やね〜！	1	アヲノ#調子極端	0
0006	ギバラいつもありがとう 配信外で上手いとか言われても仕方ないゾ	0	コマド	0
0007	どちらかというと、相手がうま過ぎるのでは？	0	音楽桜	0
0008	おつえらー！ ギバラとマッチング出来なくて、 めっちゃ病む。マジ病む。	2	どん!	0
0009	プレイヤースキルが均衡していれば理論上鬼に勝ち目ないよな、野良人間同士でうまく連携が取れないから勝てるのであって	0	Bear Offline	0
0010	1:47	3	のの!	0
0011	1:42:42 1:03:54	0	シオン	0
