0001	ギバラは雑談配信がめちゃくちゃ面白いから好き	8	コマド	0
0002	みんないろんな人生を歩んで悩み事があるんだな･･･前回もそうだったけど回答がすごくちゃんとしてて相談者たちも嬉しかったと思う 家族からと思われるマロはくそ面白かったｗ 次は違うジャンルの相談もやるかもって話だけど、本当に楽しみ！	12	アムカン	0
0003	昨日に引き続き恋愛相談について真摯に受け答えしてる・・・んだけど肝心のマロが変化球ばっかり！！おもしろい人生送ってる人多くない……？ 相談事以外も、江良ちゃん先生の甘酸っぱい話で切なくなったし、江良ちゃん家族のお話で家族仲がとてもいいのが伝わってきてほっこりしたし、とても楽しめた！！ 江良ちゃん相談役としてとても頼もしいね～～！！また何かしらで聴きたい！！	19	ユリ	1
0003-001	以前も娘の食生活が心配で実家召集したりと家族の絆が深いのもわかる 自分もそろそろ帰ろうかなぁ...	0	いろじろ
0004	ギバラ凄いのだ。普段はあんなすっとぼけたキャラ演じてるのに人間関係、こと男女の恋愛に関しては活眼めいたものを持っているのだ。やりおるウーマンなのだ	4	八八式カネサダ	0
0005	14:30 自分用。 MAD素材として使うのでポイント。 気にしないでくださーい。	3	鋳型 /IGATA	0
0006	チェギバラは草	3	a Alstri	0
0007	今と全然違くて草w	0	魔王	0
0008	1:49開始	1	神崎。	0
0009	5:20 ないが！って富山弁か？？？	1	Andre	0
0010	コメ欄途中語録連中湧いてて草	0	奈落神扇	0
0011	14:30  自惚れてる位自信がある方がいいと思うぞ！ 頑張れ！  自惚れニキを正論でバッサリしちゃうギバラ好き	0	サラダにょー	0
0012	告白できるならしろってやつ聞いてガチ泣きしてしまった〜。多分出来ないまま次はJK卒業するんやろなぁ() なんだかんだすっごい真剣に答えててもう大好き。	0	みぃな	0
0013	44:42 これ送ったニキ、抜毛症かもしれんで 病院に行けば一応治療してくれる。 でもわいは、薬飲むと気持ち悪くなるから、治療辞めたら、8年経った今でも治ってないわw	0	touyu	0
0014	うわぁああああああああぁぁぁ 用事で見れんかった...切腹しますわ	0	アヲノ#調子極端	0
0015	サムネ目怖...怖くない？	2	shop salt	2
0015-001	推しのこが、自分がいないところでオフで誰かと楽しくあってたって知った時のような顔だな	0	えす
0015-002	ヤンデレ属性入れてきたな	2	りょーさんァ!
0016	ギバラの将来もし子供が出来た時のとこ聞いて ギバラにはギバラの活動を知ってる人と結婚してほしいと思った  多くのライバーに活動が子バレしてみてほしいw	1	ディーネル	0
0017	アメーバ○グの話は俺に効くからやめろ	0	お茶うけ	1
0017-001	時代を感じるなぁ…	0	七瀬
