0001	1:14:57  例のあれ	118	ZOI	1
0001-001	1:14:571:14:57	2	ポケモンバケモンパチモンخيなのらير
0002	誰かが言った、音ギバラ江良と こいつは生意気なギバラと努力家な江良ちゃんの両面を兼ね揃えたリズ天つよつよライバーなのだ	154	リッテ	1
0002-001	この頃に戻って…	1	中島アウゲリータ 旧宇治抹茶
0003	57:59 ギバラのジト目が見たい方はどうぞ	44	溝	0
0004	4:38:50 これが御伽原エラーちゃんですか。	44	ソーストンカツ	0
0005	24:45  パルキア	17	露天風呂	0
0006	7:06 大便残ってるって聞こえた	12	亜羽	0
0007	1:02:47 ここ可愛い	35	迷えた子羊	0
0008	APまで24個 2:07:00 リズム感チェック 2:45:27  6:03:41 一切の視覚を封じ悪霊を斬り伏せる御伽原江良	84	目次	0
0009	2:15:20 「ありがと〜」てげ可愛い	10	P.M 2.9.	0
0010	今でも見るんだけど何回見てもこの時はかわいいんだ、この時は	13	うにちゃん	0
0011	おつえらー！本当に頑張ってて感動したぞ！伝説作ってて本当にリアルタイムで見ててよかったわ。とりあえずAP &ツイッター6万人おめでとう🎉	23	ぶっかけうどん	0
0012	ちょっとうるっときちゃった…	4	a	0
0013	何か分からんけど涙腺崩壊して最後辺り泣いてしまった(泣) ギバラはやっぱ凄ぇよ... 6時間お疲れ様‼️APおめでとう🎉	14	みかん鍋	0
0014	頑張って見ててよかった…おめでどう～！！！！	4	爆心地	0
0015	50:00 ここ常磐ソウゴ	9	わいわい	0
0016	リズム天国パーフェクトはホンマにむずいから凄い	4	久御山ジャスコ	0
0017	5:37:05　頭おかしくなる、目の前一瞬真っ白になった 報酬系ぶっ壊れてるのほんと羨ましい	3	結月ゆかり	0
0018	消される前に周回中〜	0	露骨	0
0019	このこ汚くなかったら超可愛いよな ヨッシャーーーとかはすごく可愛い	2	freely like	0
0020	お疲れ様！おめでとう！ これが･･･神回です。 これからはリズム天国マスターの御伽原だな！	3	時雨改五	0
0021	よくやった！！！	2	namawanta	0
0022	最後の方の悪霊退散2で心眼プレイしてんの草	3	Re:9 :Nine	0
0023	これは神回。 さすがギバラ…泣ける(´；ω；｀)	2	にどろん。-Nidoron.-	0
0024	咆哮が本気で心地良い	2	Ragult ReiReiLili	0
0025	アーカイブだけどマジで感動した 推しが増えました	3	レオン	0
0026	声イイですね！聞いていてついつい笑っちゃいます！ 今後とも頑張ってください！	0	syamu 4946	0
0027	江良ちゃんおめでとう。本当に感動した。そしてありがとう。	1	Una Owen	0
0028	最後まで頑張って江良い	0	じゃがいも美味しい	0
0029	本当、お疲れ様でした！！	0	従朝バクヤ	0
0030	感動してしまった!	0	あおぞら弐号 公式	0
0031	寝ちゃった…見れるようになったら続きから全部みたい…	1	紅音	0
0032	6時間も頑張ってたのか…お疲れ様やでほんま	0	A6/15 YG-12	0
0033	6時間半の長時間耐久で大変だったとおもうけど オールパーフェクト達成おめでとう！ 本当におつかれさまでした！最高の配信をありがとう！	22	あくあ	0
0034	長時間配信お疲れ様！そしてAPおめでとう！！喜びの絶叫は本当に感動した…！最高の時間をありがとう！！！	0	おうる	0
0035	すげぇよギバラ………お疲れ様です………ゆっくり休んでね………	0	はるもにあHarmonia	0
0036	オールパーフェクトおめでとうございます！  微力ながらメンバー登録させていただきました。これからも面白い配信、頑張ってください。	8	シバドッグ	0
0037	最後まで見れなかったけど、 最高にスゴイよ！ おめでとう！	0	SIYテック	0
0038	久しぶりに見たけど時間経つの早い	0	Otakukunオタクくん	0
0039	六時間半もお疲れ様、ギバラ。	0	雪玉	0
0040	ギバラすげぇよ... 感動したよ。	4	ねこ	0
0041	APおめでとう！！！！ ずっと見てたから江良ちゃんの声とゲーム音声が耳に残りました 本当にお疲れ様です	1	ポンコツ	0
0042	ギバラAPおめでとう！6時間もよく頑張ったな…	0	天キノ	0
0043	かわいい子が好きだからギバラを愛している かわいいよギバラ	0	もちだのひと	0
0044	1:49 開始	2	はっしゅ	0
0045	1:03:36ウィンクかわよ笑	1	いろはすあざと	0
0046	オールパーフェクトおめでとうございます 江良ちゃんの底力と根性と可愛さを見られて我が事のように嬉しいです ありがとうございます	3	おいしいからあげ	0
0047	オールパーフェクトは凄い…やりきった根性も凄い	0	すずつきねこ	0
0048	ギバラようやった!!!!!	0	vus cor	0
0049	1:20:31 ほんますこ	8	satoshi yama	0
0050	いやすごいわギバラさん お疲れ様でした！	0	もも	0
0051	久々にギバラの配信見たけどやっぱり面白いな	0	りんごそーだ	0
0052	AP達成おめでとうギバラ 感動をありがとうギバラ	1	白い白い未栄	0
0053	マジでＡＰ達成したんか……。	0	ヤマノシン!	0
0054	本当にかっこいい　尊敬します	0	50ta	0
0055	6時間半も良く頑張った！ APコンプ...スゲェ、スゲェよホントに！ 今朝の新聞の見出しが楽しみだ👀	4	いろじろ	0
0056	6:18:30 元祖ちゃちゃまる	1	huseji	0
0057	本当の本当にお疲れ様〜！ そして、おめでとう!!!!!!🎊🎊🎊 本当に鳥肌たちました！ 江良ちゃんが創った伝説をリアル タイムで観れた事が凄く嬉しい！ 今はゆっくり休んでまた楽しく 配信を見せて下さい！ 約6時間本当にお疲れ様でした!!!!!!	21	アヲノ#調子極端	0
0058	ギバラリズム取りボイス可愛い	0	夏音涼	0
0059	サムネのイラストばり可愛いんだけど詳細くれー	0	4丁目	0
0060	すっっっっご…	0	ニヤケ一族	0
0061	フルーツバスケットの紅葉みたいな声になっとるやん、どしたん	0	阿井上尾	0
0062	My favorite scene 3:27:45　ヤケクソになるギバラ	10	リッテ	0
0063	これは録画して家宝にして自分のPCに刻み込んでおこう…	0	ゴロリ	0
0064	すこ	2	OinK- tan	0
0065	1:20:35　自分用	0	とびとび	0
0066	5:32:16 ここの声可愛い	0	はち%ポケ	0
0067	やっと見終わった❗ ただただありがとを言いたい。	0	幻場琴月	0
0068	6時間本当におつかれさま！特に苦戦してたまんじゅうと悪霊攻略できて良かった！ 寝ることも忘れる位の楽しい配信をありがとう。	4	seiya	0
0069	アーカイブで全編見ました 歳取ったせいなのか最後泣いてしまいました 人が何かを達成する瞬間ってすごく素晴らしいです これからも応援してます	23	おでん大明神	0
0070	本当に一切の疑いの余地のない神回でございました、この伝説達成の瞬間に立ち会えて本当に良かった	0	ぱちむす	0
0071	自分用 1:07:20タップダンス！タップ↓ダンス↑！！	0	高性能キューカンバー	0
0072	自分に勝てないは草  ギバラホントにお疲れ様！	0	ASMR妖怪	0
0073	マジお疲れ様！APおめでとう🎉✨😆✨🎊❗️感動するとは思わなかった！最近お前好きすぎてヤバいんだよな～。	0	ツァーリ	0
0074	お疲れ様	0	FR33雑草	0
0075	やっぱしゅげえよギバラは。 本当にお疲れ様です。	0	紳士.	0
0076	最後また寝落ちして見れてなかったぁごめん！！_(:3｣∠)_ 最後までやりとげたんだね。。しゅげぇ！しゅげぇ！！ゆっくり休んでね～おやすみ	0	はっし〜	0
0077	APおめでとうございます🎉🎊 途中でまた目が覚めて最後のところ見れてよかった♪  月曜の辛い朝から感動ありがとう❤️ これだからギバラ推しはやめられないぜ！！	0	MIKO MAIKU	0
0078	ギッコンバッタンとうっ↓ほっ↑ほーい↑↑↑♪のかわいさな	1	夏音涼	0
0079	APおめでとう！！ ここまで来たらやる気だけでは乗り切れないの何度ミスしてもめげない精神に感服です..... これはつんく氏にSwitchで早く出してもらわないとですねぇ！！	0	緋鳭アカツキ。	0
0080	6時間半もお疲れ様でした！本当によく頑張ったよ！ほんとすごい！無理せずゆっくり休んでね〜	6	やみい/朝日奈樒	0
0081	長丁場本当にお疲れ様！おつえら〜。	0	カビふきん	0
0082	途中寝てしまっ…6時間！？しかも最後普通に元気そうだし……や、やってんねぇ！ とにかくおつえら〜！可愛かった！	0	Setsuna	0
0083	この動画で始めてギバラさんを見てチャンネル登録しました。面白かったです！お疲れ様でした。	2	私は文、フリーのライター	0
0084	左右のどちらかの手で行った場合タイムラグが生じるため微妙にリズムが違う時が出てきます	0	時久恵吾	0
0085	オールパーフェクトクリアする音ゲーのうまさもだけど、シビアなプレイを6時間近く楽しんでできること自体が才能だよなぁ。	1	アボアボさん	0
0086	右手が疲れたからって左手に変えるって天才かよ 音ギバラ江良しゅげぇ！   リアルタイムで見たかったー	0	たなは	0
0087	マジでガチ恋しそう…	4	piyo piyo	0
0088	最後までやりきってしゅげぇ！ 長時間お疲れさまでした🎆	0	いぷしお	0
0089	正直今回じゃ終わらないと思ってました。限界突破ありがとう お疲れ様でした	0	うに茶	0
0090	リズム感だけならトップVTuber	0	*.因じゅりすぅ因.*	0
0091	6:26 タップスター 1:09:13 14:51 1stリミックス 17:29 はたらくまんじゅう2 5:33:52 25:41 リミックス3 3:33:12 30:21 しわけ2 1:26:38 33:36 組み立て2 39:00 リミックス8 5:23:00 50:08 ボッサレシーブ 53:19 タンバリン 2:18:52 58:04 さる時計 1:02:49 リミックス7 4:13:30 1:13:01 リミックス10 6:11:24 1:29:13 マッスル人形 1:41:09 悪霊退散2 6:03:41 1:45:35 リミックス4 5:01:41 2:07:00 リズム感チェック 2:11:45 しわけ 2:13:47 シーソー 2:30:41 2:25:52 小さないきもの 2:40:11 コンコンズ  2:45:27 2:54:27 図書ガールズ 3:15:16 ホールインワン2 3:17:38 マッスル人形2 3:22:21 第二ロボット工場 4:08:32 3:47:53 カラテ家2 4:26:55 はたらくまんじゅう 4:53:10 6:19:55 ナイトウォーク	333	目次	5
0091-001	1時間26分のやつしわけじゃなくて組み立てですよ(小声)	0	蛹のラン兄さん
0091-002	助かるの巻	3	Una Owen
0091-003	有能	2	ポテトサラダ
0091-004	助かる	4	クリスタルバーガー
0091-005	妙だな……さすがに有能過ぎる…	10	マッチョリーゴリゴリウス
0092	途中で寝てしまったけれどキッチリやりきってスゴい🐼🐼🐼	0	joker only one	0
0093	ガンバレ	0	渡邉昭男	0
0094	アンタ毎回サムネとエンドカード作って、6時間も終われません配信して…… ギバラのくせに尊敬しちゃうんだよどうしてくれるん？	0	-ラプラスのまくら	0
0095	何回も見に来てしまう…なんだこいつめっちゃ頑張るじゃねぇか…	1	ダメです兄貴	0
0096	AP達成おめでとう！！本当に最後までやりきってすごい！！オールパーフェクト達成した時は思わず声が出ちゃうほど感動した！！滅茶苦茶に喜ぶ江良ちゃんもめっちゃかわいい！！ 6時間超の長丁場だったけど全く飽きずに楽しめたし、なによりここまで集中力保てるのは凄すぎる！！リズム感もだけど、集中力と根性が並大抵じゃないねーー！！もうすごいって言葉しか出てこないよ！！ リズム天国の江良ちゃんとっても可愛いからまた何かで見れたらいいなって思う！今はとにかくお疲れ様！	0	ユリ	0
0097	1:20:30  Cuz I friggin love Manzai Birds	0	BothSidesSuck	0
0098	自用 3:58:22  かわいい	0	luiscyan	0
0099	6時間耐久リズム天国完走しゅげぇ！ 翌日のために途中で抜けてしまい、リアタイできなかったのが申し訳なくなるくらい頑張ってたね。 本当にお疲れさまでした！	0	テケテケ1号機	0
0100	私は水の天国そのものは持っていませんがそれとよく見たものはパソコンで遊んでいますがなかなか難しいですね目の見えない私でも時々リズムが狂ったりなかなかうまく打てなかったりといろいろな面で迷うことが多いですひろみ長時間の配信お疲れ様でした	0	時久恵吾	0
0101	3:28:15	0	ダメです兄貴	0
0102	ギバラお前すげぇよ！ 推すこと確定したわ！ これからも頑張れー！	0	へっぽこ太郎 KEN	0
0103	1:12:59 個人用	0	h s	0
0104	視聴者の脳裏に「天才」の２文字がよぎる…         おめでとうございます❗ お疲れさまでした‼	0	、シウソム	0
0105	3:17:40 後半も意外といいペースで終わったのだな、本当に折り返し地点になっててしゅげぇ 3:36:00 こういうところもすごい 5:42:55 このアラームで寝落ちから復帰できた（寝落ちすまん(この時点でAM4:40 6:03:33 目つぶってクリアするのコンコンズを思い出す。 まさか本当にこの配信中にAP取るとは思わなかったよ（・▽・💠）＜しゅげぇ！	4	キムワイプーSDSーペイジ	0
0106	3:28:19	0	Dulmar	0
0107	約6時間30分本当にお疲れ様... allAP流石としか言えない....！	1	sho ma	0
0108	6時間半、だと……ヤムチャしやがって…  リズムゲーの天才ならモンハンすぐ上手くなりそう_(┐「ε:)_	0	BELLE EPOQUE	0
0109	1:27:55	1	もやし	0
0110	2:25:54 ここであと3時間て予言してんのやばない？	0	マリータタッタ	0
0111	始めた頃はアンチとか多かったけど ここまで努力家っていうか情熱見せつけられてからアンチ減ったよね	4	かに座	0
0112	いいシーン (自分用)  12:37 14:13 24:36 29:03 41:05 53:37 ギバラとギバラのセッション 54:51 左の江良ちゃん可愛い 57:41 ギバラ大量生産 58:51 1:02:18 1:09:11 キレそう 1:12:15 タップダンス成功おめでとう！  ☆1:14:58 下ネタ☆  1:22:55 どないやねん！ 1:24:23 っクソがぁ！！！ 1:27:55 組み立てパーフェクト✨ 1:36:09 自分に勝てない！	0	8 世紀前・7 年前・6 か月前・5 週間前	0
0113	やっぱどう考えてもあの人の影響 受けてんだよなぁ…	2	眼苔木	0
0114	よくがんばりました。あなたに はなまる一等賞をあげます。  最高のひと時をありがとう。 これからも頑張ってなｂｂｂｂｂ	0	天使	0
