0001	お姉ちゃんこんなところで何やってるの　早く檻の中に帰ろうね	75	またのんき	0
0002	2:10	23	x xxx	0
0003	今起きた...また寝坊した... 初めて朝配信みれると思ったのに... 悔しいです...次こそは...	1	アヲノ#調子極端	0
0004	実はあのマリオ僕だったんです	0	記憶喪失ニキ	0
0005	日曜の朝に仮面ライダージオウのセリフみたいなタイトルの配信してて草	1	シーマイン	0
0006	よき。 しいらじ楽しんできてね。	1	Una Owen	0
0007	寝坊した	0	フロランタン	0
0008	行ける気がする？	0	愛してるギバラ	0
0009	ピンク髪のおばあちゃんってかっこよくない？	0	Takuan	0
0010	キモ	1	駄女神アクア	0
