0001	ギバラいつもありがとう 案件で緊張してるギバラも新鮮で良い 29:00　低音声助かる	13	コマド	1
0001-001	海屋-うみや-  浄化された……	0	どうせ貴様もそうなるのだろう
0002	44:35 この声で新しい性癖が生まれてしもうた...	2	ロリコンハ病気ジャナイヨ	0
0003	果たしてビヨンドまでたどり着けるんでしょうか…	3	シュバちゃん	0
0004	やってみようかなー！PCももうそろ欲しかったし	0	しげ丸	0
0005	５月２７日でめいぽ２はサービスが終了です！楽しい動画ありがとうござました！	0	おちついたみなみ	0
0006	おつえら〜！ 案件で緊張してるえらちもかわいい これを機にPC買おうかな... 思ってた以上に面白そうだった	1	アヲノ#調子極端	0
0007	声出た瞬間に清楚終了コメ流れたの笑った	3	ばーかニートだよ!	0
0008	えらち、初案件お疲れさまー！ 少なからず緊張してたと思うけど、 丁寧に説明出来てたと思う！ 土曜のコラボも楽しんでなー！	2	どん!	0
0009	Otogibara-sama❤❤❤❤❤❤❤😄	0	J. Green	0
0010	過疎ゲーじゃん🤮	3	ミカヅキ	3
0010-001	ミカヅキ メイプルって名前だから仕方なくね？	0	ヒイラギ
0010-002	始まって数ヶ月しか経ってないのに過疎ってるからこのゲームの行く先が見える👀	0	ミカヅキ
0010-003	過疎だから案件で人口伸ばすんやぞ	3	ヒイラギ
