0001	何をしても文句言う人は一定数いるから、 結局好きなように配信してくれるのが一番やで	41	32ギガバイトのUSBメモリー	0
0002	江良ちゃんがやりたいように暴れてくれればこっちが満足ですぞ もっとゲリラしようぜ、いずれはレジスタンス	14	とーぽん	0
0003	3時に配信終わってまたこんな早朝から配信とは滅茶苦茶ハードじゃありゃせんか？	4	マガヒデ	0
0004	起きたらギバラの配信あって助かった	3	コマド	0
0005	見たかった…リアタイで…！ようつべ自動再生機能とかつけてくんないかな？自動的に爆音で流して目をさましたい	5	谷川慶悟	0
0006	ゲリラは助からないけど配信助かる	3	サバナナ	0
0007	早起きだなと思ったら違った	3	摩擦熱	0
0008	もう低評価ほとんどないんやなって思うとなんか嬉しくなる	3	紅音	0
0009	睡眠バイノーラルギバラちゃん。  嗚呼、好きぃ・・・(永眠	0	ハニーバジャー	0
0010	サムネが笑顔でタバコ吸ってんのかと思った	0	海ぶどう	0
0011	ギーバラ ギバラ ギーバラ スパチャ！ ギーバラ ギバラ 高収入！	5	もけけ	1
0011-001	銭ギバラ 自分の欲望に素直で江良い	0	おさおさ
0012	ゲリラきついけどアーカイブ残るならどんどんやってくれ	3	美味でやんす	0
0013	話聞いてて面白そうだと思ったからサブチャンネル作ろうぜ	0	ういろう	0
0014	深夜と朝でゲリラ配信おつえら！！ 気分で！って言うけどほんとに江良ちゃんの思うままで大丈夫だよ( ´∀｀ )b	1	ハム	0
0015	ゲリラちゃん！？	1	ウルボーグ	0
0016	寝て起きたら配信二回もしてて草	7	信濃	0
0017	生活音流したらぜってーゴミの音するぞ	0	なまえをいれてください	0
0018	モンエナは刺激物とかより砂糖の量が問題だと思う糖尿病にはなってほしくないから上手い具合に調節して欲しい	7	泡立つみず	0
0019	ギバラのサブチャンってもうあるの？	0	大根が嫌い	0
0020	一瞬でもギバラ早起きで江良いと思った自分が馬鹿だった	0	みや	0
0021	そういうことね	0	はなかっぱ#UGK。	0
0022	24とＪＫ	3	普通のスライム	0
0023	な、なに………ゲリラが二本……油断した……。	0	神無桂花	0
0024	昨日の夜 ワイの近所で祭りがあったんよなぁ……	9	クローン肉	2
0024-001	ウチの近くでもあったな	0	煮干し
0024-002	ウチの近所でもあったゾ	0	エラディコ
0025	起きたら2個数時間級の配信があった。 俺が何を言ってるかわからないと思うんだが、俺もわからない。	21	ハイテンション手芸部	3
0025-001	寝て起きてギバラ 実質添い寝の気分を味わったのですね。その後長時間配信、もう実質同棲じゃないか！ しかも夜更かし野郎共寝かしつけてくれるギバラは聖母なのかもしれない。  ASMRで寝かしつけてくれる配信あったら一生寝てしまうだろうね😇  ギバラを崇めよ。	0	ハニーバジャー
0025-002	安心しろ俺も分からん	2	黒猫
0025-003	わかるマン	2	Sch-A
0026	アーカイブが残るならゲリラやって欲しい	0	もみ爺	0
0027	1:22:35 これぐらいからリアタイ見だしたけど、18日丁度空いてたから休めばいいのにって思った まぁ、あまり無理しない程度に自由に楽しくやりなー	0	おさおさ	0
0028	なんで2回もゲリラするの…。休日犠牲にするか	0	あくえり。	0
0029	ゲリラフザケンナ	0	ひおてぃー	0
