0001	めちゃモテの最強女を作る！みたいな話になるかと思ってたけど、突き詰めるにつれて、結局モテるためにはひたすら『私、無難ですよ』アピールをすればいいという生々しい現実が見えてきて辛い。恋活も就活も同じだな……ただの履歴書だこれ……。	75	くわまから	0
0002	1:26:36 好きなロリ漫画を聞かれて声のトーンが急上昇するギバラ、すこ	45	おみつ	1
0002-001	インタビューで072の事聞かれた某先輩とほぼ同じリアクション	12	鋼のアルミ缶
0003	どれがさいきょうとか考えてない自然体のえらちゃんが一番かわいいと思う	48	* omiso	0
0004	52:28 年　収　1 0 0 0 万	10	Nyaruko Aussie	0
0005	正直公式設定が最強なんだよな……	9	コマド	0
0006	1:26:37 一番楽しそう いちはや先生も読んで	3	せすぺです	0
0007	年齢の前に性別の設定は？って一瞬思ってしまった自分がいる。	13	ER34乗りのほのかの旦那 ほのちゃそ	0
0008	彼氏設定で地雷を回避しようとするが余計に地雷感が増してしまう御伽原江良	21	ちまちま	0
0009	55:58　江良ちゃん155なのか…     かわええやん	8	大阪難波	0
0010	もうすでに最強なギバラちゃん	9	歴戦嘔 吐龍スコヤカーナ	0
0011	自分用 26:20	7	レオクマ	0
0012	ゲリラでやってたのか、寝てたわ…見たかった…	2	トンボみみ	0
0013	エラちゃん合コン行くのか、泣いた	4	おつ	0
0014	ギバラボロ出まくってて草	3	グラフギア	0
0015	作れば作るだけ地雷感は増していくぞ	2	露天風呂	0
0016	ガバガバ放送ホント草	3	佐藤二郎	0
0017	御伽の国のお姫様だから もう既に最強なんだよな...	5	肉骨付き	1
0017-001	王子になりたいですどうすれば良いですか?😩 退院したら就職します	1	よわむしArisia
0018	10:12 エッチなお店で働いてると思われてそう	33	ヤマノシン!	10
0018-001	裁判した	0	ニャール
0018-002	再通報した	0	つきよも
0018-003	反省します……もうしません…  🤔💡	0	ムンチャクッパス
0018-004	蘇生した	1	垂心
0018-005	惨殺した	1	くれは
0018-006	再逮捕した	2	マジで俺
0018-007	釈放した	2	ともゆう
0018-008	逮捕した	2	えめとう
0018-009	通報した	2	mixi
0018-010	おいおいギバラだぞww  そんなはず……      閃いた	15	ムンチャクッパス
0019	結局すげぇステレオタイプになって草	6	佐久間えいけん	0
0020	結婚相談のアドバイサー側で見てる気分がしたのは私だけでしょうか？	6	tomo兄貴	0
0021	ぼ く の か ん が え た さ い き ょ う の お と ぎ ば ら え ら	3	みゅうと	0
0022	お前がナンバーワンだ	5	UI AEO	0
0023	たまに出るネガがリアルすぎる	2	へにゃん	0
0024	22歳で夢を追ってるのは遅いって言うけど、夢を追い続けて27年のバーチャルシンガーソングライターがいるんやぞ！	6	0925ゲルマニウム温泉	0
0025	そういうウソはな、バレるもんだよギバラ	4	リロサーン!	0
0026	1:02:46 自分用（ゾクゾクした）	0	蠍媛	0
0027	黒か金のショート好きぃ	0	Millennium Parade	0
0028	こんな夜中になんでやろうとおもったのか笑	0	リhir	0
0029	40:57 わかるわ～…泣きそう	2	dekarucha	0
0030	もう全部ディズニーでよくね?	1	円筒スコヤがほしい	0
0031	高評価1919で草	0	はすく	0
0032	もうすでに地雷	0	ぱなしん	0
0033	付き合ったことないって聞いてちょっと嬉しくなった	1	アンミツ	0
0034	1:02:46 元カレ２人(先々月別れた)( )	0	ヤマノシン!	0
0035	読まれた記念 38:43	1	Mr. T	0
0036	現実 あばれる関係	1	ぽぽぽ	0
0037	やはりギバラが最強だと思う	5	大和田常務	0
0038	不安になる終わり方なの笑う	4	矢澤式WINTER	0
0039	視聴者を秘密裏に一人ずつ呼んで拒否されたらソイツを消そう 17万人いたらいけるやろ（適当）	1	木星	0
0040	出だしから強い陰キャムーブしててホンマ草。気持ちはわかる。	1	Red PIum	0
0041	これ全部合わせたら、天然ゆるふわ系地雷女子だよね…	1	あるふぉむ	0
0042	ギリギリ攻めてて笑う。ミスったら炎上じゃん笑笑	2	クロトバロック	0
0043	ギバラの今のままで、結構人気出ると思うけどね	1	あいあい	0
0044	嘘 で 塗 り 固 め た 配 信   美容院とかで話しかけられた時用の設定のはずがいつの間にか合コンで狙いに行ってる設定になってて草	10	sta	0
0045	夜職ですでよくない？	0	tr tr	0
0046	女性人格の御伽原 男性人格のキバラ 二重人格者	0	金田仲	0
0047	いい相手と巡り合わなかっただけだよ 経験ないとか気にしなくていいし、いい相手と出会えるといいね	1	Millennium Parade	0
0048	ギバラのインキャ不憫トーク大好物だから最強にならないで 一生ベージュの下着が見られて陰口言われてる妄想の話してて 好き	0	おつ	0
0049	特技にカードマジックは受けるからオススメ	0	FCLを名乗るただのFC	0
0050	ネットで調べりゃわかるけど、支払いは基本ガス電気水道全部口座引落にするんやぞ 今はクレカ引き落としとかもできて、ポイントも稼げるし。 コンビニ払いはレジで時間かかるし、払い忘れしやすい。	0	やすひろ	0
0051	早く童田と結婚しろ	0	おつ	0
0052	ゲリラがギバラ放送やるときいて    (アーカイブ内容言及あり) 身長のあたりで寝落ちちゃったのでアーカイブみにきました！  江良ちゃん楽しそうでよかった 水道はちゃんと払うんやで……	2	雨井、傘を離さない。	1
0052-001	最強のおとゲリラ江良ちゃんが出来上がってますねえ！	0	やきそば
0053	へえ、おもしれー女。        ごめんなさい🙇‍♂️🙇‍♂️🙇‍♂️	0	ぺしん	0
0054	22で処女ってマジ？	2	山崎闇斎	1
0054-001	付き合ったことない(処女とは言ってない)       🤔	0	ヤマノシン!
0055	ギバさん スペック  年齢25  職業 映像クリエイター  Q どんな仕事？お給料は？ A すみません、会社の規約で言えないんです→ミステリアス&嘘やないから対応に不自然な所がなくなる  趣味 免許は持ってないけどバイク観るのも好きなんですよね→仕事結びつかないミステリアスp2&男受け  実際の所初手はこんな所が良くて後は出来るだけ「私お喋り好きですよ」感さえでていれば 周りの女にもクリエイター＝技術職 けど話好き＝共通点、話かけていいんだ それでいてミステリアス 同性に人気が出れば男も少しずつだがよってくるはずギバさんなら。必ず。 大事なのは嘘と本当の距離感を離しすぎ無いことだよ 出来るよギバさんなら必ず。	14	2歳	1
0055-001	冷静な分析とギバさん呼びの不釣り合い感に草	1	ヤマノシン!
0056	ガチ恋ワイ...合コンと聞いてショックを受ける	1	ブlLボン	0
0057	にじさんじの3割強くらいは加藤純一見てそう	0	りょうと	0
0058	年齢 22 服役中(社会という檻の中で) 趣味 ディズニー(現実を忘れさせてくれる夢の国) 特技 被害妄想  好きなこと 暴飲暴食、現実逃避  ネタっぽく言って面白がられるといいね！	2	千呪村正	0
0059	22で元彼二人しかいないのは地雷	1	ああああ	5
0059-001	2人目と2年半付き合ってたなら全然地雷じゃないやろ	0	佐々木太郎
0059-002	地雷ではないだろうけど 元カレ２人以下の人ってそんな多いんか	0	ヤマノシン!
0059-003	22で恋人いたことない奴もいるんだぞ！？(自傷行為)	2	トンボみみ
0059-004	日本が地雷原になるわ	11	くらげなす
0059-005	お前は何もわかってない	8	鮎川まどか
