0001	23:42  「ｱｯ､ｱｧｯｯ！」  +100点 「今のいいんじゃない？」  −10000点	413	るるる	4
0001-001	このときの顔で更に－40000点	8	コンティロマネ/イルミナたんふぁんくら部部長
0001-002	圧倒的なマイナスの数で草	7	シロたま
0001-003	結果的にマイナスで草	17	スルメイカ
0001-004	草	26	のこのこ
0002	タイトル「エロい声も出せるのでは？」 自分「ほんとかなぁ」  1:23:24 さすが期待を裏切らない	747	たこヤキMAD	8
0002-001	そういうことか．．．	0	とことこ
0002-002	その部分、チャットがダメージ量にしか触れてないの草	5	槌野奨
0002-003	連打してたらイケボに聞こえてきたわ	5	エラディコ
0002-004	@崩ღ お前もある意味期待を裏切っている	8	Mark vol
0002-005	ふぅ、	11	崩ღ
0002-006	お前が俺らの期待を裏切るんかい	37	shige kuro
0002-007	ほれ、抜けよ。	44	にょにょ
0002-008	たこヤキ ヨ゛イ゛シ゛ョ゛ォ゛	82	せるれいん
0003	39:11完璧にチンパンジー	726	山田健太	5
0003-001	実際のチンパンジーとこのすばアクアのチンパンジー声とギバラの比較作ってほしい	9	写輪眼のユリウス
0003-002	これはやばい	8	アセロラもっきん
0003-003	エロい声のチンパンジー	13	ToFu
0003-004	314%チンパンジー	22	Darkness暗夜
0003-005	思ったよりチンパンジーで草	64	Ayumu
0004	20:34 エロい声出します♡	471	kozi	4
0004-001	@九條月夜 代わりに通報した	1	NAしゃどう
0004-002	ふゃ  通報    しようと思ったが、完全に閃いた	10	九條月夜
0004-003	Sっ子の事務的な江戸と思うと閃いた	19	ふゃ
0004-004	閃けない。	40	ぱんだろー
0005	だんだんこの駄女神枠みたいな奴がたまらんほど好きになってきた	319	ベルギーチョコ	6
0005-001	正直なところ、ギバラがにじさんじで1番好きだわ	1	bad松
0005-002	御伽原さんも酒呑んだら酒乱になるから・・・だいたい合ってる	1	よわむしArisia
0005-003	8あさ  誰かーー！	0	ハローマック
0005-004	アクアだった誤字orz	5	8あさ
0005-005	アクサ並の駄女神感あるよなw	10	8あさ
0005-006	たまにイケボ出すしええよな	9	リョウタ
0006	19:18 たまにこういう声だすのえろい	569	俺氏。	4
0006-001	創説 そうそう笑それえろいよな	6	俺氏。
0006-002	姉キャラっぽい声好き	8	もてもてもて
0006-003	キッツ　どっこいしょー	43	創説
0006-004	助かる	3	無機物
0007	23:41 ｴｯｯｯ→台無しやんけ！ 1:40:10 お歌助かる	241	dekarucha	0
0008	1:21:42 ここ勝ち誇ってて最高に好き	174	小舎人童	0
0009	19:19 エロくね	525	五段	10
0009-001	エロクナクテ汚ィ	0	asan t
0009-002	閃いた	0	名無しさん
0009-003	KAMIMO Æ たすかる	2	北海道ROUTE【こーち】
0009-004	19:20 19:20 19:20 19:20 19:20 19:20 19:20 19:20 19:20 19:20 19:20 19:20 19:20 19:20 19:20 19:20 19:20 19:20 19:20 19:20 19:20 19:20 19:20 19:20 19:20 19:20 19:20 19:20 19:20 19:20	7	Liar〆 kamimo
0009-005	五段R でもその後が汚いって言う	7	おーえいちいーえぬ
0009-006	その後のヨイショーで草	10	エボルト黒洞
0009-007	sensitive time	6	欲しいname
0009-008	時間えろいの草	28	ラク
0009-009	時間のがエロいまである	98	バウト
0009-010	五段R   時間もエロい	85	小鉢
0010	オカズを求めてこの放送に来たらただの関取の稽古場だった	232	スモンズpunk	5
0010-001	このコメ好き	1	Ωハリテヤマサイクロン
0010-002	@タクタクブサイクへの膝蹴り  稀勢の里「誰やねん」	6	豚
0010-003	裏で稀勢の里に稽古コーチしてもらってるんやろか...贅沢だねえ	1	:2匹目のネズミ
0010-004	え？稀勢の里？	1	らさく
0010-005	力士原江良さんでしたね	16	タクタクブサイクへの膝蹴り
0011	23:23　おじさんじってコメントした人センスの固まりかよｗ	38	MoNaKa	0
0012	19:20  23:42	141	のっち	0
0013	1:21:41 あたしはKA★NO★JO＾＾ 残念でした〜＾＾	72	つぷらなカポス	0
0014	1:21:31 自分用	81	ぽわぐちょ	1
0014-001	ナニにつかうんですかね？(ニチャァ)	1	シナニー
0015	1:22:16  ギバラが言うと決め台詞感あって草	145	ナッキー	0
0016	1:48 開始	71	素直シュール	0
0017	19:20	111	みやみっち	0
0018	20:35 ｢エロい声出します｣ アナウンス｢最高だったよ///！｣	77	山田久	3
0018-001	リングの性癖ヤバス	2	教えるもんか
0018-002	リングくんは塩対応エッチが性癖だった…？	14	バースト ショットイヤー ロップちゃん
0018-003	草	1	昏羽
0019	自分用  23:43	50	なゆとか	1
0019-001	あ今のいいんじゃない？	1	よしお小島よしお
0020	1:21:33 いや言い方よw	340	佐々木太郎	2
0020-001	メンヘラやんw	0	クラッシャーカード
0020-002	絶妙に癖になるな	6	ぽわぐちょ
0021	1:21:45ここの表情の変わり方ほんとすげぇわ	62	悪夢の主ヒムラーシュ	0
0022	23:01エロすぎる 23:42	31	SHAUNA VAYNE	1
0022-001	23:42要ります？ 23:01はわかるのですが...	2	愛国者のエンジョイゲーマー
0023	1:12:20 ※拾われ この後のみんなのコメント面白くて笑った	38	白樺棗	0
0024	Vtuberのにじさんじ？ってグループで初めてみた動画がこれで後悔してます…	14	やっぱり私はXperia	0
0025	サムネの女の子かわいいけど、どうしてもギバラにしか見えなくて閃かない	24	岸田卓也	1
0025-001	俺にはギバラに見えなくて閃いた	0	しらす
0026	普通へんな声出たらコメントにセトリがあるのに御伽原さんは当たり前すぎてないの草ですわよ	23	raki nyan	0
0027	外国人兄貴にエロくないし痛々しいって言われてるの草	20	はちみつ	0
0028	汚い声しかでなさそうと思ったサムネ	15	ぱぷりかれたす	0
0029	ガチの力士みたいな声出てて笑う　ほんとすこ	11	ユル	0
0030	にじさんじ部屋の御伽原親方がぶつかり稽古してると聞いて	7	その道のプロ	0
0031	18:40 おっさんさよならおじいさんこんにちは	2	ฅωฅ	0
0032	もうギバラは女装男子なんじゃないだろうか・・・	5	酒まんじゅう	0
0033	19:19 エッッッッッッッッッッッッッッッッッッッッッッッッッッッ	21	りゅーせー	0
0034	エロい(エロくない)	13	ピーマン	0
0035	最近、江良ちゃんの平泉成ヴォイス、癖になってきた・・・病気かな(笑)	5	如月てぇ提督	0
0036	可愛いサムネとは裏腹に野太い声が多くて目が点になった	2	tomo兄貴	0
0037	サムネｴｯｯｯｯｯ	2	しらす	0
0038	コメント欄が空気読みすぎてて草	4	オートマチック	0
0039	ごっつぁんです！ギバラ山さん！	7	イトーリュウジ	0
0040	僕は御伽原さんが笑ってくれれば、それだけで嬉しいです！      え？	15	御鍋の方	2
0040-001	自分の中で葛藤しないで	3	ダブル無色エネルギー
0040-002	エッッッッッッ？	2	そんそん
0041	23:40これは笑	1	ぢんにく	0
0042	声が野太い。 あと、コメントが面白い	3	絶影	0
0043	ギバラさんLINEスタンプ作ってください汚声付きお願いします	4	あず	0
0044	ずっとバンザイコシフリだけやってろ	2	写輪眼のユリウス	0
0045	猿のモノマネ上手いですね	2	。しろ	0
0046	閃いたニキいないのさみしいし本当に使えるのを求めてるなら吐いてる回のがオススメ。 初回、第2回、吐くまで耐久回  え？	2	飛燕の爪痕	0
0047	サムネのお腹周りがリアルっぽくて好き♪	0	アイワナ少佐	0
0048	江良ちゃんのリングフィットはリングフィットのお供に最高	0	vus cor	0
0049	平泉成と協力プレイとか豪華やな	1	ミート	0
0050	...not 'eroi' at all, Ms. Otogibara.  Only painful...	15	kweassa	0
0051	お母さんっぽい	1	すじ	0
0052	サムネに釣られて来てみたら予想外に声が汚くて驚いた	0	お塩	0
0053	エロい声出してしまったと感じてすぐに汚い声を出してプラスマイナスゼロにしようとするが、結局エロい声を出してしまう御伽原江良	2	かたみみ太郎	0
0054	平泉成さんもユーチューバーになったんですね ファンなので登録しちゃいました	1	you you	0
0055	おっさんみたいなうめき声で笑いが止まらなくなったｗ	5	アマミツ	0
0056	攻撃力がなくても、プランクだと痩せるぞ。それに面白い。	1	ZAKURI	0
0057	最近ぎばらちゃんの声１日中流してる。ぎばら中毒かな？	1	a a	0
0058	俺やべぇよ...最近ギバラで興奮するようになってしまった	0	アレクト	0
0059	みんな必死でサムネの内容探してて草	1	nai nai	0
0060	飲み物飲む時目瞑るタイプですき	0	Yuu Mikami	0
0061	自分用1:21:34ここ可愛い	0	パック入りもやし	0
0062	1:21:37勝ち誇ってるギバラすこ	2	【】葉陽【】	0
0063	23:42	3	なんでそうなるの	0
0064	おぉいぃしょぉぉぉぉ	2	山中太郎	0
0065	悪質ストーカーリングＶＳしっかりと社員に気をつかい休ませる筋肉社長ドラゴ	1	飛燕の爪痕	0
0066	最初はクセ強いなーとか思ってたけど気がついたらこのクセなしには生きられなくなってしまった。	0	あんず	0
0067	教壇に立つセンシティブな先生のリングフィットを参考にしてみてはいかがでしょうか？	0	かみかわなおし	0
0068	リングしか褒めてないってチャットで大草原	1	弓師	0
0069	江良ちゃんだったら抜けてた	5	ビビビビビー	0
0070	配信見れなかった...	0	pudding Baked	0
0071	睡眠BGMにして寝ようとしたら、筋トレ中の声で笑いを堪えきれなくて結果目が覚めました。	0	チェルシー嬢	0
0072	バンザイコシフリってみんなサザエさんポーズって言うけど個人的にはウーッウーッウマウマが浮かぶんだよね	8	ありさんchannel	1
0072-001	もしかして:世代	0	てぃとら
0073	中身女とかうせやろ 絶対おっさんやろ…	0	ujurin	0
0074	出産に立ち会ってるような気分だった	0	あるもん	0
0075	ギバラの汚い声が癖になっちゃったんだけど、オススメの精神科ありますかね…？？	1	チョキ	0
0076	1:48	2	如月仁	0
0077	VTuber界の雷電爲右エ門	1	黒繭纏	0
0078	ほんまにギバラかわいい どの声も好きや	2	抹茶猫	0
0079	外国人ニキよく分かってんじゃん	0	473人の時乃空防衛省 /official YouTube	0
0080	おじさんかな？w	0	河津忍	0
0081	16:22、おじさんかな？	1	河津忍	0
0082	20:34 のチャット ｢は？｣ ｢いらない｣ ｢使えない｣ ｢萎えた｣ ｢舐めてんな｣ ボロくそ言われてて笑うわ	0	flip	0
0083	この…きたない声が人によってはエロともいえるのか…	0	フライドエッグマン	0
0084	使われたいんかこいつ	1	c hitoya	0
0085	エロい(猥談的な意味で)	1	結城香菜実	0
0086	いや、おっさんやないかい	1	ハルユキ	0
0087	サムネ大槻唯だな	0	にっくねーむの人	0
0088	おじさん生まれて初めてだよこんな輪っこになりたいと思ったの…	0	オールドハンターズ	0
0089	太泉成	0	のり塩	0
0090	忍得很辛苦呢！那麼累（肌肉）還能忍住不發出聲音呢！我很喜歡這樣努力的妳！因為很可愛！	0	拉碧斯拉祖利赫卡提亞	0
0091	1:22:24 TENGAプレミアム×2	0	ぱにゃ	0
0092	言うて使えるが？	0	コマド	0
0093	平泉さんがお小遣い稼ぎで配信してるのってここであってる？	8	みやじま	0
0094	エロい声だしてくれよ…（懇願）	25	RRR RRR	2
0094-001	23:41	6	magnet. N
0094-002	19:20	5	sw 0418
0095	えーとですね～。笹木に次ぐ第二の力士枠誕生って事でいいですか？	0	色違いきてるぐま	1
0095-001	違うでザウルス！	1	巨大台風
0096	使えないし　閃かない	0	猫派	0
0097	どすこいボイス	6	reto ka	1
0097-001	ドス恋不可避	2	へにゃん
0098	使わせて頂きました。  1:23:50～ワイドスクワット終わり。  改めて聴いたら何故ここでイケたのかは不明です。	0	AUT	0
0099	ほー、エロい声出るかもしれんか。面白そうやな。ちょっと飛ばそ→22:00	0	そまそとーす	1
0099-001	むしろ汚い方がエロく感じる	0	超考試合格昇格部隊
0100	いやぁ、みんな分かってないなぁ  君達が汚いと言っている声だが 君のテクもしくはイチモツが凄くてケモノみたいな声で…     と言うAV(アニマルビデオ)とかどうだろう？	1	Error 404	0
0101	23:43	0	アンパン	0
0102	起き攻めしたい女No. 1	0	みうら先輩	0
0103	出産するときに出す声のまちがいじゃね	0	レウィス Lewis	0
0104	見方によっては、無理やりやられてる感じで悪くはないような気がしなくもなくもない。 ギバラがドラゴに敗北して屈服するシーンよろしく	0	チー牛温玉トッピング特盛り侍	0
0105	なぁ、みんな知ってるか？     人間の90%は呼吸してんだって	21	スーモ	3
0106	歌手、声優、芸能人に必要なのは腹筋と三角筋、胸筋周りだからなぁ足は要らないのは分かる。御伽原さんの体重なら太く無いし十分というか痩せ過ぎまであるから心配 自分用。凄く良い・・・(⸝⸝⸝´꒳`⸝⸝⸝) 23:30〜,25:13,40:26,57:50,1:28:38  (kawaiicafe頼むから大阪に来てください・・・死国民の切実な思いです)	1	よわむしArisia	0
0107	45:45 ここほんとにエロい	0	動画なしコメントだけで10年後までに登録者何人増えるのか検証中	0
0108	1:00:20	0	かおぷよ	0
0109	23:42 19:20	1	みやりゅう	0
0110	23:40 ギバラが初めてエロ声だした途端にディスってたコメが一斉にキモくなって草も生えん	0	くまくまお	0
0111	23:42 23:42 23:42 23:42 23:42 23:42 23:42 23:42 23:42 23:42 23:42 23:42 23:42 23:42 23:42 23:42 23:42 23:42 23:42 23:42 23:42 23:42 23:42 23:42 23:42 23:42 23:42 23:42 23:42 23:42 23:42 23:42 23:42 23:42 23:42 23:42なんか言うことは？	0	Liar〆 kamimo	0
0112	自分用 23:4323:4323:4323:4323:43 23:4323:4323:4323:4323:43 23:4323:4323:4323:4323:43 23:4323:4323:4323:4323:43  19:2019:2019:2019:2019:2019:20 19:2019:2019:2019:2019:2019:20 19:2019:2019:2019:2019:2019:20 19:2019:2019:2019:2019:2019:20	0	ぺるま	0
