0001	to my english friends, 45:03 for that N-bomb	704	HaveBlu	13
0001-001	Thank you, my good sir	0	landon boyd
0001-002	YOU CAN'T SAY THE N-WORD THAT'S RACIST!!!	1	sans the bruh man
0001-003	@dreamlikedeaselどりちゃん please explain	0	Manny Barajas
0001-004	I'll allow dis bomb	10	Laughapocalypse
0001-005	@Bushy oh? on god?	5	Tycholarfero
0001-006	Your service is appreciated	6	Last online
0001-007	@Bushy nah fam	0	Najib Osman
0001-008	Everyone were also talking ‘bout this part on Twitter too.  Twitterでも切り抜かれてて少し燃えてたね。	15	dreamlikedeaselどりちゃん
0001-009	@Najib Osman Nah I'm kawaii as fuck nigga on god	41	Bushy
0001-010	BushyRoyal cringe dude	5	Najib Osman
0001-011	Arigatou gozaimaaaaasu	26	Bushy
0001-012	Thanks my dude	3	Najib Osman
0001-013	MRS. OBAMA GET DOWN!!!!!	112	SmartAwsomeChannel
0002	"MRS. OBAMA GET DOWN!!!!!!" 45:05	428	Mildly Psychotic	2
0002-001	@Nicholas Setters n-no, Mr Obama she has lost alot of blood, she won't make it, I'm sorry.	1	BallonEEE
0002-002	Ms Obama are you alright	1	Nicholas Setters
0003	Here anime girl, hold this.  *THE N-WORD PASS*	461	Kotori	5
0003-001	Kotori isn't black, though.	4	Demoncard
0003-002	@Kotori me too please	3	RenzZz
0003-003	@Crow Serainance I don't do this very often but here you go  *THE N-WORD PASS*	10	Kotori
0003-004	Aye! mighty kind of you. Got anymore extra n-word pass my homie?	9	Crow Serainance
0003-005	you saved her life	38	G_Boy
0004	45:04 this is why we come here	509	Jame DickKy	1
0004-001	I came	3	Ploopybear
0005	She said the pewdiepie word	315	Joanca N	1
0005-001	Joanca N it was Gloria Boger	12	mohmar2010
0006	Nue-- Negaaaawwwwwww	161	KDC23	0
0007	31:48 Franklin chases a cat into traffic while the streamer repeats "neko" multiple times.	201	Hunter Julian	7
0007-001	who?	1	F1 For Help 革命家の外人
0007-002	I think I've seen that pfp somewhere...	1	Jomo
0007-003	was really expecting the cat to get run over ngl	2	Grass
0007-004	"I'm one hundred percent Neko!"	5	F1 For Help 革命家の外人
0007-005	My     n i e k k o	7	MadKT
0007-006	I want to imagine Franklin actually stopping what he's doing just to chase a cat and screaming "Neko neko neko" in public	13	Zebitas Martinex
0007-007	LMAO	6	Sanity
0008	I love her laugh, they're adorable. Y'know what? her voice is wholesome in general. 13:23 is literally why.	108	Sanity	4
0008-001	Huh, how 'bout now?	0	Trash Man
0008-002	wholesome huh	0	狐プロKitsune
0008-003	45:03	5	Phil Phlanigen
0008-004	Yandere type beat	0	Neonix
0009	BASED AND REDPILLED	120	Sugoi Stalin	1
0009-001	Sugoi Stalin My lord you have ascended to this plane of existence too?	0	The Soviet Helicopter
0010	57:34 下ネタでニッコニコ	131	フタガワ	1
0010-001	ダメだかわいいと思ってしまった	9	ヨンアーゴ
0011	1:41:05 我々が求めていたもの	51	マッチョリーゴリゴリウス	0
0012	45:05 HEATED GAMER MOMENT	67	SyncOut	0
0013	45:03 NOOOO	78	Freddy Martinez	0
0014	45:05 It was at this moment that Dio had to use his power	48	mohmar2010	0
0015	*murders two people with a car.  "gomenne"	34	F1 For Help 革命家の外人	0
0016	And that's how I subscribed to a streamer in a language I don't even speak	30	RayOfSpeed	0
0017	45:05 the most powerful being, deserved the ultimate N-word pass ...	26	Faizal kuntz	0
0018	45:03 YOU CAN'T SAY THATTTTTT	93	Keku Ch. 紅雷ケク	2
0018-001	on the japanese sub it's writen なあ which read naa should have writen にが	0	Leizun
0018-002	She has the n-word pass	41	Alex S
0019	Finally I found this damn channel	5	Njmoon21	1
0019-001	Me too. It was a hasssl. But worth it!	0	The1WithNoStrings
0020	45:05	29	G_Boy	0
0021	She said THE gamer word. Gamer girl is real confirmed	22	Ben Doverson	0
0022	45:03  ここ外人がめっちゃ反応してて草	52	和人和人	7
0022-001	簡単に言えば黒人差別用語だから色々ヤヴァイ	2	さんさん
0022-002	@Rick Sanchez wut?	0	Darling José
0022-003	@Darling José 外国人を去りなさい。	1	Rick Sanchez
0022-004	@kirigakuen because i given to her the nword pass	6	Darling José
0022-005	@wasa mr obama get down	3	Darling José
0022-006	@Ketoprak はい、そうです。  すみません、私は翻訳者を使わなければなりませんw	3	KΛЯMΛ
0022-007	ニガってほら、悪い言葉じゃないの？	0	Ketoprak
0023	Everything is in japanese but the comment section is filled with english comments just because of the N bomb LOL	9	Qopa	0
0024	1:32:26　かつて女子高時代に恐れられたケンカテク	16	れのあ	0
0025	にっ ニガー	19	NaCl ルズ 猫	0
0026	私の日本語は悪いですが、私はあなたのビデオが大好きで、私はあなたが私の誕生日にアップロードしたことを嬉しく思います.	17	Gisselle	0
0027	リスナーに優しいエンディングじゃねぇか…	16	雑食愚者	0
0028	45:02 Oh word?	20	The Hooded-Guru	0
0029	1:47 開始	16	湶-いずみ-	0
0030	とりあえずギバラはサイドブレーキを踏むことを覚えてほしい	12	せつなとわ	0
0031	WE ALL KNOW WHY WE CAME HERE	38	Annette	5
0031-001	@Matthew Clarenz Apolona oof its ok	0	Ender GirlDragon
0031-002	@Ender GirlDragon uhh I forgot. I just woke up so I'm lazy to translate sorey	0	Matthew Clarenz Apolona
0031-003	@Matthew Clarenz Apolona what did he say?	0	Ender GirlDragon
0031-004	@Rick Sanchez its a meme for fucks sake	0	Matthew Clarenz Apolona
0031-005	愚かな外国人を黙らせる。	0	Rick Sanchez
0032	ニッガ	9	Ray Ash	0
0033	あらまぁ…（苦笑い）	2	サイドラ	0
0034	Shes so innocent...!	6	Arch-vile	0
0035	45:30 someone said Ban in chat lol (look at the right)	13	OSSO	0
0036	love how he answers her with a WHAT?	0	eaweaw	0
0037	She has the N Word Pass	5	jiazji	0
0038	*N-Nega* ,now that was cute	7	Komogil1	0
0039	"I'm going to say the N-WORD" *"YOU CAN'T SAY THAT, THAT'S RACIST"*	10	Charles Gomez	0
0040	ハチャメチャで面白かったです！ ただストレートな差別用語やスラングもどんどん出るので気をつけてね。	4	東京饅頭	0
0041	This is next-level streaming.	6	PostApocolyptica	0
0042	誕生日おめでと！	0	スプラトゥーン裏ワザバグCH.	0
0043	I just realized that she is the Vtuber that started it all for me.	0	Material Burst	0
0044	Does this anime girl have the N word pass?	4	Eldritchkaiju	0
0045	ゲームに出てるものを言って非難されるとかなんか当たり屋みたいだな	2	物理と友達になれなかった	0
0046	"Nu-Nuga!"	10	ph_Cebuano	0
0047	45:05 Obama fujin ga oriru!	2	REVENANT KING	0
0048	4月1日(月)PM5:04急上昇４３位	1	古明地椛	0
0049	初っぱなのマシュマロのくだりから草	0	:ホワドリ	0
0050	She got the n word pass	4	Twitter Posts	0
0051	1:12:10 サイコ顔	23	dreamlikedeaselどりちゃん	1
0051-001	目が合った瞬間にあの顔されたらマジで死を覚悟する｡	0	隣の翠さん
0052	45:03 にあではなく、ニガです. w	0	Demoncard	0
0053	ニガ〜🎵	1	ッ何をやってるか分からない	0
0054	ちょっと遅れて見始めたからマジで収益化外れたかと思った	1	わっきー	0
0055	Guys it's ok she gets a pass from me	11	Qt Shutin	0
0056	45:03  草	18	アネモネ	2
0056-001	nigga weed	0	Karl Björn
0056-002	NiggaHhh~	3	Tonino
0057	Oh god can the japanese say the n word	2	firered23ful	0
0058	ラマーのメンヘラをめっちゃ早い段階で見切ってるギバラやべえな	0	クラッシュ万事休す	0
0059	*Ni- Niggaaaa~*	0	FreaXxShoW	0
0060	最初のストーリーがクリスマス仕様？	0	Heavenスティッカー	0
0061	Nワード発言でボヤ騒ぎになっててちょっと心配	5	dreamlikedeaselどりちゃん	1
0061-001	英語圏ツイッターで1万リツイートされたり掲示板に貼られてたり拡散されてるよ・ｗ・ジョークにもなってるし、差別やんって真剣なコメントも両方ある。ｗ。	2	ratori
0062	Ni-nigawww	0	YungDabMaster69RipX	0
0063	What website is she streaming on	1	Kevin Durant	0
0064	She made a big oopsie	3	Pvz2lovers [DEAD]	0
0065	WHY	1	Stets	0
0066	I need 45:03 as a text alert!	0	Sean Swiftshade	0
0067	No me importa nada onii-chan ahí lo digo 45:05	5	Profesor Kokun	0
0068	やはり清楚（にじさんじ  大変素晴らしいく可愛いかったぞ御伽原江良。	1	サラダにょー	1
0068-001	サラダしょう ガッツリ差別用語使ってて草	0	L .M
0069	Please marry me	7	Kenan Tutsi	0
0070	To every English friends here, I’m sure that GIBARA-chan deserves to be subscribed. Someone should translate all of her videos.	12	Haneko Shiromori	0
0071	私はすべての外国人について本当にすみません。 あなたは一つの言葉を言うと、それから彼ら全員は絶えずそれについて冗談を言うようになります。 早く古くなります。	2	Rick Sanchez	0
0072	The japanese girl is black too I think.So she has the right to say that word	10	柏木英梨々	1
0072-001	No she ain't lmao	0	지우다
0073	BREAKING NEWS  JAPANESE STREAMER SAID THE N WORD	11	NathanDarkson984	0
0074	Lmao at the N-word part, the only English word recognizable in chat is "BAN"	1	Ploopybear	0
0075	なあ😭😭	1	Kari Herna	0
0076	Bro she literally hit everything she possibly could in the first mission with Lamar XDD	0	NastySalvi	0
0077	So this is her cute old days?  The new recent is wild haha but i like it	1	Patch Yu	0
0078	I grant every Japanese Vtuber the n word pass	0	Surayaa	0
0079	45:03 (ꐦ°᷄д°᷅)?	0	シーモネーター	0
0080	She hesitated for a moment but she came through and committed to that N-bomb	0	Jackus	0
0081	1:12:09 1:27:00  サイコ顔	0	そこらの民衆	0
0082	Kizuna Ai: FUCK YOU!  Otogibara Era, an intellectual	0	Erick Viana	0
0083	45:03 Oah nao	20	Parker Stetson	0
0084	45:05 Little Shit My Name Is Spain	0	Spain	0
0085	I thought the Japanese hate xbox.	2	supermeowskers	1
0085-001	They sell it in Japan and the majority of the population hate it but there is a small crowd that actually like it and use it to find western games	0	Me llamo jeff
0086	Where is Vox news when we need it?	8	Vignette Tsukinose April	0
0087	ni-nigga	0	Redfield	0
0088	45:03 Attention Attention N-Bomb N-Bomb Attention Attention⚠️⚠️⚠️	0	Slicer	0
0089	ANIME GIRL CAN SAY N-WORD?????!!!!!	0	DededesuccALT	0
0090	that mouth is really unsettling	0	Dolan Duk	0
0091	what are y'all sayin	5	Cody Shipley	0
0092	34:00    おいしょ（無心） 34:24   にじさんじのお通りだ！  42:06    問題発言🤦‍♂️🤦🏻‍♀️🤦🏼‍♂️🤦🏽‍♀️🤦🏾‍♂️🤦🏿‍♀️  1:18:25  フラグ回収RTA  1:28:06   ハイエース（SUV)の後ろ にはロリ（マイケル）が乗ってる説 実証	3	東山雄大	0
0093	Alright no clowning: do you think she knows what she said?	5	Contron	7
0093-001	@99 insipidAy, no one was offended.	0	One Dixie Cup Just For You
0093-002	Japanese dont care what we think	0	99 insipid
0093-003	@One Dixie Cup Just For You also cause he said it in a funny way	1	Sspyca
0093-004	Legit, from the sound of it, it sounds like she repeated it because of how many times Lamar said it.	7	One Dixie Cup Just For You
0093-005	Contron When it comes to a language you don't know you'd always say something offensive by mistake	6	Incognito Mode
0093-006	@StarluckZX huh, go figure.	1	Contron
0093-007	nah iirc i dont think swear words as we know it are really a thing in japan	7	StarluckZX
0094	牛逼，不愧是你	0	池田茂美	0
0095	I'm black and I find her saying nigga funny because of the stutter	1	Cakespy 22	0
0096	IM GOING TO SAY A SLUR NOW	4	Slendermang	0
0097	It's a shame that she's a bunch of layered 2D images and not an actual 3D model, kinda looks awkward. Still love her for the N-bomb though Lmfaoo	3	JettzCGI	2
0097-001	VR gear, yes. 3D models, um, no.	0	JettzCGI
0097-002	3D models are expensive	3	Arif Gunawan
0098	なんで海外ニキが大量に湧いてるんですかね？？	5	わため印のすいそすい	10
0098-001	コメ欄開いたら外国人ニキが死にかけてて草	1	タケドンダイナマイト
0098-002	Grass 理解しました。 頑張って生きてください。	3	わため印のすいそすい
0098-003	@わため印のすいそすい nという言葉でアメリカ人を召喚することは可能です。 と言えば、誰かがそこでNWAアルバムを演奏しました。 今、私は佐賀地域では日本語の知識がなくて道に迷っています。 助けを送ってください。 私は地面で見つけることができるポテトチップスを食べています。 長くは続かないでしょう。 (Google Translate)	0	Grass
0098-004	Grass 日本語でお願いします。	0	わため印のすいそすい
0098-005	It is possible to summon Americans by saying the n word. Speaking of which, someone played an NWA album there. Now I am lost in the Saga region with no knowledge of Japanese. Please send help. I have been eating potato chips I can find on the ground. It will not last long.	0	Grass
0098-006	Crazy4sian  そうですね。ネタで収まって良かった	1	わため印のすいそすい
0098-007	ねむねむ 海外ニキが面白がってmemeになってるからいい	1	Crazy4sian
0098-008	黒人に対する差別用語だったんですね 日本人はこういうのに疎いですからねぇ	2	わため印のすいそすい
0098-009	ニガーって言ったから	0	Crazy4sian
0098-010	あの言葉と言うことはめっちゃ面白いですから。twitterに見ました	0	Ben Jamin
0099	45:04	0	Ravelino Aditya a.k.a Masamune Ray	0
0100	The way she said it was cute 😂	6	All Might	0
0101	海外ニキめっちゃ来てて草	3	やみい/朝日奈樒	1
0102	MADLAD	0	KΛЯMΛ	0
0103	ありがとう	1	世界で一番愛してる江良ちゃん	0
0104	Hello From The Confederate States Of America Or CSA My Name Is Texas	0	Texas Dallas	0
0105	👍	2	Cliché Gamer	0
0106	45:05 I know it's bad and all to say the N-word but just hearing her say it makes me wanna laugh of how kawaii it sounded xD	7	Reverse Ven	0
0107	45:03 How dare u say the N WORD!!!!! >ㅇㅎ ㅋ ANATA NI  GAKARI DESU!!!  ㅠㅠ	1	6untr01 GUNTROL	0
0108	oh my god im shaking and crying rn she did not just say the n word  guys :(	11	「Made In Heaven」	1
0109	Bruhg	0	sinvii	0
0110	THAT'S RACIST.  YOU CANNOT SAY THE N-WORD.	1	Aleph	1
0111	SUBSCRIBED!! 😍😍😍😍❤❤❤❤	0	Johnny Lattarulo	0
0112	Ohhhhh dear... oh no, youve just done the bad thing. 45:00	2	That One Fool	0
0113	Y’all are bunch of cry babies. She did not knew what the word meant and she didn’t use it in an offensive way!	8	Cockroach Soup	2
0114	Neh_ nega	0	David J. Maldonado Capella	0
0115	Niiga	0	Patrick Day	0
0116	RAAAACCCIIISSSSSTT	0	ember ashes	0
0117	I AM BLACK 黒人です、 I GIVE ERA AN "N-WORD" PASS 江良にはニガーを許可いたします！	32	Kmr_TL	2
0118	NNEGA	0	kaczan3	0
0119	Nibbah	0	THAT ONE DUDE	0
0120	45:03 なんでNワードを普通に言える？  イカれてるのかレイシストなのか	7	バナナ食うか?	4
0121	こいつ普通に差別用語使ったぞ！それなのに謝罪もクソもなくてヤバくね PEWDIEPIEが言ってしまった時どうなったか知らないのか？	3	L .M	16
