0001	2:05 G！I！B！A！R！AA！！ギバラ	117	Kurr 123	0
0002	55:54 自分用	80	raki nyan	0
0003	2:03 開始	59	キジトラ	0
0004	1時間経過時点でスパチャ80万言ってたけど最終的にどれくらいいったんやろ…	37	takuminn 0505	0
0005	1:17:08 かざちゃんでオギャる話	26	下水えり	0
0006	1:30:48~ エッチなおねショタ本待ってまぁぁぁぁすぅぅ！！！！！	58	トウ	0
0007	やはりいつも見ても可愛い。	7	りゅう	0
0008	CMソングを嬉々として歌うお姫様とか……これもうわかんねぇな	20	たこわさ	0
0009	収益化おめでとう！！！ 3:17 待機部屋で江良ちゃんをビビらせた人がいるのか...	12	あまばさみうぇ	0
0010	ギバラ(バ〇ラ)の歌はちょっと天才かと思ったほんと	7	remington	0
0011	悔しいがやっぱ好きだわ	12	クルトン_ShinShin	0
0012	おしゃぶりと哺乳瓶もってるの流石にひいたww	5	ういに食べられたい例の人参	0
0013	バニラから案件来るといいですね	6	hizamakura aniki	0
0014	正直に言います。 土曜が楽しみすぎる	7	ユーマラー	0
0015	昨日の配信観てから好きになりました！今1から見てますー。初めてVチューバー好きになった！これから応援します！	3	アテ	0
0016	新人ライバーの出し方変えてからみんな順調でほんとに嬉しい、これからも一杯ライバーが出てくると思うけどみんな幸せになってほしい。江良ちゃん本当におめでとう、これからも末長くよろしくな。	9	ハチ#凛fam	0
0017	DoS攻撃してて艸	4	秋霖颯	0
0018	ギバラお前哺乳berだったのか……	6	金牙神然	0
0019	いつも楽しい配信をありがとう！ いつも通りまとめることが出来ないとても面白い配信でした。 皆も最初から最後まで飛ばさずにちゃんと見て？   PS.おまエラ破産すんなよ……？	3	cross	0
0020	開幕無限スパチャで笑った	4	もっさん	0
0021	We'll miss Gibara supacha	0	Marty's random art	0
0022	いろいろおめでとうございます！ 速過ぎてお祝いが間に合いません！！ いつも元気貰ってます。命の支えです！！！ リアルタイムは見れませんでしたが、今回も可愛かったです！！！！	3	ムップー	0
0023	編集しないで	4	せな	0
0024	収益化&登録者4万人突破おめでとうございます！ 江良ちゃんの配信いつも楽しく拝見させてもらっています。 爆速で決まったので心配も多いと思いますが、江良ちゃんには元気でいてほしいのでお体に気をつけて頑張ってください。 これからも応援しています(長文失礼)	14	雑食愚者	0
0025	えらちゃんおめでとう収益化その他諸々おめでとう🎊 これからも放送楽しみにしてるよ！	2	和辛子	0
0026	スパチャが爆速すぎてびびった	1	South Big	0
0027	江ッッッッッッッッッッッッッッッッッッ良	4	Franz kafkaf	0
0028	本当におめでとう！これからも配信楽しみにしてます	0	ペリカン	0
0029	江良ちゃん収益化&4万人ほんとにおめでとう！5万人ももうすぐだ！	1	やみい/朝日奈樒	0
0030	誕生日おめでとぉぉぉぉぉぉぉぉぉぉぉぉぉぉぉ	0	スプラトゥーン裏ワザバグCH.	0
0031	収益化&登録者4万人おめでとう！ 江良ちゃんの配信いつも楽しくて、元気貰ってます。 これからいろんなことあるだろうし大変かもだけど頑張ってね！ずっと応援します。  あと、悔しいけど可愛いぞ！好きだ	2	ユイノツキ	0
0032	収益化おめでとう🎉	1	渡辺曜推し	0
0033	ほんと早かったな。おめでとう！	1	ていあ	0
0034	12:28  1:44:44 収益化プロレス 1:14:18 実質誕生日ボイス	1	そこらの民衆	0
0035	31:14	0	。ふののも	0
0036	またGTAもやってくれ	1	露天風呂	0
0037	収益化早いな〜 おめでとう🎉	1	塩化シアン	0
0038	ひまちゃんのお疲れ様に救われたって言ってたけど、俺はギバラの楽しい配信に救われてるよ。  いつもありがとう。	2	キュイ#汚い花火	0
0039	ドンキホーテの歌、最初から歌えるのすごくね？  収益化おめでとう！4万人おめでとう！	1	ななしの	0
0040	ギバラの家族関係や性癖がよく分かる配信だった　一言だけ言えるのは、弟さん強く生きて･･･	14	たわわBoing*2	2
0040-001	「娘にじさんじぞ？」	1	柿の種とエクレア
0040-002	「姉にじさんじぞ？」	8	Franz kafkaf
0041	弟さん、お察しします。	2	ウリカバディ	0
0042	G・I・B・A・R・AA！ギバラ！ G・I・B・A・R・AA！ギバラ！ ギ〜バラwギバラwギ〜バラwスバチャw ギ〜バラwギバラw高収入w ギ〜バラwギバラwギ〜バラwメンバーw ギ〜バラwギバラは収益化〜 やったぁ〜！(・▽・💠)	0	阿獄	0
0043	おつ江良！今日も可愛いかった！ １万人おめでとう！ ２万人おめでとう！ ３万人おめでとう！ ４万人おめでとう！ Twitter３万人おめでとう！ 収益化おめでとう！   これからも応援し続ける！ そしてこれからもよろしく！！ ２日間声聞けなかったから寂しかった分一段と可愛く見えてしまった･･･！ （もとから可愛い･･･？当たり前だろ！）	8	ともとも	1
0043-001	「雑」談本当草	0	Franz kafkaf
0044	遅ればせながら配信お疲れさまでした 収益化ならびにチャンネル登録数４万人（現在4.4万人）おめでとうございます 言い方はアレですが、あなた一人の体ではないので大事に労わってあげてください 面倒かもしれませんができるだけ３食食べてください 一人暮らししてるあんたが心配でおかあちゃん夜しか眠れません 最後にもう一度、収益化おめでとうございます	1	夕凪	0
0045	15:04 ここでの元2期生ってどういう意味なん？ 今はもう2期生じゃないの？	2	アンデルセン	1
0045-001	にじさんじとSEEDSとゲマズとかが合併した時1期生、2期生とかのくくりもなくなったのでは？(正直よくわかってない)	0	葉月神楽
0046	おめでとう！スパチャできなかった  ところで刀えらもありなのでは？？ 人気者だな力也	1	ken K	0
0047	ありがとう	0	世界で一番愛してる江良ちゃん	0
0048	チョッ、ギバラ！ こんな失言ばかりで大丈夫か？  まぁまだにじさんじ内だけだからいいけど他の事で失言したら…… ただ「リオン様から権力取ったら何が残るの？」には笑った	3	CY Cー	2
0048-001	Franz kafkaf 江良ちゃんに戻るんでしょ(適当)	4	グラブル大好きマーン
0048-002	ギバラから失言取ったら何が残るの？	2	Franz kafkaf
0049	おしゃぶり効果あるよ（実体験）	0	世界で一番愛してる江良ちゃん	0
