0001	コラボ相手のチャンネルURLも貼らないのかよ失望しましたアッキーナのチャンネル登録解除しました	346	エコネズミ	6
0001-001	エコネズミ ホントだよ!ギバラのチャンネル登録しました	0	HARU GAMES
0001-002	エコネズミ 🔥舞元🔥	0	ザキsub
0001-003	ゆーすけ  ナイス構文	5	おふぃすニャー
0001-004	ほんとにこれは登録解除案件だよな…     まぁ、僕は解除しませんけど	27	ゆーすけ
0001-005	シン・ゴウキ ほんとだよな 俺もエビおのチャンネル登録解除してくるわ	43	ぐる
0001-006	とばっちりで草	60	ちびでこ
0002	やし×きず アン×カト えら×ぎば てぇてぇなぁ	229	Mff Nagumo	7
0002-001	Kiss×sisみたいな語感草	1	アタリメ
0002-002	♥ぶっ×かけ♥	3	人間のクズデビルマン/伍長
0002-003	はく×かけ	3	フライドポテト
0002-004	なんでゆめ×かけいないの	4	nanashi
0002-005	はか×ふゆ ← New!	5	RB-STR
0002-006	みれ×ぐんも最近追加された	8	れいれい
0002-007	唯一神やめろ	36	ぺったんぺったん
0003	55:04遂にコメ拾われた。(自分用)	74	んぽぽ	0
0004	1:45:54 にゃん	165	ぎょみぃ	3
0004-001	際どいですねぇ...	1	こなた
0004-002	でかいですね...	1	nagiariおばさん
0004-003	114514に見えた俺は…？	10	きよね
0005	いつも勢いと思いつきでおもしれー事やってる女	61	いろじろ	0
0006	俺はいつまでも待つよ   江良が語尾ににゃんをつけるのを	101	和辛子	0
0007	26:47 目と目が逢わないえらぎば	44	。にしのやま。	0
0008	これがゲリラライブというのが草	53	ER34乗りのほのかの旦那 ほのちゃそ	0
0009	左右でやっててミラーかなと思ってしまった自分が恥ずかしい……	39	cross	0
0010	19:45 自分用、かわいいのノリノリえらちゃん	8	YuiwaShake	0
0011	1:58 開始	21	白ウツボ	0
0012	1:49 開始	21	。ささぶね	0
0013	おつえら〜！ えら×ぎは てぇてぇ...！ すごく可愛かったにゃん。     この後ゆっくり寝な！	41	アヲノ#調子極端	0
0014	シンクロ率400%	29	Lynx Alpine	0
0015	えらきばコラボ面白かった！ 江良ちゃんもギバラも とても可愛くて上手かった！ またコラボして欲しいな！	25	アナスタシア2756	0
0016	何か見てて悲しい...かわいい...	12	まぬけ!	0
0017	てとてん♪とてとてとてとん♪はちょっと可愛いが過ぎる…	15	KOVA	0
0018	オラギバラとのコラボ楽しみにしてたから先にエラギバラとコラボするのは残念	24	このは	0
0019	セルフコラボとは相恐れ入った！	12	道産子メガネ	0
0020	エラちゃん全然喋らねぇじゃんか…	11	ろりばばぁ	0
0021	22:14 自分用	10	KURA KAZU	0
0022	やしきずてぇてぇ思い出した	23	Merry Jane	2
0022-001	Mr.M _J  アンカトてぇてぇもね笑	0	20代の童田
0022-002	やし×きずてぇてぇの起源知らなかったけど、そういうことか・・・( ;∀;)ほろり	0	砂箱遊人
0023	いつも通りなかなかにキマってて草	6	みや	0
0024	当たり前のようにチューニング入るの草	2	のぞむ	0
0025	ギバラおもろいやん	8	不眠症星人	0
0026	えらぎばweekただの独り暮らしで草	1	Raven Johnny	0
0027	やはり別人格	2	ねむのき	0
0028	これ一人で撮影してるの考えたら草生える	2	yuki	0
0029	テトてん可愛すぎか	1	田中ひろし	0
0030	マジカルアイ出来て草	3	佐々木太郎	0
0031	江良ギバコラボは草	1	白猫で煽る弁護士	0
0032	最近きてんなぁ江良ちゃん…	10	ハム	0
0033	可愛いが過ぎる。江良ちゃん可愛いな	1	さくら	0
0034	やっぱりギバラ可愛いなぁ	1	あき.	0
0035	サムネ左側が清楚系美少女なのに右側は煽りながら近づいて来てるように見えるのなんで…	0	shou o	0
0036	お帰りなさい江良ちゃん！	1	牛チー	0
0037	やけくそにゃん助かる	2	そもさんせっぱ	0
0038	別の生き物扱いで草	1	砂男	0
0039	ばー(棒)	6	a	0
0040	やはりひとりで尊くなるタイプか。いつ配信する？私も推そう  にじさんじ１人カップリングしがち	25	コマド	4
0040-001	雑ドーラ増殖してて草	5	みのさん
0040-002	お"  茶"  を"  飲"  み"  ま"  ぁ"  す"  ！！！！	5	渡邊波瑠
0040-003	わ″　し″　も″　推″　そ″　う″　！！！	6	ヒョウモンリクカメ
0040-004	お゛前゛も゛推゛す゛ん゛か゛ぁ゛！！？？	9	NIV
0041	なんか見てたら悲しくなってきた…	1	ぬま太郎	0
0042	新品の御伽原が酸化した姿がギバラなんだから、もう1人のエラちゃんもギバラになるのは時間の問題だし、逃れられない運命なんだよなぁ……	4	かそがみん	0
0043	5:19 1pがエラちゃんで〜の直後誰かの声聞こえない?	7	光竹:かぐや	1
0043-001	うぇ...って聞こえた気がする	0	ブラボスキー
0044	コレが御伽の国の舞踏会……	0	氷風雷火	0
0045	二人共同時に揺れるとかすげぇな	1	ニャイフ	0
0046	マイティブラザーズXX	2	鐘宮真	0
0047	一人ツッコミの要領でひたすら喋り続けるのもアリかも	0	Yuki Yoshi	0
0048	2:05 Dirty Deeds Done Dirt Cheap	0	神社ライバー	0
0049	遊戯とアテムですねこれもうわかんねぇな	1	しまくられ先生	0
0050	悲壮感	7	そして誰も	0
0051	ASMRまってます	1	nagiariおばさん	0
0052	ランキング乗ってて草	1	。ささぶね	0
0053	1:35:15からのハイハイ好き	0	イムズimuzu	0
0054	「ばぁー」 助かる。	1	ねじまる	0
0055	俺もよく1人でホイコーローやってなぁ…	5	プリントムモード	0
0056	間違いない探し	0	カイスタ	0
0057	1:34:56	5	醤油	0
0058	立体視したらえらちゃんとギバラが対消滅してブラックホールがレボリューションした	1	なまこ	0
0059	テトテントテトテトテトンがいちいち悠木葵さんに聞こえてドキッとしたのでチャンネル登録のとこ２回押しときました。	0	、シウソム	0
0060	思ったより似てるんですね	1	けふと	0
0061	頭おかしなるで	0	たま	0
0062	コメント欄映してなかったのは地獄を隠すためだったのか	1	なまえをいれてください	0
0063	夢の競演だな	0	yuki mizuki	0
0064	これなんてダブルアクションゲーマー？（）	0	カカサブチャン『園長』	0
0065	これやり続けたらマジで人格分離しそう	2	カイ原田あなたの隣人	1
0065-001	スキゾ不可避	0	颯璧
0066	``いとも容易く行われるえげつない行為,,	1	ウェカpeople	0
0067	器用な女だな	0	魚介類	0
0068	立体視だこれ	1	クエッチ	0
0069	"えら×ぎば"も良いけど、やっぱり"やし×きず"なんだよな〜	1	シン・堂	1
0069-001	アン×カトが至高 異論は認める	1	バナナ3
0070	エバラ…？	0	かけ	0
0071	見所満載の素敵なコラボ えら×ギバ てぇてぇに始まり 可愛い悲鳴、脳死からの地獄チャット欄。 にゃん誕生までてんこ盛り!ぷぷぷぷぷ!  ゲームの成果? だって江良ちゃんですよ？聞くまでもなく好プレー連発です!	3	幻場琴月	0
0072	みんな反応うすいけど１ｐ２ｐの色がちゃんと二人の印象的な色なのすき。	0	銀鮭	0
0073	委員長の彼氏配信思い出す	4	うえおあい	1
0073-001	うえおあい 思い出して吹いた	1	ギアッチョ
0074	リズ天やりながらコメ欄見れる人なんて中々いないよな	4	MELL VIE	0
0075	1人で2人プレイとかやったけど、ボートはマジで無理だった… ボッサレシーブは楽しいから良かった。	5	みぃな	0
0076	1:45:55.5	1	みかん	0
0077	まったく関係ないけどトイ・ストーリーでウッディがバズの腕だけでバズの振りしてたの思い出した	6	ハルユキ	0
0078	1:45:40	4	つゆは	0
0079	1:58:09 連発雑にゃん助かるん♪ありがとう。	4	砂箱遊人	0
0080	46:18自分用 初コメ読まれた まじてぇてぇ	2	暇人_Himativ	1
0080-001	わかる ３０万読まれてめっちゃ笑ったわ	0	なまえをいれてください
0081	こいつ何やってんの？	8	。ぞじ	1
0081-001	冷静になったら負け	5	フレ/ンダ
0082	えらぎばはてぇてぇ	0	こんどぬ	0
0083	御 伽 原  江 良 と 関 わ る な あっもう関われないかｗHAHAHA！   すみません嘘ですギバラさん好きです許してください	1	コーンクリームを略すとコンクリ	0
