0001	1:52:25 ギバラ大喜びシーン	602	矢澤式WINTER	0
0002	下ネタになると生き生きするギバラさん	226	tomo兄貴	2
0002-001	男だと言われても驚かないわ	3	URLを貼りに行くりんごろう
0002-002	自分のフィールドだから．．．	3	野生のノワール
0003	1:53:03 ( ＾ω＾)	465	メスイキみやぞん	5
0003-001	@メスイキみやぞん 通報した     嘘です	5	まだ全力じゃないぜ?俺は
0003-002	白い夢 閃いた	4	メスイキみやぞん
0003-003	@アニリンブラック ハッ!!!!そこに気が付くとは貴様やはり天才かっ!!!!	9	まだ全力じゃないぜ?俺は
0003-004	オ○ニーが「止められないの」じゃなくて「止まらないの」って言ってるってことは現在進行形でシてるってことよね	36	アニリンブラック
0003-005	助かる	7	まだ全力じゃないぜ?俺は
0004	4:42 賢者タイム	236	Ichiro Sasago	0
0005	1:55 ガビガビスタート	396	am t	4
0005-001	火星からの電話	5	ドイミ
0005-002	水中から配信	13	ラー丸太郎
0005-003	くろ。 ギバラコンロ点火!! ﾃﾞﾁﾁﾁﾁﾁﾁﾁ...ｱ゛ｧ	36	UT- UT
0005-004	はむかつ  御伽原 江良でちちちちちちちちち…	54	くろ。
0006	4:32ダンボールドラム	309	CandyGhost 。	4
0006-001	@ご機嫌なキャベツ その例え的確で草	1	-No,107- bohrium・Bh・element
0006-002	実際可愛い	6	弁天当麻
0006-003	ボーボボみたいなノリで草	13	ご機嫌なキャベツ
0006-004	ギバラの素顔見てみたいわ	27	ムスカ
0007	下ネタの時ニッコニコで可愛い	93	のあ	0
0008	下品な女だ…     そういうとこ好きやで	247	令一朗	5
0008-001	えび先輩、好き。 おっと、それは何ジュかな？	0	匿名
0008-002	平均的な女性にはない魅力がいっぱい詰まってるからとてもかわいい	0	よわむしArisia
0008-003	伏せ貫通すき	5	常識のあるキチガイ
0008-004	？？？゛?・？？？ー？｢戌亥はもっと清楚だもん｣	8	いるか
0008-005	ベジータかな？	6	リョウタ
0009	21:44 「くにゅー」 ギバラは可愛いなぁ♥️	75	reto ka	0
0010	2:05:24 僕のこと好き？	135	ばる	1
0010-001	嫌いです(辛辣)     やっぱ好き(唐突な告白)	1	おいしいDHA
0011	1:55 溺れるギバラ	84	漆黒の翼を持つ男yuya	0
0012	14:45	101	ああ	1
0012-001	助かる	1	最弱
0013	問題のシーン 1:52:15	149	るくたぁ	1
0013-001	You know	2	さよ*
0014	キチゲを下ネタで解放してると 汚言症になりかねないから気を付けてね...	59	magomago	0
0015	4:34 発情期の猿みたいでかわいい。	32	ゆーゆーアルフォンソ	0
0016	4:32 ダンボールドラム助かる	45	ぱんだろー	0
0017	所々からギバラの優しさが滲み出てるんだけど全て下ネタで掻き消される	33	-ミナモ-水面	1
0017-001	和式トイレにやさしさという洗剤を一滴ずつ垂らしながら水を流す行為きらいじゃない	6	よわむしArisia
0018	14:47	59	だれ！？	0
0019	2:03 ここコンロ	19	私は見逃しません	0
0020	四六時中ピー音が必要な女	16	ゆーゆーアルフォンソ	0
0021	発言にピー音入れるんじゃなくてギバラにモザイク入れたほうが早い	15	ライム	0
0022	ド直球なネタ好きだよね。そういうところ好き（江良さん動画初見並感）	17	焔神崎	0
0023	2:05:38 これ王子コラ作られてて草	9	拙者、Vの者すこすこ侍で候	0
0024	1:14:14 JCギバラ 1:16:41 ママギバラ・ショタギバラ	15	あい	0
0025	1:52:20 ？？？「俺は止まんねぇからよ、お前らが止まんねぇかぎり、その先に俺はいるぞ！だからよ、止まるんじゃねぇぞ・・・💃」	28	紫村新八	0
0026	47:40 会社を…辞める………	0	ざぐじぐ	0
0027	1:52:25 ナニーのとこ	22	シャノン	0
0028	はい清楚	14	御谷原伊澄	0
0029	ギバラはエモくなればなるほど下品になりたがるからな……！	4	コマド	0
0030	やるべき仕事は多いはずなのに、終始職務を全うしないP音先輩すこ( ^ω^ )	3	リーナマートン	0
0031	14:10 パスポート取りたいんです？	10	わっふぃー	1
0031-001	Is it possible to return this？ 関ジャニクロニクルのあれかww	1	キロシ47
0032	22:00最近は綴り通りの読み方をするネイティブの人も多いからワンチャンクニューでも間違えではないかも	2	竹内	0
0033	この配信寝る前に聞くといい(BGMだけ)	2	湖の騎士ポメラン	0
0034	江良ちゃんを………返せ！！(覚醒です)	10	ミジンコ	0
0035	最高にかわいい(錯乱)	5	サンシャイン藤原	0
0036	1:53:00 綾地寧々	83	SB Licoh	2
0036-001	サノバウィッチ懐かしい....懐かしくない？....	3	あっひるっさんゲルマム族
0036-002	オナ地	2	КГБ СССР
0037	子供に紐を付けるかどうかの話のとき、サラッと 大人でも割とある ってコメント流れたよ？w	2	ネ!コ!	0
0038	初見です。今日もお疲れ様です	2	みうら先輩	0
0039	まじで問題シーン作成姫ww	11	ああ	0
0040	1:55 虹村形兆	0	ミスタースライス	0
0041	オ○ニーが止まらないの のとこに「ギバラじゃん」ってコメあって草	1	セン	0
0042	実質大喜利アプリ	0	Bear Offline	0
0043	最初の配信の時はアナ○プラグなんて絶対言わないと思ってた、江良ちゃん............	1	kaname	0
0044	わいめっちゃ勧誘受けるけどネットのテンプレみたいなお姉さん見たことないんやが	0	ジュピター	0
0045	江良ちゃんが嬉しそうで何よりです 下ネタゲーって幾つぐらいあるのやら	1	よわむしArisia	0
0046	ギバラ可愛すぎん？	0	Z O	0
0047	面白いすな	0	おおつか	0
0048	可愛いんだよなぁ！ぎばらさん！	0	妄想𓇼daydream_歌ってみたっス!	0
0049	26:10 52kgワイ、大号泣  私は毎月来月本気出そうとしてる	0	にゃんこ信者	0
0050	英語の下ネタがわかるリスナーたち好きだぞ	0	けい	0
0051	一応、これでも声を作ってたんだなぁ……	0	ゆいと	0
0052	好きな人の血とかだったらちょっと飲んでみたい気もするけどな	0	ジュピター	0
0053	ピー音が退職したらしい	5	枯れ池	1
0053-001	ピー音君鬱って聞いたゾ...	1	とまと
0054	少年声上手いな	0	うべー	0
0055	隠さんと！	5	A	1
0055-001	助（平）さんとご隠巨根！	3	Yassir Ohm Ally
0056	Watching from australia.  When everyone is trying to learn English, I'm trying to learn Japanese hahahah	4	lazynamingbox	0
0057	こいつどうやって収益化通過したんだろ	5	木津未来来	1
0057-001	我　に　じ　さ　ん　じ　ぞ　？	1	アルミcan
0058	ついに声にもモザイクつけられたのか……	0	水飲み放題	0
0059	天才かな	0	レモン煮	0
0060	これがネット流行語大賞で代表になった奴の配信か・・・	11	Jack T	3
0060-001	Jack T 12時すぎのシンデレラ・・・	1	じぞりん:じぞう
0060-002	よわむしアリシア 両国とのギャップが凄いんじゃあ……	1	Jack T
0060-003	最初は下品、女らしくない、芸人な印象だと思う。だけど、段々と慣れて来ると友達感覚になって来て、所々に溢れ出る異性と母性がとてつもなく愛しい程可愛く感じ出すから 其処まで行ったら過去を振り返る事がおすすめ。すると何故本物の灰かぶり姫(シンデレラ)と皆に呼ばれるか分かる。	9	よわむしArisia
0061	38:26	2	ゲンム桜庭	0
0062	これはギバラにしか出来ないな	0	めーぷる?	0
0063	オタクくんはギバラの血飲みてぇな？	0	Fan_Club A10	0
0064	別に普通のゲームでも下ネタばっかだからいつも変わらぬでしょ	1	紅雅	0
0065	まだ収益化剥がされてないってまじ？	28	すすきしょう	8
0065-001	全年齢向け健全放送かつ下ネタとエンターテイメントがハーフアンドハーフで有るから。 下ネタの範囲と版権の程度も男子高校生の立ち話までの物だしyoutube君もニッコリ	0	よわむしArisia
0065-002	そこはシンプルなおちんとみた！	0	いるか
0065-003	@件乙杯ですかねぇ？	0	微笑みかける弦磨氏
0065-004	@Yassir Ohm Ally  そりゃあ先生にはあってギバラには無いものがあるからじゃないですかね……	0	件
0065-005	YouTube運営はギバラのファン説	1	炊き込まれしレオ
0065-006	YouTube運営「ま～たにじさんじか…しょうがないなぁ…( ´_ゝ`)」	2	ヒノアラシのぬいぐるみ
0065-007	Yassir Ohm Ally  真ん中の○の部分ナチュラルに【ん】って読んでしまったので訴訟	2	ばぁどー
0065-008	何でち○こ先生はひっぺがされてG、I、B、A、R、AA、ギバラ!はスルーなんですかね...(困惑)	5	Yassir Ohm Ally
0066	17:04 根はいい子なんやなって	11	UT- UT	1
0066-001	良い子も何も本当に優しくって親身になってくれる思いやりもあるとても良い子だよ。他者優先で自己犠牲な所が有るから心配何だけどね 下ネタ百烈拳が特技だけど母性も有るからヤバい	7	よわむしArisia
0067	コンペの語源をcompareだと思ってるリスナー多いけど、本当はcompetition(競争)です。	0	奥田紳太郎	0
0068	神回	0	あおてゃ!	0
0069	今回の問題のシーン 11:33 18:29 28:03 37:40 1:01:33 1:29:40 1:42:58 1:44:53 1:46:14 1:52:25 2:10:19 2:18:05	299	海老	5
0069-001	@甘茶かも 健全シーン助かる	5	# MONO
0069-002	@Koke  0:00 ～ 0:00	24	甘茶かも
0069-003	問題ないシーンだけ抜粋した方が早くない？	14	Koke
0069-004	助かる	5	シルヴィア
0069-005	問題のシーン多くなぁい？？？	19	件
0070	これが大学生の英語力かよ 文系にしろ、理系にしろちょっと悲しいな。。。	0	Yu Min	0
0071	2:01:54 馬骨、出現す。	0	フェネック【馬骨】	0
0072	1:53:03世の中にはこれが現実に起こるイクイク病ってのがあってだな、、、	7	夏侯鈴	2
0072-001	@がう あれブラックジャック病並みに名前悪意あるやろ、…	0	夏侯鈴
0072-002	その、病は自慰してるわけではなくて勝手になってるから意味合いは違うね	3	がう
0073	1:20:19	2	なめ。	0
0074	子供用ハーネスの存在を知って「ちゃんと手を繋げばいいのに」ってセリフにめちゃくちゃ感動した。いいママになるわ。	20	Hibiki B	2
0074-001	実際に下の兄弟がいたらわかると思うんですが、手を噛んだりしてでも自分の気になることに向かって駆け出したりしてしまうので、転んだりしても両手が空いてるハーネスのほうが確実に安全に子供と出かけられます。	2	松本和
0074-002	こう見えて母性と人間性と感性は人一倍に強い。妹と弟を育てた長女は強いのだ	7	よわむしArisia
0075	リスナーを閃かせる前に通報させるな	0	へろにあ	0
0076	ネット流行語から来た新参さんに申し訳なく思わないのか？	23	まろーん。	2
0076-001	まろーん。 なんか見覚えある名前と思ったら草	0	すしちゃん
0076-002	慣れれば良い。ついていけないのなら諦めて他に行くと良い それだけのお話(下ネタ好きなのは万国共通万人に通じるから大丈夫)	2	よわむしArisia
0077	普通にR18で検索してたらギバラが出てきて笑っちゃった	5	ゆずれもん	4
0077-001	まんじゅうがにすべすべ サンクス 聞いてみるンゴ	0	ゆずれもん
0077-002	オールナイト虚無もいいぞ	0	まんじゅうがにすべすべ
0077-003	みみみ いやぁ、好きですねぇ	0	ゆずれもん
0077-004	ゆずれもん神推し 匿名ラジオ好きなんですか！！？	0	しゅがは
0078	26:03	0	レオン透	0
0079	第58問のところ最終兵〇俺達のボケの人と同じ事言ってるw	0	金剛寺	0
0080	knowを英語苦手過ぎる自分でも読めるのに……くにゅーににゅーって………     “ノウ”って読むんだよ！	6	KM- D39	3
0080-001	もっと勉強だ、さぁ٩(.^∀^.)งLet's go	0	天性の弱虫.
0080-002	それな	0	天性の弱虫.
0080-003	過去形だからにゅーであってますよ	1	SK
0081	やめられないとまらない///	3	maru	0
0082	あんなに下ネタ言っているのに年齢制限入ってないっとは(°Д°)	3	アルファタウリ	0
0083	荒れ狂うギバラを止めました	2	トムソーヤ島の住人	0
0084	1:53:12 確かそんな病気があった希ガス。突発性ウンタラカンタラで。やめたくても、やり終わっても興奮が収まらないらしい。結構きついらしいからそんな相談受けた時には笑わないようにしようね！汚兄さんとのやくそくだよ！	0	ヤジュニーツムツム	1
0084-001	汚兄さんゆるして	0	ジリ貧エボX
0085	🐵💠	3	わたあめ	0
0086	サムネの奴は下ネタだと指一本で熟女を荒れ狂わせたじゃないといけないから下ネタではない(名推理)	0	にゃんこ大好き	1
0086-001	逝かせて止めた可能性が…	0	古明地椛
0087	ギバラeasy女やん	1	neat neet	0
