0001	プリパラ試しに観てみたらハマったわ...  マジで面白いぞこの作品	74	その名はN	4
0001-001	是非ともその前のプリリズも…	1	あたまる。
0001-002	自分はダビィンチ？が出てきたところで諦めた 曲めっちゃ良いよね！	3	まずい
0001-003	プリチャンも見たか？	4	みんなのげんぞー
0001-004	よく分かってるじゃないか	7	尚樹万章
0002	11:15 派手やな〜→ブーメラン	111	。あずろにhair	0
0003	義務教育9年の年限を7年も超過し尚も小学生に居続ける女	115	いろじろ	1
0003-001	いつになったら中学生になれるんだこいつは。	8	りくおマアアアン
0004	プリリズが忘れられなくてプリパラをいつまでも認められない私を誰か助けてくれ	20	宇佐美にの	3
0004-001	@チモチモ 歴史は繰り返す……	8	宇佐美にの
0004-002	私の場合はプリパラを忘れられずプリチャンをいつまでも認められない私を誰か助けてください(しれっと入るスタイル)	12	チモチモ
0004-003	救済ッッッッ！（←え？	2	かいわれダイコン
0005	41:55 語尾はからだに悪い	61	ｋｘｃｘ	1
0005-001	ｋｘｃｘ つ語尾カットホン	10	ぴょんぴょん
0006	6:45 収益化取り消し案件	58	カリオストロー	0
0007	31:47 う゛ー！ 32:07 すごおぉ～～いｗ	18	カプチーノ	0
0008	ギバラプリパラ好きだったんだ！！嬉しい！！	8	いなりあげまろ	0
0009	プリパラの新作アニメ決定したから見に来た	5	エリック	0
0010	1:26:08	33	zǝɯɔɹɐ	0
0011	1:25:50 異 物 混 入 (草)	9	YuiwaShake	0
0012	レオナは男の娘やもんなあ😆	6	DRAGON Z	0
0013	ギバラとプリパラのゲーム画面の調和すごいな サムネとか違和感がないww	34	ポンコツ	0
0014	本当におもしれー女	18	小山田雅	0
0015	6:20辺りの子供向けのおもちゃで大人が遊ぶやつワイもブラック企業に飼い慣らされて病んでる時見てたからわかる	9	事務局長	0
0016	今までアーケードでやってたけどギバラの見てゲーム買おうと思いました	26	エグゼ0	1
0016-001	ボイルドエッグともぞう おお！ プリパラ案件決まったな	3	大根が嫌い
0017	最終的に遠北なのウケた	7	愛してるギバラ	0
0018	好きあらばぎばたんが入り込もうとするの草なんだ	5	紫[むらさき]ではない	0
0019	生放送間に合わなかった... アーカイブで見させていただきます	5	アヲノ#調子極端	0
0020	俺もロリになる(確信)	3	きなこもっちー	0
0021	ぎばたんもギバラもかわいい	2	八朔	0
0022	ギバラ巡回済みタグが誕生するとは誰も思っていなかった  ギバラロリ肉のタレ  レオナは男だから反応が薄い？  ギバラがパキるっていうとクスリの方思い浮かぶ。シンデレラになれるおクスリ	10	CY Cー	1
0022-001	CY Cー  ふしぎなくすりはNG	1	服の裏側の生地
0023	ライブ後のガチャ回すとこのBGMなつい プリパラに触れたことのない方たちのコメ見てて新鮮だ〜	2	千羽.	1
0023-001	共感でしかない	2	모모
0024	そらみスマイル結成シーンとか普段なら絶対泣いちゃうんだけどギバラのおかげで泣かずに画面見てられるわ	0	甘郎リリィ	0
0025	ガチャオジサン	1	たろUMR	0
0026	ゴルドスマッシュ姉貴やんな	1	Dice K	0
0027	pripara cured my cancer	8	黃彥傑	0
0028	早々に素の声を出していくスタイル	3	服の裏側の生地	0
0029	思ったこと 中2で何見てんだろーな	1	ssdnene	0
