0001	13:54 ギバラ「かわいい…」　かざちゃん「見るんじゃねーよ」 20:29 かざちゃん「ねえ見ないでよぉ！本当に！おい！」 21:56 かざちゃん「うわあああ！」「見゛て゛ん゛じ゛ゃ゛ね゛ー゛よ゛！゛！゛！゛」 助かる	152	dekarucha	0
0002	1:19:55 無言の見つめ合いてぇてぇ...	220	dotism	0
0003	1:38:47 スタッフさんいつも遅くまでありがとうございます	168	やしのみみ	0
0004	かざちゃん「てきとこどっかーん」 1:19:40	106	lega Ntw	0
0005	22:39 自分用	31	かしわばぽけ	0
0006	目隠しでもクリアできる職人技術をただの変態行為に使うのホント草	166	Ryo#	1
0006-001	間違ってる技術の使い方。  ………いやギバラ的には正しいのか？	20	ただの変態紳士
0007	1:19:57 からのギバラがこっちを見てるのを気づいて笑うかざちゃんめっちゃ好き 1:22:04 おばさん足上がんない！！ 1:24:03 あばばばばばばば！！！ 1:52:18 負け中は可愛い	85	こんどぬ	0
0008	いままで培ってきた技術でよそ見しながらでもリズム取れるようになってるのすごいことだけど草	47	ツララ	0
0009	1:21:22  「てぇてぇことしようや」 1:23:50    腕相撲	100	ドラピック	1
0009-001	ドラピック 麻生太郎で草	3	t9 T
0010	17:52　ギバラの視線に気付くかざちゃん   編集して指定ミスってたｗ指摘してくれた方ありがとう	52	misabi	0
0011	1:52:23  ここからかざちゃん天才	94	結菜	3
0011-001	可愛すぎ	1	リングマ
0011-002	やっぱりかざちゃんは受けなんだよなぁ…	5	-saki-咲
0011-003	ギバラ上手すぎw	2	うにひ
0012	13:54 我にじさんじぞが脳内再生される	19	de kme	1
0012-001	我にじさんじぞ ゴミカス〜〜〜！！	1	チュッチュ
0013	画面上だと離れてるけどスマホの全画面だとかざちゃんの横にギバラのアイコンでるんよね 狙ってたなら策士やで…	66	ocomar tempura	1
0013-001	ﾋｴｯ	0	月虹channel
0014	二人とも推しで本当にてぇてぇ	13	リプトンスキー	0
0015	カンフーとボートが難しいけどマジで面白いんよな	8	ティタもち	0
0016	ギバラと花咲ちゃんのコラボ・・・てぇてぇ。 何だかんだで、ギバラの事大事に思ってる(っぽい)花咲ちゃんが可愛い。	8	如月てぇ提督	0
0017	おまわりさんおれらです！！	9	葛の葉ろうき	0
0018	スッと餅始めてすぐにプロの速さでこなすのほんと草	6	UMA yucchaman	0
0019	Sportsの方爆笑させて頂きました 次回のコラボが楽しみでち	7	立川楓	0
0020	とりあえず………ﾀｲ-ﾎしときますね	5	マッチョリーゴリゴリウス	0
0021	所々、江良ちゃんがかざちゃんに対する声が優しくなるのめちゃ好き	17	だい	0
0022	不意にクンッて振り向くかざちゃんすこ	8	エラディコ	0
0023	おつえらでした！ ディズニーのお話楽しみ！	4	、シウソム	0
0024	なんでだろ、阪神関係なさそう	7	鷺根/Sagine	0
0025	か「て&?£どっかぁーん」 ギ「ｱﾊｯ地味に言えてないところもかわいーねぇ」のやりとり好きなんだが	18	いろじろ	1
0025-001	1:27:41	13	地獄鳥
0026	凄い技術をかざちゃん見るためだけに使うの草	15	あくえり。	0
0027	叩かれてるのにギバラが幸せそう笑	0	ハナ	0
0028	自分用 1:47:42	4	くしゃがら	0
0029	終始かざちゃんを見つめる江良ちゃんわろた	11	キムワイプーSDSーペイジ	0
0030	言うて普段の声も好き	14	コマド	0
0031	1:47:38	10	s mickey	0
0032	スタッフの方々よく叫ばずにこの 現場に留まれるな… 普通に尊敬するわ これがプロか	21	眼苔木	0
0033	この動画で初めてかざちゃんを知った すげー可愛いっすね	0	神月司	0
0034	急上昇おめ！	7	ハム	0
0035	野球、これはひどい   バントぽい感じにしといてホームランとか笑う	4	kuuhaku	0
0036	55:40  耳を途端に……とじた。	3	うたそ	0
0037	呪怨置いてあるの草	0	「SCAR-AKM-MP5」	0
0038	リングフィットの成果がこれですか	0	摩耶道夫	0
0039	ゲーム動画急上昇おめでとうございます！	8	わたぽん	0
0040	マジかわいい	1	。ねりてん	0
0041	音ギバラ	4	地獄鳥	0
0042	１：３６：３１　俺の誕生日	1	GAME FULL	0
0043	株主総会最高だったよ	0	和辛子	0
0044	タップスターがなかなか出来ないかざちゃんに対してギバラがわざと間違えて庇おうとしてる説大好き	1	まくふるーり・みきゃらんめろ	0
0045	視線がかざちゃんに向けられてるの草	5	:ホワドリ	0
0046	森中バッティングセンター	0	501戦闘統合航空団	0
0047	これがぷちふるになるんか	0	ままま	0
0048	いざとなれば腕力で逃げられると思い込ませるのマジ策士	0	嫌気羊	0
0049	The volleyball like rhythm part was so cute!!!	1	Susakito Echizen	0
0050	この2人がコラボするの本当の本当に嬉しい！ 言葉にできない感情が溢れ出てくる。 江良ちゃん、コラボ出来てよかったね 嬉しそうにしてる江良ちゃん見てると本当に嬉しい。  江良ちゃんがずっとかざちゃんのこと見てるのいいよね	14	セカ・タカ	0
0051	開始 0:40 WiiSports 1:40:30	17	山科晴月	0
0052	1:55:50 コントローラーの2ボタン押したんかな？ アンダースローになるように	0	あきつく	0
0053	1:56:16 状況「えっ…このスコア間違いじゃ？何があったんですかね？」 思い出される日立台の悪夢…… ギバラ・オルンガ爆誕！！	1	リュウキ捲土雷鳥	0
0054	一回に三点も入ったって言ってるけど、 延長まで競ってるのに、12点入れられることもあるからね…	0	ta suzu	0
0055	1:55:00 1:55:36  自分用ｗ	0	カプチーノ	0
0056	親子()	0	鵜ヒャーアヒャー	0
0057	I can't understand anything but it's fun anyway	1	Ryona	0
0058	おつえら〜！おつかざ〜！ 2人が楽しそうで むっちゃてぇてぇな2時間だった...！ 溶けるかと思った...てか溶けた 次回のコラボも楽しみにしてます！ 本当に面白かった...！	5	アヲノ#調子極端	0
0059	途中で寝てしまったのが悔やまれる。 「ボクシング……やる？」 これは誘い受けですわw  リアタイで聞きたかった～ 森中のデレ	8	たなは	0
0060	おつえら！！！！ 江良ちゃん念願のコラボおめでとうね かざちゃんの方ずっと見ながら、時にはさらっとてぇてぇことを口にしてこっちまでデレさせられましたわ… これからのコラボも楽しみにしてる！	6	ハム	0
0061	カーブ140キロとかバケモンやん	0	きれいなエリス	0
0062	33-4	1	TATSUYA	0
0063	ギバチラチラ	5	林欽輝	0
0064	てぇてぇが過ぎる	3	いうあ	0
0065	タップスター接待プレイは草	0	LEi Alice	0
0066	1:51:11 プレイボール！	1	んぁ?	0
0067	15餅のやつ「こっちこいや！」って聞こえる…聞こえない？	2	暇人_Himativ	0
0068	20:21 辺りから画面の前で悶えて始めて、 21:21 辺りから大分危なくて、 21:37 ここで限界でした  開始前は通報も覚の上でしたが、始まってみればこの安定感 相変わらず受け上手の姿勢からいきなり無自覚にドキッと来ることを言ってのけるかざさん、それに怯まず攻め続けより可愛さを引きずり出したギバラさん、どちらも素晴らしいです というかこの組み合わせ本当良い、何この相性の良さ……何この微笑ましさ……また見たい そして最後まで二人に付き添ったスタッフさん、ありがとうございました	25	俄日アマグ	0
0069	ギバラのバッテングフォームが神主打法で右バッターでホームラン量産してるんでこれは完全に落合ですねぇ(名推理)	0	コウセイカ	0
0070	～視聴中感想～（クッソ長い長文）  まず概要欄草な 確かに運命だな。うん 愛しの森中花咲ちゃん　　　←草  ーリズム天国ー 目隠しでもできるようにしてたのはこのためだったんやな... おもちのやつすごくね？途中で以心伝心してて草なんだが ギバラ掛け声正確だし 森中合わせるのうまいしさすが受けのプロ()っすね 12時過ぎて魔法解けた説草 海賊のやつ楽しそうだし曲も好き  二回目カンフーボール見ない方がやりやすいからって森中ガン見してて草 図書ガールズでゆらゆらガン見草もっと見ていけ～ 掛け声かわいい  1:16:00　ここらへんのくさいセリフ本当で草  1:19:21　ギ「でもかわいいからやって」 　　　　 森「///」　←ここすき 照れ中すきだし照れることをサラッというギバラもだいすき 森中もあるけどギバラもそういうとこあるよなぁ...(?)  1:21:22　てぇてぇこと(組体操) 　　　　 痛いたたた！草  1:22:52　森「DTみたい...」 確かにそうだけど草  1:23:50　腕相撲　>惨敗<  1:26:00　かざえら ギ「じゃあ後で攻めてみて」←このセリフ好き 森中相手なら責めでも受けでもいいだけだろ！もっとやれ！ ギバラ受け似合うと思うぞ　襲い受けとか似合うんじゃね？(アドバイス) そして動揺する森中ァ  いつもどうり森中をチラチラ見るギバラ草  1:27:41　わかるぞギバラ つよつよギバラァ レシーブミスるの森中ばっか見てるからやろ！もっとやれ！(二回目) とんたんすき  1:32:38　ここすき いやサラッと餅やるの草。餅に草練りこんでおいしくしてやろうかァ！？(激寒ギャグ) とぅててぇ～んどぅがだがだがだ～ん好き 目ぇ閉じてやれる森中すごい 途中のギバラの顔草  ーWii Sportsー デレ中ｷﾀ━ギバラﾅｲｽｩ！スタッフさんありがとうございます！ そういうとこ(好き)やぞいちからぁ！ おそろいの顔草 おﾙﾙｧ!おﾙﾙｧ!草 そしてやっぱり受けになる森中  1:43:36　森中の方がギバラを待ってたとか本当好き  めっちゃ雄叫びで草  ボクシングで息切れてて草 煽り合いすき ピクニック草  1:47:33　クッソ動揺してて草  1:47:43　ギバラ用  ギバラ絶望的に下手で草　>惨敗<　(二回目)  1:49:58　ここの「あとなんかやりたいのある？」が優しみが言葉に入って溢れててすき  プニキ草  ギバラうまくて草コツ掴むのほんと早いよな タイミングゲー強すぎやろ  どれ゛だが！！草  スタッフアドバイス草  途中でギバラ気づいてて草  コールドゲームで終わってて草  なんか草が四段の階段になってて草 （そして五段になる草階段）   すげー楽しかった！LIVE行きたかった！長文すみませんでしたぁあああああ！ 本当はLIVEでコメで書きたかったんだけどね？(言い訳) 気づかなかったんだよ(言い訳) あとねぇ ギバラなんか親戚のウザいお姉さんみあってすき まぁそんな関係のひとなんていないんですけどね... にじさんじやっぱ最高やな	6	コーンクリームを略すとコンクリ	1
0070-001	ふぅ...やっとできた...もしかしたらバグってコメント増えてるかもしれん 愛が溢れてる	0	コーンクリームを略すとコンクリ
