0001	1:01:49 ここ完全にひまちゃん	53	otose	0
0002	15:50 ここからの目閉じゆらゆら	38	Una Owen	0
0003	22:04　ここで「そのくらい読めましたし」って言わないところがギバラの良いところだよ	17	COUCH SEIM	0
0004	59:55 本編	7	トライバル	0
0005	ギバラのリズム天国中毒性高いなぁ	21	雑食愚者	0
0006	30:02 ここかわいい江良ちゃん	21	おむおむらいす	1
0006-001	アニエス たすかる🙏	1	Una Owen
0007	応援している  開始2:02 2:02 　　2:02 2:02	15	コマド	0
0008	14:45どっかの白い悪魔への宣戦布告	6	ナギ	0
0009	個人的にVTuberで1番上手いと思う	14	結城明日奈	0
0010	たまに地バラが出てくるの笑った	6	卍炙りとろサーモン卍	0
0011	今回のハイライト 1:00:01 リズム天国もうやらんからのダジャレでご機嫌になる流れが高ポイント 平成史に残る過去最高得点を叩き出しました	33	れぐるす。	1
0011-001	たすかる🙏	1	Una Owen
0012	見てる側も笑顔になる配信ありがと（・▽・💠）	7	アムカン	0
0013	途中で寝落ちしたからアーカイブ助かる	6	クリスタルバーガー	0
0014	マジで面白かったし元気出た 喉に気をつけて毎秒お大事に	4	うに茶	0
0015	ほんま中毒なるで	4	てばりんちょ	0
0016	時間メモしていこうかとおもったけど10分おきくらいにツッコミどころがあったのでやめた	6	キムワイプーSDSーペイジ	0
0017	さてアーカイブでもう一周	3	うりょ	0
0018	魔法が解けた時の反応が錯誤的だったのはギバラ的にも認識してるっぽい。 なんだかんだで頭が良さそう一面が垣間見えて面白い。	3	zenimobu	0
0019	江良ちゃんかわいい	1	* tapi	0
0020	江良、愛してるぞ	3	アジフライ	0
0021	地声すこ	1	暁/Akatsuki	0
0022	ギバラの低いボイス狂おしいほど好き	2	うるち米	0
0023	後半寝落ちしたけど、ジバラ持ちネタにし始めて草 いいぞーもっとやれ←	2	さたん	0
0024	寝て見逃したのでアーカイブ 見てきます...	1	アヲノ#調子極端	0
0025	9:54	2	ceythy	0
0026	自分用 1:03:30	0	higanbana 666	0
0027	59:59 リミックス5ラス前でパーフェクト失敗し、エンドレスゲームズから「まんざい」をプレイ →ネタ合わせ（チュートリアル）の段階からドツボにハマり……？	0	あをいるか!	0
0028	タイトルからかわいいぞ ワイはもう彼氏いるから彼女ほしかったから助かる(2股)  48:13ここかわいい、咳助かる	4	:ホワドリ	0
0029	1！2！3！好きやわぁ	0	4 bityukina	0
0030	本当にわかりやすいリズムの掴み方を解説していただいてありがとうございます前述した通り私は目が不自由なためスマートフォンには音声認識による入力を行っておりますゆえにどうしても誤字脱字がたくさん出てくるかもしれませんTwitterのアカウントもまた探しておきますそこにフォローも入れておきますのでよろしくお願いいたします	1	時久恵吾	0
0031	You should add captions for people in the U.S.A please	2	gameing god	2
0031-001	Its time to study japanese	1	Kyond
0031-002	I need to know what she's saying	0	John G
0032	生きて♡ ワイ達をストレスの捌け口にして♡ ついでに性よk((	1	眼苔木	0
0033	地声でぶっちゃける動画みてめっちゃ好きになったwww そういう人他にも居る? 12:31 草これ好き	23	冥王星を僕は忘れない'HAL	0
0034	この配信中低評価480くらいあったのに減ることってあるんだな...	5	C C	5
0034-001	@シニガミウム こういう方がいるの嬉しい	1	シャチマタ
0034-002	シニガミウム  低評価押してもちゃんと見てるのやさしい 例のGTA配信のひとつの側面だけで判断してる人も普通の配信見てクレメンス	3	エコネズミ
0034-003	@リッテ 過去のアーカイブで低評価1000超えてたのが数日後に600～700くらいまで一気に減ったの見たから多分削除されてる	3	TAN KIRI
0034-004	不正に付けられた評価は削除されるとか聞いた気がする。噂程度だけど。	2	リッテ
0034-005	低評価芸やろ 正直何が面白いんかわからんしやるやつらどうかと思うけど	7	るれいや
