0001	2:27 祝えおま江良	22	赤い酸	0
0002	2:00　開始	43	ウルト	0
0003	30:52 32:56 叶くん	63	クリスタルバーガー	0
0004	最初はやべー新人来たなー まぁ見てやるか程度だったのに 今では自分でも怖いくらいどっぷりだよね 江良ちゃん好き	52	たろUMR	0
0005	あれ？この前9万人祝った… と、とにかく、10万人おめでとう！！	29	MCY	0
0006	Congratulations ! 👏👏	7	GreenTea	0
0007	ホント伸びはにじさんじトップクラスだからなぁ すごいよなぁ これからも応援してるやで!おめでとう!	47	摩擦熱	0
0008	大好き	1	つー	0
0009	今もこれからもずっと俺の推しは御伽原江良だよ	13	緋鳭アカツキ。	0
0010	3:01 100万人で死ぬほど笑った	1	オープンスカイ	0
0011	ギバラの配信で泣くなんて思ってなかった 幸せになれよ	9	ピエロール	0
0012	10万人おめでとう🎉🎉🎉	4	ポテトサラダ	0
0013	ギバラで泣く日が来るとは思わなんだ	7	どす恋鯉	0
0014	開幕から高収入で草	13	赤マンボウ	0
0015	10万人おめでとう🎉 私の推しは御伽原江良と胸を張って言えるライバーです これからの活躍も楽しみにしてるよ	16	アムカン	0
0016	開幕欲望に忠実ですし	4	たこわさ	0
0017	無理だと言われてても今いる地点が過去の目標だったんだぞ。  まーっ、そーゆー事だよ。否定の嵐も荒波も乗り越えて来たんだ！絶対行けるよ100万人！！	13	いろじろ	0
0018	愛してるぞ！これからも頑張っていこう！ いつも楽しませてくれてありがとう！	3	ぺったんぺったん	0
0019	10万人＼( ･ω･`＼)おめでと(／´･ω･)／	5	弁天当麻	0
0020	おめっとさんでーす！　ホラー実況楽しかったです！	1	yoshiaki karasuma	0
0021	ずっと大好きだよ	1	Hiraki	0
0022	10万人おめでとうございます！！ これからも変わらず応援し続けます！	1	しょうゆ	0
0023	2:17の高収入ソング聞きたいがために過去動画漁ったわ	0	kaname	0
0024	しゅげぇ！	2	愛してるギバラ	0
0025	12:09 自分用	1	タマムシティ	0
0026	おめでとう！！ これからも よろしくね	1	白貂	0
0027	ヴァニラネタは草でしょ	2	さんさん	0
0028	ギハラ好き、、、	1	ぴざぼ	0
0029	亀井有馬さんとコラボ期待	0	暴君邪ンヌ	0
0030	おめです！	1	キーパーノース	0
0031	これじゃゲバラじゃねぇか！！ 最高だぞギバラァ！！	0	佐久間えいけん	0
0032	見逃してしもた…10万人本当におめでとう	0	ぱちむす	0
0033	52:30 ギバ太郎	0	Gin	0
0034	江哥喜欢！！！	0	Z Hez	0
0035	おめ	3	零籠	0
0036	おめでとう！！	1	ミズシ・蘭子P	0
0037	江良ちゃん10万人本当におめでとう！これからも応援してます！	0	やみい/朝日奈樒	0
0038	今回エモギバラすぎてちょっと泣きそうになった	1	コキンメフクロウ	0
0039	にじ鯖にいってかざちゃんとコラボして欲しいな〜	0	ウィンドピア	0
0040	くそ…間に合わなかった… でも、おめでとう！ 俺はちゃんと愛してるぞ、！ ギバラこれからも頑張れ❣️！！	14	じゃんけん	0
0041	1年もしないうちに30万近く増えてんのワロタw	0	ゆに〜ん	0
0042	45:25〜 御伽原校長先生によるエモい話（マジで今更だけど） マジで今更だけど10万人おめでと！	0	滑って転んだソクラテス	0
0043	メンバーはいったぜええええええ	1	ハム	0
0044	gibara, gibara, superchat! gibara, gibara, 高收入！	0	Dojang San	0
0045	ほんと最近どはまりしてるギバラに これからも応援してる！！	6	ハム	0
0046	この配信の1年後にチャンネル登録者が4倍にもなってるとは夢にも思わんだろうな	0	白い白い未栄	0
0047	時給やばいな	1	あい	0
0048	おめでとう！大変なこともたくさんあると思うけどこれからも頑張って！応援してます！	1	きゅうゆう	0
0049	好きなことして俺らを爆笑させて食う飯は美味いか？	4	COUCH SEIM	1
0049-001	さぞ上手いやろな	0	Kagura Yuri
0050	スパチャヤバすぎんだろ	0	松岡米酢	0
0051	可愛いなぁ 普段はホロ推しだけど応援してるぞ頑張れ	3	モノクロ切り抜き	0
0052	求人ギバラは単体であげろ	1	七田谷。。	0
0053	5:15 おときばらえらでちゅ 可愛すぎんだろが炎上しろおめでてぇ……	2	黒っぽい何か	1
0053-001	これは炎上しますね。 かわいすぎて萌えるでしょう	0	滑って転んだソクラテス
0054	開幕金にまみれてて草。  10万おめでとう！ 途中色々あったけどなんだかんだここまで来たな。 これからも楽しみながら頑張って	1	おさおさ	0
0055	ほんと10万人おめでとう！🎉🎊 エモ成分マジ助かる！ 100万人楽しみにしてます笑	8	アヲノ#調子極端	0
0056	登録者数１０万人おめでとう！次の新しい目標をみんなで話したこの回を振り返る日が来ることを、今からとても楽しみにしています。にじさんじに入ってくれて本当にありがとう！	14	HaQ	0
0057	3Dになったら何をするか…ねぇ…？	0	Tackmyn Y.	0
0058	10万人おめでとう！これからもずっとあなたを応援します。 Congratulations from Taiwan~ I'm so glad that you reach one hundred thousand subscribers 😭😭😭 I will always support you!🙏🙏	10	FLCL	0
0059	10万人おめでとうございます！100万人も達成するの待ってます！w	1	KURA KAZU	0
0060	江   哥   这   人   不   得   了	0	心绝Losist	0
0061	あばばばばばばばばばばばばばばばばばば	0	ドッコドッコMr.	0
0062	冒頭のネタの完成度で草生える	11	211 SJ	1
0062-001	高いけど低い完成度	4	摩擦熱
0063	オリ曲だして？←	0	フルンティング	0
0064	登録者10万人おめでとう！ 江良ちゃんも最近はライバー同士の交流が増えてるから色々な大型企画に参加することを考えると楽しみです！ これからも応援してる！	4	ポンコツ	0
0065	ついこの前………… 9万人だったような？え？w  魂ごと応援してる、否定も肯定も気にせず 好きなことで生きていけ〜！！！！！！！	2	ねむのき	0
0066	ぼくは人生に面白味、刺激を感じられなくなり常に『いつ死んでしまってもいいや』と思って毎日を過ごしていました  あの日、あなたの切り抜きを見るまでは。あなたから『成人がおしゃぶりを咥えてもいい』ということを学んだぼくは後日、近所のデパート、子供服売り場等でおしゃぶりを探しました  スギ薬局で出会ったその緑色のおしゃぶりはぼくには輝いて見えました  いまもぼくはおしゃぶりをくわえながらこのコメントを書き記していまうあうー、ばぁー（キャッキャッ）あうあうーえへーえへへ	30	りんりん	1
0066-001	コメントの寒暖差で風邪引きそう	6	GDGD Guda
0067	RTA崩壊の事が心配でしたが 無事にあれからも加速し続けていて感動しております。 これからも応援いたします。	0	尊テhad	0
