0001	本性も清楚だってコメントで耐えられない	277	追い焚きのお布団	1
0001-001	キャラ付け考え中ライオー  王子様兄貴達死後硬直してそう	1	エーミール
0002	23:42特大ブーメラン	333	tukky	2
0002-001	うほっうほっうほほっうほっｷｬｯｷｬｯ（現在）	0	ああ
0002-002	ピンポイントすぎて草	10	プレイリスト専用
0003	15:29 まだバレてない。まだギバラ20%	129	29 adgjmptw	0
0004	2:08 開始早々｢今日は素の声でやるのかな？｣ ってコメあって草	141	ドミノ*	0
0005	31:40 しゅげえ	215	けーす	2
0005-001	見知らぬ人 ﾝﾝ楽天カードマーン！って流れてきたんだが…	1	もん
0005-002	押したら衝突に変な広告流れて吹いたw	5	ろろろろ
0006	古い順に視ていくと段々とギバラみが増えていくの面白すぎる	112	そこらの民衆	0
0007	23:42 とんでもない特大ブーメラン	70	大和しゃん	0
0008	15:42 可愛さだけ残して路線だけぶっ壊したギバラなのでした	69	林檎りんご	0
0009	まだ、清楚みが少し残ってるところが最高に面白い	74	しょーた	0
0010	43:37 ロリの頃からロリを嗜むロリコン江良ちゃん	88	SSすぅ	0
0011	こんな清楚な子が一年後にはチンパンジーになってるのか	51	絶対に結婚するライナー【登録者1000人で結婚】	0
0012	1:56開始	45	NO MANE	0
0013	その回でのビック話題が 第一回→ロリコン 第二回→グルシャン そして第三回でママ配信… これは圧倒的にじさんじですわ。推すしかねぇ！	76	やみい/朝日奈樒	0
0014	Don't mind me just looking for when she Turned to Gibara	2	Dellar Fer	0
0015	46:17 「シャンプーって飲み物じゃないんですよ」	72	雑食愚者	1
0015-001	「シャンプーって（グルシャン勢にとっても）飲み物じゃないんですよ」だったね……なおグルシャン勢に文句が言えないような趣味をお持ちなことには変わりなかった(´・ω・`)	5	赤城獅童
0016	なぁんだ、やっぱりにじさんじじゃないか！(謎の安堵と歓喜)	26	123 456	0
0017	本日のお水(シャンプー？)を飲んだ回数　8回	8	いるあ	0
0018	二回目の配信で自分のアレな画像を進めてグルシャンを暴露し 三回目の配信でママになる      清楚ってなんだっけ(哲学).....	17	Goma	0
0019	えらちゃんがんばれー！応援していきたい	4	superego	0
0020	ロリコンを享受しろ！ロリコンを享受しろ！ ......あ、もう限界ロリコンになってたわ......	8	ラコムーRako	0
0021	冗談といっていたのに本当に舐めることになるとはなぁ	11	秋刀魚	0
0022	スパナとスパチャを間違える時点で本性が	6	ぴにゃにゃ	0
0023	2回目にしてなぜかもう安心して見れちゃう	12	TaXi	0
0024	ロリコンに加えてグルシャンという属性を付加されてしまったにじさんじの清楚	16	ノッル.	0
0025	待機画面は清楚	3	ヨシ明石	0
0026	にじさんじ×デレステコラボ希望	10	素直シュール	0
0027	だんだん化けの皮が剥がれて行ってて草	1	破天荒あんりちゃん	0
0028	これでも現在のギバラよりまだ清楚だったというw	11	スロー饅頭	0
0029	圧倒的にじさんじで安心した	2	たかしm	0
0030	ロ リ を た し な ん で た	7	海みるめ	0
0031	マシュマロ１つで恐ろしいほど話せるのすごかった笑笑	14	はぶらし	0
0032	はい、清楚	8	ソノユー	0
0033	清楚ってこうだっけ？	7	こみさわ	0
0034	今後に期待。応援します	6	A藤和	0
0035	デレPだからデレステ語りめちゃ楽しかった	5	あくあ	0
0036	グルシャンからチャンネル登録しました！！初回配信のアーカイブも見たら御伽原さんのことの次の配信が楽しみで仕方ありません！！！！デビューして間もなく不安もあると思いますが頑張ってください！！応援してます！！！！！！！	4	WHYDEL	0
0037	ギバラっていう悪魔が江良ちゃんを乗っ取っちまったんだ！	3	ヒーラー	0
0038	好きw	1	海島ゆう	0
0039	そういえば初期のドリンクは水だったか モンエナばかり飲んでるから忘れてた	5	いろじろ	0
0040	誕生日おめでとぉ	1	スプラトゥーン裏ワザバグCH.	0
0041	ギバラ15%	8	黒澤ルビィ、	0
0042	会話の途中ぶった切って急にスゥっ・・・ってテンション落として「水を飲みます（無感情」になるのなんか癖になりそう	20	ねこんふらい	1
0042-001	え"え"！？お"ま"え"も"み"す"を"の"む"ん"か"あ"！？	0	ゲーチス
0043	オムライスぅ！ハンバーグぅ！キャベツロールぅ！って言ってるギバラと罪作ってるギバラって同一人物？	1	りあ*	0
0044	きっっっっっっっっっっっっっっっっっっっ	2	かのん古賀	0
0045	好きなことを無限にしゃべれる子好き   シャンプー飲む背徳感ってなんだ？ 人道に対する背徳感か？	13	チィヤィヤィ	0
0046	23:46 ですわねじゃないが	1	Coffee Life Camper	0
0047	15:43 ほしぃ…のしぃ…がひまちゃんに似とるな	5	くるみ0210	1
0047-001	16:53 本間や　(偶然	1	くるみ0210
0048	将来有望にじさんじライバー	6	隼1[ハヤブサ]	1
0048-001	分かるよ芸人枠やろ	0	かまこう
0049	清楚ってなんだっけ？？	13	た	0
0050	待ち画像がフリー画像の女、今では立派なフリー素材	4	イナバウアーくるみ	0
0051	開始1:56	36	さとう。	1
0051-001	有能	1	ああああ
0052	??? 『ロビカスゥゥゥゥ!!!!死ねぇぇぇぇ!!!!』	1	腹減り大明神	0
0053	開幕限界で草しか生えない	7	せきね	0
0054	変なキャラが付きそうというか…もう付いちゃってるよ…ｗ	4	ニヒト	0
0055	ありがとう	5	世界で一番愛してる江良ちゃん	0
0056	清楚……だよね？ …………清楚…とは。	2	ベチョベチョお粥	0
