0001	10:13  芸術作品作成開始	24	ゴロリ	0
0002	1:52 初手狂気	9	モーフィアス2世	0
0003	チャイカみ感じるタイトルすき	3	Tansan	0
0004	自分用  1:08:38	17	ぎーやん	0
0005	自分用 38:25 BINGO!（イケボ） 1:00:25	2	アルモニカ	0
0006	ギバラ愛してるぞ！	2	れをゆ	0
0007	第一声酷くて笑ってしまった	1	いぬ	0
0008	33:35 あばー！！	0	藤田	0
0009	タイトルがチャイカみたいですこ	0	// hope	0
0010	親フラっは流石に草なんだ	0	ハナモゲラ危機一髪	0
0011	36:42 草	1	藤田	0
0012	ワイアニ、スプラといい中々どうして投げキッスが同じなのだろうか 15:06 15:06  15:06 15:06	0	天使	0
0013	ギバラ…いっぱいオブジェクト作ってたな	0	天キノ	0
0014	昨晩、ピザポテトも食ってませんでした？	0	アリヤ	0
0015	(◎ ◇ ◎) こんな感じでやってそう、右下的に。	0	Blue Berry	0
0016	なんでありすはかわいいのにギバラは...か、かわいいとおもうけど...ね......	2	はじけるうどん	0
0017	朝から配信おつえら〜！     ちゃんとお片付けしてね。 ママより()	1	アヲノ#調子極端	0
0018	まじで下手すぎて草も生えない イライラしっぱなしの一時間だったわ ほんと、はやく上手くなってくれ配信見るの苦痛だから        …まぁもちろん全部見るんだけどね	4	ほのこ	0
