0001	1:12:40 リンレンの声真似	65	イロ	0
0002	1:42:23 ギバラに万丈構文で脅そうとしてる斗和キセキ	37	リチャ	1
0002-001	万丈って仮面ライダービルドの万丈？	1	ひろてぃー
0003	真面目なマシュマロ飛ばしたらそらクソマロしか残らんやろがいｗｗｗ	16	月の輪	0
0004	ボカロとかデレマスとかようわからんけど、ギ・・江良ちゃんがクソ楽しそうに話しているのがクソ可愛いとおもいましたまる（陥落済み） 1:56:09　まーた、すぐ設定をブン投げる	13	れのあ	0
0005	29:38 24歳学生です。	9	インド象	0
0006	1:52:26 ギバラさん求人出したんですか？	5	健康診断の人改め不健康の人	0
0007	アレルギーは命にかかわるからちゃんと把握して欲しい	2	素直シュール	0
0008	配信お疲れさまでした 今回の配信で消化されたマシュマロの倍の量のクソマロが届くと確信しております 次の配信も…うん、まぁ、楽しみです	3	夕凪	0
0009	なるほどサザエさん時空か！ つまり江良ちゃんの頭は小学生で止まっていry……	3	雑食愚者	0
0010	1:42:13 自分用	2	ジョン	0
0011	開始 2:46	18	ruun iron	0
0012	1:42:23万丈構文	11	焼き魚たわけ丸	1
0012-001	完璧な構文、誇らしくないのかよ？	0	最弱
0013	おつ江良～♪今日もお疲れ様でした！ 明日のQWOPはリアルの都合上見ることができないけど絶対にアーカイブ見させてもらうで！ 今日も可愛かったぞ！江良ちゃん！	2	ともとも	0
0014	4月から大学生になるんですが、ギバラさんの配信で毎回「現実の大人の女性」を嫌でも知ってしまいます。今まで可愛いと思っていた女性もこういうことしてるのかと思うと、大人になるのが恐くなってきました。 でも、そういう話は正直面白いから今後もよろしくお願いします🤲	42	ユーマラー	0
0015	1:21:45 スカチケで発狂した思い出を語りすごい顔になるギバラ	1	ゾルダストーム	0
0016	ラブレターですのやばい動画だったうちの担当3人の最初の限定3枚の動画だと思ってなかった	0	稜ちゃん	0
0017	一生都合のいい友達で、結婚する時は全力で祝福したいだけの人生でした。	1	スラリン	0
0018	特訓前残せるからセーフ	2	渡貫	0
0019	1:29:38	6	-ラプラスのまくら	0
0020	最初から最後までデレステの語り配信で草	5	cross	0
0021	24歳ネタほんと草	1	やみい/朝日奈樒	0
0022	誕生日おめでとぉぉぉぉぉぉぉぉぉぉぉぉ	0	スプラトゥーン裏ワザバグCH.	0
0023	1:38:05 まさかこの時の発言が実現するとはいったい誰が想像しただろうか…	1	芥川愁	0
0024	1:08:31 草（くさ）にルビが振（ふ）ってあって草（くさ）	0	そこらの民衆	0
0025	確かに新人に毎回シャンプーネタ送るのは迷惑になることあるから、くれぐれも気を付けないと…。 それを受け入れる新人もいるだろうけど、嫌になる新人もいるし、そのせいでちゃんとしようとしてるのに無理やり芸人枠に入れようとするのはダメだぞぉ～！	14	リクエ 2	0
0026	くるみぽんちお口ずさむのはなかなかやばい	0	稜ちゃん	0
0027	詩子お姉さんとショタコラボだ	0	甘粕	0
0028	冒頭だけみて開く動画間違ったかと思った	0	ふゆか*	0
0029	ほんとこの子はオタ好きする感じよなぁ。姫じゃないポジだけどオタサーにいてほしいタイプ	14	ken K	0
0030	24歳、学生です	0	ベルさん	0
0031	ザリガニよりやばいやつを食べることになることをかのじょはまだしらない	0	マシュマロねこ	0
0032	1:12:30	0	R Y	0
0033	開始3分までは可愛い清楚な配信 そこから先は全部ギバラ	4	ペンポリピン	0
0034	にじさんじはネビュラガスだった…？	2	Hiraki	0
0035	仮面ライダー詳しくないのに万丈構文が仮面ライダーってことだけでなくビルドってことに気付けるギバラさすがすぎる	0	最弱	0
0036	11:57 〜 12:23 ここすき	5	raki nyan	1
0036-001	「声作る」もすき	1	尊テhad
0037	ガチ恋煽りたまらん 悔しい	0	arukanY	0
0038	留     年	0	ですはし	0
0039	読(よ)みにくいとかぼやきつつきっちり糞(くそ)マロ読(よ)んでくれてありがとう泥(どろ)デレラ	0	八八式カネサダ	0
0040	1:25:35自分用 (辛辛魚のリアタイしてたけどあれっきり見てませんねぇ)	0	ShiO	0
0041	ありがとう	0	世界で一番愛してる江良ちゃん	0
0042	おもしくない関西やったらおもんないとかやからきかんな～	0	塩化シアン	0
