0001	立てばオタク 座ればメンヘラ 歩く姿は大惨事 そんなギバらはにじさんじ	2180	ひかる	17
0001-001	大惨事とにじさんじってちょっと韻踏んでるよね(何言っての？)	0	凪の中の凪
0001-002	おとぎばらはにじさんじ	0	がや民のかに雑炊
0001-003	所属事務所はにじさんじ追加で！	1	Esfortaエスフォルタ
0001-004	立てば茶柱 座ればボットン 歩く姿はおばあちゃん	0	愛国左翼学生
0001-005	誰もが羨む完璧ライバー	0	シロクロ
0001-006	泣けばニッコニコ(^^)	1	ををををあ
0001-007	猫かぶり姫 深夜2時のシンデレラ ゴミカス死ねの人	0	エーミール
0001-008	30万人の死ンデレラやぞ！！	1	ジュン氏
0001-009	我大惨事ぞ？	13	結城夜宵
0001-010	喋ればコミュ障	4	514 keito114
0001-011	うまるちゃんを思い出すね	9	宮崎ピーマン
0001-012	これはワロタ	1	イムズimuzu
0001-013	ひかる  現文 立てば芍薬 座れば牡丹 歩く姿は百合の花	23	Tenchikurin Creation
0001-014	草 流行らせろ	4	のこのこ
0001-015	そんな、えらちゃん、にじさんじ	28	種族値の鬼5世代の恥じ
0001-016	ひかる 草通り越して森生えた	16	asan t
0001-017	おい、聞こえてんぞ...	57	螢火蟲吃蝦
0002	1:28:30　顧客が本当に求めていたもの	1491	beniimoEX	4
0002-001	ここエロすぎんか？	4	ゆに〜ん
0002-002	Land ichgoさん信者 助かる	3	です一般ソ連兵
0002-003	みなさんどうぞ1:28:301:28:301:28:30                                 1:28:301:28:301:28:30	18	佐藤まるサブ垢
0002-004	ふぅ	14	佐藤まるサブ垢
0003	23:42　テンション振りきって野生に帰るギバラ	1207	ドラピック	16
0003-001	👍の数が汚い	0	例の人
0003-002	めちゃくちゃ笑った久しぶりに動画で声出して笑った	0	シロ兎
0003-003	何かに似てると思ったらコロトックだった	4	けけ
0003-004	哀れだねぇ^〜	1	わため印のすいそすい
0003-005	普段とそんなに差がなくね?	1	pocch i
0003-006	ワロタ	1	Electron Resonator
0003-007	キモすぎ	0	まとまとの実*
0003-008	妹さんに是非このシーンの感想を聞いてみたい	0	佐藤 観
0003-009	完全にキチ○イ	0	e
0003-010	猿王バンビーナかな	0	崩ღ
0003-011	BBCのドキュメンタリーで出そう	0	しおあめ
0003-012	そのあとのやるせない顔がなぁ(´・ω・`)	5	ムスカ
0003-013	※一応、念の為に言っておきます。 この時は深夜でございます。	19	okuyama teruki
0003-014	しかもバンザイコシフリやからな	27	瑠璃
0003-015	猿で草	38	ごーばん
0003-016	ワイルドだろ～！	13	不知火朧
0004	(清楚と)別れました	420	たれエバラの	4
0004-001	やっぱり魔神ブウ…	0	いかやき-
0004-002	@かんかんみかんカンカンみかん 2日前で草	1	なつみかん0p0
0004-003	ab 2 数週間前で草	3	かんかんみかんカンカンみかん
0004-004	何ヶ月前の話だよそれ……あ、もう1年も経つのか…	23	ジュン氏
0005	50kgちょいで太ってるとかいうDT君たちさぁ・・・	434	Solubliker 4689	11
0005-001	奴らスケルトンに恋してっから	6	村人K
0005-002	50キロは痩せてる(確信)	6	しゃもじ
0005-003	ちなググってみたが 155cmの標準体重は52,9kg やっぱスリムやで	8	うんこハンバーグおじさん正論
0005-004	身長159cmの人の標準体重は55.6kgだそうですよ ソースは某5つ子漫画 ちなみにギバラの身長は155cm 50kgなら全然普通だろう	9	コンティロマネ/イルミナたんふぁんくら部部長
0005-005	体重だけ見ても分からねぇよおっπとか筋肉とか結構あるかもしれんやんけって	4	駆逐艦が主力のT督
0005-006	俺を真っ二つにすれば大体それぐらいかぁ...。	21	抹茶犬
0005-007	ヤリてぇな	3	もりりゅう
0005-008	これからも全員DT	37	さんばかだいすき
0005-009	ここまで全員DT君	43	nyn nht
0005-010	Solubliker 4689 どんだけDTくん達はガリなんですかねぇ…	62	Sata nael
0005-011	むしろスリムなんやで……	81	とく屋
0006	3:05          泣いてるのににっこにこでワロタ	998	田中スクエア	5
0006-001	2048年夏公開	4	そら3415
0006-002	．   ＧＩＢＡＲＡ 〜悲しみと憎みの顔〜	10	No Janome
0006-003	田中スクエア ギバラに悲しみと怒りの顔実装はよ	25	UT- UT
0006-004	もしもギバラの顔が正常に認識されてしまったら地獄絵図だろうな	65	流星
0006-005	可愛いw	36	滑って転んだソクラテス
0007	1:01:20 大画面TVで家族に配信を視聴され完全に詰む御伽原江良	685	kozi	1
0007-001	ホント草	6	杉田玄白
0008	6:36 うわぁ！急に落ち着くな！	735	Solubliker 4689	3
0008-001	私はエロです	6	コンティロマネ/イルミナたんふぁんくら部部長
0008-002	しゅき	13	しばさん
0008-003	Solubliker 4689 落ち着けライトで草	48	ゆっきー
0009	彼氏と別れてすぐの女は話が面白いって本当だったんだな	249	地獄鳥	1
0009-001	割とクズいこと言ってる(同意、俺もクズだな)	16	04027リンコウ
0010	1:53:38 有名なアレ	599	dekarucha	2
0010-001	dekarucha パット見バイツァダストにしか見えん	3	【音割れ投稿者】鯖の味噌煮
0010-002	バンザイツイストがバイツァダストに見えた（）	7	ひろひろ
0011	7:36 声帯に猫でも飼ってるのか	622	Bear light	4
0011-001	そらにゃん マージかw	2	気まぐれなGの超気まぐれ動画
0011-002	うちの猫5匹全員反応した	6	__
0011-003	よわむしアリシア  七色(黒、灰色、茶色etc…	8	咀嚼髭
0011-004	そら声帯なないろぱれっとだしなぁ	15	よわむしArisia
0012	任　天　堂　の　誤　算	400	28dot6	3
0012-001	@keicha K 声はいいから…	0	バウト
0012-002	リングガチ恋勢とか誰が予想出来るってんだよ…	47	keicha K
0012-003	最後の絆発言は気の毒だが大草原	7	nai nai
0013	2:02:41 ノリノリでザコザコ～	340	山田ファイナル	1
0013-001	山田ファイナル カービィのアニメのあいつ思い出した	1	空条アヒジョジョ
0014	7:36 にゃーん	273	つきよも	1
0014-001	可愛い(小並感)	16	SCP- 444-jp
0015	5:38 母星語出てますよ	531	青竹持 権左衛門	6
0015-001	星跨いでて草	0	ンなぁンなぁ俺のマラ見てくれよ
0015-002	青竹持 権左衛門 字幕黒ギャルで草	1	かげろう
0015-003	うべい	3	5世肉入りペペロンチーノ
0015-004	ｹﾌﾞﾗ	0	なつみかん0p0
0015-005	地球でさえないんか	4	カカ
0015-006	6:52	46	コンティロマネ/イルミナたんふぁんくら部部長
0016	最初は体重増えるわな、筋肉一定量ついたら痩せ始めるよ いまやめると、せっかくついた筋肉が脂肪になってもっと体重増えるわな	217	沖田忠次	11
0016-001	痩せてるから筋肉つけたいんやがまず太れって書いてあって諦めた。どんだけ食っても太れないんや…	0	なかせい
0016-002	体重より、スタイルを重視したらいいんじゃない？	0	ゴルフゴルフ
0016-003	筋肉は脂肪には変わりませんよ(小声＆リングフィット情報)	1	Riku Sango
0016-004	へ。 筋トレすることで脂肪を落とすことも可能(有酸素運動とりいれると脂肪燃焼には最適、有酸素運動ってのは走ったりとかね	0	綾瀬
0016-005	へ。 筋肉があると基礎代謝が上がるから脂肪が付きにくくなるってことで、脂肪が筋肉に変わることは無いよ、それができるならみんなめちゃめちゃ太ってから筋トレするはずでしょ？	0	綾瀬
0016-006	へ。 別物ですので、、、、いわゆる比喩っすわ 胃が大きくなる、筋肉が脂肪になる、あたりは勘違いする人が大量にいる「喩え」っすね(今のところ。研究が更新されたら知らん) 胃自体の大きさはその場その場で変動するものの絶対的な大きさは変わらない(とするのが主流)だし、筋肉が脂肪になるなら鉛は黄金になりますわ 満腹感を感じるのが遅くなったり、筋肉がつく部位にわかりやすく脂肪がつくことから生まれた喩え 目から鱗も落ちないですしね	10	さぶろくじゅうに
0016-007	@パワータイプ え？嘘なの？	1	黒き森のクリッター
0016-008	本人曰く、痩せたいだけで筋肉などいらないそうな。男などどーせ柔らかい太ももに憧れるんだろー、だそうな。   いや筋肉質な姉御に絞られるの凄く好みなのですが。そんな性癖は俺しか持ち合わせてないのか？みんな筋肉に目覚めようぜ。マッチョがだめなら運動部員でもいいから。	25	佐藤 観
0016-009	@パワータイプ 脳みそも脂肪になる時代ですので	13	引き篭もり協会全日本
0016-010	筋肉が脂肪になる理論好き	7	パワータイプ
0016-011	ほんそれ	7	ますなお
0017	35:15	176	spanner	1
0017-001	ガチギレヤンキーと化してて草	2	おジャ魔女ちゃちゃまる
0018	ギバラの家族がツイッターも、もしかしたらこの放送も見てると思うと・・・なんとも言えない・・・         愉快な気持ちになるｗｗ	164	血汁	3
0018-001	コレが...愉悦？	1	espoir marais
0018-002	まったくだ！	2	マリオンピグ
0018-003	なんてこった！ww	2	種田裕太
0019	23:48 うちの鳥が共鳴したわ！	225	Yamamoto	1
0019-001	鳥というかチンパンジーやろ	0	めろちゃんねる!
0020	寝てたら猫がキーボード踏んでこの動画再生されて、 隣の部屋の住民がクソデカい声でヘラり出したのかと思ってビックリして飛び起きた	109	Road to 道路	0
0021	23:48 コロトックやんけ！	338	よろしき	4
0021-001	ホォーーーー⤴︎ ⤴︎とか完全一致w	1	嶺上開花
0021-002	草	2	やつば
0021-003	よろしき それにしか聞こえんくなった笑	6	シールドセル
0021-004	笑って唇切れました笑笑 似てますね笑笑	7	語彙力無しのシューマイ
0022	7:37の猫かわいいな	97	貧脚	0
0023	12:34 からのウルセェ！がすこすこ	54	Ωハリテヤマサイクロン	0
0024	最近この配信みて気になったんだけどギバラ彼氏持ちなん？	41	めーぷる?	0
0025	39:26 当然全体的にめちゃ好きだけどたまにでる未練タラタラのほんと？がめっちゃ好き	46	リア。	0
0026	4:37 ここくっそ笑った	61	メンデレーエフ	0
0027	体は健康になっていくのにメンタルは不健康になっていてバランス取れなくなってる	62	クーゲル山田	1
0027-001	クーゲル山田 反比例ってことはむしろバランスとれてない？	6	一騎当千
0028	こんだけ荒れてたら妹さん家で大爆笑やろなぁ...	29	きよみち	0
0029	23:43 コロトック混ざってるw	90	co re	0
0030	24:24 ギバラ遊戯王プレイヤー説	24	フラッシュマン	0
0031	5:33 ここから肉体改造の結果、ロボットと化したメカギバラ	115	V Gorovnin	6
0031-001	@よわむしArisia 綾○レイかな？	0	アルミcan
0031-002	音ギバラ草	2	しから
0031-003	ﾆﾁｬァｱ...(ゲス顔)	0	はると
0031-004	魂がない... なるほどね💡	0	マリオンピグ
0031-005	魂が入ってないと只のガワだけ御伽原江良な戯薔薇やで	1	よわむしArisia
0031-006	量産して俺にください	4	ショウ
0032	初配信からここに来たんですが……何があった…	51	国から伊豆の	0
0033	コメント「元カレコイン100枚でより戻せるよ」  ギバラ「ほんと…？」  かわいい	19	Sata nael	0
0034	筋肉は脂肪の3倍重いんやで そのうち脂肪が減ってって痩せるから気にせんでええんやで？	31	田中カカロット	0
0035	絶対に笑ってはいけない御伽原江良	66	勝又久乃	1
0035-001	勝又久乃 ギバラがダンベルにぶっ叩かれてメンヘラムーヴしそう	3	反田ノラ
0036	えっ彼氏いたんか…？	27	めろちゃんねる!	0
0037	一見さんお断りの放送	31	腐れ提督	0
0038	6:09 顔イってんな	18	さ.	0
0039	体重増えても、筋肉引き締めて菜々緒みたいになったらいいと思う。	29	かみかわなおし	0
0040	DV彼氏に執着するメンヘラの図	99	枯れ池	3
0040-001	響だよ!! 中学生活中々波乱万丈で草	1	アームロボ
0040-002	中学時代...初めての彼女...彼女の家でお泊まり...1週間家に返してくれない...半監禁生活...携帯取られる...うっ頭が...(そして無事、女性恐怖症になりましたとさ。) でもギバラだと大丈夫...だと？ ...あ、男だからか。	1	響だよ!!
0040-003	いや、自分にはメンヘラDV彼女という地獄しか見えないのだが。	19	ねこさくら
0041	自分用 2:05:00 僕イケメン	38	ぴねくらね	0
0042	サムネのインパクトが強すぎる ツイッターで検索したら無数に出て来そう	56	色褪せた匠	0
0043	9:40 「元カノ」解せぬ	8	秋春	0
0044	筋肉が着いたと思えばいいのですよ	40	おりく	0
0045	どんな姿になっても御伽原江良は好きですぞ！！	3	ゼノ厶	0
0046	笑ってるね！その元カノ笑ってるね！	20	kotaro obara	1
0046-001	例のおばさんで草	3	北海道の人
0047	5:55ここエビオ	15	悪夢の主ヒムラーシュ	0
0048	ギバラの主人公ショタボを聞きたい…	6	KZ APE	0
0049	筋肉ついたから体重増えて見た目スリムになってるだけなんやろなぁ	16	黒い悪魔プーたん	0
0050	リング：子供の事を考えてやりなおそう	5	Yilin Chen	0
0051	アイコンまで真っ黒になってたら高評価1回じゃなくて3回押してた。	20	ソフィアヴェルマー	0
0052	上がり幅が2キロなら水分とかあれやこれやで変わるから誤差の範疇だけど元の体重がわからんから何とも言えんなぁ	7	るーかす	0
0053	そろそろ20万やん、、、ﾊｧｧｱﾝ	2	ぷてぃ。	0
0054	やっぱりギバラのリングフィットは最高だw	9	vus cor	0
0055	1:46 開始  イラスト描きながら声聞いてたら時々ヘラるギバラで爆笑してた	72	夜桜	0
0056	最初は筋肉がついて3～5キロ増えるけど食事量に気を付け、このまま順調に続けたら3ヶ月後には基礎代謝も上がり体重が落ち始め、おそらく半年後には引き締まった状態で元の体重近くまで戻っていきスタイル良くなるゾ	39	ひきなし	0
0057	キレ芸最高だわｗｗ	2	伊豆半島	0
0058	2:15:20 笑ってるやんけ顔	7	Cz	0
0059	バンザイコシフリしながらキレ散らかすの草	2	スカイハイ太郎	0
0060	満面の笑みでキレてて草	0	Friends Forever	0
0061	１３分から可哀想でガチで泣いてしまった	2	しょう	0
0062	2:05:25ここ好き	5	ああ	0
0063	感情の起伏が激しいw	1	〜 pharsalia〜	0
0064	ギバラの食生活のせいでは?	3	UT- UT	0
0065	酒シャワーの言い方好き	1	そこら辺のオタク	0
0066	リングフィットしたらヘラるとかこれもう分かんねぇな	26	sa ma	0
0067	最近ギバラにガチ恋してることに気づいた、どうしよう	1	カネキケン	0
0068	ペットにチンパンジー飼ってる？ 時々鳴き声入っちゃってますよ	7	Dope Liver	0
0069	コメ欄読みたいんで、 ギバラさん一瞬だけ静かにしてもらっても良いですか？	2	赤鬼	0
0070	暗いタイトルの後ろで流れる陽気なBGM…	1	すとろんぐぜろ	0
0071	彼と元カノ多分超能力者	2	赤鬼	0
0072	メンヘラゴリラじゃん	3	腐梨	0
0073	助かる。感謝します	1	ミリアルドピースクラフト	0
0074	生放送コメ欄で余計怒らせに行くのやめて‪w	5	shone basket	0
0075	50キロって軽いやんけって思うw	1	ぐっちー	0
0076	面白い女	1	NANAKU Channel	0
0077	わぁ！面白い！さすがみんなの汚姉さんですな！	0	ぐだぐだじぁ〜	0
0078	イヤホンだったから鼓膜破れかけたわ	0	ひろゆき	0
0079	サムネで神楽めあの配信と勘違いした	0	ウェカpeople	0
0080	急にスイッチ入るの草	0	ゴルゴ13	0
0081	ギバラの発狂して目ガン開きしてるときの顔すこ	1	ねこ	0
0082	フォーエバーチェンジーズ(人は過ちを繰り返す)	0	みかん大福	0
0083	キレ芸すこ	1	リョウタ	0
0084	ギーバラギバラギーバラスパチャ！ ギーバラギバラこ〜しゅ〜にゅ〜	14	ああ	0
0085	なんだこの可愛い生物は	0	みみらー	0
0086	この猿…やっぱり体操慣れてるな	1	もやしサンバ	0
0087	幸せ太りってゆーんだよ	13	桃乃きのこ。	0
0088	目ガンギマリで草	0	長和	0
0089	2:01:17 ここのギバラの動き可愛い	0	なつみかん0p0	0
0090	増えた体重筋肉説	0	10	0
0091	ギバラ、筋肉は脂肪よりも重いから体重が増えるのは当たり前と思った方がいいよ、逆に体重が増えても体型がスリムになれば体重なんか関係ないよ	2	5世肉入りペペロンチーノ	0
0092	ぎばらとつきあいてぇ〜←夢のまた夢か見果てぬ夢	0	メルボルンシャッフルB-Rose	0
0093	ゲームの音声に対してキレる、煽る…すんごいわ…	0	デルShun	0
0094	めっちゃメンヘラ上手くて草。 喚き方がメンヘラぽいけど言ってる事大体ヤンデレやな。 めっちゃ好きになった。	5	M M	0
0095	精神不安定、、糖質…うっ頭が…	0	シロクロ	0
0096	50㌔の女の子だめなのか？w 問題ねぇけどな  ま、人によるとは思うがね	3	ちゅけクンおぎわら	0
0097	元カレコインが親BGM並みに謎で盛大に草生えた	0	Bear Offline	0
0098	2:05:17 自分用	0	ひなぎくhinaggik	0
0099	面白すぎるやろこいつ	0	ざりがに	0
0100	「憎しみだけがパワーアップしているぞ」	0	???	0
0101	雛見沢症候群L5発症してますよ	18	紅陽向	1
0102	体重増加しているから旨い物食べているんやなぁ～	0	shige yama	0
0103	途中までネタかガチか分からなかったんだよなぁ…(迫真の演技	0	A.Saxむらちょ	0
0104	誰か俺を殴ってくれ体重の話で笑った俺を殴ってくれ	0	ちょっとやばい人です性癖が	0
0105	ギバラ｢我フィットネスしたのに体重増えてたゾ！？｣	0	白兎	0
0106	最近江良ちゃんリングフィットやらないな～と思って、ちょうどこの動画の時期と重なってて、この動画なんかサムネで怖くて勇気なかったから開いてなかったんですけど、リングフィットじゃねーかクソアマ　面白かったぞ	5	ゆうその	0
0107	泣き真似うまくね	0	白猫で煽る弁護士	0
0108	キレながらやってるから、むしろ運動量がいつも以上になってると思う。笑	9	裏k	0
0109	かわいそうだなぁ	0	クローズエボル	0
0110	見る前...なんかあったんかなー。。 最初の方...かわいそーやなー。。。辛かったやろ。。      見終わったあと...いつもと変わらんくない？？└(՞ةڼ◔)」	15	こにたーん!!!!	0
0111	泣いてるとこほんとかわいい 嫁に貰います	0	みずひき	0
0112	演技派やな	0	ウィルキンソンソーダ	0
0113	再生数の伸びがエグいんじゃ〜	0	タモツ	0
0114	身長にもよるけど56kgあたりまでフニフニだからセーフ	1	澪雨暮	0
0115	こんなん好きになるしかないがな。	0	kosyou yuzu	0
0116	リングフィット2時間できるのすごいと思う	0	そらまめ	0
0117	またメンヘラしてる…	0	Kids Gakincho	0
0118	初見だが...え、この人設定上シンデレラなの？(^_^;)	2	新谷涼介	0
0119	今日は一段と拗らせてましたなぁ・・・いや、面白いんですが	5	kura gina	0
0120	ブランコのやつ高所恐怖症発動して死ぬかと思った	1	り。	0
0121	元カノヤりに行こうぜ	1	Cider Mitsuya	0
0122	このマンドリル彼氏いたんか	0	りゅーせー	0
0123	17万再生は草	0	コマド	0
0124	自分の消費カロリーを上回る位の カロリー摂取してたら太るわなぁ…	0	Mr. N	0
0125	2:08:53ギバラ処女説	51	さ.	1
0126	50kgに乗るって今まで40kg台やったんヤバない？ちゃんと食ってる？大丈夫？作ろうか？	0	シュタインズゲート	0
0127	これはいいメンヘラ	0	れみちゃん「ルイボスティー」	0
0128	泣くなギバラ本気で心配しちまうだろ	0	ゴリちゃん	0
0129	心音生中継なんかエロい	0	銀楼	0
0130	コバシ林道とかどこの浮気系YouTuberだよw	0	Z.U.ミーさん	0
0131	体重があまり変わらないのは脂肪を燃やして筋肉増やしてる段階だからでは・・・ 多分以前より体が引き締まってるだろうし、代謝もよくなってるだろうから効果はあるはず	2	メモ用紙	0
0132	自分用　2:08:36　2:08:54	0	らむｗｗ	0
0133	53:25  イケボ	0	みず飴	0
0134	50kg台なら平均くらいでは？w	1	NAME NO	0
0135	今頃ファンになって、全部の配信動画見てきたけど、全ての御伽原さんが大好きッッッ！！！	0	霧羽	0
0136	やっぱこの配信好きだわ 初配信と並べて２画面で見比べるのが最高の楽しみ方	0	猫犬	0
0137	にじさんじじゃなくて大惨事☆	0	ミロクボサツさん	0
0138	体重よりスタイル	0	ゴルフゴルフ	0
0139	50は太ってないやろ	1	パワーフォアダイス	0
0140	これ初見の人いたら、困惑するしかなさそうw	22	ン・マサ	3
0141	許せねぇよなぁ！！！   リングフィットアドベンチャー、ちゃんとクリアまで配信してくださいね	1	トウカ	0
0142	ボコボコにしたいだけです	0	p hane	0
0143	料理も家事もできない 声は猿 そしてメンヘラ 魔女がシンデレラに化けてる説を推してます 魔女女 ギバラ	27	キキチャン	0
0144	ヘラギバラたすか…………る？ (魔法溶けてますよ)	0	ねむのき	0
0145	彼氏とは（哲学）	0	ChuuNya	0
0146	23:42 だれ、猿読んだの？	0	Ritu	0
0147	これって本当の話ですか？ バカですいません	1	もちマル	0
0148	今回は怒ギバラなんだ…と今更Vtuberにハマった野郎が申しております。	0	のろん	0
0149	泣いた        最後笑った	0	小保方直哉	0
0150	これ結局何だったんだ	0	右耳にミニ乳首	0
0151	メカギバラめっちゃ強そう	1	-KEMURIXA-ホラー探偵	0
0152	23:47 ここアメリカのパトカー	6	ケープタウンブルー	0
0153	「ん゛ぁぁ…よっしょ…クソっ！」  自分は可愛いと思うよ？(震声)    まぁ、無理せんでな？	38	nai nai	1
0154	割とガチで困惑してるんだが何があったんだ	0	哺乳瓶を殺菌消毒する錬金術師の弟子	0
0155	彼氏いたのまじ？	0	s. m.	0
0156	23:47 コロトックみたいやな	5	レイ	1
0157	ピザポテト食べすぎたんでしょ（適当）	0	幽霊飯	0
0158	顔と発言がマジであってないよなぁ...まぁそれもいい個性か	0	欲しいname	0
0159	体重増えたのは筋肉ついたからじゃね？	0	t t	0
0160	ニッコニコウインクで泣いてるのなんか草 ていうか筋肉付いただけやろ、 俺だって太ってた頃よりちょっと重いからな筋トレしてから	0	世界の平和と調和のために死ぬゴミ·	0
0161	茶番中のちょいちょい溢れ出す笑顔すこ	3	溝	0
0162	ギバラさんって彼氏いたんだ。初めて知りました。〆(ﾟ-ﾟ*) ﾒﾓﾒﾓ(最近見始めた視聴者です) 全て含めて可愛い！こんな彼女いたらなぁ	0	星白狼偉once	0
0163	ヘビーボンバーの威力上がるねは流石に草が抑えられなかった	2	てとがる	0
0164	尽くして尽くして自分から飽きる よく見かけるゴリラタイプ🦍	5	マキシマムまき	0
0165	元カノヤバいよ．．．．．．。かわいそうなギバラ.......	0	kano	0
0166	体脂肪率が計れる体重計を買おう	4	寝てもいいですか?	0
0167	3D化したらスタジオで大暴れして放送の中盤から謝罪配信になりそう  でも！ そんなギバラが好き どれくらい好きだからかと言うと愛犬と争うほどよ	28	丑寅の兄ぃ	0
0168	まじさっさと物好きの王子様とっ捕まえてキスしてもらって元の姿に戻してもらえ。手遅れかもだけど、あれこれ白雪姫だ。	4	ぺぺ	1
0169	毎回テーマというかネタを仕込んでRFAやってくれるの好き	15	くらふと	0
0170	彼氏との別れ話を配信できるのはギバラだからだろうなぁ。 正直DTだからどう反応していいのか分からなくて困る。 アンジュの気持ちが初めてわかった気がするわ。	0	創説	0
0171	50キロ代をディスっとるがルンパッパをバカにしとんか！？	4	一筒	2
0172	脂肪と筋肉は質量が違うから、筋肉の方が重いんだよね。でもこれは別に悪いことではないんだけどね、継続的に適度な運動は大事だと思う。	3	sazanka *	1
0173	彼氏いること誰も信用してないのわろける。 ほんとにいたら豚さんたち発狂しそう	0	あべ	0
0174	え、この人結構やばい人だったんだ…	8	ねこの腹	3
0175	Hi from Philippine's 😊😊	0	Seven VII	0
0176	帰り道暇だったからコレ見ながら帰ってたんや 音なしで聞いてたらくっそ可愛くてにやけてたんだけど、音ありにした瞬間体重が50台乗ったで飲んでた水を鼻から吹いてメガネまでぶっ飛んで挙句の果てには喉から変な声出て、通りすがりの学生に笑われた     ギバラ頑張れ💪	10	ナノ紫萌	1
0177	ギバラよりステージ進んでないのにレベルは10くらい俺の方が上だ...なぜ？	0	Riku Sango	0
0178	深夜にこんな大声上げてたらお隣さん迷惑してそう	2	ギアッチョ	0
0179	ギバラは、メンヘラ含めてかわいい        ギバラ俺は、好きだぞ	0	メタルキング	0
0180	1:26:04 ねじねじされるギバラ	2	mashimaro	0
0181	1:28:30	1	らぷらす	0
0182	48:40	0	ぱにゃ	0
0183	筋肉増えただけやろ	1	nonocch	2
0184	筋肉って脂肪より重いやよ	0	君浅野	1
0185	35:08	0	Signo C.S.	0
0186	なんか不憫やからワイの身長体重晒しとくわ 178/58や。	2	蛇口先輩	2
0187	負荷を落としてやっても意味ないよ！しっかりと最適な負荷で続けよう！	6	278うどん	0
0188	【速報】  ネット流行語100に 選ばれたワードの中に  椎名唯華と 御伽原 江良	11	Xx舞姫xX	5
0189	ほんまエンターテイナーやなあ     愛してる	12	佐々木太郎	0
0190	許せないよなぁ	4	*それな*	0
0191	1:45	1	レンタルベルマーク	0
0192	何だこの悪意しかない広告の配置	0	APFSDS HE	0
0193	ギバラ、NTR被害者なんか？ヘイトがヤベーんだが	0	ちんちら	0
0194	ん？？長女？？何人兄弟なんだ？	0	ああ	0
0195	ヘラピン感ある	0	くーここ	0
0196	😢	0	マツイさん	0
0197	ギバラ見てるだけでも筋力上がってるな 頑張れ俺はギバラ大好きだぞ😘😘	0	もやし	0
0198	筋肉が増えたかな？	0	Name Real	0
0199	タイトルで釣るようになったか	12	kouda	0
