0001	リズム天国を思い出したくて、この方の動画に辿り着いたんですが、めちゃくちゃ面白いですね！ピンポンの「コンカンコン！」のあとの「オッケイ！」の流れが好きすぎます	20	倭魂	0
0002	44:06 うーわの時のギバラの口が可愛すぎる案件	27	社畜	0
0003	32:56 ここから無編集音ギバラ	17	アボカドさん	0
0004	12:41〜 ここの「わぁー！」が最高に可愛い	37	Ash 357	0
0005	モアイ以外P行ったけど モアイがムカつきすぎてDS2台ぶっ壊してそれからやってない	33	マリモ-	0
0006	リズム天国やってる時は可愛いな。。	31	わからせるリス	0
0007	44:11 ここ草	22	チベットスナギツネ	0
0008	2:01 初手莞爾ゆらゆら→「こんばんは！おとぎばらえらでち！」 かわいい	52	終点雲雀丘花屋敷	0
0009	ゴールドやっぱ難しいよな。判定と操作(手を動かす為)が。 Wiiのは簡単だった。	10	さたん	0
0010	音ズレある中でモアイ初見パフェとか化け物かな?	10	䨻䨻	0
0011	2:02:32 ここの練習とは全く違うリズムスピードを要求された時のギバラの「えっ」がめっちゃスコ	9	Mas chera96	0
0012	1:55ゲーム開始	21	1s RIkku	1
0012-001	滝本ひふみんlove らすかる	0	片桐ぱなお
0013	ｺﾝｶﾝｺﾝ オッケイの流れが好きすぎる	5	07 Akatuki	0
0014	32:56 自分用	8	むむむ	0
0015	初見でウラオモテ突破は本当に凄い。 リズムゲーに関しては本当に化け物。	45	時雨改五	1
0015-001	俺最後の方のロッカーが苦手だった	0	大月美弦チャンネル
0016	1:59:11 ここかわいい	8	りるれ	0
0017	リズムゲームの天才！ リズム感が良すぎる！ とても可愛くて面白かった！	7	アナスタシア2756	0
0018	初見&遅延でクリアすげー	6	ちゃん詩音	0
0019	御伽原 江良はリズムゲームの女王 !!  :D	3	ユハ	0
0020	ずっと口ポッカーンで草	7	さんすも	0
0021	your scream when in panic just make it more cute.. ~ <3	6	ShazaMa Zul	0
0022	2.0の江良ちゃんリズ天はマジでさらに可愛さが増してる……最高に好き…	6	まめきち	0
0023	モアイとな……シューティング2がすっげぇむずかったんや……	5	早乙女喋	0
0024	あ"〜好き💕	1	なおこ	0
0025	モアイの時かわいいｗｗ	1	団子好き	0
0026	シューティング3面のラストが苦手すぎて１回もフルコン出来なかったなぁ…	2	博麗大福 Mk-35	0
0027	うらおもてはまじで目おかしくなるんだよな……	8	早乙女喋	1
0027-001	それな…   一回キレてDSパンしたらそこ画面黒くなっちゃった…	1	風吹けば名無し
0028	今更見にきたー 猿のやつまだ歌えて草生えた	0	Karte TRPG	0
0029	13:23	2	Sakura *	0
0030	ゴールドすき	2	みくたふにたろう	0
0031	偽トロでやってこれはすげぇ	1	ぶきだい	0
0032	裏表以外はできてた記憶が…	0	晴れ晴れのち	0
0033	ベスト+でもそうだけどゴールドは同じリズム刻むの多くて難しい	4	連鶴	0
0034	やっぱリズムゲー上手いんだよなぁ	2	コマド	0
0035	モアイとギターだけはどうしても出来なくて、逆にウラオモテめっちゃ得意だから、やっぱり苦手なものは人それぞれよね〜 だからモアイできるの羨ましいです	6	sushi	0
0036	アーカイブより参戦 おつえら	4	脱ぎチョコ	0
0037	ギバラ音ゲー強いなぁ	3	はらりゅう	0
0038	小学生の時にリズ天ゴールドなんとかクリアできたけど今見たらウラオモテってだいぶ鬼畜だよな笑 小学生こんなんムズすぎて詰むやろ笑	9	ちゃろ	1
0038-001	音楽やってるとすぐわかるけど、小学生がやるゲームでは説明が少なすぎるねｗ	3	さたん
0039	ムッチャ懐かしい。またやりたいなぁ	1	のすけ	0
0040	まじかDSのやってたんだ	1	ぶきだい	0
0041	えっ... ギバッ可愛い	0	雪玉	0
0042	リズム天国あるある ずっと口が空いてしまう‪w	0	大月美弦チャンネル	0
0043	目瞑った瞬間にみんな告白しだすの、卑怯なんだが。	0	かけ	0
0044	組み立てこんなに滑らかだっけ...	1	ねんねむ	0
0045	応援団でミスばっかりだったのは、画面を叩く時のタン！って音に合わせちゃってたからだろうな	0	のう	0
0046	フォトギバラすこ❤ ぶんぶん	0	宥宥	0
0047	モアイ初見APは人じゃない	2	bo kon	0
0048	楽しそうにゲームやるなあｗ見ててこっちも楽しくなる	0	晴村	0
0049	ボックスガールにナイトウォーク君いたのね	0	ただのつな	0
0050	小学生で全部パーフェクト取ったのもしかして凄かったのか？	0	いつき	0
0051	偽トロでラグあるのにすごい 可愛いぞ	3	ノワール	0
0052	ウラオモテすげぇな	0	RYANリャン	0
0053	みんな大好き？ウラオモテ 1:59:30	0	†紅孔雀†	0
0054	DJの黄色の方は先生ですからね それにレコードをよく見ると先生の方は回っています	1	プリズンマジメ君ch	0
0055	モアイソングとウラオモテで示し合わせたかのようにコメントに「でたわね」って書かれてたのほんと草	6	甲鱗のワーム7/6	1
0055-001	モアイはやばい。何がやばいってそりゃ微妙にずれたときミス音鳴ってないっていうのにもかかわらずしっかりとミス判定されているところがやばい。 ノーミスで行けたと思ったのに「でも」すらつかない平凡だった時の感情はやばい。 なんとか1ミスに抑えられたと思ったのにやり直しだったときはもっとやばい。  パーフェクトキャンペーンをやるとよくわかる。やばい。	3	abababababababa
0056	ナチュラルにうめぇ	7	鷹隠（ﾀｶｸｼ）	0
0057	31:33 リズム感良すぎてｺｶｺﾝで慣れちゃってるのすっげぇ	0	田中洋一郎	1
0057-001	俺もそうなんだけど………？	1	風吹けば名無し
0058	ロッカーを見にきました ロッカーが一番好きです 2:06:41	1	マヒマヒシイラ	0
0059	集中して頭はあんまり動かないけど、唇がパクパクするのめちゃくちゃかわいい	0	零零	0
0060	ピンポンの難しさは異常(弾く為フレームでズレがある感覚で苦戦しやすい) 最後にパフェ達成もピンポン２だった人おる？ もしくはピンポン２があるリミ８か９だよね(くっそ早い)	2	さたん	1
0060-001	まじでそれ。裏拍できてもピンポンで詰んでた。弾くゲームであの判定の小ささは犯罪。	0	肌荒れbot
0061	耳痛い	0	れいなお【登録者数2000人目標】	0
0062	おつえら〜！ やはりリズ天やってる時は 清楚だった... 負けず嫌いな江良ちゃん可愛かった     ゆらゆらかわいい助かる！	6	アヲノ#調子極端	0
0063	アイドル観るとドンキーのアピール思い出す	3	伊予缶	1
0063-001	上スマじゃないか？	0	たーにしぃー
0064	パーフェクトを全部クリアくらいの勢いで言ったけどRボタンがきかなくてチューニングがどうしようもなくなったからやらなくなったなぁ	0	セイ	0
0065	シューティング100万点までやったなあ…	1	植物製のちくわ	1
0065-001	化け物やん…	0	風吹けば名無し
0066	40:30  40:30 40:30 40:30 マジで可愛いとこ	9	アズバイト	1
0066-001	ｸﾜｯ!とｸｰﾜｯ!かわいすぎふ	0	SOMA柿渋
0067	Nice gameplay (: Interesting choice of video games	8	The Precious Little White Angel	0
0068	Do You Even Speak English?	0	HENRIQUE EMOINGT FURTADO	0
0069	2:21:24	0	Dulmar	0
0070	なんかwiiのリズ天よりリズムに乗れない感すごくない? 目押し感が強いというかなんというか	0	レムノム	3
0070-001	@SOMA柿渋 音の遅延かタッチペン操作のための感覚ズレなのか、どちらにせよ変に難しい部分あるよな。	0	さたん
0070-002	soma noob 戦車長  ギバラなら少しシビアでも行けると思うんですけどね... やっぱあれだけリズムに乗れる曲作ったつんく♂さんってすごいなと	0	レムノム
0070-003	ゴールドは結構シビアなのだよ あと音の遅延もある	1	SOMA柿渋
0071	リミックス10 超余裕	0	記憶喪失ニキ	0
0072	特にリズム天国の中でも難しいのはシューティングでしょうね何故かと言うといろんなリズムが次々と出てくるのでそれにうまく合わせないといけないと言うところがありますし売ってくる敵のリズム感に合わせた形で1回さないといけないというのが実のところでしょうね	1	時久恵吾	1
0072-001	音消すといいよ	0	風吹けば名無し
0073	バグかな？31分以前が見れない	2	スターゲイジーマカロニ	2
0073-001	無知なだけやったわ、ありがとう	0	スターゲイジーマカロニ
0073-002	2時間以上の配信は時間が経たないと全部見えない仕様だったと思います	6	ラリルレイチェル
