0001	4分で150万円稼いだ女	399	KAZUTAKA HORIUCHI	50
0001-001	なるほど、待機所も含めか	0	ままま
0001-002	地獄絵図	0	コマゴマとしたゴマ
0001-003	始めて掲示板使った中学生のレスみたいなのしかなくて草	0	ピアスキラー
0001-004	まんじゅう それ少し思ったw返信のタイミングとかw	0	konoha 23
0001-005	@Jテック ありがとやで👍	2	大阪難波
0001-006	まんじゅう 仕方ないやん。ネット口調なんだから。	2	フロントガラス
0001-007	まんじゅう 三役？	2	フロントガラス
0001-008	まんじゅう あと、俺から見れば君もkonoha23と同一人物に見えるよ。 wつけてるところとか。	3	フロントガラス
0001-009	まんじゅう  なんでそうなる？違うわ。 そもそも元凶はkonoha23が彼に対して煽り口調で返信したのが原因やで？ だからなんでgekiatupandaが悪くなってるのか分からない…	2	フロントガラス
0001-010	konoha 23 編集したのは最後の文を付け足しただけやで。前言を撤回したわけじゃないぞ。	2	フロントガラス
0001-011	@大阪難波  集計お疲れ様やで	0	Jテック
0001-012	フロントガラス おw編集しちゃってますねw失礼w	0	konoha 23
0001-013	konoha 23  あと高圧的な態度じゃなくて煽り口調な。	2	フロントガラス
0001-014	konoha 23 君はとってないつもりでも結果としてそうなってるんだよ。認めて早く終わらそうこんな言い争い。	2	フロントガラス
0001-015	フロントガラス wつけるだけで荒らし判定になっちゃうのかそれは知らんかったわw 高圧的な態度はとってないんだけどなぁw	0	konoha 23
0001-016	konoha 23 悔しくて認めたくない気持ちも分かるけど1回冷静になれ。こんなことで。言い合ってもメリットなんかない。俺もやめるから。	2	コウguy
0001-017	konoha 23 いいや違うね。顔も知らない人に高圧的に、煽り口調で話す人の方がモラルないね。言い切れる。認めなよ、荒らそうとしてること。世間一般的に見てそれ荒らしてるようにしか見えないから。 そのなんでも最後にwつけたがるとことか。 そういうところやで？	2	フロントガラス
0001-018	gekiatu panda ああ、それと話そらすのやめよや下に見てるとかどっから出てきたん？w  馬鹿にしてるようにしか捉えられないとか言っちゃってますけどそうとしか捉えられない方にも問題があるのでは？w あと露骨に再生回数増やさせようとしないでくれw	0	konoha 23
0001-019	gekiatu panda コメ消しちゃってるけど君こそ馬鹿にしてたよね？w wも使ってたしw 都合のいいように改変すんのやめてw	0	konoha 23
0001-020	フロントガラス お礼言えない方がよっぽどモラルが無いのでは？w	0	konoha 23
0001-021	konoha 23 そうだな。お前みたいなモラルのない奴、絡む方が悪いな。まぁ頑張って荒らしとけ。	3	フロントガラス
0001-022	@コウguy 別に争うとしてないぞｗ質問しといてお礼がないのが気になっただけやｗ	0	konoha 23
0001-023	@フロントガラスウキウキで論争参加してくるニキブーメランなことに気づいて...	0	konoha 23
0001-024	konoha 23  別に悪いことしてなくね？お礼ないことぐらい、お前みたいに人の事煽る奴より全然マシ。荒らそうとしてることに気づけ。	5	フロントガラス
0001-025	@コウguy お、すまん君みたいにネットにべったりくっついてるわけじゃないから返信遅れたわｗ 新参がどうとかの話じゃなくてお礼すらいえないところにやばさを感じただけだぞｗ	0	konoha 23
0001-026	日給にすると2億400万	3	KAZUTAKA HORIUCHI
0001-027	時給換算すると2550万。	2	massa massa
0001-028	@コウguy 試しに君の動画見に行ったら自分で固定したコメにしつこいほど喧嘩売っててワロタ	7	名前変えたぞ
0001-029	konoha 23 にじさんじの動画で人を馬鹿にするような人が居るとは思わなかったな。 新参やし分からなくてもいいやろ。 後ここのコメ欄の人に迷惑がかかるから煽るなら俺の出してる動画にコメントしてくれ。	9	コウguy
0001-030	gekiatu panda やばいね君w	6	konoha 23
0001-031	@コウguy 集計出来ていない分も含めるともうちょいあるかもって感じですね	2	大阪難波
0001-032	大阪難波 なるへそ。 待機所でのスパチャと4分間のライブのスパチャの合計が179万って事ですね。	4	コウguy
0001-033	@コウguy 以前のコメにも書いてあるやろ？ 「待機所」からの金額やで  ①江良ちゃんが配信枠の予約入れる(この時点で待機所が作られる) 　待機所が作られる～ライブ開始前のコメ・スパ茶はアーカイブに残らない←ココ重要 ②配信者がライブ開始ボタンを押すと生放送開始 ③生放送終了(配信終了ボタンを押すとライブストリーミングがオフになる)後、視聴者側が更新をしない限りコメはまだ打てる(何分後まで可能なのかは知らん)	10	大阪難波
0001-034	大阪難波   俺もこの動画みてスパチャ数えてみたけど50万すらいってなくない？ この動画(4分)で179万ってこと？ それとも実際は長時間ライブがあってその中でのスパチャの合計が179万？無知でごめんなさい。	2	コウguy
0001-035	@コウguy 集計し始めた頃がだいたい60万超えたあたり(正確な時刻は覚えてない)で、60万をスタートにそれ以降の怒涛のスパ茶の額をExelに叩き込んで合計した値です。(外貨は日本円に換算)(途中で他の計算ニキの値に加算修正)	5	大阪難波
0001-036	179万はどこから来てるのか分からない…どういう事？	3	コウguy
0001-037	-いやどちらかと言うと銭ゲバは運営だけどな- YouTubeのサーバーとかメンテナンス費用何千億と掛かってるし、多少はね？	9	blind touch
0001-038	大阪難波 運営はともかく銭ゲバのYouTubeを許すな	19	佐々木太郎
0001-039	すごいな💧まぁ人気者だからな😅	2	ライクライク
0001-040	水を吐くフグ YouTube3割、残り運営と折半？知らんけど(関西人の常套句) それでも普通に50万越えてるのヤバイ	10	大阪難波
0001-041	そのうちギバラに渡される金ってどのくらいなんだろう	5	トイレ
0001-042	@大阪難波 返答ありがとうございます!	2	A学生
0001-043	サッカー選手みたいで草	22	ゲェジインターネット
0001-044	@A学生 いえす(待機所～配信終了数分後まで)(60万越えた辺りから正確に集計)(メンバーシップ含まず)	11	大阪難波
0001-045	スパチャってこと?	5	A学生
0001-046	179万は待機所での、途中から集計だけどね 多分もっと行ってる(怖い)	27	大阪難波
0001-047	やばすぎて草	8	ガラパゴスささみ
0001-048	バケモンで草	32	yayoi takase
0001-049	ファ？！	11	リhir
0001-050	厳密に言うと179万らしいよ	85	ピーチ姫
0002	おい、切り抜きはやくしろよ。	178	如月涼	9
0002-001	笹キッズによる切り抜き 仕事はやッッッッッッ	0	如月涼
0002-002	しときました(いやでもこれ本編見た方がはやry	3	_ sasa
0002-003	むしろスパチャラッシュだけの切り抜きありそう	0	仏仏
0002-004	配信開始前のスパチャラッシュから撮ってれば一応10分くらいの動画に出来る	3	えるぷりあ
0002-005	@如月涼 なぜコメントする前に気づけなかった(笑)	3	くろーばー
0002-006	\ OReO /  あと1分どこから来るんだろうな	9	仏仏
0002-007	正直自分でコメント書いたけど、切り抜き無理なんじゃね？？	20	如月涼
0002-008	多分5分くらいに切り抜かれるんだろうな…	22	滑って転んだソクラテス
0002-009	むしろ本編が切り向きまである	26	ともとも
0003	2:38沢尻	30	HebiTathu	0
0004	気づかぬ間に始まり、気づかぬ間に終わってた……	116	ぶるー#凛fam	1
0004-001	それなw	1	リhir
0005	待機所開いたら20万言っててガチで爆笑した	57	がくとう	0
0006	誰か待機所の切り抜き上げてほしい	68	うーま	1
0006-001	害悪解除民が喚いてるだけや()	9	こよみ 美少女ボイス投稿する奴
0007	○○万人まで耐久系はだいたい始まる前に終わってる感じがするから、今から30万人まで耐久とかやればちゃんと耐久になりそう	89	FIRE RITON	2
0007-001	最初だけちょっと勢い良く増えて、21万人からグダグダで24時間公開放送で垂れ流してる地方のライブカメラ感になるの想像したわ。	16	massa massa
0007-002	それは地獄w	9	たなは
0008	これは完全にMD○Aやっとるわ…	16	fafafano fa	0
0009	2:00 本編開始	98	スカラベ	3
0009-001	@みかん そうか…5分…あと5分早く来てさえいればッ！	0	佐藤 観
0009-002	始まる二十分前からくらいですかね？スパチャの嵐でしたね	3	みかん
0009-003	本編は配信前に開始してたでしょ！ なお15分前には既に赤スパチャがトマト祭りのごとく飛び交う騒ぎになっていた模様。いつからあのお祭り状態になってたんだろう。誰か教えて下さい（出遅れ民の悲嘆）	1	佐藤 観
0010	本編開始 1:44 本編終了 3:08  ＿人人人人人人人人＿ ＞　本編 1分24秒　＜ ￣^Y^Y^Y^Y^Y^Y^Y￣	54	白い白い未栄	1
0010-001	1分24秒で分かる御伽原江良	1	山葵
0011	だいたい1分でわかる御伽原江良	46	トランプ・正恩	0
0012	20万人おめでとう TV出演おめでとう	14	121 8000	0
0013	おめでとう！！🎉 20万人だから大して100万と差がないし1000万って言っても過言ではないから実質1億人近くの登録者だな！本当におめでとう	15	いりゅ	1
0013-001	飛躍しすぎで草	1	田中太郎
0014	途中から集計ですが、スパ茶の合計額が出ました。(外貨スパ茶は23:00現在のレートです)    179万2639円です。	24	大阪難波	4
0014-001	教えて下さってありがとうございます！  さすギバ	0	大自然 「だいしぜん」
0014-002	@大自然 「だいしぜん」 この配信の待機所～配信終了数分後までです。 自分でも分からんが60万(内20万スパ茶ニキ2人)越えた辺りからExelで計算し始めたので…	1	大阪難波
0014-003	Hs Kk 今回の待機時間(＋配信)だけかと	0	ઊ
0014-004	初配信からの合計？	0	大自然 「だいしぜん」
0015	時給2000万超えの女	9	。ぺっさん	0
0016	概要欄が大嘘で草	18	きょーへい	0
0017	そこら辺の歌ってみたより短い可能性ある配信時間だな	8	和辛子	0
0018	そこらのキャバ嬢より稼ぐんですよね...流石や	4	ぞの	0
0019	始まる前に終わった女	12	オーレ・ウェルギウス	0
0020	遅れてきたらもう終わってて草 耐久？	15	爆裂魔法の申し子	0
0021	このネタ選出には流石に背筋がクール	2	ゆうひ。	0
0022	待機所見たあたりでもう知ってた	4	しろもん	0
0023	ある意味感動した。	7	黒豚さん	0
0024	まだやってるやろって思ったら終わってて草	9	りょう wwじゅうろくちゃい!!	0
0025	お前に耐久配信させるわけないだろ リスナーの勝利だ。寝な！	5	Yudai Ide	0
0026	間に合ったと思ってチャット欄開いたらアーカイブだった。	6	トレイの花岡さん	0
0027	概要欄〜〜？？ どこが耐久やねんw	0	黑齣	0
0028	江良ちゃん20万人ほんとにおめでとう！！ 超クールではないですが！	0	アボアボさん	0
0029	始まる前に超えてて草。20万人本当におめでとう🎉	0	やみい/朝日奈樒	0
0030	こんな短い配信初めて見た	0	長瀬	0
0031	切り抜きかと思ったら本人だった(笑)	0	ayoui44	0
0032	4分間も耐久できて江良いねぇ！！	0	南にそびえるやたら高い柳	0
0033	このあと逮捕されたんだよね･･･	9	仮アサクラ	2
0033-001	タクタク元ブサイクへの膝蹴り 別に…	5	佐々木太郎
0033-002	何で逮捕されるんや…汚い声でか？	0	タクタクブサイクへの膝蹴り
0034	おーめーでーどーうー( ノД`)…	0	Silfo・Shiron【Nenezun】耐久力最低辺の変態	0
0035	なんて濃密な四分間なんだ・・・（戦慄）	0	kura gina	0
0036	アニメのOPより短くて草	0	lycopene_12	0
0037	おめでとう！草でした！	1	yoshi xml	0
0038	爆弾投下して終わるのほんと草	0	しゅみ	0
0039	誰か10分の切り抜きお待ちしております	0	かとうゆうや	0
0040	おめでとう(*´ω`*)	0	惡代官	0
0041	切り抜いたら5分ぐらいに増えてそう	0	超完全究極生命体スルメイカ	0
0042	いやー今回も長い耐久配信でしたね！	1	イース	0
0043	登録者20万人超えても約１ヶ月で5万人増えるのはやべえよギバラ	0	まちょち	0
0044	配信見れなかったから切り抜きありがとうございます！	2	ちっぴー	1
0044-001	ぜひ本編も見て	1	おさおさ
0045	本編は待機所だから……	0	Shingo Nagato88	0
0046	4分で終わってるw	0	進藤梅	0
0047	流れるように沢尻ネタするの草	0	そう思うわ〜	0
0048	もこうに次いで20万人のファンを獲得したこの世で2番目に大物の猿	0	ぬまくろ〜numakuro	0
0049	衝撃の待機所でした	0	くみたん	0
0050	まさかの終わった…	0	se de	0
0051	おめ	3	ao moka	0
0052	配信始める前に終わるとか超クールじゃん	0	雀のチュンすけ	0
0053	とりあえずおめでとう！	0	すしわ	0
0054	何はともあれ20万人おめでとう！！  最後沢尻で草	8	マチばあ	0
0055	トイレから戻ったらるん！だったんだが	1	Conflict	0
0056	流　石　に　草	0	レプリカ	0
0057	見にきたら終わってた	1	もうすぐ蜜柑	0
0058	そんな、ギバラも大好きやぞ	0	Cz	0
0059	スタート初手200,202人で草	0	空を秒速100kmで飛ぶペニーワイズ	0
0060	もう終わっちゃったの！？！？	0	つかわない	0
0061	チャットのチェ・ギバラにツボった	0	赤城ケンジ	0
0062	ギバラ20万おめでとう次は20万記念にグルシャン配信かな？	0	そこら辺のざっそう	0
0063	最後の黒サングラスがw	0	え?このコメント見えてるの?	0
0064	おめでとう。そして江良ちゃんを返して	0	T変なロボット	0
0065	ん？あ、これ切り抜きか(すっとぼけ)	0	短針時計	0
0066	やべえ遅れたと思ったらもう終わってた件	1	のひのの	0
0067	バッカじゃねぇのっっっw 面白すぎるだろ	0	EZ PZ	0
0068	既出コメントでしょうが、既に超えてて草	0	さむ	0
0069	1:44 〜開始……？	6	マルス オルトカンナ	0
0070	別にじゃねーよw内心嬉しいくせに😂	0	グリ先輩	0
0071	20万人おめでとう	0	パンドラの箱	0
0072	自分でインタビューしてるの草	0	ヤニテイク	0
0073	チャンネル登録二回しました。	0	tr tr	0
0074	クールってつまりキメた後だから心がスーッとしてるって意味だったんだな	0	コマド	0
0075	動画の半分以上サムネとるん！で占めてるのに内容濃過ぎた	0	First Orion	0
0076	概要欄草	0	ケケ	0
0077	江良ちゃん企画倒れかなしみ 然〜し此処は江良ちゃん只では倒れない!	0	よわむしArisia	0
0078	うーん、これはクール！w	0	姓名	0
0079	来たら終わってた	0	。ぞじ	0
0080	ひとくちにじさんじ	1	ringo Rui	0
0081	時事ネタいいぞ	0	青い孔雀	0
0082	マジで訳わからん茶番で終わってて草 20万人おめでとう！	0	らむｗｗ	0
0083	だらだら長いより好き	0	ふえるワカメ	0
0084	やっぱギバラってすげー... 記念配信を2分くらいで終わらせるとかかっこいいわ いや本当に...おめでとナス！	0	magomago	0
0085	今来たら終わってた笑 めでたい…んだよな？	0	紫兎-sito-	0
0086	20万人の区切りがこれはスゴい👍	0	週３でカレー	0
0087	ただただ草	0	てぇてぇの民	0
0088	沢尻エリカの懐かしいネタで草	0	新しい季節	0
0089	始まったと思ったら終わってた	0	バイカイザー	0
0090	マジで解散は草	0	Tat Kom	0
0091	間に合わなかったわ	0	ねるね	0
0092	とりあえずおめでとうございます	0	D cat夢猫	0
0093	新手の企画	0	究極のカニカマ	0
0094	リスナーに愛され過ぎた女  200000人おめでとう！	0	:ホワドリ	0
0095	ベルモンドのFGOガチャ配信並に短くて草	0	進撃の珈琲	0
0096	どーなってんだ？	3	ムギチャ	0
0097	エビオ構文??!!	0	UT- UT	0
0098	実行に移す天才	0	しぐ	0
0099	ついに二十万人の姫か…	0	タクタクブサイクへの膝蹴り	0
0100	マジで終わっててワロタ	0	なっちゃん69!!!!!!	0
0101	理解しようとしてる間に終わった。	0	ユリスキー	0
0102	一発芸	0	takoyakitarou 28	0
0103	ED、草	0	フォトンボム魔	0
0104	出オチやんけ	0	16やまてぃー	0
0105	最後沢尻エリカなの草	5	原点O	0
0106	生きる伝説	0	きりは	0
0107	耐久RTA	0	小舎人童	0
0108	最高だよ	0	Millennium Parade	0
0109	手遅れで草	5	くき	0
0110	御伽原エリカじゃん	0	アイウエオ	0
0111	安定のギバラブランド	0	焼きしいたけ	0
0112	切り抜き助かる 概要欄に元動画無いんだけど誰か貼ってくれ	0	MelMel・ゆうり	0
0113	耐久なのにめっちゃ短いw	10	水飲み放題	1
0114	170万突破おめでとう！！	3	ふにふに	0
0115	年内20万は化け物だ江良ちゃんだけだったら無理だったやはりギバラがいたからいったんだ	0	欲しいname	0
0116	耐久とは…？  何はともあれおめでとう🎊	0	そとぼり	0
0117	ほんとに終わってた	6	ばぶノーマル	0
0118	動画かな	1	きりん	0
0119	エンドカードまたのんきさんじゃねーか	0	すまっしゅ	0
0120	まあとりあえずおめでとう 心から祝ってるよ	0	hitsuri Q.	0
0121	あーあ、これだから推せる。	0	鮭たらこウィンター・ソルジャー	0
0122	始まる前に終わる女	0	MMRさん	0
0123	登録者〇〇人まで耐久は大体雑談配信になるやん(?) 雑談すらしてないやん(?) おめでとうやん(?) 配信開始前におめでとうやん(?)	1	鷹隠（ﾀｶｸｼ）	0
0124	沢尻エラカと申します	0	7g 569d	0
0125	えっと、これ切り抜きかな？本編はどこ？	1	Aki	0
0126	やけになって薬だけはやめとけよ…	6	ツナマヨ	0
0127	ママー、このテレビなにー？ ぜんぜんいみわかんなかったー！	0	COUCH SEIM	0
0128	20万人おめでとう！「視聴者1万人を4分で置いてけぼりにした罪」で署まで連行されろ	0	イトーリュウジ	0
0129	空気読んで登録してくれた200超えのみんなありがとう！解散していいぞ！！	0	小豆/大豆	0
0130	登録者RTA更新 0:00	0	かいなkaina	0
0131	集計の結果4分で180万稼いだとのこと 時給2700万のシンデレラとかどこの歌舞伎町の女王かな？	5	佐々木太郎	1
0132	沢尻エリカで草	0	しろー	0
0133	これまじの伝説じゃん	0	忠犬犬公	0
0134	配信終了RTA	0	Artemis Q?	0
0135	今回は見逃さなかったぞ	5	Ellicia 401	0
0136	こりゃ超クール()だわ	4	鈴木。	0
0137	キバラ沢尻化してて草	0	仮面戦隊レンジャーウルトライダーマン	0
0138	グラサンを掛けるのではなく自分をグラサンに掛けるスタイル	0	4 4レモン	0
0139	しってた	0	オニテン	0
0140	短!?	0	りんごゾンビ	0
0141	用事でリアルタイムでギリギリ見れなかった〜 おめでとうだよ、江良ちゃん！！！	5	月奏-runa-	0
0142	分給150万円の女	8	ひろ	0
0143	ここまで切り抜きが必要ない動画も中々ない	1	ゆぷにす	0
0144	声だいぶ変わるね	0	愛に飢えた愛紅-めく-	0
0145	なにがすごいってスパチャの量が多すぎて俺のスマホが勝手にアプリ終了したことなんだよな(たぶん終了したのはバグ)	1	りゅーせー	0
0146	VTuberのフラグ回収は基本爆速だけどここまで速いのは草超えてモーリーファンタジー	0	しおだきよし	0
0147	登頂しきる前に日の出を見たみたいな耐久配信だったなと。	5	-ミナモ-水面	0
0148	ほんとに本当におめでとう江良ちゃん！🎉  最高に笑える4分でしたw	1	夜月蓮	0
0149	次は25万人か30万人かな？	0	神城アキラ	0
0150	もはや切り抜きが必要ないw   ライバー増えて多忙な切り抜き作ってる人達に対する配慮だなこれは	0	にゅうタン	0
0151	おー四時間もやってた...ん...か？  ...うん？切り抜きと間違えた？？	0	ガラサ	0
0152	開始 1:44 耐久終了 0:00	30	アキ	1
0153	沢尻エリカとかいうグレーゾーンに踏み込むな	0	アキ	0
0154	えらちゃん良かったねぇ	0	ねこ	0
0155	本編3分ないとかマ？	0	バウト	0
0156	ものの数十分で180万稼ぐ女	0	こんこん	0
0157	こういうとこに惚れたんだよ。うん。	0	コロン	0
0158	別に…じゃないが	0	アルル	0
0159	配信開始前のスパチャが合計150万超えで、配信開始から4分で終了したライバーがいるってマ？？？  20万人おめでとうございます！！	7	えるぷりあ	0
0160	あれ？もう終わってる…	0	村上元昭	0
0161	スパチャ送ろうと思ったら終わってた	3	ハンバーグ	0
0162	天才	0	コーラ	0
0163	20万人おめでとう！ メンバーなって7ヶ月と15日目、このオチは見えていたさ	3	キムワイプーSDSーペイジ	0
0164	耐久と見せかけた即落ち配信なんですよ。怖いですねぇ。	0	ドラピック	0
0165	２０万人おめでとう!!     これが新しい耐久芸か	0	ゲート	0
0166	汚い声でも出たんか？	0	すずかすずしろ	0
0167	気づくまもなく終わってた... 改めて20万人おめでとう！！！！！！！！	2	ユッキー	0
0168	今年一番 盛り上がった待機所	1	星クズ	0
0169	配信せずに150万稼ぐ女	0	白鈴凛音:しらすずりんね	0
0170	公式切り抜きありがとうございます	3	kabanena	0
0171	RTAかよ	0	Sekito_ Pony	0
0172	1:44 〜 3:09 ほんへ お、、おめでとう！！	0	佐久間えいけん	0
0173	20万記念に170万円以上のスパチャが飛んでくるあなたは本当にすごく、そしてみんなに愛されてるんだろうなって改めて実感しました… ほんとに20万人突破おめでとうございます！！！	0	まつやさん	0
0174	耐久配信しすぎて、配信前に終わらせられるようになった女	3	百獣のカイドウ	0
0175	別に、、、は沢尻エリカのパロディだねw	0	ナツメグ	0
0176	…別に。	0	うゆっと2	0
0177	来たら終わってた	2	ぶいぶい	0
0178	終わってた...	2	いくらクンとさかなクン	0
0179	20万人おめでとう！    大好き！	1	張り倒すぞ	0
0180	なんだかんだこうなる気がしていた	8	岡山県マザー	1
0181	最後沢尻してて草	1	仏仏	0
0182	草　20万人おめでとう！	1	AGORA	0
0183	20万人おめでとう 塵も積もれば山となる 山が積もったら大陸 どっちもあったらもはや星	0	大豆だった豆腐	1
0184	別に	0	ねこねこ	0
0185	目よっつあんのか？	0	10pleリズム	0
0186	ブレないねぇ	0	高菜四皿	0
0187	草🌿でもおめでとう🎉😉❤️	0	ライクライク	0
0188	これが日收入百万vtuber	0	ハンムラビ法典	0
0189	お賽銭箱配信で草	12	モモンガ	0
0190	耐久配信出来そうな内容なのになんだこの配信時間は……。    20万人おめでとう🎊	3	ダンボオクトパス	0
0191	お布施枠草	2	Luar	0
0192	四分で180万稼いだ女	0	卍GOD	0
0193	え？どゆこと？	0	ノームmikes	0
0194	自分史上開始前コメでここまで 盛り上がった配信はあっただろうか、 いやない てか耐久とは()	9	アヲノ#調子極端	3
0195	概要欄を見てみた 「耐久なんですよ。怖いですねぇ。」    ＿人人人人人人＿ 　 ＞　　耐久　　＜ 　 ￣^Y^Y^Y^Y^Y￣	0	ユウチノ	0
0196	べつに……？ 草    加速度的に登録者が増えていくなw 30万も遠くないかもしれん。	0	たなは	0
0197	合計178万円…経済回してんねぇ！	11	猫耳の有無さん	2
0198	3:06 あっっっっっっっっっっっッッッっっっっっッッッッッッッッッッっっっっっっっっっっっっっっっっっっっっっっっっっっっっっっッッッッッッ ン！！！！！！！！！！！！！！！！！！！！！！！！！！！！！！！！！(心臓を撃ち抜かれる音)	0	あっボクノインパが	1
0199	早い、早くない？	0	モクロー	0
0200	リスナーちょろすぎて笑いがとまんねぇよなぁ！？(みんなの愛が凄すぎる…)	0	Tながおか	0
0201	配信見ていた奴にはわかる この配信がどれほどすごかったかを、、、     20万人おめでと〜(170万円越えも)	3	orange【辛略済】	0
0202	何   し   に   来   た   ？	1	t	0
0203	沢尻エラ   おめでとう20万人！ 今やにじさんじのトップアイドルやんけ！	3	サラダにょー	0
0204	02:09 本編開始	1	浦田	0
0205	スパチャ多いけどみんな金持ちなん？それともアホなん？	0	kouda	0
0206	＿人人人人人人＿ ＞　　別に…　＜ ￣Y^Y^Y^Y^Y^Y^￣	3	すごいあぶらあげ	0
0207	来たらすでに20万人超えてて、なら一旦チャンネル登録解除して配信中に戻ってこようとしたら終わってて笑ってしまった。 最後の茶番も配信中は◯尻さんのモノマネ上手いなあと思ってただけだったのに、アーカイブで記者のパートも江良ちゃんの口動いててさらに笑ってしまった。	0	シュテラ	0
0208	体感4分9秒だった	1	マッチョリーゴリゴリウス	1
0209	終わってて草。おめでとう！！！！！！！！！！１	3	黒橋哲也	0
0210	おそろしく速い終了、オレでなきゃ見逃しちゃうね	6	人狩	0
0211	待機所できた時点でこうなると予測できた人 ↓	2	田中太郎	0
0212	これ耐久と見せかけて企画倒れなんですよ。 怖いですねぇ。	8	矢澤式WINTER	0
0213	0:00　OP 1:45　本編開始 3:08　ED 4:09　終了  中身全体の1/3しかなくて草	10	呉スカーレット	0
0214	2:10開始 3:10終わり    元ネタがわからない人は 某MDMAをやった女優さんの名前で調べてみよう！	1	閃いたニキ	0
0215	金持ちがいっぱいいらぁ	0	でぃぽちゃんねる	0
0216	高評価と低評価を同時に押したくなる動画	1	パエリア	0
0217	キモオタ貢ぎ過ぎちゃう？	0	さ.	0
