0001	この一回の配信で一体どれだけのすぱちゃが投げられたんだ……？ 配信前含めたら50万超えてるんじゃないのか……？ なんにせよギバラ好きだぞ。(突然の告白)	9	アルカリ性大自然	0
0002	8万人おめでとう！！ 最近、江良ちゃんの初配信を見返してみたけど軽くホラーでした… これからも応援してるぜ！	7	ポンコツ	0
0003	8万人おめでとう🎉 配信いつも観てます！ 可愛い声も地声もキャラ含めて全て好きです！ これからも応援して行きます！	5	アナスタシア2756	0
0004	8万人本当におめでとう!!!!!! 江良ちゃんの楽しかった話、沢山 聴けてむっちゃ嬉しい！ これからもどんどん突っ走って 下さい！  どこまでもついて行きます!!!!!!	5	アヲノ#調子極端	0
0005	8万人おめでとうございます！ いつも楽しいことを共有してくれる江良ちゃん好き 今後にじさんじ内コラボも盛りだくさんでめちゃくちゃ楽しみです！ 喉は無理せず大切にしてね！	4	おいしいからあげ	0
0006	8万人おめでとう！ これからも配信頑張ってね！	3	グラブル大好きマーン	0
0007	8万人おめでとう！ これからも無理せず頑張って！	3	はまりん	0
0008	8万人おめでとう。好き。	2	Una Owen	0
0009	8万人おめでとう〜！	0	やみい/朝日奈樒	0
0010	8万人おめでとうございます！ 初めての推しなので素直に嬉しいです😂 これからも頑張ってね！	1	ぽん	0
0011	清楚終了1:47	2	ちゅうべい	0
0012	8万人おめでとうギバラ！	0	アレックス	0
0013	喉を大事にして･･･	0	仮アサクラ	0
0014	ギーバラギバラギーバラおめでとう！ ギーバラギバラ8万人！	0	マカロンパグ	0
0015	８万人おめでとうおめでとう！ ２日ぶりに声が聴けてしかも楽しそうにしてくれててとっても嬉しかった！ これからも応援してるよ～～大好き！！	3	ユリ	0
0016	おめでとう🎉	1	素直シュール	0
0017	8万人おめでとう㊗️ 江良ちゃんはいつ出てくるんですか？	0	魂流々	0
0018	8万人おめでとう！！ 自分用・オススメ  55:47   マロ部分の前回リンク　https://youtu.be/gbbCOFpRdu8?t=592	0	hina998a	0
0019	貴方が幸せそうに色々なことを語ってくれて嬉しいよ 応援続けてきてほんとによかった；； 8万人おめでとう!!!	3	アムカン	0
0020	スキ スキ スキ あなたがスキ だって運命感じたんだもの ドキ ドキ ドキ 胸が鳴るの この想い 絶対 伝えたい チュ チュ チュ チュワ 恋してる	2	シスター・ゴリア	0
0021	スピード感はんぱねえ	0	愛してるギバラ	0
0022	8万人おめでとう！ お金無くてあまりスパチャ投げられないけど毎回配信見てるぞ！ これからも頑張れ！	1	cross	0
0023	酒やけしたばばぁにならんように喉大事にしてなぁ これからもたゆまぬ応援しているヨ！ ８万人　おめでとう🎉	3	いろじろ	0
0024	It's funny how i like to watch and hear "Otogibara" video for the voice and calm music. Because i can't understand japanese at all '-'	4	Luis Furugen	3
0024-001	@Siwu Chen I imagine how funny she is ^-^	0	Luis Furugen
0024-002	Japanese style meme or American 4chan esc meme? Lol	0	Grug Crusader
0024-003	If you understand japanese you will discover she is literally a walking and talking meme XD	1	Siwu Chen
0025	8万人おめでとう！ 開幕充電忘れから買ってきたお洋服語りかわええなぁ！ 年内10万人って聞いたときは実際でかい口叩きよるぜと思ったけどすぐにそれだけのポテンシャルのある子やと思い直したのがほんの3ヶ月ぐらい前だなんて嘘みたいだ… これからも応援してるよ！	0	クーゲルシュライバー	0
0026	おつえら、ほんとに楽しかった 33:50 ここでコメント読まれた…よね？めっちゃ嬉しかった	2	ぜんざい	0
0027	なんで8万人達成の動画で静止画なんだ…	1	アマクサ.	0
0028	とりあえず、ぺろぺろしてあげるね！     ギバラべろべろべろべろ^p^	0	わため印のすいそすい	0
