0001	終始江良ちゃんとまりちゃんが仲良く、ときに煽り合ったりしてめっちゃ楽しい配信だった～！！ マップを選ぶだけでこんなに面白くなるマリカ配信ある！？ふたりとも息ぴったりで、見てて微笑ましいやつ！ またふたりのコラボみたいって思う！！	22	ユリ	0
0002	~1:47 清楚パート 1:47~ キノピオパート	20	モーフィアス2世	0
0003	ギバラのやつボイチェン忘れてね？	22	ポンコツ	0
0004	座薬とガンギマリとコース選択被ることしか頭に残ってないけど、ほんま最強コラボだと思う。めっちゃわろてもうた。  結婚式呼んでください。	12	シスター・ゴリア	0
0005	おつえら〜！おつまり〜！ こんなにマリカで笑うとは 思わんかった〜！    シンクロ率400%すげぇーわ	8	アヲノ#調子極端	0
0006	選択したコースが何度も被るのてぇてぇなぁ～	5	ヒノアラシのぬいぐるみ	0
0007	煽りタイトル、煽りサムネすこ	4	ま	0
0008	26:59 ギバラスター	0	藤田	0
0009	23:12 照れとまり	0	田中カカロット	0
0010	バナナ抱えてお空飛んでった 1:18:42	1	うべー	0
0011	バナナが一番大事だもんね 猿やからな・・・誰が猿や！ 1:19:22	0	うべー	0
0012	泊まり（とまりまり）	0	どんかとゆ	0
0013	リアルタイムできなかったけど二人がめちゃくちゃ楽しそうで何より… 今度は参加したいなぁ	0	クーゲルシュライバー	0
0014	ふーん、エッチじゃん 24:48	0	うべー	0
0015	1位と11位 36:21	0	うべー	0
0016	21:15 垢BAN案件w	0	都会暮らしのヤマモッティー	0
0017	開始 1:47	0	うべー	0
0018	忖度10位 40:48	0	うべー	0
0019	16:30 16:30 16:30 16:30  合流できずグダグダしてるのを見てイライラ（？）した方へ。	4	ほのこ	0
0020	全18レース中コース被りが11回 1/3が11回被る確率は 1/177,147　 今回は二人なので更に倍になり 1/354,294　の確率 多分これであってるはず	3	ラスティNale	1
0020-001	ラスティNale 1/3が11連続でくる確率で草	1	ウルージ
