0001	脂溶性wwビタミンwwとかww ギバラに分かるわけないやんwwww   とか思ってさーせんした	45	たこわさ	1
0001-001	誰にでも取り柄ってのはあるもんだな！（慣用句と外来語から目を背けつつ）	1	x. gridbug
0002	59:11 急に賢くなるな	58	なぐ	0
0003	栄養学専攻だったのかな	37	ういに食べられたい例の人参	4
0003-001	Mikka moi グルシャンって実際大丈夫なんか？	0	大根が嫌い
0003-002	Mikka moi 栄養学よりも薬学の方が危険性と安全性については学びそうな気がする	1	Flat Swamp
0003-003	@Flat Swamp 栄養学専攻だからグルシャンしても大丈夫なのを分かってるんだろ	9	ウラスジーミルラスプーチン
0003-004	栄養学専攻ならグルシャンしないやろ	9	Flat Swamp
0004	いつも通りやろと思ってたのに急なつよつよなギバラは笑うwww	18	あぁ	0
0005	得意分野で視聴者にマウントとるのほんま剣持みあるなw	11	萎びた人参	0
0006	ほんとなんでギバラこんな可愛いんだよ...	13	アルノーツ	0
0007	56:25 ごめんね...	20	あまばさみうぇ	1
0007-001	こうやって運ゲーで大学入学したんやろなぁ	2	じんろう
0008	俺より常識あるやん…	9	吸いたい猫様	0
0009	ギバラに俺の母性が刺激されすぎてやばいんだが...俺だけ？ギバラ見てるとすっげぇ微笑ましい気持ちになるの	17	かぼたま	1
0009-001	少なくとも55646人はお前と同じ気持ち	2	霜村湘子
0010	「マグロの子はイクラじゃん（決定事項）」	18	久米翔太郎	2
0010-001	Franz kafkaf タイ子はマグロだからセーフ	2	儚いえいきゅうのなんとか
0010-002	タイ子さん…	1	Franz kafkaf
0011	常に操作に熱中する必要がないゲームをするときはギバラ多めなので嬉しい	10	雑食愚者	0
0012	あるよぉ！常識あるよぉ！	4	Mr.師範	0
0013	31:16	6	レク	0
0014	サムネの顔、脳死したときのかぐや様じゃん	2	シン	0
0015	天才では？> (´・∀・｀💠)	8	わため印のすいそすい	0
0016	1:00:52 ほんとに天才で草	1	わいわい	0
0017	なんでこんな可愛いんだよおまえ……	0	you _0829	0
0018	マグロの子がイクラで草	0	やみい/朝日奈樒	0
0019	あんま問題が難しいとボケにくいよね…	0	れのあ	0
0020	岡山で～ち	0	kano	0
0021	栄養学専攻してそう	0	藤村	0
0022	ふつうに負けちゃって草、	0	t9 T	0
0023	我ギバラに敗北ぞ？(常識力)	5	鈴	1
0023-001	27:44 我県北者ぞ？	0	Franz kafkaf
0024	ギバラちゃんが可愛い...	4	son Tm	0
0025	ギバラは頭がいいのか運がいいのか	0	コック・カワサキ・コック	0
0026	スパチャもメンバーシップも無いんやけど収益化なくなったの？	5	John Enon	0
0027	問題が分からなくなると、コメントを見る節があるなｗ	4	たなは	1
0027-001	これが不正入試問題ですかぁ…	0	Franz kafkaf
0028	56:25 問題のシーン	3	東郷獅鳳	0
0029	稀に賢いの悔しい	0	raki nyan	0
0030	正解しても確信を持ってたもの以外は解説読まないから常識無いままで人生終わりそう	0	山田太郎	0
0031	誰？	0	まこまこ	0
0032	この人脂溶性ビタミン分かるのに九九分からないの？	4	みんみん	3
0032-001	イクラ＞脂溶性ビタミン	1	俺の前世
0032-002	Franz kafkaf 逆でねぇか？	2	孫正義
0032-003	脂溶性ビタミン>九九	1	Franz kafkaf
0033	ところでこのアイコンを見てくれ。こいつをどう思う？	0	Mr.師範	0
0034	見逃した！！！つらたん ちゃんとわからない事はわからないと云えるギバラちゃんかわいいなぁ。 明日は頑張ってね。   以下自分用メモ 4/8(月) 21時 もやしば 4/9(火) 20時 mixup(公式チャンネルで)  12:43 おとぎばら家の復唱 20:03 あった 20:13 お前らこれわからんやろ（ギバラ） 31:13 はいはい（返答） 33:10 は～い（返答） 33:35 どっちでしょ！私これわかるよ 37:14  はい完璧はい天才 38:10 やだ～ 40:20 やさしいね、読み仮名付けてくれてね 44:29 謎理論 46:13 じゃあなんで招き猫は小判持ってんの？ 47:15 どっちがいい？（やさしみ） 52:33 どれ見てもわかんない 53:18 ほとんど送らないんだよな…（㌸㌾㌋㌞㌹㌅） 53:43 友達はここに5万人いるから 54:12 ちゅっちゅ 55:43 みてみたいな 57:18 いくらはシャケじゃん（からの否定） 58:54 四槓子 1:00:46 うよっしゃ！ 1:01:07 ここからのギバラちゃんめっちゃかわいかった 1:06:16 るん！(BGM操作ミスあり)	8	Una Owen	0
0035	ありがとう	0	世界で一番愛してる江良ちゃん	0
0036	素敵な動画でした。💗💗💗	1	白鳥星座の氷河	0
0037	自分が新人よりやばくないと思ってる精神異常者	1	ぬまくろ〜numakuro	0
