0001	クソゲーと言いつつ全力で楽しむのすき 笑いの沸点ひくひくなの最高にかわいい	19	おいしいからあげ	0
0002	1:47 開始	19	*インプ兄貴	1
0002-001	有能	2	よだれw10
0003	このクソゲー江良ちゃんがやってると楽しそうだが実際自分がやるとやっぱりクソゲーなんだよなぁ	11	いろじろ	0
0004	棒高跳び初見死ぬほどワロタ	11	たるぼ	0
0005	最後のシマウマであそこまで楽しめるの尊敬する‪w	4	しまむらぁ	0
0006	失敗しま	6	うに茶	0
0007	3:08 ああ〜	2	ゲンジャキ	0
0008	リアタイじゃなくアーカイブだとクソゲー感増さない？	3	金盞花_キンセンカ	0
0009	ギバラのふにゃふにゃ声好き	3	ER34乗りのほのかの旦那 ほのちゃそ	0
0010	やっぱり江良ちゃんすごいなぁ。クソゲーを笑いに昇華している。	2	Una Owen	0
0011	おつエラ！	3	愛してるギバラ	0
0012	結局ダイビングのサメはいったい…	1	South Big	0
0013	ギバラちゃん惜しい、、、 確か、クリアボーダーが550ぐらいだったからこれはリベンジ配信ありですかね？*＾＾*	4	Nuts / Natt's	0
0014	ギバラいっつもクソゲーやってるな	3	コマド	0
0015	また地声ききたいなー 地声っていうか素？まあとりあえずききたいなー	2	昆布ぽん酢	0
0016	この画面見ながらプレイできるのすごいな…酔うわ…	6	雑食愚者	0
0017	しまうまー	1	この名前は現在使われておりません	0
0018	She sounds like Aqua from KonoSuba. xD	0	LucasRazorBlade	0
0019	ワニ王ダンス✨🕺🐊🕺✨	0	†闇の救世主†五十嵐ミーシアお嬢様	0
0020	unityやんけ…(歓喜) ていうかなんで薄い本を願ってるの？w	0	イケメンクス	0
0021	地声の件で晒されていた動画から来ました。 来た理由は地声もきれいな声で自分はとても好きなので自信をもってほしいと伝えたかったからです。 もちろん虜になったのでチャンネル登録もさせてもらいました。 これからも頑張ってください	25	orphbj	0
0022	こんなゲームをすげぇ楽しそうに遊んでるの見てたら元気でるわ  8競技中2競技0点で落としてたら目標っぽい600点届かせるの無理だよなぁ	0	ドンドコ.	0
