0001	1:52 初手「ヴォエ！」は草	96	Utsuho	0
0002	29:04 『普段のギバラ』と『かわいい』が両立している…！？最高イラストだ…！！！！	63	おさかな.	0
0003	26:20 ASMR 27:57 例のアレ( ͡° ͜ʖ ͡°)	54	KNBLADE	0
0004	30:2630:2630:26 す↑ご↓い↑で↓しょう↑	54	Anya plus	1
0004-001	トモコレ	9	ERをどきはラ
0005	低くて落ち着いた声でASMRやって　ギリギバラぐらいで　みんな気に入るから	25	サクサクパリパリ	0
0006	24:26 ここからの流れ好き	18	あおりんご	0
0007	29:03 何がとは言わないけど盛ってる？ 何がとは言わないけど	54	摩擦熱	4
0007-001	清楚を盛ってるのかな？()	0	偶像教東方勢
0007-002	髪の量ちょっと盛ったんですねわかります()	2	すちーるはむちーず
0007-003	お、、、、おう	2	セバスチャン
0007-004	摩擦熱の化身 盛ってますねこれは...	4	くふぃん
0008	1:52 開始デチ	11	首領	0
0009	今までの人生で一番豪華なお年玉だな...	15	摩擦熱	0
0010	17:50 パンフのエラ可愛いなぁ…… ﾋｮｺｯ お前口閉じろ	2	早乙女喋	0
0011	ギバラのASMRは脳がとろけるんじゃなく爆発しそう	13	佐々木太郎	0
0012	新ビジュアル可愛杉龍……………	3	斎藤ゆづる	0
0013	なんだかんだ萌木ママとも仲良くやれてるしよかった...！	4	エリンギ	0
0014	グッズでメリケンサックを思い浮かべた人は何人か居たはずです！	5	神城アキラ	0
0015	だんだんサムネのギバラが江良ちゃんに見えてきた   俺は何を言っているんだ？	2	sushi	0
0016	3Dお披露目めっちゃ楽しみだぁ〜！！！	2	メスイキみやぞん	0
0017	ギバラのシークレットはぜってぇ当てるからよ……	2	バウト	0
0018	微妙に笑えた記念ライブだったし、今回の背景も笑える♪	1	アイワナ少佐	0
0019	3Dお披露目でマリオカートの例のハンドル使うのかなと予想	2	木ノ葉Konoha	0
0020	ゴミカスASMRは普通に需要がありそうだからやって	5	club-warszawa	0
0021	3Dお披露目おめでとぉ〜ございます！女子校ノリの謎の動きギバラが見たいです！！	1	しろとき	0
0022	おー！！ おめでとうー！！	1	ノウェ	0
0023	3Dぼやけててもかわいい.....	1	香矢	0
0024	3Dおめでとうございますー！！3Dでリングフィット待ってます。	0	a koizumi	0
0025	3D来ちゃァァァァ！！！	0	パンドラの箱	0
0026	3d…😭	1	Vtuberになりたいロリ	0
0027	俺たちの御伽原	1	月奏-runa-	0
0028	1:46　開始	0	素直シュール	0
0029	大きくなったなあ！	0	ねこ	0
0030	━王候の頭に 　『最高』の二文字がよぎる━	6	柔らかい鍛冶屋	0
0031	生きてて良かったわ、ありがとう	0	水色.	0
0032	王侯コワイ・・・ガチ恋は地獄・・・・ 生きながらに殺される苦痛は図りしれん	2	よわむしArisia	0
0033	くっそ途中で寝落ちしてた… 江良ちゃんおめでとう！3D化もめでたいしグッズもだし新イラストも本当におめでたい！！！これからも見続けるよ！！！	1	標識	0
0034	おめでとう🎉🎊🎊	0	欲しいname	0
0035	良いね！☺️	0	不知火朧	0
0036	見に行ったら丁度に終わるって言うね…	7	レイチー	0
0037	まぁ自分の名前に負けないようにヌードスタンバイYeah！	1	Error 404	0
0038	スゲーよ。頑張ったな。	1	眠々眠気	0
0039	王子様は来てないけど、ガチでシンデレラストーリーしてて草	0	島三郎	0
0040	まじでお願い　江良ちゃんモデルのおしゃぶりと哺乳瓶だして🍼	6	Ophe lia	2
0040-001	需要しかない	1	てふてふ
0040-002	草	1	渡辺じもあい曜ソロー
0041	ASMRと聞いて嫌な予感しかしない	0	heian式部紫	0
0042	おかしい！！！！俺の記憶が正しければこいつが3D化するわけがないんだよなぁ！！おまえらよく考えてもみろよ！！！！清楚のかけらもないやつだぞ！ ！     ----男の脳裏に「おつえら」の4文字が浮かぶ----    本当は私の記憶が正しければ、順当な結果だと思います。 初めの頃からエンジンフルスロットルな江良ちゃんだからこそ両国国技館に呼ばれるほど人気が出たのだと思います。 耐久配信の最中に口がめちゃくちゃ悪くなる江良ちゃんも、ホラゲが得意じゃない江良ちゃんも、推しの可愛い子を見て限界化する江良ちゃんも全部大好きです！！！  これからも走り続けろ御伽原！！	10	忠犬犬公	0
0043	メンヘラくさいで思いついた ミルクボーイとギバラのコラボって親和性高い気がする コラボ商品出てくれないかなぁ...	0	magomago	0
0044	攻め責めえらさん？	0	ハルト・ハイデルン	0
0045	これからもシンデレラストーリー作り上げていってくれ。	3	ん	0
0046	ついにギバラも3D化かぁ！  スッゴい楽しみだから魂と身体の親和を頑張って欲しい	2	:ホワドリ	0
0047	今日も本当にありがとう。Vを知って早3年。今まで色んなVを見てきたけど、ここまで推してて楽しいと思ったのは江良ちゃんしかいないよ。 これからもずっと応援するからね！	2	どん!	0
0048	8:45 virtual to live 10:18 wixoss 12:40 にじさんじぷち 14:14 virtual to liveパンフレット 17:17 にじさんじkawaii cafe 19:26 御伽原出演一覧 26:19 ボイス準備中 29:03 新ビジュアルイラスト 32:56 オリジナルデザイングッズ販売予定→33:32 (36:50 メンバー何人？→37:32) 39:13 3Dお披露目配信日決定→41:12 48:03 るん！	35	ヤマノシン!	1
0048-001	QP 3分ディサピアリング 助かる	0	07 Akatuki
0049	おつえら〜！ 改めて20万人おめでとう🎊🎉！！ 告知ほんと助かる！！ こんなワクワク幸せな年末年始は初めて...ほんとにありがとう...！	1	アヲノ#調子極端	0
