0001	45:03 渾身の「クソッ！」	118	risuboos	1
0001-001	1:33:15	10	ს ̈ㄝ ̈Ⴋᖲ
0002	1:30:54 ギバラ大先生がインスタにキレてるおはなし	32	ちゃんねぎ	0
0003	他の配信者とは違って、相談に真面目に答えつつ、ウケも狙っていくスタイル大好き 4:35ガチ恋距離	37	はましゅう	1
0003-001	登録者が増えるたびにリンの顔が笑顔になる ありがとう🙏	0	Una Owen
0004	地声ギバラ 怨念たっぷりインスタの話 1:30:55	42	re	1
0004-001	もち めっっちゃくちゃわかりみ深くて草	1	HayatoV
0005	1:33:08 ここ悟空	13	maple椛	0
0006	インスタの話はマジだな... あのアプリ陰キャがやっても意味ないどころかマジで傷ついたり、それがどうした...としかならなくて不快でしかないのでクソ	19	けいた/keita	0
0007	どんなマロでも真摯に対応してくれて「江良ちゃんはリスナーを大事にしてくれる方だな」と改めて実感できました。 少し前まで頭にじさんじとか言ってた自分を殴りたいくらい素晴らしい記念配信でした。 本当に5万人おめでとうございます。これからも応援し続けます。	35	雑食愚者	0
0008	普段芸人として活躍しているギバラだけど、今回の配信はほんと見る目変わるから全部見て	24	おむおむらいす	2
0008-001	@T zwcard やっぱり見とけば良かった辛辛魚	0	健康診断の人改め不健康の人
0008-002	ワイは辛辛魚配信から 正直すき	2	T zwcard
0009	江良ちゃんはこういう一面もあるから本気で好きになってしまう	13	_おじがす	0
0010	これはオタク君好きになっちゃうよなぁ フリには応えるし相談には真面目だし悩みには本音で言ってくれる 本音って上手に言わないと角が立つけど、芸人ムーブとか自分語りで和らげられてる このお姫様に憧れてるのにお姫様ぽくないところがすごくシンデレラっぽい気がする 媚びる女たちにウンザリしてるイケメン王子様も惚れるよきっと🤴	39	ken K	1
0010-001	カピバラライダー いいこと言うね	0	イサカレミントンTM
0011	2:02:29 自分用	12	Una Owen	0
0012	バブみが深い。 かわいいなぁ。5万人おめでとう。	4	Una Owen	0
0013	結構印象が変わった、それもいい方向に	3	大塚竜平	0
0014	配信重ねる毎に魅力が増していくわね貴女	5	トウ	0
0015	正直ギバラの地声めっちゃ好きだ	4	ロールド	0
0016	早くも5万　来週には6万　配信に対する努力は不断 今日はご相談　乗ってく雑談　聴いてて楽しいギバラの閑談 溢れる母性　を享受せい　おしゃぶりのご用意　はいいかい？　バブみが深い あなたが生まれてきたことに感謝　本気で推してく覚悟があるじゃん 散々　なことばかり起こるこの社会　あなたの声で救われてるんだ その名を呼べ　推せ　応援していけ 我らがライバー　御伽原江良   ◇五万人突破おめでとうございます！◇	57	相府えあ	3
0016-001	才能の片鱗が見える見える…センス輝いてんねぇ！	3	はちみつ
0016-002	相府えあ ギバラップすこ	3	お米大臣
0016-003	しゅげぇ！	4	しゃげなBaby
0017	ギバラ好き…大好き……	3	サウス.	0
0018	江良ちゃん好きになってよかったーと思った インスタという文化の闇も知れた	5	クーゲルシュライバー	0
0019	なんか『御伽原江良』っていう人間の一面を垣間見えた良い配信だった(語彙力)	4	あぁ	0
0020	江良さんの雑談、ほんと楽しい！！惚れるぜｗ	0	Z Maho	0
0021	Thank youのくだり久々に動画で声上げて笑ったわ	0	小牧筑詞	0
0022	人の痛みが分かるギハラ好きだわ～	0	ケツカルビ	0
0023	35:35 サムネ談義的な	0	みよし【めておふぉーる】	0
0024	ありがとう 江良ちゃんほんとに好き	0	# taka	0
0025	インスタの話してる時の声怨念しかつまってない	1	ナぎサちゃんSS	0
0026	5万人おめでとう〜！インスタの話ためになった	0	やみい/朝日奈樒	0
0027	いっちばん最後まじでガチ恋しそうになるからやめて欲しい	0	みぃな	0
0028	本日も大変可愛かったです。はい	0	サラダにょー	0
0029	やっぱり、好きだわ	0	スリッパは見ている	0
0030	好感度爆上げ配信だった、地声も全然アリですわ	1	alun -アルン-	0
0031	5万人おめでとう！	0	ていあ	0
0032	今まで以上に好きになった	0	あまばさみうぇ	0
0033	インスタの話好き	0	あい	0
0034	おめでとう！	0	f m	0
0035	4:45 ひまちゃんの顔が浮かんだ	0	クロネコ	0
0036	5万おめでとう🎉 アーカイブ見ます！ すき！	0	ポパイ茂	0
0037	陰スタグラム好き	0	サトウさん	0
0038	1:58 開始  リスナーを大事にしてくれていると実感した配信でした。 大好きです。	5	言寺子お姉さんのエプロン	0
0039	コウくんも似たような感じのマロ紹介するけど、江良ちゃんは江良ちゃんで別の良さがある(日本語下手ですまん)	4	_おじがす	1
0039-001	明るい肯定をしないってことですよね！(俺も日本語下手でごめん)	0	Sekitoセキト
0040	配信最後に出てきた、｢るん｣と｢Ｃパート｣って何ですか？	0	アズバイト	0
0041	話の節々から、熟練のSNS使い手って感じがしてしゅごい	0	そこらの民衆	0
0042	インスタの話わかりみ深し	0	二ケ	0
0043	ギバラさんに贈りたい言葉？  「お慕い申し上げます」	0	サラダにょー	0
0044	ギバラ好き。	0	ぜんまぃ、	0
0045	1:58 開始	0	おもちもち	0
0046	こんな友達が欲しい	1	吸いたい猫様	0
0047	今にじさんじ内で１番正論を発信してるのがギバr、江良ちゃんなの誰が予想できただろうか。物申しやすい飾らないキャラってのもあるんだろうけどライバー皆の総意の代弁助かる	2	luv@eevee	0
0048	愛想ある、喋りが大好き、仕事並み以上にできる この子顔関係なくモテるぞ	0	ももやま	0
0049	５万人おめでとう、そしてありがとう	0	ゅぅゃょゎぃ	0
0050	あぁぁぁぁ、救われる... ママァァァ...うぅぅぅ；； バブゥゥゥゥ！！！	0	わっきー	0
0051	怨みの権化	0	。。。	0
0052	あれいつ壊れた？w	0	はる	0
0053	信用した	0	superego	0
0054	地声普通にいいじゃん	0	thina thina	0
0055	食生活だけは気になるからちゃんとしたもの食べてくれ（後方実家母面）	0	suta agera	0
0056	回を追うごとに良い人柄が出ててすごくいいと思いました	0	Takuan	0
0057	エンディングやり直しは笑ったw この配信の江良ちゃんは「御伽原ちゃん」だったー いつもこの調子だったら当初の予定通りだったろうにな〜w でも「ギバラ」の時の江良ちゃんもすこだからずっとこのままでいてね	1	たいよう	0
0058	1:33:08 草	0	raki nyan	0
0059	ギバラの放送初めて聞いたけど、すごいまともなこと言ってて驚いた 今まで見てたvの者とは方面が違うけど、これから追っかけるか	0	つっきー	0
0060	インスタへの憎悪だけで信頼できる	0	ヒーラー	0
0061	ゲーム実況について語るギバラ！ レトルト、キヨ、アブ、ガッチマン、牛沢の視聴者だったことが判明！！！ 38:30	0	うべー	0
0062	ギバラほど喋れる奴でも陰キャなのか…	0	藤田	0
0063	地声でもいけそうやんけ… 今は用事があるので… このアーカイブは好評のようですし絶対見ます…	0	尊テhad	0
0064	…エ…エラママァ…？	0	Kashiwa Mori	0
0065	途中でボロボロ泣いちゃった自分に草 アーカイブ残してくれてありがとう…ありがとう……  ちなみにアーカイブ勢も2:02:33までしっかりみることをおすすめするぞ	1	チキンぱねる	0
0066	伸びえっぐ！！！	0	長者わらしべ	0
0067	聞き逃した人のために   2:01:00  Cパートからの音楽後Dパート  江良ちゃんがもっと好きになる配信でした。	8	はるんも	1
0067-001	助かる🙏	1	Una Owen
0068	多くの配信者が〇万人記念枠を登録者への感謝やこれからの配信方針等、しんみりや明るくてぇてぇ枠にする一方でこの闇具合…一生ついて行きます()	0	ははーん、さては火属性だな?	0
0069	毎日死にそうになりながら中学通ってた時の自分に聞かせてあげたい.......  あと一番最後で泣いた....	7	Jane FN	0
0070	5万人ありがとうってなってるけどリスナーがありがとうしたくなる神回	2	おみたけ	0
0071	配信お疲れ様です 記念枠寝落ちは悔やまれる… 自分の生活リズムの変動であまり生放送を追えないのが寂しい… アーカイブだけじゃ満足できない体になっ↑ち→まっ↓て→よ↑  いつも元気をくれてありがとうございます 次の配信も楽しみです	0	夕凪	0
0072	自分の５万人記念枠で他人の３D化をお祝いする聖人ギバラ	0	ばれち	0
0073	食費1日500以下だけど死にそうっていうコメあったけど自炊ってこと知らんのかな...	0	ばれち	0
0074	思っていたのと違うかたちで、でも、とても江良ちゃんらしい記念放送でした。  切り抜きからきた人は、ぜひ最後　2:02:32　まで聞いてみて	2	れのあ	0
0075	御伽原江良が知れる放送 ある意味10分動画を作るよりより良さが分かる気がする 共感からここまで言ってくれるのか！と言いたくなるようなこともズバっと言ってくれる。そして繋いできっと心支えてくれる言葉の数々が聞けると思う、こう実際に伝えてくれる人はそういないと思う。人によって捉え方は違うのでなんとも言えないが俺はそう感じた。もっと書きたいことはあるし面白い場面もいくつもあったけど今書いた場面場面が今回はほんときた。なるべく趣旨は動画を見てほしいので書かないようにしたつもりです。 他の御伽原の動画を見るとさらに好きになるから興味がある人はみんな時間があるときに動画見ような！	6	鈴	0
0076	1:33:58	0	サクサクパリパリ	0
0077	1:57:29	0	なめ。	0
0078	あばばばばばば寝落ちしたぁ！アーカイブで見るけどなんか生で見たいんだよなぁ… 1:20:56 ｢ギバラちゃんいつもの煽りからこういうギャップでマジ惚れるわぁ…｣って思いながら寝てしまったとこ。	0	パン人間 YYSK	1
0078-001	そしてこのインスタへの渾身の｢クソ!!｣(アーカイブ)	0	パン人間 YYSK
0079	自分や誰かが受けた辛い経験から得た事を他人の為に活かそうとするような真面目さや 気配りや客観性・適度な警戒心、自分なりの努力で鍛えられたであろうメンタルの強さを持ってる。 応援してもらいたいし応援したくもなるような娘だなと再認識。長文クソ真面目コメすまん、今泣いてる。	0	うめんとす	0
0080	2:02:29	0	ままさまさまあさあさあ	0
0081	皆さんがやるべきは資産を作ること。100円から初めて毎週1割増やせば4年で54億たまる。大切なのはたとえ5000万でも年で5％のうんようができれば250万入る。一切働かなくてもそれだけ入ってくるような人生もあるってこと。どうか皆さん心に留めておいてください。	0	Yasufumi	0
0082	サムネとか編集一番凝ってる人は雪汝さんだとは思う。 委員長さんと雪汝さんはゲーム実況者好きだから気が合いそうだな。 インスタは興味ないし話はよく分かる。でもでろーんちゃんそのインスタやってるからでろーん案件が消えたってことでok？	0	リクエ 2	0
