0001	41:25 見る放送間違えた兄貴現る	256	155 P	3
0001-001	NOA氏...	0	西風騎士_ガイア・アルベリヒ
0001-002	これはひどい　皆が使えるって言うから釣られたんだろうなぁ••••	9	よわむしArisia
0001-003	アーカイブ見てたらとんでもないニキおって笑った	8	スパムおにぎり
0002	激シコパラダイスニキは会場選んで	77	ゴロン大	0
0003	50:37	89	tsukusi	1
0003-001	これは劇シコパラダイス	6	佐々木太郎
0004	～今日のパワーワード～  激  シ  コ  パ  ラ  ダ  イ  ス  ギ  バ  泉  江  良	123	ヨナギケイ	4
0004-001	HIGE MEGANE  メキシコパラダイスてなんやねん	5	理科は5点だけど
0004-002	メキシコかと思った	4	HIGE MEGANE
0004-003	声に出して読みたい日本語	4	てあす
0004-004	激 シ コ パ ラ ダ イ ス 生 放 送   だゾ	5	なふぅ
0005	11:45『ん❤ん❤ん❤あ"い"い"い"い"』	122	しゅらら.	4
0005-001	数字が汚い	2	うんうんでりゅよ
0005-002	正直すき	0	昏羽
0005-003	つべの動画でこんなに股間を刺激されるとはなぁ	2	犬属イヌ科のケルベロスのニャル子。
0005-004	想像してたのと違った... でもすこ	1	木星
0006	37:39シャンクスの腕を刈り取る形をしているリングアロー登場	28	コマド	0
0007	11:44 もう少し可愛い声出してからの流れ完璧で好き	23	くじらのくーちゃん	0
0008	確かに運動してる時はまだ辛そうだけど、そのあと割とすぐに回復してるところを見ると初期と比べて確実に体力ついてるんだよな 着実な成長を実感しながら無理せず頑張ってください	25	終点雲雀丘花屋敷	0
0009	51:10 gibara gonna be dying it's last time ever by no i can't breathe in gibara's ring fit adventure lol	50	The Neighborhood Kenz	3
0009-001	xaxaxaxaxa!!	0	ああ
0009-002	何となく理解できるの草	7	Re:layd【精度】
0009-003	lol	1	はーはーちゃん
0010	長いだろうけど、ギバラがやり続ける限り死んでも見続けるから安心して出産してくれ	23	佐々木太郎	1
0010-001	長い出産だ！	1	しおあめ
0011	概要欄へ ワイは使う(強い意志)	31	だわどぅま	0
0012	概要欄草 映画のマサオくんがたまに嘔吐しながら常時出産してるような感じなんだよなぁ…	10	なふぅ	0
0013	51:49 汚　い	9	ぼちひろ	0
0014	ふんばってる時の声が歴戦の老戦士みたいで好き	2	a a	0
0015	31:20 メタルクウラが大量に出てきたとき並みの絶望感	8	ke misa	0
0016	いや、概要欄草	10	haruru 866	0
0017	おつえら〜！ 習慣化で運動してて江良い！！ きっといつか筋肉つくから… あと23ステージがんばえ〜！	12	アヲノ#調子極端	0
0018	最近ギバラが可愛く見えてきた	13	おつ	1
0018-001	もう手遅れで草      （自己紹介）	4	さんさん
0019	ギィィィィィバラクゥゥゥゥゥゥゥン！！！！！	0	音速のソニック【公式】	0
0020	概要欄草	2	ああああ	0
0021	ギバラ続けてて偉いからうちも頑張るわ	0	えびんご	0
0022	やっぱギバラはこうでなくちゃ	1	クロエ	0
0023	今更オススメに出てこんでもろて	0	Blacky __sao	0
0024	これは汚い（褒め言葉）	0	Maokyu Ch.魔王きゅう	0
0025	頑張ってるところ見て、いつも励まされてるから続けて頂きたい。	0	藍川絆	0
0026	頑張るギバラは美しい	7	海月シロウ	1
0026-001	ダンベル何キロ持てるのOPみたいで草	0	電ボ
0027	激シコパラダイス生放送もだけど ギバラの返しが完璧すぎて草w	0	メイフの蜜ぎ隊	0
0028	日々筋トレしている王女候補はここでっかー？	0	カイザー	0
0029	ﾋﾀﾞﾘｳﾃﾞﾁｷﾞﾚﾙｩ！	0	鯨太	0
0030	お疲れ様でした。	0	P司令官	0
0031	2999じゃ半端だったから高評価押しときました。配信も楽しかったですよ	0	いーま	0
0032	運動生放送お疲れ様ダス(です)  頑張って下さい(*゜▽゜)_自←スポーツドリンク	0	ナカムラマコト	0
0033	アイコン助かる	0	昏羽	0
0034	アイドルって大変なんだなって・・・ ※繰り返し良いますがガチンコ(最高難易度)にキツめの運動に設定してます 御伽原ちゃんは元々痩せ型に加えてアレルギー体質なので体重がめちゃ軽いです というか私も一緒に運動してますが女性用なのに全く容赦無いですよ	6	よわむしArisia	0
0035	やってみると分かるけどリングの声ないと頑張れないのはガチ	0	うに茶	0
0036	リングアローのときの声えっちだよ お姫様	0	Millennium Parade	0
0037	隊長「ふん！おとぎばら　えらっていうのかい？贅沢な名前だねえ…今からお前の名前はギバラだ！いいかい、ギバラだよ！」	0	タカ派野球的な意味で	0
0038	ギバラとほぼ同じ負荷でやってるからいつも励まされてる これからも無理せず頑張ってほしい	0	あいうえお	0
0039	負荷レベル幾つですか？	0	サイ	0
0040	心拍数測るときは手汗拭いた方が良いっぽいね	0	\n	0
0041	概要欄草。俺も産まれるときはギバラ使うわ。	0	ちまちま	0
0042	もうお笑い芸人目指してもいいレベルな位面白い	0	tomo兄貴	0
0043	まあ正直使えるんですけ	5	ノアゼ	0
0044	いや、俺は使ったから安心して	0	ゆたろん	0
0045	キス顔助かる	0	抹茶	0
0046	お世話になります	5	HIGE_iAim	0
0047	Окей, спасибо за рекомендацию ютуб!	0	Юрий Гагарин	0
0048	普通にかわいい。かわいくない？	1	さくら	0
0049	なんか運動できるようになってきたんじゃない？	0	ベルヌーイ	0
0050	ギバラは汚くないだろ！いい加減にしろ！	0	田生	0
0051	使える	1	なんとかさん	0
0052	使える	0	救援物資	0
0053	原点にして頂点、的な？	0	Adria tic	0
0054	ギバラァ！確実に少しずつ体力も筋力も付いてきてるぞ！　ムキムキとか自重トレメインってだけじゃ絶望的に無理だからムキムキなったらどうしようとか気にせず続けてけ（・∀・）  自重だけでムキムキになる方法もあるにはあるけど食事も含めて超ストイックにやらんとまず不可能だから、まず待っているのはほどよく脂肪の落ちた綺麗な身体だから安心して良いぞ！ がんばれっ！	2	coinman9039	0
0055	ギバラ普通に可愛いよしよししたい  よしよしするからシコシコボイス出して	9	デトロイト	0
0056	大きく息を吸う→2秒息止め→息吐く→繰り返し をすると脈が安定しますぜ ヘトヘトの状態で効くかはわからん	3	Box Bt	0
0057	不整脈なん？	0	Sylphy18	0
0058	This game was made to create Olympic athletes out of gamers. 8[   XD	0	Phil Smalling	0
0059	ゼニトリーのテリトリー        はい	0	TTG すいsay	0
0060	マジでバンザイプッシュが1番レベルでキツイんだよな。この時点での話だからこの先はわかんないんだけど	0	飛燕の爪痕	0
0061	声はともかく自分もリングフィット始めたので励みになってます 応援してます   声はともかく	7	しおあめ	1
0061-001	御伽原ちゃんのお陰で自分も筋トレやハードな運動に希望が見えたので積極的にやるようになりました。 運動してない彼女が出来て今まで運動してきた私が出来ないわけ無いですしね	3	よわむしArisia
0062	cant believe disco brando art made it	0	Uzia	1
0062-001	did gibara put credits of his work?	0	スキャットマン
0063	満遍なくやるべきって言ってる江良ちゃんちゃんと筋トレのことわかってて好き	0	影月深夜	0
0064	これサムネどなたのイラスト？？？？ 教えて偉いマン(他力本願)	0	アヴァ	0
0065	ギバラは使おうと思えば使えるかもしれないんだけど、そこまでして使いたくない。失礼の極みと分かっていても使いたくない。	0	御谷原伊澄	0
0066	もう 王子様迎えにこなそうだから 俺で我慢しね？	0	Xx舞姫xX	0
0067	最近ギバラちゃんしか使ってないから安心して	1	猫霧	0
0068	使える使える	3	オムナイト先輩	0
0069	(概要欄について)ギバラ、俺はいつも使ってるぞ	0	32ギガバイトのUSBメモリー	0
0070	誰がなんと言おうと俺はギバラを使い続ける	4	。ぺっさん	0
0071	御伽原江良ちゃんを皆で応援して出来る事はしてあげよう!挫けないように支えてあげるのもリスナーの大切な役目だと思うの	0	よわむしArisia	0
0072	江良ちゃん……普通に使えます。あと、ぜぇはぁぜぇはぁ、してる江良ちゃんめちゃかわいい。	2	宮木城繭彌	0
0073	筋トレしたら脚太くなるって言ってるトレーニングした事無いリスナー達が言ってるが・・・ねぇよ。 脚太くなるほどのトレーニングと食事のガチさ知らないだろう！？  脚太くするにゃ自重だけじゃ限界がある。ウェイトを用いてかなりの高負荷をかけて筋肉に本気でヤバいと思わせなきゃ。 しかもたんぱく質量とか結構プロテインとか使って供給してやんなきゃ太くなるほど筋肉が成長しない。　筋肉で太くするのはそれこそ食事まで気を使うくらい地獄の日々の積み重ねの先にある。  筋肉量が全然無い状態で筋力強化とこういう運動する事によって燃焼効率があがってさらにまた同じ運動する事で加速度的に脂肪燃焼効率があがる事はある。  ギバラくらい運動不足で筋力無い状態で続けてたなら余分な脚周りの脂肪がなくなって本当に脚が少し細くなってる可能性のほうがむしろある。  筋肉付けたら太くなるとはいうが、筋肉太くするのがどれほど大変な事か分かって無い人がすごく多い・・。	1	coinman9039	1
0073-001	太くさせるには恐ろしいほどの栄養管理と機械のような完璧な生活リズム、 そして神ですら恐れるほどのトレーニングというにはあまりに厳しい責め苦...それを悠々とこなすレベルでないと...	0	伊勢野海老助
0074	使えるけどな。みんなギバラの魅力が分かっとらん。	0	伊達だったνガンダム	0
0075	ポカリ一気飲みの時の音とか使えそうと思いませんか？ 僕は使いませんけど	1	anamaka	0
0076	みんなナニに使うんや？	1	ステラおじおじさん	0
