0001	8:37:40 突然真剣に歌い始めたギバラ	448	BlanK	0
0002	8:48:35 自分用 元気が無い時に見る用	285	チキンぱねる	0
0003	9:34:55 ハローキティ ポップコーンマシーンの歌×４	187	KE	5
0003-001	懐かしい…10年くらい前に兄弟の部活の試合で寄った近くのスーパーにあった記憶が蘇る（隙自語）	1	トトーテ
0003-002	意地悪な男の子もキティーと一緒にいたら優しくなるとか少年院より優秀やん	2	ラー丸太郎
0003-003	ああ、ハンドルの回し方でタイム縮まるあれね（）	0	シュークリーム派
0003-004	上手すぎィ！	2	ヌスヌ・スヌスス・ムススヌス・スヌス・ヌスヌス・ムムスヌス
0003-005	KE 上手くて草	5	petelgeuth
0004	5:15:20 完全に猿で吹いたw 江良ちゃんほんとすげぇよ…12時間もお疲れ様でした！	189	やみい/朝日奈樒	0
0005	11:26:40 キモコメのせいで連続ミス	198	alex	1
0005-001	これが自分が書いたコメントだと 想像すると興奮しますね（笑）///	3	ラー丸太郎
0006	ちょっと飛ばそうかなと思ってシークバーいじったら1時間飛んで草	120	root 3	0
0007	同じ日に10時間越えの耐久配信が3つあった恐怖の日	307	minarai c	8
0007-001	@已己已己 ジャックハンマーで草	1	コンティロマネ/イルミナたんふぁんくら部部長
0007-002	@ラ これあんま違いないと思ったら4時間も長いな……時間感覚ガガガ	3	如月工務店
0007-003	@已己已己  思考停止足し算好き	22	ま
0007-004	るるちゃは日頃からやばいからなあ	5	とむと
0007-005	日に30時間という矛盾	17	已己已己
0007-006	ラ 教えてくれてありがとうございます！編集して直しときます	5	minarai c
0007-007	@ラ 鈴原課長は化け物すぎる	35	どくろ0925
0007-008	分割ではあるけど三枝明那(12時間)、鈴原るる(16時間半)でこの配信だから3つだね	45	ラ
0008	ギバラとディズニー行ったら楽しいやろな。色々と詳しそうやし。	18	こにし。	0
0009	1:03:20 指示厨「今です！」発祥の地 そして指示厨煽りからの大喜利大会	58	よっしー	0
0010	8:16:06 徹夜した後に2時間探してやっと見つけた。おやすみなさい(朝11時40分)	58	ぬぅきち	0
0011	にじさんじ関係者でプニキをクリアした者は今のところ一人かな？ 彼は最終的に過呼吸による手足の痺れを訴えていた… 体調には気をつけて頑張れギバラ	108	無駄脂肪弁慶	7
0011-001	天開司も実質にじさんじ関係者的ところあるから、前身の微糖も含まれるんやなって	1	kei matsuoka
0011-002	@つゆちゃんとよんで  彼のイメージカラーは赤と黒 プニキクリアのアーカイブは残っておらず切り抜きでのみ確認可能 頬にかつての名残を残している	0	無駄脂肪弁慶
0011-003	@つゆちゃんとよんで  微の字	0	クエン
0011-004	つゆちゃんとよんで  おはじきでなくて	0	アルタイル。
0011-005	「彼」という存在を知らない俺にヒントをくれないか？	1	つゆちゃんとよんで
0011-006	@タミフル  拠所無い事情につき名前は伏せる…!	2	無駄脂肪弁慶
0011-007	彼で草	8	タミフル
0012	なんでサービス終了するん？ワイの一年の努力は？？	116	ツァーリ	2
0012-001	ひまちゃんのひまわりa.k.a.58  ブラウザ右クリックしてリソース表示から.swfのファイルを死ぬ気で探して左クリックでパソコンに保存できるやで	12	Sakuraku
0012-002	そもそもプニキに努力を費やしたことが間違い	88	くらげなす
0013	10:31:37 かわよ………	71	はなびら	0
0014	0:00:00  まぁもう一周してってよ	59	溝	2
0014-001	ギバラで1日を過ごしたくない🤔	2	7scode
0014-002	帆立 地獄で草	1	ずなり
0015	お！ティガークリアしてるやん！って思ったら動画時間まだ半分で草	37	シンボル	0
0016	何でこの人ドレス姿でプニキやってんだ？	49	もなかさんどバッグ	0
0017	半日江良ちゃんの声を聞ける神配信ですね！	6	コリエンテ	0
0018	まさかさっき終わったばっかだというのか！！？嘘だろ！？さすがやでギバラ…	9	sushi	0
0019	とんでもない時間やってて草 耐久配信がこんなに似合うシンデレラおるか？？？ 何はともあれお疲れ様でした。	17	うに茶	0
0020	最近にじさんじって長時間配信流行ってんの？	3	その日暮らしのヒグラシ	0
0021	お疲れ様 今はただ眠れ、安らかに...	7	露天風呂	0
0022	何が2時間くらいで終わるだよw  お疲れ！ゆっくり休みな！	7	MOAI - MAN	0
0023	途中の妄想タイムリスナー含め全員頭ホームランダービーでクソ楽しかった ギバラお疲れ	13	遅刻鳥	0
0024	歌えばシンデレラガール 深夜は低治安モードで可愛い  長時間配信お疲れさま	36	サラダにょー	0
0025	寝落ちしたわ…ティガークリア生でみたかったなぁ	2	アクトパス	0
0026	9:34:53 　ハローキティバラ	10	ブラックモンブラン田中	0
0027	すげぇ動画時間長いと思ったら11分54秒08かぁ RTAより早いじゃん()	4	シグレ641	0
0028	今日にじさんじの耐久配信多すぎて見飽きなかった	2	残滓	0
0029	ロビカスを次コンポストにぶちこむべ～＾＾	2	カイザー	0
0030	配信時間やばすぎw マリメ2発売日思い出すわ	4	レミリアフラン【ゲーム好き】	0
0031	6:38:35 6:39:29 突然のホラー要素は草	11	dekarucha	0
0032	リアタイ途中から見て7時間もやってるんかーて思って寝たら12時間もやってた!! おつえらー ギバラゆっくり寝てくれ	24	おさおさ	0
0033	ホラーゲームと化すプニキすこでしたw	1	KURA KAZU	0
0034	これは仕方ない笑 お疲れ様でした！	1	ラッキースター	0
0035	半日もよう頑張ったな…	1	整地兵	0
0036	お疲れ様です！	1	めがくち	0
0037	8:39:40 まじですき	2	Four0lump0pool	0
0038	12時間の超長時間配信お疲れ様！ ゆっくり休んでまたどっかでリベンジしよ〜！	1	むぎ	0
0039	寝て起きたらドレスになってて草	11	いもやき	0
0040	ギバラ本当にお疲れ様！ しっかり休んでくれ！！	0	のえる_Noel	0
0041	ロビンと6時間クラスの耐久って…	1	西木寸十専之	0
0042	よう頑張ったでほんとに	1	ギバラプニキシンプル下手	0
0043	半日やってるの草	1	ぴこまる	0
0044	さすがに寝ちゃったわw	0	よしお	0
0045	ギバラ…今日も頑張ってたな…  リベンジ配信楽しみに待ってます	0	ただのリン	0
0046	相変わらずのロビカスで笑う。	1	さくらもちギンタ	0
0047	12時間もやってたんか お疲れさま	1	Ryu ki	0
0048	途中で寝たけど、頑張ってたのか。 お疲れ様ですわ	1	RёiN麗韻	0
0049	耐久…すげぇよ…	0	B A	0
0050	エンコード長そうw	0	Tok0sAmΞ常雨	0
0051	これ見てたら休日終わったわぎばらもっとすきになる	0	ベクターORC	0
0052	12時間もやってて草	0	くろめる	0
0053	しゅげぇ！	0	おさかな.	0
0054	5:15:10 絶頂猿 5:10:55 成功回	171	摩擦熱	2
0054-001	思ったより猿で草	14	やっすー/yassu
0054-002	成功した時の顔草	11	紅陽くれひ
0055	半日もやってたんかこの人	0	無課金アイル	0
0056	2:04:35	8	佐藤一郎	0
0057	あれ？おかしいな……再生時間が10時間を超えている……バグか？	5	井上風太	0
0058	プニキ12時間は頭おかしくなる	2	こぞん	0
0059	すごい おやすみ	0	A M	0
0060	ぎばら動画、作業用BGMにしてます	0	a a	0
0061	一日で17万？！とおもったら12時間も配信してて納得w	0	リhir	0
0062	動画見てないけど11時間してて笑う、すげえよギバラ、動画は長いから見ないけども。	4	オハナちゃん妖精類	0
0063	0:00～11:54:07 見所さんなのでここだけでも見よう！	41	Hiroshi Suzuki	3
0063-001	IRON RITON ニートかぁ？	3	たける
0063-002	Hiroshi Suzuki 12時間しか暇なかったからマジ助かったありがとう	6	FIRE RITON
0063-003	あると めっちゃ時間あるやんけ	3	暇人_Himativ
0064	すでに11万回再生あるのやばいな	0	ぷらてん	0
0065	限界まで配信お疲れ様！  ゆってる休んで、いつかリベンジ ゆっくり楽しみにしてる！  ほんと惜しかった...！	0	アヲノ#調子極端	0
0066	お疲れ様やで。コメント読んでくれて嬉しかったわ。	0	コマド	0
0067	おつえら！！	0	あくえり。	0
0068	10分かと思った	0	不安太郎	0
0069	お疲れ様	0	やっすー/yassu	0
0070	寝て起きたらまだやってて草。	0	現場シギ	0
0071	プニキやらリズ天やらの耐久配信で培った技能が他のゲームで片鱗を見せるの大好き	0	ろりばばぁ	0
0072	11時間！？ 精神状態おかしいよ。	0	yuhuig	0
0073	これを約12時間もやるとか頭おかしいやろ……	0	ネルネ	0
0074	11時間！？！？！？！	0	MsDsiz	0
0075	なんだ、、この配信時間、、すご。	0	もんリオの社畜ネコ	0
0076	10時間…！？	0	通りすがりの叶え隊	0
0077	8:37:40ぐらいから歌い始めたのゲロ上手くて草	39	えりしゅ	1
0077-001	普段の声とのギャップが…	0	Four0lump0pool
0078	これロビカス倒すまで王候はロビ候なんですか....?	0	サバナナ	0
0079	江良ちゃん本当お疲れ様。ずっと黙って見てたけどむしろ良く頑張ったと思う…今日はゆっくり休んでまた次のリベンジでロビカスぶっっっっ倒そう！！	0	なぎ	0
0080	もうロビカスは居なかったで、いいんじゃないかな…	12	tic chopist	0
0081	インスタのあたりでコメント読まれたのに あまりの時間に探すことすらできねえ	0	水飴tugmi	0
0082	頭いかれてんぜギバラもリスナーも	0	blind touch	0
0083	ロビカスは倒せなかったけど江良ちゃんが頑張ったおかげかこのチャンネルで3番目に再生回数が多い生放送になりました！	0	・海 MT	0
0084	また一つ伝説を作ったな	0	佐々木玲	0
0085	ギバラはしゅげえヤツなんやなって。	1	赤マンボウ	0
0086	懐かしいなぁ、これ。小学生の時に見つけてやってたわ。	0	AFOぼっち党員	0
0087	ギバラのこの耐久力、何かの実験に使えそうだな……	0	ウタヨモ	0
0088	なっつ	0	madder dog	0
0089	歌うっま	1	多分そう・部分的にそう	0
0090	マジでお疲れ様でした…！	1	小鳥遊きの 【Vな真似事】	0
0091	12時間ってマジ？頭おかしいんちゃか	21	Sch-A	1
0091-001	こんるるー	1	左慈鷹三蔵
0092	11:53:40 〜 イケボ	27	V I A	0
0093	毎度恒例 起きたらまだやってて草	4	dead low	0
0094	終わったの6分前で草	2	ryo Ume	0
0095	10秒スキップで全然シークバーが進まないと思ったら11時間で草	0	hogo	0
0096	こんなゲーム11時間もやるギバラの精神力ヤバすぎ勝てない	0	ロマネch	0
0097	2:15:00	1	笑顔かぬっ	0
0098	ギバラの声、よく汚いとか皆言うけど、僕は初めて聞いたときからかわいいと思ってました！      47:07に拾ってもらったコメ僕です。ごめんなさい、結構前から見てます。ギバラかわいい。	1	さやか	0
0099	Госпожа вы больны? Как в это можно столько играть?	1	Фёдор Чешский	0
0100	12時間はやばい狂ってるよｗ 体調気をつけろよ	0	Ryu-jin 36	0
0101	12時間………………………………？	0	_ siozake	0
0102	リベンジ頑張れギバラ！	0	のすけ	0
0103	ほんと、お疲れ様でした。こんなに長い時間 送信 すごいよ。 でも、体は大事に！	0	Sun-ho Kim	0
0104	4:42:34	2	。ふののも	0
0105	いや…、えっ？ …まじか？ いや、ほんと長時間耐久お疲れさまでした！ この配信時間はまじで尊敬します！ギバラ様！！	0	つばめ	0
0106	8:45:57 スティッチ	4	和辛子	0
0107	偶然レベルで12時間きっちりで草 とんでもねぇことなのに妙に耐久配信多いせいですごく感じられないの可哀想	7	ヴィクセルフィクション	0
0108	俺達はいつまでもロビカスを倒すの待ってるからな	0	白い白い未栄	0
0109	え？12時間？	1	サメビタキ	0
0110	後ろからギュってしたら落ち着く？はキモい。	0	スーモ	0
0111	えっ……こわ…	0	信濃	0
0112	やりすぎ	0	むみゅううどん	0
0113	途中少し寝落ちしたけどほんとにお疲れ様リベンジ待ってる	1	0827れーずん	0
0114	お前……消えるのか？ お前、この試合に勝ったら……消えるのか？	0	明夜	0
0115	1:46:32 いるよ 2:15:21 NTR	1	課金騎兵	0
0116	自分用　8:42:25	1	山々なやまやん	0
0117	3:02:08	0	Scars Intention	0
0118	1:29:40	2	ちんGAMES	0
0119	5:15:53	0	zころばし屋	0
0120	次こそはロビカス倒そうな、御伽原、どこまでも付き合ってやるよ	3	白い白い未栄	0
0121	あのお方がコミケなので変わって私が一言...「ギバラ...今日も頑張ったな...」	4	ただのつな	0
0122	0:00:01	0	冷凍半魚人	0
0123	半日もやってたのか この動画フルで見た人いるの？ ってか、途中でトイレ休憩なし？	0	くまモンnagi	0
0124	ロビン「ぼくは悪くない。だって、ぼくは悪くないんだから」	0	退魔七夜	0
0125	耐久失敗したので罰ゲーム配信待ってます	1	めもゆず	0
0126	ほんとおつえらー 11時間54分とかいう恐怖のアーカイブｗ 2:00:00 低俗モード解禁（0時過ぎたため、その前からやってたけど） この後私もやってみたけど、ロビカスの嫌やらしいところはティガーよりも左右のコースをついてくる速球だなと思う。	2	キムワイプーSDSーペイジ	0
