0001	34:34 やだやだえらちゃん	153	half realistic	4
0001-001	ムスカ大作 まさおくんって誰やねんｗｗ	0	高尾咲智子
0001-002	めっちゃまさおくんで吹いた	1	トロピカルせんべい
0001-003	だだこねまさおくんの方が正しい。	2	YouTube公式
0001-004	ちょっとだけまさおくん	14	ムスカ
0002	どんなゲームでも面白い配信に出来るのほんと凄いと思う	85	佐々木太郎	0
0003	57:02　ここの顔クソかわ	30	ロマネch	0
0004	55:19 ワンチャン赤逆転( ͡° ͜ʖ ͡°)	77	KNBLADE	1
0004-001	閃いた	0	四つ葉
0005	14:18 自分用	21	とれーにーたつお	0
0006	即終了配信と罰ゲーム配信と耐久配信を同時に行った女	24	退魔七夜	0
0007	1:49 開始	39	ove	0
0008	罰ゲームまでチキンレースとは恐れ入った1:09:30	25	黒死ペスト	0
0009	足ツボやり過ぎてそろそろ健康になってそう	8	てい	0
0010	11:53この顔好き	4	べる	0
0011	キチゲ溜まるゲームやってると声が雄々しくなるわね。	18	ろりばばぁ	0
0012	1:54 開始 31:28 9000点未満で即終了？ 39:37 ビリビリペン開始 56:55 足つぼジャンプ開始 1:06:26 ビリビリペン再開 1:12:40 足つぼジャンプ再開 1:13:15 リアクション芸人終了  大変おいしいギバ虐ご馳走様でした😇	38	ただの雑魚	0
0013	無茶な事して怪我しないか心配になりました、でも面白かったです。	7	神城アキラ	0
0014	途中から耐久ゲーになって、その罰ゲームが電気ビリビリだったのほんと草 足つぼジャンプは怪我しないように気をつけてね 今日も面白いゲーム配信をありがとう！	15	新しい季節	0
0015	今夜も元気で良かった！	4	crown fellows	0
0016	チキンの圧力	5	NANA KUGI	0
0017	何気にギバラNRSネタ知ってるのか	2	とっきい	0
0018	ギバラは課題用BGMとして最適　ありがたやぁぁああああ	0	ぐろーざ	0
0019	43:00ここめっちゃ好き	1	葉緑体ガースー	0
0020	取れ高の擬人化	2	ぴぐまり	0
0021	16:07かわよ	1	いろはすあざと	0
0022	ダンボールと同棲ってマ？	2	コマド	0
0023	出川＜ギバラ 【真のリアクション芸人はギバラ】	7	水飲み放題	0
0024	兎がやってたから 見に戻ってきたよぉ〜 ストップウォッチ？のやつ えらちゃんばりうまかったんだなって	0	-ゆうつき	0
0025	罰ゲームがない時はただのゲーム、罰ゲームありからが本当のチキンレース	0	Bear Offline	0
0026	ギャンブル	1	Space黄金比	0
0027	ギバラどんどんチキンになる	1	MTユウキ	0
0028	はいメガネ好感	1	みくたふにたろう	0
0029	今回も流石原江良	5	しょうたくん	0
0030	ものの数回でCrazy出せるあたりチキンじゃないのが分かる	0	焔神崎	0
0031	あと1問で終わるってタイミングでおもむろにシークバーをちらっと見たらまだ真ん中くらいでフフってなった	1	諸星歳差	0
0032	14:45 POOH	6	おねんね	0
0033	天空の鳥タマシィが全然成功しないなぁと思ったらラピュタのワンシーンにピンときてなかったのかw	0	抹茶犬	0
0034	この配信によって今後どのくらいの下ネタが飛び交うかがわかる配信	5	せいJ	0
0035	チキンどころかゲーム性理解できてないって煽られてて草	12	ウチダ	0
0036	トリダマシー・ランド      言ってる事は、共感出来過ぎるw	0	nora0328	0
0037	そのうち5回連続9999取れるまで耐久配信とかやり始めそうで怖い	21	がくとう	3
0037-001	@チョビ やらねえっていってやるのがにじさんじぞ？	0	くじら
0037-002	@チョビ マジ？エアプ晒したわ	0	がくとう
0037-003	やらねぇって言ってたよ	0	チョビ
0038	24:09 おとぎばらの脳ミソは光る	10	ティイロー	0
0039	何回ギバラコールすればいいんや	0	リンダ	0
0040	絶叫民向け 4:08  4:40  8:51 33:45  34:28  35:37  37:49 40:30  41:32  53:42 57:27  1:24:54	21	そこらの民衆	0
0041	見るからに100円特価カートにごっちゃに入ってる様なダチョウ倶楽部も真っ青なスベってるゲームを自己流に滑り修正してお腹痛いくらい面白くするって江良ちゃん流石やね! 自分で設けたルールの意志を曲げないのもえらい!    エンターテインメイターの鏡や!	8	よわむしArisia	0
0042	Am I the only one who thinks Gibara is not only cool and funny, but moe as fuck.	0	Despotic Waffle	0
