0001	24:00 伝説のキノピオASMR時間がない人でも是非見てくれ！	13	Nami channel	0
0002	地声のがかわいい女	25	* omiso	0
0003	16:15 ここガチ恋ボイス	7	メンヘラーtk【雪民】	0
0004	キャラ崩壊のさらに上、キャラ断念	3	きなこもっちー	0
0005	まさかギバラの配信で寝落ちするとは思わんかった…	0	まにまに	0
0006	22:49 ここのギバラすごく可愛い	18	South Big	0
0007	マジで神回だった	0	ノノモリ	0
0008	OTN組に対抗してTKB組作るか	1	みちけん	0
0009	いらんssr10人より、推し1人やで。	0	ねじまき鳥	0
0010	びっくりする位ピザポテト置き去りにしてて草	0	いろじろ	0
0011	カナダ旅行中で見れなかった😭アーカイブありがとう😊	2	幻星	0
0012	これ見ながら寝落ちしてたけどピノキオASMRでたたき起こされた。	0	クルトン_ShinShin	0
0013	風呂入ってて視れなかった…	1	ヌコナナツメ	0
0014	これがピザポテト100袋達成のアーカイブですか？？	0	ぽぽ	0
0015	配信終わったと思って油断して寝てた	0	しゃるる	2
0015-001	@きなこもっちー 社長！？	0	しゃるる
0015-002	しゃるる 甘いぞ遊戯！	0	きなこもっちー
0016	オバママスパチャしてて草	1	ミヤギ	1
0016-001	アイマス放送でスパチャ解放してなかったから回収で枠取ったんだろうね こういうことを普通にできるのは企業としては頼もしいところだ	4	ki ari
0017	ニッコリやで	1	愛してるギバラ	0
0018	そのうち全裸配信とかしそうだな、このプライドの無さだと、でいちからに本気で怒られるまでがコンボだなw	3	❰敗中❱	3
0018-001	郡道先生はもう色々諦められてるから････	1	❰敗中❱
0018-002	にじさんじには無限の可能性がありますねぇ…	2	犬も歩けば棒にセイー
0018-003	裸で配信はもう既に郡道先生がキアラ爆死配信でやってるんだよなあ(その後別に怒られていない模様)	17	SKTNihei
