0001	1:22:09 パルキア	270	バンデリデリ	0
0002	Youtubeにも指定コメントミュート機能できないだろか  「あ………」「さて」「音量注意」  この3つが消えるだけでも大分チャット欄が平和になる	127	爆走高齢者講習	2
0002-001	視聴者側としてはブラウザ限定になりますけどChromeの拡張機能でNGワード設定出来たと思いますよ	9	ま
0002-002	NGワード設定はできた気がする	4	ジョニィ・ジョースター
0003	35:52～ 外人ギバラ	152	不屈のもなか王田中	0
0004	48:59 で理解してなさそうだったので軽い解説 金持ちの男:自分の宝物を自分で運んでた←(金持ってんのなら雇えよ…) 狩人:たまたま近くを通った人←(絶対宝物を見て近づいたろ…) 犬:今回の被害者←(わんわんお) ～～～～～ 金男→狩人:「ええとこに来た、ちょっと宝物の見張り頼むわ」「りょ☆」 狩人→犬:「ママの様子見てくっから見てて」「りょ☆」 金男→犬:「これ褒美ね、飼い主によろ」「りょ☆」 狩人→犬:「てめぇ盗んできたのか!!」「猟」	103	りーり	0
0005	52:52　無意識でダジャレを言うギバラ好き	108	あまばさみうぇ	0
0006	ネタバレキッズはホラゲ枠の時だけアーカイブ勢になればいいのに。     俺はしててもしてなくてもいいけど、ギバラが嫌がるなら辞めた方がいいだろう。	93	やまだたろう	0
0007	1:47 ギバラ登場	114	湶-いずみ-	1
0007-001	ありがてぇてぇ	1	酒に溺れた吉岡
0008	1:22:10 怪獣の産声	57	だくてん	0
0009	12:48 ホラゲ定番ですね	67	Mare	0
0010	1:49:21 かためを とじるのがいい  天才が？	66	gary4505	1
0010-001	かわいい	3	うに茶
0011	この頃はまだ江良ちゃんが生きている！	15	Ankuアンク	0
0012	読むと死ぬ本のときの「ゴシゴ死」ってコメント超笑った	7	誕生日おじさん	0
0013	ホラゲなんて怖くて出来ない！ 江良ちゃん頑張ったな！ 女の子みたいで可愛かったで	76	サラダにょー	2
0013-001	この子は江良ちゃん。女の子目指して頑張ってるけど、性別はまだギバラ。（個人的見解）	19	にょにょ
0013-002	女じゃなくて草	19	地底人
0014	1:46:15 自分用、片目のギバラ	27	YuiwaShake	0
0015	ネタバレしないで日本語わからんのかね？ せっかく配信自体は面白いことやってるのにコメントのせいで不快。ネタバレコメント見えてないフリしながら進めてるであろう状況も楽しさ半減。	18	アルマ次郎	0
0016	1:20:29 俺得	94	碧井かえる	2
0016-001	1:20:32	6	ネフライトを崇める民
0016-002	俺はお前のことすきやぞ(ラブストーリは突然に)	11	不屈のもなか王田中
0017	1:03:56 ここすき	9	ゆたかみどり	0
0018	初見で血のトラップ回避 初めてみたw	21	poke 09	0
0019	全力でカエルに愛着湧かせようとすんの草	23	ちゃんぽん	2
0019-001	名前を付けようって言いだしたやつ性格悪すぎてｗｗ	4	ユル
0019-002	ギバラめっちゃ良い子になってて草 リスナーが人の心を失って来てるゾ…	7	大地の結晶
0020	カエルに名前をつけるくだりワロタｗｗ 鬼畜リスナーｗｗ	17	arukanY	0
0021	血壁を「怖いから」という理由で避けるとは…性根の優しさが出てるな	13	蠍の燈火	0
0022	メンヘラに捕まるメンヘラってコメントほんと笑う	7	スピカ	0
0023	左右に体揺らすの可愛い	13	クラフター	0
0024	あばばばばっ！かわいいんですけど、、、！！！	12	龍太一号	0
0025	サラリーマンの月収並みのスパチャ額は草	11	Yuki３００５	0
0026	みんな、ネタバレはやめようね。 それはさておき、思ったよりテンポよくクリアしてて凄い。後半はマジでムズくなるので頑張って欲しいね。	18	赤城哀感_あかぎあいかん	0
0027	カエルのくだりが本当に好きだった	7	うに茶	0
0028	サクサク進んでたけど、チャット欄のネタバレは想像以上に多いから抑えめにね	11	Kei	0
0029	昨日の配信見てから来たら全然別人なんやがｗ	2	[編集済]	0
0030	ホラゲよく頑張った。 登録者数8万人もおめでとう。	9	アボアボさん	0
0031	19:14 自分に可哀想という考えがないことに愕然とした	19	べるふぇん	0
0032	懐かしくなって戻ってきてしまった	4	二木草	0
0033	カエルに名前つけさせる流れはよかったけど、その後のイベントはコメ欄があまりにも露骨すぎて萎えた	21	天界守護騎士ラプラス	0
0034	あかんギバラで寝落ちしてもうた	6	みやちも	0
0035	カエルに名前付けようとか言ったやつ鬼畜すぎて草	1	shou o	0
0036	この頃はまだ清楚ぽい部分が1部存在していた	3	HAL-マキ	0
0037	ギバラさんがビビり過ぎて見てるこっちも心臓バクンバクンになった… 後、チャンネル登録者8万人突破おめでとう🎉	16	ポンコツ	0
0038	お手本の様な叫び助かります。叫び方を忘れてしまった時にこの動画を見て思い出そうと思います。	7	ちゅーたgame	0
0039	行動と反応が模範解答すぎる	3	* Arophie *あろふぃ	0
0040	8万人おめでとう🎉	4	渡辺曜推し	0
0041	あばばばいっぱい聞けて大満足	4	にょにょ	0
0042	ギバラ可愛い((o(｡･ω･｡)o))結婚して〜ww	1	雲雀夜々ナノ	0
0043	展開わかっててカエルに名前付けさすとかリスナーの性根腐りきってんなぁ。 心痛まんの？ さすがギバラリスナー。        いいゾもっとやれ(歓喜)	10	邪智暴虐村の民	1
0043-001	しかも初見でもその一言で展開を察してしまうんだよねぇ	2	ポヨ酢。
0044	実は裏で声で進むゲームでもやってるんか？	2	三日月凌牙	0
0045	カエル撫でられるの初めて知ったぞww	0	ネ!コ!	0
0046	コメント見てて、カエルが襲い掛かってくるんかなー、とか生優しい事考えてたけど、それの10倍くらい酷かった	3	満月の夜	0
0047	８万人おめでとう。 素直でかわいい江良ちゃんも、 元気で楽しいギバラもどっちも好きやで。 コラボも増えて魅せる表情も豊富になったし これからも増えていく。　応援していく。	3	幻場琴月	0
0048	40:50　癒し	8	Yuki Yoshi	0
0049	あばぁっ！！！！！(鳴き声)	0	白兎	0
0050	最初の熊は分かっててもビックリするんだよなぁ……	0	『ああああ』	0
0051	苦手なのにホラゲがんばってえらい！！本当にえらい！！！ かえるくんで喜んでる江良ちゃんめっちゃかわいかっただけに鬼畜コメント欄の所業よ・・・！！ ８万人もおめでとうおめでとう！２ヶ月ちょっとでここまでこれて本当にしゅげぇ！！これからも応援してるね！！	7	ユリ	0
0052	スピーカーの壊れたフラワーロックンロール	1	コズミックバケツ頭さんスパチャありがとうございます	0
0053	19:00くらいの 天才か〜？が煽り強すぎて笑う	0	にゃみぃソウル	0
0054	やっぱお前見てると楽しくなるわ	1	露天風呂	0
0055	ましろみてきたけどギバラが正常だった	1	リhir	0
0056	22:40 んとこ、まじで悲鳴上げた 深夜に。	0	かやぴー	0
0057	やっぱ謎解きゲーは配信向いてないな。配信者側がネタバレだめだって言っても湧くもんな。気づいてないフリするのも大変そうだなぁ。悪意はないんだろうけどそれが一番タチ悪いわ。	40	つるとんたん	0
0058	まだ江良ちゃんかな	1	Pacifist	0
0059	苦手なのにホラゲ頑張れてえらい！ ウィンクも最高に可愛かった	3	ふたみ	0
0060	トイレ行く時の表情ヤバくてトイレ行く理由が｢どっち｣なのかわからなくなった.......	0	神咲成義	0
0061	ホラゲやってる時のギバラのあばばばがこみっくがーるずのかおす先生にしか聞こえなくて可愛いw	0	kiyo	0
0062	熊の手のとこで耳取れるかと思った	0	Re Re	0
0063	ニガ〜♪	0	わため印のすいそすい	0
0064	初手の初見殺し回避してんの草	1	しょーる、スープラ	0
0065	首座ってなくて草	0	椛Momiji	0
0066	長時間ホラーゲームお疲れ様〜！ カエルにあんなに同情してる人 初めて見た......やさしいかよ!!! 次回も、楽しみにしてる〜！   あと8万人おめでとう🎊！	11	アヲノ#調子極端	0
0067	トイレに行った時の顔が一番の恐怖	0	EIGHTピーナッツ	0
0068	かわいい	0	あのまろ	0
0069	1:47から	0	ナツメグ	0
0070	トイレ中の半目ワロタ	0	可能性無きヘスト	0
0071	ギバラが、かえる押し込んでるのみて、なぜか『うちの姫○が一番かわいい』を思い出した	0	リゼ偽翼の天使	0
0072	ホラゲの中で一番好き。ギバラ配信でより好きになったわ。好き。ホラゲなのに楽しさがチラつく感じ最高。  気のままにアプリを閉じればいい視聴者と違って、彼女は主人公と同じ、引けない状況下なんだと思うと……うん…………。	2	たんたん	0
0073	ごめん、最近リスナーになった勢としては、まだ清楚感があった時の方が違和感あるし、テンションが…って感じなんだが……      でも可愛い	1	ましゅうMasyu	0
0074	声高くね？	0	田中太郎	0
0075	🐸「天に帰るわ」	0	NEOすぺりたぬ	0
0076	配信終わってファミマで「杏仁豆腐は飲み物です」買ってきちゃった。 杏仁豆腐好きならみんな好き。	6	更式	0
0077	11:10	6	raki nyan	1
0077-001	raki nyan  「入っちゃった！」	1	RX TG
0078	今回のスパチャ総額いくらだったんかね	3	ER34乗りのほのかの旦那 ほのちゃそ	0
0079	怖いのダメなのに意外とサクサク進んでてかしこい！ 次も頑張って！おつえら〜	3	Setsuna	0
0080	カエルに名前つけさせて愛着湧かせるリスナーの外道ムーブで笑っちゃう	5	Akihal	0
0081	1:38:07  ここ素材っぽい	0	ミク	0
0082	魔女の家でRPG制作の勉強してる人挙手(まさか…居ないよね？)	1	リゼ偽翼の天使	0
0083	クマさんが出てくるところ🧸 22:50	4	my Fre	0
0084	ホラゲーお疲れ様です。 めちゃくちゃ怖いのに、怖がりながらも楽しそうにプレイしてるのほんとしゅげぇ…尊敬する… 登録者数8万人おめでとうございます！これからもいつまでも応援していきます。 🐸＜『覚悟』とはッ！暗闇の荒野に！！進むべき道を切り開くことだッ！	8	おいしいからあげ	0
0085	取り乱してるギバラ可愛い。 抱きしめてあげたい	3	Error 404	0
0086	ギバラならわんちゃん放置エンドなるのでは？とか思ってた	3	夕闇 詩葉:騙されたニキ	0
0087	🐸🐍🍴	1	まへち	0
0088	ギバラの喘ぎ声DLsiteとかで販売したら絶対買う	0	ろっとっと	2
0088-001	@しぐしぐ 汚ったない喘ぎ声って良くない？(特殊性癖)	1	ろっとっと
0088-002	ｱﾞｱﾞｱﾞｱﾞｱﾞ!!!	0	しぐしぐ
0089	唐突にオペラを始めるギバラまとめ 25:22 25:45 26:14 26:51 27:26 27:59 37:44 42:13 42:47 44:09 44:21 01:07:51 01:09:33	0	NEOすぺりたぬ	0
0090	1:41:30 🐸「俺の人生には悔いはない…。嘘じゃねえ。俺が本当に欲しかったものは、どうやら名声なんかじゃなかったんだ…。俺は生まれてきても良かったのか…。欲しかったのはその答えだった。かえるの血を引くこの俺を愛してくれてありがとう！！」	8	碧井かえる	0
0091	1:46:33 ほんまにちゃんと片目閉じてるのかわいい	0	TSUTAYA	0
0092	カエルであんなに逡巡してる人初めて見た。ホントに根が優しいんやなぁ… それに比べてコメント。お前らの血は何色なんだ…笑      ネタバレはねえ…もちろんヒントがないと永久に詰まる人もいるから（俺）、一概に悪いとは言えないんだけど…直球で答え言う奴はもう少し捻れよとは思う。	0	John	0
0093	ホラゲお疲れ様！頑張ったな！！！   1:03:57「嘘ついたああああああああああ」で不覚にも噴出した	4	クルトン_ShinShin	0
0094	1:41:30 えらちゃん、今まで楽しかったよ	1	空を舞い続けるカエル	0
0095	テディベアの件とかでもさぁ「あっちにハサミがあったなぁ、まさか？」とか「ハサミで…」とかうるせぇよ ネタバレしないでって言ってんのに日本語理解できねぇのかすげぇムカつくわ ギバラは可愛いし観てられるのにコメントがチラついてウザいったらありゃしない  こういうコメントしても変わらないのはわかるんだけどごめんなさい憤りを感じました	43	優遊	0
0096	🐸Qua.	2	Una Owen	0
0097	10:46 コメント読んでもらえて嬉しかったんだがこれネタバレになる…？	3	腰を振る振るフルボトルおじさん	5
0097-001	フルボトルおじさん腰を振る振る   分かればええんやで分かれば......	1	ぜろはち
0097-002	やっぱダメかーw 反省するから許し亭許して	1	腰を振る振るフルボトルおじさん
0097-003	杏奈ちゃんの所にもいるアマゾンおじさんじゃん    ぶっちゃけゲームには全く関係ないけど世界観に関係あるネタバレなんだよなぁ…	6	ヴィクセルフィクション
0097-004	わいは、もはやゲームの事に関して何も言うな黙って見てろって思うね。	14	ぜろはち
0097-005	フルボトルおじさん腰を振る振る  クソ重要なネタバレの極みやんけw	12	Sアリア
