0001	1:05:57酒乱ギバラ	111	ゲェジインターネット	0
0002	34:35　　人類最大の謎 40:40　　　アァオ/// 47:39　　　悪魔 53:10　　　前世の職業バレ（！？） 1:00:40　　そして伝説へ... 1:05:30～　酔っぱらいギバラ(可愛い)	44	木星	0
0003	［ストレス発散回］ いきなりサツガイ現場で草 今日の名言 『人を轢けないマリカはマリカじゃねぇよ』	35	アイワナ少佐	0
0004	※この方はメジャーデビューしてアイドルになる方です。決して犯罪者では御座いません。	133	アジフライ	4
0004-001	そのあとギバラがにじさんじの王を目指す旅に出るのは、まだまだ先のお話	6	仲間
0004-002	この後ギバラだけがメジャーデビュー取り消しになったというのは、まだ先のお話	6	漆黒の翼を持つ男yuya
0004-003	アジフライ  ギバラがメジャーデビューしていよいよ遠くの存在になって来たのか(しみじみ)と思ってたらそんな事はないという草話し	20	Jene Doe
0004-004	あの両国ライブと感想配信でガチ感動した自分はなんだったんやろ...	25	タチバナ
0005	にじさんじ杯と同日にGTAでマリカーする女        好き	48	ポテト男爵	0
0006	心が荒むとGTAやってる印象しかない。	51	やすひろ	0
0007	17:31 ヒロシです………。 ギバラです………。	22	チョキ	0
0008	46:32  「オマケに〜君も！」	21	アトリエ	0
0009	8:26 顏 47:26 コンパクト グレネード ランチャー 54:04 ギバラ炎上 1:02:55 かわいい......いや 1:07:30 飲酒運転	50	KNBLADE	0
0010	タイトルどっかのババアみたいなこと言ってて草	13	猫好き社長	1
0010-001	？？「白人はよく燃えるねぇ！」	0	とろエフ
0011	映り初めて初手死体なの草	41	初代	0
0012	47:36 恐らく鈴原よりサイコパス	8	「夜中の夜明け」lover	0
0013	1:00:46  伝家の宝刀	59	さとりーぬ	0
0014	36:55 〜38:27 個人用	7	兎城	0
0015	荒んだ心の持ち主である女の子にＧＴＡやらせるといかに危険かがよく分かる動画	5	tomo兄貴	0
0016	松本人志でメタクソウケた	2	TBO	0
0017	48:17 ちょっと810	5	ムスカ	0
0018	タイトルが○ーちゃるお○あちゃんみたいで草	3	はーはーちゃん	0
0019	江良ちゃんを救いたい	2	キロキロ	0
0020	まーたマネージャーさんからＤＭ入っちゃうね	7	MAKER REEED	0
0021	52:31 にじさんじ杯 御伽原江良の使用キャラ	4	kozi	0
0022	うん、まあ…ピザでも食って元気だして…	6	ai nii	0
0023	初っ端からバーサーカーすぎて笑うわw	2	Kids Gakincho	0
0024	ほんと草、面白すぎるw	0	けーた	0
0025	おつえら〜！ 元気が一番！！ 辛いことって重なるけど、きっと いいことあるよ 辛い時はリスナーや配信にぶつければオールオッケや！！	21	アヲノ#調子極端	2
0025-001	サンドバッグリスナー	1	珀凛花
0025-002	そのためのリスナー	1	邪智暴虐村の民
0026	動画の掴みが完璧すぎる。 やっぱり配信の天才なんやなぁ...	4	2 Kurapiko	0
0027	R★「こいつこっわ...」	2	ペルヴェルスTAKU	0
0028	3:35  マリオカート	8	あのまろ	0
0029	「だろうね」本当好き	1	ほのはまる	0
0030	ダークネススマイリング使ってるじゃん笑	2	叶ツカサ【かのうつさか】	0
0031	サムネ見た瞬間『人とは』みたいな哲学的な配信なのかなって思って、いつものギバラと違う気がして再生したらいつものギバラで安心した	5	りーりー	0
0032	17:20  メジャーデビューのお話	3	あのまろ	0
0033	出オチなの草	2	ふぇむと	0
0034	22:50 血ぃ舐めたいです	3	Tissue Paper	0
0035	落ち着けw	0	myu chan	0
0036	今までのGTAでいちばん好き	0	つなまよ	0
0037	30:00現実を見せられブチギレるギバラ	1	ああ	0
0038	裏にじさんじ杯(独走)	0	アダムス川戸道	0
0039	確実に精神疲れてて草	5	焼きしいたけ	1
0039-001	焼きしいたけ 着実に人が辿り着いてはいけない何かに近づいている説	1	血塗れ吉影
0040	19:47　ギバラです	0	nozumi nozumi	0
0041	これがメジャーデビューするっていうvtuberか…	1	漆黒の翼を持つ男yuya	0
0042	にじさんじ、切実に幸せな結婚してほしいライバー多すぎ問題	1	唯一むにむにロッシ	0
0043	御伽の国の舞踏会…？	2	福々ロウ	0
0044	GTA5のストーリー本当面白いから一回やってみて欲しい　…やってたんだっけ？やってない？	0	ユル	0
0045	江良ちゃんのGTAやり放題シリーズ大好き。	8	蛇屋	1
0045-001	やりたい放題やってるのはギバラだ！！ 江良ちゃんはこんなことしないッッ！	3	-Noy-だりまぎ
0046	47:39新しいおもちゃの使い方を知ってしまった殺人鬼	0	ああ	0
0047	強く生きて	0	中田	0
0048	23:11ギバラ、段ボールでハサミを切る	13	ああ	1
0048-001	何かがおかしい	2	炊き込まれしレオ
0049	禍福は糾える縄の如し これ大事 そして昨日覚えた	0	Space黄金比	0
0050	1:00:42 伝家の宝刀	2	通勤特快許可局	0
0051	今迄チャンネル登録したら負けだと思って頑なにしてこなかったけど流石に今回の配信でチャンネル登録しなかった	1	Solubliker 4689	0
0052	マリカ配信だった…のか…？	0	gy h	0
0053	くっそメンドクセー女発動してて草だった。 この頃幸せそうだったのに、久々にみたなーこのやさぐれっぷり	1	抹茶のあまさき	0
0054	変なサムネの動画がなんかよくおすすめ出て来ると思ったら ギバラやんけ！！	0	ドラえもん	0
0055	おつかれ〜	0	*きなこ	0
0056	アイドル業で心荒んだらGTAやってくれよな	0	Sata nael	0
0057	マリカにじさんじ杯 Gブロックは良コメ	0	邪智暴虐村の民	0
0058	動画開いたら人死んでて草	0	蒼ほたて	0
0059	まーた物騒な切り抜きあがってんなあ→アーカイブやんけ	0	isui sanden	0
0060	バーチャルおばあちゃんの孫娘   あと「粉買った」にしか聞こえなくて草だった	0	ほそきかずこ.jp	0
0061	我、にじさんじゾ？  あと 結構暴れてるのに 低評価40は少ねぇ	1	名無しの提督	0
0062	無理はしないでね	1	妖怪マトンカレー男	0
0063	ちなみに12月25日のクリスマスは、キリストの誕生を祝う日であって【”誕生日ではない”】ことを知らない人が多いことをここで知った( ;∀;)	0	ぽわわん	0
0064	ほとんどのアーカイブを残してくれるギバラ好き	17	たなは	0
0065	悪の心だ。	0	66 nanasi	0
0066	あまり無理しないでくださいね	0	dotism	0
0067	ギバラにはギバラなりの生き方があるんだ。だからめげずに頑張って。色々あって苦しいと思うけどその中で頑張ってるギバラは輝いてるし好きだよ	0	パンドラの箱	0
0068	マリカ第二回にじ杯Gブロックはここですか？	0	ノアゼ	0
0069	黒いなぁw          ほぼ平常運転か	0	NAME NO	0
0070	これがVBなのかい？恐ろしいねぇ…	4	こばミン	0
0071	1:06:30アル中ギバギバ	15	天キノ	0
0072	なんで俺こいつのメンバー入ったんだっけ。	0	Hikaru	0
0073	荒んだギバラの方が好きw もっと強く生きて自虐して(´・ω・｀)	0	長門 紡玖 Tsumugu_Nagato	0
0074	ガチで精神やばくなってるじゃん...特にメジャーデビュー関連の話とかこたえるだろうな... 普通に心配	0	夜桜.	0
0075	これ笑わねえやついんのかww	0	もきゅもきゅ	0
0076	芸人のひろしみたいな雑談で草　酔っぱらってる様はなんかかわいかった	0	_ onion	0
0077	メンヘラになろうとするから不幸が絶えないんだぞ。全てが敵に見え全てが不幸になるから現実逃避以外楽しい事はない ""メルヘン""にはなっても良いがメンヘラにはなるな。"此処での"本物の精神病院に入ってるメンヘラからのお話は以上だ。  言いたい事は山程あんぞギバラ	4	よわむしArisia	0
