0001	とりあえずバンデラスは 怪しい本と怪しいツボと ボイスをBOOTHにだしてくれ 世界が救われる	117	柔らかい鍛冶屋	1
0001-001	マジでボイス出てて草	1	柔らかい鍛冶屋
0002	6:02　ダイヤモンド・バンデラス教教祖ベルモンド・バンデラス氏の応援メッセージ(ご利益最強)	132	ワイトケイ	0
0003	ベルモンド教ヤバすぎて草	77	しもT	0
0004	配信40分ぐらい期待してたのにもう 終わってんの草 教祖の力凄過ぎ	64	しん	0
0005	ガチャ配信を切り抜きなみに短くする男ベルモンド・バンデラス	40	ドラゴンタヌキ	0
0006	御伽原ちゃん:特性激運 　　　　　　　　　　　　→必中 ベルモンドさん:特性激運	34	よわむしArisia	0
0007	5:58 可愛い	42	猫霧	0
0008	11:10~のギバラの表情変化で笑った	7	ポンデリング	0
0009	やけに短いと思ったらベルさんか！	24	せかい	0
0010	ベルモンド教に入信しようかな...	25	クリスタルバーガー	0
0011	おつえら〜！ ベルさんほんとありがとう ございます...！ 2人とも10連で出るとは笑	34	アヲノ#調子極端	0
0012	伝説の配信	41	田中詩音	0
0013	「やっべ遅れた！！」って来たらまた切り抜き並みの配信時間で草	35	夜桜	0
0014	輝子でなくて天井しました でも輝子手に入ったから実質無課金	7	しのぶん	0
0015	見てない人は動画時間で結果が分かる	13	究極のカニカマ	0
0016	エンドカードのリゼの声いいな～～！！	9	えかよあん	0
0017	ベル様に土下座凸配信しよう	5	木星	0
0018	あまりにも早すぎて視聴者が集まりきらなかった…！	3	ハチ#凛fam	0
0019	これが教祖の力か 伊東ライフが即座に出るギバラも大概だけど	10	にゃんこモフり隊隊長	1
0019-001	8:55	4	higasinojiya
0020	ベルモンド教の御利益初見だけど凄すぎて草　いかんでしょ	19	フォル	2
0020-001	@coinman9039 はえーすっごい・・・ マーリンガチャのアーカイブとか見てきたけど豪運で片付くレベル越えてるよなぁ・・・	0	フォル
0020-002	マイクラのダイヤモンドに関しても・・・実例がありすぎて・・。 郡道先生とロアちゃんでダイヤ掘りって時も掘り始めて数分でいきなりヒット。その後定期的に出てくる・・。  歌衣メイカちゃんが教えを実行したらものの数分でダイヤが見える。その後ももう一度ヒット  リゼ＆戌亥も実践した所１分あるかないかでダイヤに遭遇。  そして今回のこれ・・。多分これベルさんが教祖なんじゃなくてベルさん自身が神なんだと思うんだわ。	0	coinman9039
0021	まだ終わっとらんやろ    終わってて草	6	たなは	0
0022	そして伝説となる	3	しもT	0
0023	いや、これは草	2	物部.	0
0024	これはいい切り抜き	13	色褪せた匠	0
0025	ベルさん良い人やぁ・・・そしてそのご利益の凄さと来たら・・・(汗)	10	如月てぇ提督	0
0026	やべ！遅れた！と思ったらまず配信自体終わってて草	8	HIGE_iAim	0
0027	これを見てベルモンド教入信を決意しました	7	コー太郎	0
0028	鼓膜がww	2	汎用はむ	0
0029	これもしやガチャ耐久最速なのでは...？ベルモンド教入信するか...。	6	現場シギ	2
0029-001	@Saikyo Mesugaki ベルモンド教教祖じゃん...やっぱベルモンド教本物じゃん...。	3	現場シギ
0029-002	実は12分32秒で終わったガチャ耐久配信があるらしい ベルモンド ・バンデラスって人のFGOマーリン耐久なんですけど…	7	Saikyo Mesugaki
0030	やっぱりやべぇなベルモンド教	0	天キノ	0
0031	オシノコヲ・ヒクンデスさんやべぇw	4	ゴロン大	0
0032	流石はデルモンド・バンギラス様でございました。	3	かわヒロ	0
0033	コラボ秒で終わって草	4	ユリスキー	0
0034	ベルモンド教に入るためにはどうしたら良いのでしょうか？！	0	カニカマ	1
0034-001	(過去のマイクラ配信か最近配信中のメタルギア配信を見るのです…少しだけではありますが加護を得られることでしょう…事実私がそうでした…我らが教祖様のチャンネルも忘れずに登録するのです…)	1	サブナック
0035	ベルモンド教今入ったから限定は引けなかったけど30連で保奈美さんは来たよ。ハハ	2	sushi	0
0036	「あれ？短い…」  「…あっ、ベルモント様か」納得	3	でっけぇでっけぇでっけぇわでけぇチチよこせや限界です	0
0037	尊過嘔吐RTA	1	コーンクリームを略すとコンクリ	0
0038	早すぎ...	3	ユウチノ	0
0039	いや草	2	すずかすずしろ	0
0040	すまん素朴な疑問なんだけどSRって最高レアリティではないけど結構出づらい感じなの?	2	Cビタミン	2
0040-001	ピックアップで多少は出やすいけど一点ねらいはムズい感じか・・・	1	Cビタミン
0040-002	限定カードだけが出るわけじゃなく恒常ガチャのカードも出るから、カード一点狙いがそもそも難しい	8	sushi
0041	ベルモンド教入信不可避	2	田中ひろし	0
0042	このガシャのためにわざわざボイス録ってくれるのさすがベルさんだしベルモンド教のすごさがよく分かるガシャだった…	0	RICCIA[リシア]	0
0043	ここまでくると怖いな	0	kuro yabu	0
0044	見てないけど5分持てばいいねって思ってる	1	DJ GOMAスリ	0
0045	2人とも早いなぁ	0	つきよも	0
0046	SR幸子ホシイ...ホシイ...	0	なないし	0
0047	ベルモンドｫ…。	0	れざ田びむ男	0
0048	早っや	0	Artemis Q?	0
0049	10:15 ここふじとも	1	紅鮭	0
0050	ベルモンド教 布教ビデオ	0	陽炎日和	0
