0001	28:16 ギバラは男の気持ちが分かりすぎる	523	dekarucha	11
0001-001	普通に見てる話してる…あるあるじゃねえよ！	0	タカ派野球的な意味で
0001-002	マジでギバラは男なんじゃないかと思うレベルで詳しいな        自分的にはエロ漫画の夜に毎日エロ漫画そしてエロ漫画喫茶をよく見るかもしれないなぁ同人ならぶひどうとかかな	4	にゃおすけ
0001-003	なんでこの気持ち知ってんだ？w	0	free
0001-004	左慈鷹三蔵  前世モーツァルトはセンスあるわw	0	ぐぐ
0001-005	女はだいたいそうだよ	0	イケメンサイヤ人
0001-006	ここ分かりみ深すぎて逝った	0	剣翔
0001-007	たぶん前世モーツァルトとかだとおもう	2	左慈鷹三蔵
0001-008	分かりみが深くて草生える	2	とらさん
0001-009	男の導入で草	3	nori nori
0001-010	ギバラちゃん男性向け成年漫画読みすぎ説	38	a a
0001-011	女の子だけど性格が逞しい。	28	よわむしArisia
0002	エロを語らせると童貞そのものになるのに、美容やファッションについて語る時は陽キャ女子になる不思議な生物、ギバラ	272	佐々木太郎	1
0002-001	つまりギバラは痴女で童貞で処女で女の子でメスガキでお姉さんでお婆さん	30	てよくま
0003	サムネで新人ライバーに威厳を示す先輩ライバー	199	Libido of Bacon	2
0003-001	奏音夜桜 草	1	DASAO TAUYO
0003-002	Libido of Bacon 痴態を晒すの間違い	7	奏音夜桜
0004	51:01	314	ーーー	1
0004-001	ーーー アイコン奇遇だなぁ	11	Fooちゃん
0005	21:54「うわ〜騎乗位」	64	カンナさん	0
0006	3:28　ここ分かりみが深すぎる	68	アリババ	0
0007	1:00:10 ここら辺から「〇〇ちゃんとは？」みたいなコメ多くて、配信者って大変やなぁ…って感じた…	57	舞妓・ ・	0
0008	美容とエロには反応する女	66	サクヤヒメてぃーゔぃー	0
0009	俺はエロサイトだけ集めたSafariのブックマークを「学業用」っていう名前でまとめてる。	61	p53遺伝子	2
0009-001	性教育	9	きよね
0009-002	あながち間違いでは無い	11	gy h
0010	42:24　必要性が薄いからってよく忘れられるブラジャー君可哀想…	34	ku ra	0
0011	1:47 ここまで江良ちゃん   追伸 最初からいませんでした	229	語彙力は無い	4
0011-001	悲しいなぁ...	0	語彙力は無い
0011-002	サムネからもういないぞ	2	左慈鷹三蔵
0011-003	江良ちゃん「オ○ニーが止まらないの」	11	yairi z
0011-004	われもやしぞ 0:00からなんだよなぁ	8	大丸水産
0012	ギバラが放送事故じゃなかった瞬間あんまりないから胸張れ	56	〜〜	2
0012-001	タクタク元ブサイクへの膝蹴り 胸はあるだろ！いい加減にしろ！(勘違いニキ)	6	No Janome
0012-002	張る胸すら無いんやで…	8	タクタクブサイクへの膝蹴り
0013	この人　ゴミカスぅうう！　の人じゃん	16	スザク	0
0014	13:04~カルロス予言	18	北の鉄道動画館	0
0015	ギバラがASMRやったら終始発狂して視聴者の耳を破壊しそう	7	りんちゃま	0
0016	サムネの時点で事故ってた	46	フィンス	0
0017	1:41:35 カワイイ	47	オーレ・ウェルギウス	0
0018	おつえら〜！ ありがとうございます！！ これで苦手な英語をセンターで満点 取れそうです！！	12	アヲノ#調子極端	0
0019	最初から全力で事故りに来ている件	14	N提督	0
0020	12:32 you can't handle the truth! ア・フュー・グッドメンの名台詞ですね。	12	raptor 773	0
0021	ギバラ絶対男でしょ笑	4	亀眼鏡	0
0022	貫通してしまうセッk....	18	Eid の Adler	0
0023	アーカイブ残っていただと・・・よくサムネあれで行けたなー（誉め言葉）	12	コンソメスープ	0
0024	ギバラって普通に女の子なんやな	4	ファッ!?ンボックス発情期	0
0025	サムネとタイトル私は好きよ	6	たぬぽん	0
0026	ピー音と並走するな	7	しろがね桜	0
0027	開始絵、年末年始の俺じゃん	2	Rook	0
0028	2019年最後の配信がこれ	7	kato	0
0029	こいつやっぱりバ美肉じゃないのか？	5	ザフキエル	0
0030	一生ギバラを愛することを神に誓います	0	もちだのひと	0
0031	やっぱピー音貫通してるんだよなぁ。	2	しょうリン	0
0032	エロタレスト知ってて草	3	‡ルー‡	0
0033	お前ネカマしたことないんかいって思ったらギバラ女だったわ	2	卍コメントだけで登録者10万人目指す男	0
0034	ギバラすこ	3	カズキチ	0
0035	やったぜ	3	ERをどきはラ	0
0036	サムネに釣られた(正直)	1	とゅんもこもこ!?	0
0037	サムネがひどすぎるw	0	やみい/朝日奈樒	0
0038	ギバラは一体どんな人生を歩んでるんだ…	15	Space黄金比	1
0038-001	最近下ネタが多いからうんち被りのシンデレラ	0	よわむしArisia
0039	舞元が燃えてて草	0	tofu mofu	0
0040	これが2019年最後の配信だと思うと草しか生えない	3	胎児ちゃん	0
0041	ジャイアンって外国版でBig Gだったはず...	1	ジョナ	0
0042	Touch down for subscribe. I love this channel, you always made my day more cheerful. Those shimoneta very funny	0	Smelly Onigiri Armpit	0
0043	シャワーヘッドのときにコメで｢ギバラ溶けちゃうぞ｣って書かれてて草	0	西のお暇	0
0044	江良タレストで草生え散らかした	0	Yhara	0
0045	人身売買とこでコメントにデトロイトビカムヒューマンあったw	0	十六夜咲夜	0
0046	サムネ.....	1	マナマナ	0
0047	1:35:54 オーストラリアでは18歳以上でもAカップ以下はエ○面で成人女性と認めないとかなんとか	9	お米ライスおにぎり	0
0048	量産されても壁ギバラのイラストのことを思い出してしまうww	14	メイフの蜜ぎ隊	1
0048-001	我  に  じ  さ  ん  じ  ぞ	1	Darkness暗夜
0049	1:38開始	0	みぃな	0
0050	サムネだけかと思ってたけど、 配信初っぱなからこれだったのか...	0	リュー	0
0051	これ開いたら 「英語は、誰でも一年でマスターできます！」 って言う広告が出てきてイギリス生えた	0	よもぎ	0
0052	だから私はAndroid	1	りょう wwじゅうろくちゃい!!	0
0053	サムネどこ？	0	円周率 π	0
0054	賢者タイムになってから萎えるの死ぬほど分かる そしてタスク切るのw	0	オクラ定食	0
0055	これにじさんじまとめの再生リストに入れるのはちょっと抵抗があるからギバラ専用の奴に追加した。	0	にじホロ箱推しひまぐま	0
0056	正解率高くない?	0	木村たけし	0
0057	飯食いながら見るんじゃなかった、、、、	0	ましろれい	0
0058	Hey guys! We have gift for you!	0	ずんだ餅大明神	0
0059	ギバラってよく考えると怪獣みたいな 響きだな。ゴ◯ラに出てきそうな。 リじゃねぇぞ	21	1000人に1人の視聴者ぴぴ	3
0059-001	@ヤマノシン! ケルベロスに会えないから自分の首増やしたのか	1	ゲルググMk-2
0059-002	キングギ○ラ	3	ヤマノシン!
0059-003	ジか	3	追い焚きのお布団
0060	なんでこいつこんなavとかの話分かるんや。	1	しゃむにしゃむね	0
0061	20:30	1	レオン透	0
0062	嬉々として地雷原に馬車を突っ込ませるエテ公 キキッ	3	ゆうちん	0
0063	バイアグラは強心薬として使われていたのに、今では副作用が主作用として使われてるだけです。  痛みを1～10で答えさせるのはNRSという立派な検査だったりする(正しくは0～10だけど)	1	一騎当千	0
0064	ギバラで抜いたあとの賢者モードの後悔に勝る物はない	0	影影	0
0065	2歳なのにベビーベッドか。	0	RUSI	0
0066	今起きたわ	6	身から出た鯖	0
0067	アンドロイドを悪く言われたので低評価を2回押しました。 少しはこっちの気持ちも考えてください	3	MARI GOLD	1
0067-001	Androidはそんなもんや	0	天性の弱虫.
0068	ここまで酷いサムネにじさんじ界でもなかなか無いよな	3	吉本怜久	1
0068-001	吉本怜久 skb部も配慮がまだあったし全1	2	UT- UT
0069	ちなみに 社会の窓空いてますよ、は XYZ、って言っても伝わります Examine Your zipperの略語みたいな感じで  是非旅行でアメリカ言った際に使ってみてください	21	ちょっと盛って言うけど	2
0069-001	新宿駅の掲示板の裏かな？	0	幻界魔剣ベリアロク
0069-002	ちょっと盛って言うけど ちょっと待ってw我の友達の名前XYZなんだがw	0	桐上克昌
0070	江良さんって本当にこういうくだらない下ネタが出るゲーム実況するの似合うよね（最大の褒め言葉）	7	焔神崎	0
0071	江良ちゃん薄い本だけじゃなくてエ◯アニメも見るんやね()勉学に勤しんでいる様で 最近笑える様になったから分、とても幸せだからなのか私は昔より減ったし(主に純愛物)アニメ卒業したよ。  江良ちゃんは今幸せですか?	4	よわむしArisia	0
0072	タカシとAndroidに何の恨みが・・・	5	天使m	0
0073	いつになったら下ネタが貫通しなくなるのだろうか	2	キャラ	0
0074	サムねなにあれ	1	ざゆーのめー	0
0075	なんで広告で出てくる服男もんなんだ？	1	非リア	0
0076	androidとiPhoneのところの話だけども、個人的にはandroid一択かなぁ～…ゲームしてるけども高スペック要求されても画質とか設定MAXでもFPS最大出るしロードも早いし…古いandroid使ってる人とかは知らん	1	かなで猫	4
0076-001	@かなで猫 僕の古いアンドロイドはゲームアプリの1/2くらいは起動できない	0	neko land
0076-002	@HPY 2Z2Z2Z iPhoneとAndroid迷ってた頃はあったけどもiPhone落としまくって画面バリバリの人多すぎて辞めた...  今思ったらスマホ落とすとかありえないし、AndroidでもiPhoneでもどっちでも良かったなぁとか少し前までは思ってたりしてたし 結局何が使いやすいかは人それぞれ  個人的にはAndroidがいいと思ってる。	0	かなで猫
0076-003	@HPY 2Z2Z2Z 個人的意見と書いてるし、Android選んでる理由書いてるだけ。 コスパとかiPhoneのramも何も言ってないし比べてもない... ただどっち使いますか？ってなったらAndroid一択というだけのことよ〜 コスパ考えるなら性能諦めてるよ...性能高いの欲しいならその分高いの当たり前だし..  よくAndroid性能悪い悪いiPhoneの人言ってるけどもその人の使ってたAndroidが悪いだけだし... 【個人的】に最新のAndroidが何やるにしても使いやすいってだけ【個人的】にね。 古いAndroidの人とかiPhoneの人とかに共感とか求めてない個人的感想。	0	かなで猫
0076-004	androidのスマホ出してるメーカー山ほどあるんだからそんなんものによるやろw 何使ってるか知らんけどRAM 4GB以下のiPhoneでゲースマに勝てるわけないやん？ 大体モバゲーするならiPadが1番使いやすいしコスパええで　mini5なら5.5万で買えるしA12チップ載ってるから設定Maxでもヌルヌル🤗 そもそもゲームで画質とかFPS気にするならPCでいいじゃん　7万使ってうまくやればフォトナでFPS100~出せるPC組めるで	0	HPY 2Z2Z2Z
0077	start　1:38	5	tomato	0
