0001	2:07  自分用。	15	#なすび	0
0002	みんなスタンプ使うんやで	44	鈴鳴麗音	0
0003	所々魔法解けてて草  養生してね……	25	ぼーんぼ	0
0004	22:15 ニヤニヤしすぎてヨダレが垂れるゼニゲバラ	18	チキンぱねる	0
0005	メンバー童貞捧げた！！これからも応援してる好き！！	15	ポパイ茂	0
0006	定期的にメンバー数見てニヤニヤするの笑ったわ	16	R O	0
0007	話聞いてたら、ギバラはストレスためやすい体質なんかなーって思った。無理しないで頑張れ。	9	雑学くん	0
0008	銭ゲバラは血筋だった可能性	15	なまえをいれてください	0
0009	メンバーなりました！	3	ヒスイ	0
0010	俺は金の好きな女が好きだ。	4	チャオ	0
0011	メンバー解禁から今日で1年経つと思うと感慨深いな…	1	白い白い未栄	0
0012	メンバーシップ解禁おめでとう〜！	1	やみい/朝日奈樒	0
0013	ありがとう	0	世界で一番愛してる江良ちゃん	0
0014	（・▽・💠）＜メンバーの数しゅげぇ！	10	キムワイプーSDSーペイジ	0
0015	1:48 開始	9	黑夜暝月	0
0016	ギバラちゃんほんと好き	7	ごげ	0
0017	めっちゃいい話してしんみりしてるところメンバー人数確認しなおして好感度調整するところすき	8	はうりん	0
0018	応援している  開始　1:53 1:53 　　　1:53 1:53	10	コマド	0
0019	（・▽・💠）＜おつえらー	8	luku King	0
0020	仕事でリアタイ出来なかったけどちゃんと登録したぞ！	5	宮下かすみ	0
0021	リアタイで見に来れなかったからアーカイブで見てきたぞ〜！メンバーえげつないくらい一気に増えたなぁ！？！！w、 (・▽・💠)しゅげえ！！！！ 改めてこれからも全力で推していきたいって思ったわ( ˘ω˘ )	13	はっし〜	0
0022	応援してるよ！	1	ラクル	0
0023	季節の変わり目は喘息持ちには辛いからなあ……ちゃんと治療してるの江良い。中途半端にやめたりすると青い筒の点数下がる	5	Franz kafkaf	0
0024	Otogibara-sama ❤❤❤❤❤❤😄	2	J. Green	0
0025	メンバー登録出来ました！ (・▽・💠)＜しゅげぇ！	8	アヲノ#調子極端	0
0026	ほんとに嬉しそうだなお前はぁ!!	2	マッチョリーゴリゴリウス	0
0027	メンバーしゅげぇ！	6	渡辺曜推し	0
0028	今回のハイライト 2:07 恥を捨てきれず途中で笑っちゃってるのがとてもポイント高い 文句なしの最高得点です	10	れぐるす。	1
0028-001	採点兄貴すこ	2	ぐらんつ934
0029	喘息辛そう…早く治してきてな…	2	さたん	0
0030	iPhoneだと概要欄にリンクとかないとメンバー登録できないんか…？	7	天音	1
0030-001	探したらできた 良かった	6	天音
0031	(・▽・💠)ギーバラ ギバラギーバラメンバー 最後のは収  益  化！だったような	11	:ホワドリ	2
0031-001	@ちぃな なるほど！アレンジだったか	0	:ホワドリ
0031-002	おそらくメンバーシップ解禁されたのでアレンジしたのだと思います!! コメ失礼しました	3	ちぃな
0032	本当チャット欄が文字通りの緑一色で笑ってしまった 人間臭いところが本当に好きです！どうか体に気をつけて！これからも全力で推していきます！	10	SKTNihei	0
0033	Vに向いてないようで、Vに向いてると思う	4	hana momo	0
0034	銭ゲバラわろた	2	ne ko	0
0035	初めて見たけど真面目な子だなぁ	4	1号あるばとろすくん	0
0036	マジでミックスアップ以降バッド増えてんな 取り敢えず言えることは ギバラ、俺は応援してるぞ	16	クマシロ	2
0036-001	巨乳詐欺はゆるされねぇぜ…	2	さたん
0036-002	「パット増えてんな」に見えて、ギバラの胸２度見しちまったよ…	12	s h
0037	銭ゲバラは正直死ぬほど好き。 好きほんと愛してる。 身体中の穴という穴から血が止まらない。	11	Una Owen	0
0038	いい子すぎん…？	8	うに茶	0
0039	のどに気をつけて‼️地声もいいと思います‼️	1	中川仁	0
0040	男は黙って高評価	3	Drake	0
0041	下品なところもいいと思うぞ 天狗にならんように頑張れ 親孝行しろよ	11	おでん大明神	0
0042	多分今を凌げるかどうかの勝負です。 どうかご無理はなさらないように。楽しむことを忘れずに。 応援しております。	6	とっきい	0
0043	メンバーシップ登録したけどしばらく配信ないからスタンプ打てないという	2	まいけん	0
0044	低評価の割合減ってきた〜	12	ユーマラー	0
0045	女の子にモテる系女子inにじさんじを紹介するぜ！  樋口楓！ 夕陽リリ！ ギバラ！ 以上だ！！！	4	ナンなんだよ	1
0045-001	飯テロお兄さん  上から  関西ヤンキー  人の配信中にケツ触る女  シャンプー飲むロリコン  以上だ！	4	地底の妖怪うつほ
0046	かざちゃんと尊様の分で俺の財布は限界なんだ… ギバラすまぬ… メンバーにはなれないけど応援してるから	0	綿ノ木あさり	0
0047	なんでこんな低評価ついてん？	4	sakura s	5
0047-001	@damn hard そのURLは消すべきやぞ	1	白狐
0047-002	@harukani これを参考にしてくれ https://support.google.com/youtube/thread/1283488?hl=ja	0	damn hard
0047-003	@damn hard 限定公開のURLはるのはダメでは？	1	harukani
0047-004	これ https://youtu.be/iDEdhtQZtww	6	damn hard
0047-005	アンチ荒らしの名残だから気にしなくていいよー、黙って通報NG	5	さたん
