0001	2:04 ここヨッシーのぺろんにしか聞こえない	152	Kobayass	2
0001-001	吹いたw	0	軽星Kei Hoshi
0001-002	草。	0	その日暮らしのヒグラシ
0002	11:36 お前らが見たいのはここだろ？	70	たけのこの里ニキ!	2
0002-001	たすかる	3	かえる
0002-002	ありがとう助かった	3	クシナ
0003	58:22　顔ｗ	79	さとさん	0
0004	ギバラ、性欲に正直 かまととぶるのが多いにじさんじの中ではかなり貴重 保護すべき淫乱さ  17:38 ここの表情の変化で瞳の大きさ変わってるの好き	31	CY Cー	0
0005	17:31 しんちゃん	27	かりかりのエビフライ	0
0006	21:49 自分用	24	t minto	0
0007	9:10 そういうとこやぞ	26	kuro yabu	0
0008	39:51 衝撃の告白	59	キムワイプーSDSーペイジ	0
0009	1:47 開始ニキがいなかったので	32	みむむエンジョイ勢	1
0009-001	沢山見返してるので助かります！ありがとう	0	プー
0010	43:30    からのギバラめっちゃ可愛くね？これは江良ちゃんだわ…	20	曲八	0
0011	10:00確信犯	21	nekohikinobasu	0
0012	52:21 ここまじで爆笑した	70	マガヒデ	1
0012-001	おrどすこいどすこい！！(情け無用) よしっ(満足) …でもかわいそう子供(人格交代)	5	ジプシーキング•ワイルダー
0013	けものックスしようぜ！ ………清楚配信で泣きかけた人と同じ人ですか？w	16	ねむのき	0
0014	49:26	16	うぇーい	1
0014-001	名前で何のシーンか説明してて草	8	いあ
0015	14:27 棒でよろしくする癖にな！	3	blknt a5ymd	0
0016	11:37 「俺らもけものフレンズしようぜ」は草	61	終点雲雀丘花屋敷	1
0016-001	多分けもの○ックスやぞ	23	T N
0017	みんななんだかんだギバラ3Dの時は泣いてくれそう 王子様は絶対来ないし泣かないけどな	8	くまの	0
0018	なんか可愛い所いっぱいあった	7	とーすと	0
0019	直前の清楚な配信もあってかいつもより汚く見えて草	3	雪客Фумика	0
0020	おつえら！！ 配信時間からもうさすが芸人って感じで笑った笑 リア充への辛辣さは草	2	ハム	0
0021	ギバラの3D楽しみにしてる	2	Ash 357	0
0022	お前が3Dになったらもちろん感動して泣くぞ？	3	サラダにょー	0
0023	8:48  ここサンタが空気読んでるのジワる 24:47  女の子にあげてるVtuber初めて見た流石エバラ	4	CN 500	0
0024	ここで完全に声今のに変わってて草	0	Sagami 205 〜R5〜	0
0025	５６問目ギバラはわからんかったのになんでアンジュはわかったんだ？やはり男・・・	3	ハリネズミ	0
0026	17:35驚いてる表情好き	1	、ファンタ	0
0027	1:03:14 フンッ	4	ちとっち	0
0028	下ネタに過剰反応するの草	1	in the box夕立	0
0029	15:35	7	s mickey	1
0029-001	15:54 「エッチしたいだけやろ」	2	blknt a5ymd
0030	懐かしい	1	えかよあん	0
0031	21:41	13	李Mohamed	3
0031-001	じゃあ、おほ^～	0	鮭芋
0031-002	S R あはーじゃないが。	1	優遊
0031-003	あは^〜	4	焼鮫
0032	意外と読んでる	0	Yilin Chen	0
0033	13問目で古ー墳して14問目に全く触れないの草	0	ざゆーのめー	0
0034	１３問目が良く話題に上がるが５６問目もなんだよなぁ	0	むらさめ	0
0035	けものフレ○ズに新たな意味を加えた女	0	かえる	0
0036	46:30 お前ならそう読んでくれると信じてたぜギバラァ！	11	アガペー	0
0037	なう(2020/05/07 23:40:25)なう(2020/05/07 23:40:39)なう(2020/05/07 23:40:57)なう(2020/05/07 23:41:05)	0	きりゅ	0
0038	え？どっち？っていうのと、あ、そうなんだ！って時点で既にギバラは………ｗｗ	1	かなで猫	1
0038-001	かなで猫 どこですかそれ	0	ER34乗りのほのかの旦那 ほのちゃそ
0039	エスカレーターとか、本来の使用方法と、 マナーって異なるよね・・・  プレミアムフライデー(１５時帰ろう) 結局１７時終わり・・・会社の闇ｗ	2	Naoya Arai	0
0040	おつえら〜！ ボケる時、時々良心が痛んでて 可愛かった（語彙力） リア充に対して厳しくて草 いいぞぉ！もっと厳しくいったれぇ！     あれ、なんか目から汁が...	4	アヲノ#調子極端	0
0041	14:22 セクハラでくさ	4	右打V打取U-REI.	0
0042	1 37:10 コメ読まれた記念	6	Lynx【りんくす】	0
0043	第13問 11:30	16	:きょうきょう	3
0043-001	ギバラの反応だけリアルすぐる	1	えんどう.
0043-002	今までみた反応に比べてずば抜けて最低だったわw	6	ももんじゃ
0043-003	助かる	1	あらてぃん
0044	29:00  2019/05/08兎鞠まりコラボでのギバラ「そこはかとなくって何？」 2019/07/25今回のギバラ「そこはかとなく！　そこワかとなくだっけ？」   圧倒的成長	0	大名行列Hankai	0
