0001	15:06 何点って聞かれてるから満点以外不正解よね	72	三月のPhantasia	1
0001-001	三月のPhantasia 頭いいな	6	興味ないね
0002	35:45から心が汚れてる	255	かき氷	1
0002-001	予測変換で二チャって出てるの笑った	1	君のおっぱいに乾杯
0003	1:42 スタート	277	こんこんシルヴィア	1
0003-001	有能魔人	0	趙さん大好き!!
0004	1:24:34　　ｷﾓｲ	12	後藤清美	0
0005	2進数出た瞬間にここぞとばかりにコメントする奴ら草	147	私は見逃しません	3
0005-001	階差数列も追加で ヒント教えてるのはともかく「え？」みたいなコメントしてるのはアイタタ	6	谷一
0005-002	全く同じコメしようと思ったら一番上にあった	0	鈴木宥司
0005-003	私は見逃しません あそこのイキリ大会はマジでキモかった	34	ラー丸太郎
0006	コメ欄で答え言うやつ多すぎ	92	てりやきバーガー.	2
0006-001	マジで嫌い	20	なつみかん0p0
0006-002	アピールしたいんだよきっと	14	teitei all
0007	二進数やったやつは30代って言ってる人いて俺数学Aの整数でやったぞそんなわけないだろって思って調べたら消滅してた時期があって2015に復活って感じらしい 情報系でしかやらんとか二進数わからんって人はその間の世代だったら普通にあるのかもしれない	265	クルール	23
0007-001	高校によってはやらないとこもある、そもそも学ばない底辺もあれば受験であんま使わないし飛ばすか〜ってテンションのとこもある  多分	0	naught azusa
0007-002	世の半数くらいは 10進数すらろくに出来てないんだよなぁ…	0	凪_Newby_Geek
0007-003	@かぼちや合戦 ただの算数で草 君絶対解っとるやろ	0	谷一
0007-004	クルール 俺は私立の入試対策で塾でやった記憶がある。16進数までやった気がする。	0	まくすぅー
0007-005	2015年以前に高１ってことはつまり実年齢は…設定年齢とほぼ一緒の可能性がワンちゃん	2	春風
0007-006	旭雛心々桜 なんなら中学校で習ったとかイキってた奴もいたぞ	0	ラー丸太郎
0007-007	二進数分かんなくて普通だったのにイキってたってこと？キモくね？w	2	雛鈴心々桜
0007-008	@かぼちや合戦 0と1の並びで数字を表すやつやぞ	0	ちくわ大明神
0007-009	2進数って、1＋1＝2、2＋2＝4って奴？	0	かぼちや合戦
0007-010	N進数は高校の時出ませんでしたね。（静かな怒り）	0	yuhuig
0007-011	小２で親から指の動き教えられたんだが役に立つことがあるのか...	0	頭は文系心は理系
0007-012	クルール 現在高3 情報の授業でしかやんなかった	0	レモンパピコ
0007-013	25の自分初耳	1	よわむしArisia
0007-014	みうら先輩 誰からも触れられてないからと言って閃くな通報ぞ	2	rarara neko
0007-015	自分今高2ですけど、n進数やりましたよ。 もう忘れましたけどね！	1	オワドラ
0007-016	今中高一貫の子に数A教えてるけど2進数習ってたよ。	1	有機ほりゅん
0007-017	高校入学の頃にゆとり始まったけど、数2Bの段階じゃ触れなかった気がする。 覚えてないだけかもしれないけど。 因みに公務員試験では、n進数の知識が必要な場合もあるよ。	2	さむ
0007-018	マジか、まさかのギバラ年上じゃん もう俺閃いちゃったよね。	21	みうら先輩
0007-019	今大学一年生なんだけど、高一の時情報の授業でやったっきりで数学じゃ触れてない	8	マカロンちゃん
0007-020	江良ちゃん年齢はガチやと思う	7	むみゅううどん
0007-021	年齢幅確定できそう	11	K. Corti
0007-022	江良ちゃんドヤ顔でツイートしてて草なんだ	24	グラント
0007-023	ゆとり終わった頃に進数戻ってきたのかな(あんま詳しく知らんけど)	17	Dope Liver
0008	Ｈって書いてみんな草生やしてたけど、直前までコメント欄Ｈで埋まってたよね・・・？	25	ハンジ	0
0009	2進数大好きイキリオタクの皆さんこんにちはー！！	116	blind touch	2
0009-001	p進数出して黙らせようぜ	3	谷一
0009-002	中二チックだから張り切っちゃうんだろうなぁ	3	のこのこ
0010	義務教育で数Bを習う異世界人がいますねぇ...	93	マロニー	2
0010-001	マロニー 超名門中学とかなんやろ(適当)	9	レモンパピコ
0010-002	階差数列が義務教育とか頭おかしなるで	20	おやすミンミン蝉
0011	このゲームの採点の問題、「何“点”ですか？」って質問されてるから単位が点のもの、ってことだと思います	60	骸寝キャベツ	0
0012	8:11のヒントの書き方がアル中カ○カラ	103	NUE兄貴	7
0012-001	NUE兄貴 ほんと良かった	3	しょーる、スープラ
0012-002	あの人生きてたね	1	NUE兄貴
0012-003	お゛い゛し゛ー゛か゛も゛〜！	1	「百人目標」チャンネル登録するとネギの量が増えつづける美味しいなめろう
0012-004	一ヶ月前にここ来てたかもー	0	趙さん大好き!!
0012-005	日本語がおかしいはずなのに違和感ないと思ったらこいつのせいか	9	しょーる、スープラ
0012-006	ゲホッエッホ‼︎ 風邪ひいたかもー‼︎	4	趙さん大好き!!
0012-007	おいしーかもー！	4	スィフィ
0013	そもそも正方形は長方形なんだよなぁ……（呆れ）	82	果喰 真黒	5
0013-001	長方形の中でも一際美しいボディをしているものには「正方形」の名が与えられる的な	9	クラッシュ万事休す
0013-002	図形は苦手	0	ラー丸太郎
0013-003	@O-jiccu _D  長方形の定義は「全部の角が直角な四角形」なんやで	5	果喰 真黒
0013-004	そうなんか？	0	O-jiccu _D
0013-005	確かにね	0	追い焚きのお布団
0014	は？サムネ可愛すぎひん？可愛すぎてなんか腹立つw	10	レミリアの夫DIO	0
0015	二進数は平成14年までは中学で習っていたらしい よって義務教育コメの主はおっさん	41	ぺぺ	3
0015-001	@蒼龍道 今年去年で草	28	エンプター
0015-002	@蒼龍道 先生によってやる人がおるらしい(私も中学時代の先生に教わった)	0	hayapi _
0015-003	え？ 今年去年中学校で習いましたよ？	1	蒼龍道
0016	20:51 謎の鳥	59	レンレン	2
0016-001	新種の類人猿やめろ	0	IS IS
0016-002	レンレン どっちかっていうと猿	0	猫缶
0017	おつえら〜！ この手のゲームに課金はほんと草	25	アヲノ#調子極端	0
0018	キレ散らかすっていう言葉の強さ	10	うたそ	0
0019	勉強マウントきっつ	4	bo kon	0
0020	サムネでGod knows...のハルヒを思い出した	2	ぽんこつ	0
0021	サムネがもう面白い	16	t	1
0021-001	藤城 またのんきさんいいっすよね	1	UT- UT
0022	年内3D配信予定告知たすかる	14	田中スクエア	0
0023	切り抜きみたいな配信タイトルだな	9	*ふわってぃ	0
0024	あーギバちゃんの笑顔は最高や！	1	ももはる	0
0025	義務教育エアプのコメで笑う	7	MelMel・ゆうり	0
0026	普段から結構グルってるからつべの不調とは思わなかった おつえら〜！w	4	sushi	0
0027	1:25:06 スプラトゥーン	67	kozi	1
0027-001	その後怒涛のかわいいコメで草	0	aoonisuto 2001
0028	サムネも好き	4	emptea[えんぷちー]・w・	0
0029	ひと昔に流行ったApple社のテストみたい	4	みうら先輩	0
0030	進数でイキってたリスナーが円の角で理解不能になってて草	1	ボルボロス亜種	0
0031	コメ欄2進数イキリ多くていやーキツかったっす…	91	マッチョリーゴリゴリウス	18
0031-001	言葉の意味なんて言いたいこと伝われば別に良いんじゃ無いですかね...	2	リットバジ
0031-002	@X .P ？相手が知らなかったからイキってるだけやろ。勘違いしてない。	2	いい
0031-003	末葉順 完璧にイキリト多かったっす	1	AEKI
0031-004	末葉順 根本的？？🧐🧐	0	ヤマキのめんつゆ
0031-005	何か根本的に勘違いしてる人多いけど、これよくある配信者のおバカ発言に皆で総ツッコミ現象だよね 単に二進数教えてない時期があるの知らなかっただけで それを今回に限ってイキリやら調子乗ってるやらって……	1	X .P
0031-006	どこからですか？	0	AEKI
0031-007	きらる イキリは調子乗ってるって意味でもいけるんだよなぁ…	0	ヤマキのめんつゆ
0031-008	マヨネーズ玄師 お前...陽キャだろ...	0	右耳にミニ乳首
0031-009	Head Shot! それな 揚げ足取ろうとしてる感じで気持ち悪いですね	2	72椛
0031-010	@きらる  お前がどう使おうが本来の意味がどうだろうが大抵の人間が使う意味で捉えるのが普通なんで。 言葉の意味なんて常に揺れ動くもので恒常性なんてありゃしないのにそのクソみたいな指摘するの俺は嫌い。	8	blind touch
0031-011	そそ、「え？中学生で習いましたけどぉ〜？？」みたいなやつとかいてキモかった	2	ラー丸太郎
0031-012	ミント味の鯵 イキるってコレだろ	2	佐藤太郎
0031-013	きらる イキりって「虚勢を張って」調子に乗るって意味だったんだ 調子に乗る≒意気がる だと思ってたわ〜	9	焼き鳥
0031-014	@きらる まあ確かにどっちかって言うと親切心なんだろうけど、2進数とかいう授業でやらない限りあまり親しみなさそうなものを、短時間で御伽原に教えようとするぐらいならさっさと答え教えた方が良くない?って思った(オタク特有の長文) イキリの意味が間違ってら申し訳ない。ただ意味が伝わってればええやで	6	マッチョリーゴリゴリウス
0031-015	イキるを「虚勢を張って調子に乗る」って言葉に置き換えてみ 自分がおかしなことを言ってるってすぐわかるぞ 調子に乗ってる奴らはいるけど虚勢を張って強がってるやつなんていないから	7	きらる
0031-016	ﾀﾞ○ﾃ「(それは)予想外ﾃﾞｽ」	2	toho nikol
0031-017	???｢殴りましたねぇ｣	13	マッチョリーゴリゴリウス
0031-018	「イキりではないですねえ」	4	toho nikol
0032	30:50 「今年は申年！」とか言うエクバ勢来て草	0	エクスシーア[ELS]	0
0033	数学って何で察した	4	夜桜.	0
0034	2進数マウント兄貴きついっすよ	8	血管ちぎれる	0
0035	"日本語へたくそ" Don't worry, the English is kinda bad too	3	SHAUNA VAYNE	0
0036	好きよギバラ	0	もちだのひと	0
0037	概要欄の質問、普通小学生だとどっちの意味でも"ない"ですよね。	1	細雪涼秋	0
0038	サムネが本能的に最高に虐めたくなるのはなぜ…	12	あい	1
0038-001	ゆ虐好きそう	6	キョンキョン
0039	やっぱギバラちゃん	1	サロンパス	0
0040	このゲームいいねｗｗ	0	俺とうふ	0
0041	二進数...? 3桁ぐらいまでしか...	0	リットバジ	0
0042	二進数よりギバラの3Dとかやばくない？ こいつ、、どんな動きするんだ、、、？	3	Quentin	0
0043	2進数は原理を理解すれば難しくないけどそもそも日常的に使わないから今時工業系の学校とかそれに関係した先生がたまに教える程度でしか普及してないと思うのにわかって当然はちょっとおかしいと思うな	10	hayapi _	3
0043-001	蓬莱泰三 工業系しかやらないというところに対して言ってるので．．． 全ての学校でやってるなんて思ってないし、もちろんわかって当然とも思ってない	0	YouTube r と化した先輩
0043-002	YouTube r と化した先輩  センターで確率と図形と整数が選択になっとる意味わかっとるか？ 教育課程では数Aの3つの分野のうちどれか2つやればいいことになってるからやで だから整数をやらない学校も存在するぞ	3	蓬莱泰三
0043-003	普通に高校で習ったんですが．．．センターの本試にも出題されたことがあるんですが．．．	1	YouTube r と化した先輩
0044	なんかこの配信のギバラ声かわいくね？	1	fusswell R	0
0045	自分でやったらLV１３６で詰んだので打開してもらえる時をお待ちしております	1	波風	0
0046	やったことある	0	yago berreteaga	0
0047	かわいいなギバラ	0	もちだのひと	0
0048	46:04 Lv.28 意地悪なしのガチ数学でくさ	0	GALIL室長	0
0049	1:20:19 UNKポイント	4	Xicor-ざいこー[わたあめ]	0
0050	犬の餌のかんのふたを開けて犬に食べさせる	1	yago berreteaga	0
0051	1:31:50 Lv57って、(左から1列目＋2列目)×2列目が4列目の答えになるとおもってた あと2列目×3列目は5列目になるのもどういう意図やんだろうな	2	Takeshi Ito	0
0052	ちゃんと文よんで	0	yago berreteaga	0
0053	1:05:12　もこう	0	かーら	0
0054	二進数わかるやろ って思ったらコメ欄で驚いた	1	揚げたてコロッケ	0
0055	Konichiwa! I speak English —w—	1	• OniiØnyx •	0
0056	最かわシーン 1:25:09	0	うべー	0
0057	0:50:42 悲報:累乗がよくわからない	0	えりんぎ	0
0058	頭を金で補う女	6	死神パフェ	0
0059	かしこいコメにさりげなくしこいコメ入れてる人反省して	5	夜走	0
0060	2進数習ったのはオッサン世代ってコメあって、そっからイキリコメみたらニヤけが止まらなくなったぜ	0	白猫で煽る弁護士	0
0061	けむりをれんだでけす	0	yago berreteaga	0
0062	義務教育は明らかネタだろ	0	AKA MI	0
0063	YouTube重くてほとんど見られなかったんで今からエンジョイするぜい！！	3	木星	0
0064	コメ欄に答え書くな	0	ねおん	0
0065	赤いどうせんをどうじにおす	0	yago berreteaga	0
0066	数学厨湧くやん	0	Yhara	0
0067	サムネにゆ虐に似たものを感じてしまう…     ギ虐欲しい	1	しろくま【白熊】	0
0068	Lv12 丸いキャベツ	0	さしみ	0
0069	一休さんが右手でぶん殴るレベルのとんち  癒やしスプラ御伽原さん1:24:51	2	よわむしArisia	0
0070	正方形も長方形では	0	4 YAMA	0
0071	わいも二進数は高校の選択科目だった情報の授業でしかやっとらんぞ 数学ではやらなかった	33	天下泰平	3
0071-001	中3の数Aでn進法をやった記憶がある。階差数列は高1の数Bですね。	0	なかせい
0071-002	Yoshi M 今の高校生は普通科だったら1年の後半か2年の前半辺りでやりますよ(一応)	2	Rua Rim
0071-003	Yoshi M  他のコメントによると習うかどうかは年代によるみたいですね。	0	ヤックルン、
0072	ちなみにあなたが彼女がいますか(笑)	2	UT- UT	0
0073	次のレベレと広告の位置を変えるあたりクソゲーなんだよなぁ	1	プラマイゼロ	0
0074	36:40 アニマルビデオ	3	kanasar i	0
0075	文を動かす	0	yago berreteaga	0
0076	コメントで答え言うことつまらんヒント言うのはまだいいと思うけどコメントで言ったらつまらんやろ	0	はなまるピッピ	0
0077	小学生でも解ける（大嘘）	2	焔神崎	0
0078	開始 1:49	0	うべー	0
0079	2進数（n進数）を義務教育で教えていた時期があったが、ずいぶん前に必修要項ではなくなった。 つまり、「中学、高校で習ったろ」とかコメはアラフォーのオッサン。 30才代半ば（昭和60年前後生まれ）からは、情報系の学習をしてないと知らない。	0	芝天	0
0080	1:47:00 なくなった第68問はここにあって	4	モーフィアス2世	0
0081	そうだよ	0	yago berreteaga	0
0082	二進法なんてやらんかつまたぞ	0	かーず	0
0083	2進数はあんまよく分からんけど普通になぞなぞとして解けるレベルだったし2進数は必要ないとも言えるのでは？(語彙力皆無)	1	ウーニャー	1
0083-001	ウーニャー  確かに	0	ヤックルン、
0084	小学校は算数なんだよなぁ…	0	ةڼ ՞ة	0
0085	次のレベレなんか吹いたわ なんで	0	みやちゃん	1
0085-001	ノが取られてしまった……	0	必須アミノ酸
0086	情報系でもないのに二進数知ってる人が多くて常々疑問だったんだけど "平成14年に削除 " あっ……	14	りちゃど	2
0086-001	公務員試験で習ったのに全く出なかった。ちくせう。	0	いつかのメリークリスマス
0086-002	なるほど、丁度ゆとり教育の頃に数学では履修しなくなったということか。 概念は知っていたけど、数学で習った記憶がないわけだ←我、恐らく該当者	1	さむ
0087	オタク二進数すきやな	16	柳ユウ	1
0087-001	ハッカーというか中二チックだからな2進数	1	のこのこ
0088	Aの予測変換...	0	アニ	0
0089	階差数列って中学じゃなかったっけ	1	アクアリウス	1
0089-001	少なくとも今の学習方針では、数Bの数列で習うんで高二の単元っすよ 昔は知らんけど	0	水面ちとせ
0090	1:03:02 なんだァ…？てめぇ…	10	rose blue	2
0090-001	ギバラ、キレた！	0	オンドゥル語
0090-002	独歩	1	男佳
0091	寝落ちして今起きた 見直さなければ	2	タクタクブサイクへの膝蹴り	0
0092	n進数は高校数学のAかなにかで習ったから、義務教育の範疇外だとおもう。頭いいところだと中学でもやるかもね	4	カサネソギモリ	2
0092-001	@ずんどこきよし  ゆとり世代ももう30代だよおじいちゃん…	3	ま
0092-002	平均的な公立中学の技術で習ったので先生とか教科書によるかもしれないですね	0	14sec!ニセモル
0093	高校の時、2進数習った事無いよ (20代前半)	0	teruha	1
0093-001	teruha わいはやったで	0	新しいゆやま
0094	2進数イキリくんまじで気持ち悪い	0	ゆに〜ん	0
0095	vtuberが2進数知らんのめっちゃブレるやん笑笑 すこすこすこ	0	焼けてない	0
0096	２進数は、「手で最大数えられる数」って言うとわかりやすいぞ。	4	にいずみ先生	2
0096-001	俺は最強のえなり  第一関節と第二関節を別々に曲げればワンチャン	1	ヤックルン、
0096-002	そこに颯爽と関節ぶっ壊れ3進数人間が登場！	5	さぶろくじゅうに
0097	1:47:01 今日の配信でワンコにすり変わってた部分	0	マロニー	0
0098	開始 1:42	11	オロナミンC	0
0099	1:05:12	0	らむｗｗ	0
0100	退職ne俺2進数を見るだけで吐き気がする	1	MsDsiz	0
0101	皆さんの言ってる2進数のところ、どこですか？	1	シドニーオリンピック2000	2
0102	まだアーカイブ見てないけど、コメント欄が2進法のコメントでいっぱいなの笑う　何があったんや……	4	大黒	6
0103	イキってる奴なんて居なくね？	1	いい	0
0104	12	0	西村重美	0
0105	CD	0	yago berreteaga	0
0106	おる	0	yago berreteaga	0
0107	最初の方キヨと同じような考え方とかしゃべり方でで一瞬パクってんのかとをもった。	0	一生遊んで暮らしたい	0
0108	1:47:06俺が抱きしめてやるよ すき	2	シューヤ	0
0109	2進数の時の奴らきしょくて吐いたわ()	0	我慢出来なかった猛り爆ぜるブラキディオス	1
0110	正直こうゆう謎解きの場でイキるのやつなんなんかな コメ欄見てて面白く無くなるんだよなぁ	2	WORLD BANISH	1
0111	そう	0	yago berreteaga	0
0112	2進法習ってないってことは30歳前後か・・・ Vtuberの中の人、三十路多すぎ問題	1	asamu172	0
0113	このゲームに課金するの修学旅行で謎のぼったくり５０００円のネックレス買わされた友達Aと３０００円の買わされた友達Bを思い出した	0	あやかし	0
0114	レベ9ワロタ	1	サリチル	0
0115	LV.57の解説を自分の解釈で今更ながら 1/2/3/5列目が 一列目をAとして A/A+1/A+2/(A+1)(A+2)である 2/3/4/3×4 3/4/5/4×5 4/5/6/5×6 5/6/7/6×7 6/7/8/7×8 まあ正直ここまではどうでもいいんだけど で、四列目が 二列目×段数+五列目なんで 一段目 3×1+12=15 二段目 4×2+20=28 三段目 5×3+30=45 四段目 6×4+30=66 で？の五段目が 7×5+56=91  ちなみに、 15 ↓13 28↓4 ↓17 45↓4 ↓21 66↓規則性より4 ↓なので25 よって91  ってやるだけで四列目だけで解けるからほとんど前半のやつ無駄	1	ノアゼ	0
0116	2進数はある程度上の高校に入れば情報科で習うはず…	1	銀	0
0117	CDだよ	0	yago berreteaga	0
0118	工業高校だから2進数は今年習いました。 ちゃんと現役女子高生16歳です。 30代とかじゃないです	6	みぃな	1
0119	現行の学習指導要領は2013年度から。 つまり２進数を知らないということは少なくとも2012年度入学。 仮に2012年で高１とすると 2013　高２(17) 2014　高３(18) 2015　大１(19) 2016　大２(20) 2017　大３(21) 2018　大４(22) 2019　？？？	4	豊.	2
0120	9	0	yago berreteaga	0
0121	「右上にちっさい数書くやつ」のことを何ていうのかわからないのヤバくね???やったことある気がするじゃあねぇんだよなぁ	1	ケケ	0
0122	２進数は普通科の高校でも文系も理系も習うよ。いま２０代前半の俺はそうだった。	2	人狩	0
0123	二進数なんて今どき小学生でも知ってるぞ……	1	いい	2
0124	n進数の概念は知っていたけど、数学じゃ習った覚えはないなー。いや覚えてないだけかも。 高校卒業して、10年位前に公務員試験の勉強をしたときに初めて触れたと思う。 結局、持病のコミュ障とクレペリンでDQNとみなされたらしく、お役人にはなれなかったけどw  ２進数はそろばんの桁の珠がひとつだけになったもの、といえばイメージしやすいのかな？  まずい、歳と地頭の悪さがバレる！	0	さむ	1
0125	二進法は1と0のみで数字を表す 0を表す時は0 1を表す時は1 2を表す時は10 3を表す時は11 4を表す時は100 5を表す時は101 6を表す時は110 こんな感じやでギバラ 1ずつ増えていくけど1と0しかないから毎回桁が変わる ちなみに今回のは▲が1の位置を表してた奴やな	3	NP C	0
