0001	二　次　惨　事	2211	天悪&黒翼神	10
0001-001	二次どころじゃねぇ	0	ダンボールさん
0001-002	天悪&黒翼神 天才かぁ？	0	/つくつthktsu
0001-003	20秒後に死ぬワイ  シュワちゃん｢お前は最後に殺すと言ったな｣ ギバラ｢ｱﾞ...｣ シュワちゃん｢あれは嘘だ｣ ギバラ｢ｸﾞｪｱﾞｱﾞｱﾞｱﾞｱﾞ!!!｣	8	じゃがいも
0001-004	@からし 第三次大戦だ☆	4	邪智暴虐の翁
0001-005	三次になっても一次になっても大惨事	7	SIERRA 144
0001-006	うまいこというなww	5	金魚柱トモ
0001-007	なぜのびない	6	えい
0001-008	何が始まるんです？	12	からし
0001-009	だいさんじ	40	エーミール
0001-010	天悪&摩多羅 あんた最高だよ！	37	紳士のカケラ
0002	リスタート時のリアタイニキの「次は綺麗な声出したら即終了やな」は楽勝過ぎて草	1265	砂箱遊人	6
0002-001	@あたまかめ 肯定あざます('◇')ゞ！	3	砂箱遊人
0002-002	砂箱遊人 いやどう考えても辛辣なコメントじゃねーだろ	8	あたまかめ
0002-003	@おまめさん 今思うと多少辛辣なコメントだったけど、これだけ共感を得られるのも一重にギバラさんが愛されてる証拠なんだなって（好感度調整）	11	砂箱遊人
0002-004	グッドボタン６６６になってるぅ	3	おまめさん
0002-005	実質壺クリアで草	60	A A
0002-006	一生終われないんですが…	151	メルセ50まで連れてってもらった
0003	17:38萌え声キッツ(小声)	1150	コイン粉	2
0003-001	ミニ四駆で草	0	森森
0003-002	そのあとの車になるとこ好き	21	のもち甘味
0004	12:32流石に草生え散らかした	2243	まさおくん	5
0004-001	今日は...萌え声の気分なのd...ｳﾞｫｫｫｫｫｴｴｴｴｴｴｴｴ!!!!!!!!!! るん！	19	VAZD【ヴェイズド】
0004-002	るん！	6	るろカス
0004-003	12:29	26	IS Shou
0004-004	ごちうさのココアのヴォォオォォエァに似てるw	25	世界のHONDA
0004-005	音声だけ聞いてましたが突然ヘドロが襲いかかってきて草でした	94	Triumph
0005	17:45　デーモンコアくん	1439	Cocoa Drink	6
0005-001	あ"ぁ"ぁ"ぁ"ぁ"ぁ"ぁ"ぁ"ぁ"ぁ"ぁ"ぁ"ぁ"ぁ"	3	shein
0005-002	電動ドリル	4	猫缶
0005-003	Cocoa Drink 笑い死んだ	4	椛まんじゅー
0005-004	から〇る さんじゃないですかw	5	くるみ七瀬
0005-005	ワイはデーモンコアくんのうさぎの声に聞こえるゾ	20	Maris Stella
0005-006	ま　ん　ま　や　ん	41	おみくじ
0006	1:47 開始 5:20 終了	3030	クリスタルバーガー	9
0006-001	秦こころ ぅ	0	エトワール・C・リーリア
0006-002	もはやRTA	4	かずのこ
0006-003	即オチ3:33	6	ドイミ
0006-004	イイネを999から1000にした…      気持ちいい(*´ч`*)	8	r m
0006-005	@秦こころ るん！	5	霧雨ユナイテッド
0006-006	6:43開始 9:08終了  〇染｢砕けろ、鏡花水月｣	82	秦こころ
0006-007	大草原	21	ニヤケ一族
0006-008	ギバーギバギバ！	64	みやちも
0006-009	るん！	184	砂男
0007	15:10からの魂の叫びすこ	795	ジム頭	4
0007-001	@ズイズイ あ"ぁ"ぁ"ぁ"ん"ま"ぁ"ぁ"り"だ"ぁ"ぁ"ぁ"	8	ツェペリ・シーザー
0007-002	エシディシかな？	7	ズイズイ
0007-003	全部の文字に濁点ついてて草	26	ただの暇人
0007-004	絵と合ってない	24	asan t
0008	御伽原江良ちゃん 「汚い声出したらVtuber生活終わるナリ」 御伽原江良ちゃん 「そうだ、大声を出してかき消すナリ」   ギバラ 「お゛え゛え゛ぇ゛ゑ゛ゑ゛」	634	ガバ穴レディ	4
0008-001	最後の方で「え」が「ゑ」になるの好き	8	ちゅび
0008-002	某うんこで臭	12	顧問をぶっころす
0008-003	本末転倒で草	33	おろし大根
0008-004	言語道断で草	34	通りすがり凸!凸!凸!
0009	5:21 よっ あ゛あ゛あ゛あ゛あ゛ 12:31萌え声の気分なの…ｳﾞｫｪｪｪｪ	599	だれ！？	0
0010	他の配信10時間だとか2時間なのにこの配信だけ一時間にすら届いてなくて草	181	。コーヒー豆を手で磨り潰す猛者	1
0010-001	なんなら30分にも届いてない	15	クマブー
0011	ギバラという 存在を 完璧に 表現した 素晴らしい配信	745	凪_Newby_Geek	5
0011-001	パルパル どうしてここまで自分とおんなじことを考えてる人がいるんだ…（震え	1	mineum
0011-002	これが巷で話題の中国語ってやつですか...（は）	4	shein
0011-003	思ったーわー	7	Aqunoあきゅの
0011-004	@パルパル 全く同じこと思ってて草	29	ochodaimaou in Music
0011-005	ギ存完表素	79	パルパル
0012	13:46人間とは思えない音、あるとしたらげっぷ	149	ちも・ちもちちも -Chimo Chimochichimo-	0
0013	8:34 ジャパネットぎばら	184	Yuu Mikami	0
0014	10:55 汚い３コンボ	338	chocolatea	3
0014-001	ゲロ吐いてて草	5	豆腐の気持ち
0014-002	壺男の声もコラボしてて草	4	どこぞのはぐキンという名のYASAI
0014-003	ｳ""…ｳ""…なんかn…ｱ""""""""""	6	ayumi sato
0015	10:54　13:46　ウ”ッ 15:13　汚い声を嘆く 16:26　調整 16:46　汚い咳	827	蜜レモン	5
0015-001	13:46 ゲロ吐いてて草	8	豆腐の気持ち
0015-002	調整がじわるw	2	はんにゃばる
0015-003	ヴッ（サンズかよw）	5	藤井流星
0015-004	汚い咳ワロタww	42	ツカサ
0015-005	有能	17	asan t
0016	4回やり直して30分もたないのは流石に草	157	ヌカさん	0
0017	24:50 ほぼ無駄がない落下の仕方逆にすごすぎるw	482	やみい/朝日奈樒	4
0017-001	:あんちょら  何で知ってんだよ……	7	髙橋龍斗
0017-002	カラスの断末魔の叫びみたいで草生えた	11	::
0017-003	ここ本当笑った	9	ハナモゲラ危機一髪
0017-004	連続汚い声ホンマ草	22	リクシエル-NT
0018	22:54 からのガチの心の声好き	127	ジンLv.49	0
0019	15:00 ここから好き	303	S Y	0
0020	15:00 進化 24:40 終末	173	zǝɯɔɹɐ	0
0021	15:09 ここ野々村	181	suva	0
0022	14:33 ここからの流れ好き	87	いとお菓子	0
0023	動画時間で察したけど動画見たらその上をはるかに超えていた	122	もちもち	0
0024	ポケモン起動したときの伝説ポケモンの咆哮を思い出した…	192	ポンコツ	6
0024-001	グラードン	0	レモンスター
0024-002	カイオーガ	2	宙2
0024-003	ディ　ア　ル　ガ	2	ドイミ
0024-004	俺はギラティナの声に聞こえた	10	くーたらいあ
0024-005	フルフルと同時再生させたい………	11	武秋竜風
0024-006	パ  ル  キ  ア	16	_うさぎ
0025	4:10見返してて思ったけどここの吐息すき	257	コマド	6
0025-001	4:16	1	Hustler B-58
0025-002	4:14から関係なくて草      4:15	4	mineum
0025-003	4:14	3	レモンスター
0025-004	4:13	4	わん肛門
0025-005	4:12	18	シーモネーター
0025-006	4:11	27	ネフライトを崇める民
0026	何がとは言いませんが御伽原さんの汚い声を聴いてたら元気が出ました。	119	天野望一	0
0027	13:47 これ連打してみな明らかに声汚いんだよ。セーフだよって言ってるけど。 声汚すぎてわろてしまったもん。 異次元の声出ちゃってる。	83	ジョングク	3
0027-001	普通に可愛い(洗脳済み)	6	あかりね
0027-002	NE- NOWARIANNN  某ナースが喜びそうなプレイしてる感じだよね。マーライオンしそうになって耐えてるところだわねこれは。	2	髙橋龍斗
0027-003	えっっっっっくね？(中級者)	16	のわりあんゆっくり
0028	江良判定で草	233	雑食愚者	3
0028-001	ナポリタン三世 えら判定すこ	8	プリン。時間を無駄にしない
0028-002	判定感覚江良ー起こしてんな	20	ナポリタン三世
0028-003	奈良判定みたいで草	21	ユミールの殻
0029	24:55 長野原みお	36	パン人間 YYSK	0
0030	10:55 スーパードンキーコングでそこそこガタイのいいワニを踏んだ時の声	72	蟹蒲好男	0
0031	14:58 ここからの発狂ホントすこ	52	骨骸	0
0032	ｳﾞｫｴ声配信で草	81	月夜天の川	0
0033	3:32 ここ兆候出てる 12:30 今日は、萌え声の気分なのdう”ぅ”お”ぉ”え”ぇ”ぇ”っ”	16	空を秒速100kmで飛ぶペニーワイズ	0
0034	久しぶりに見てみたらなんか泣けてくる… この頃の江良ちゃんもう1回見てみたい	4	たくまん	0
0035	自分用 15:07	64	橘レラン	0
0036	3:40 あばぶ	39	あかさたな	0
0037	これが10分で分かる御伽原江良ですか？ ってぐらいに色々面白さが詰まってた配信でしたね...	91	アヲノ#調子極端	0
0038	26分ももったんけ！？っと思ったら普通に出てて草	58	諸越みなと	0
0039	おれはここからだったよ、本当にありがとう	7	Rush GEASS	0
0040	雄叫びっぽい汚声も好きだけど 御伽原的セーフって言ってた ン"ァ"ッとかウ"ッ"とかのゲップみたいなのクソ笑うwww	99	スミスジョン	0
0041	定期的にガブリアス居て草	8	漣瑞貴	0
0042	可愛い可愛い御伽原さんも素敵だと思いますが、きったねぇ声を張り上げながら楽しそうにしてるギバラの方が好こ	38	こうちゃかん	0
0043	現代社会のテスト赤点かもしれないけど元気出ました	67	吸いたい猫様	1
0043-001	回避しました ギバラの加護助かる	40	吸いたい猫様
0044	居なくなってからまた見に来てしまった…泣きそうだよ…	3	ちくわ	0
0045	短すぎて切り抜き動画やと思った	30	みやちも	0
0046	もう綺麗でも汚くてもいいからもっと声を聞かせてくれ	4	あか	0
0047	12:31今日は萌え声の気分なので…おぇぇぇぇ！	2	スクさん好きの無名のキラー	0
0048	The 1st Vtuber video i ever watch in 2019 and I has fall into the Vtuber Rabbit Hole thank to it. Thank u Gibara.....	0	Kurono Kiel	0
0049	短い中に面白さが徹底的に圧縮されててすごく良い動画だと思う、心から なお私は腹筋が壊れました	85	siwa wakame	0
0050	これが江良ちゃんの初めて見た配信だった…消える前にもう一度見とこう	4	トリカズ始祖鳥	0
0051	こんな汚い声で2年間駆け抜けて伝説になったシンデレラ	0	メイフの蜜ぎ隊	0
0052	ヴォエ声RTA	52	ての	0
0053	16:31 声がどうとかを抜きにしても魅力に溢れすぎていることがわかる下りがあるのがこの動画の隙のなさ	14	不安太郎	0
0054	江良ちゃんの萌え声もギバラの汚い声も全部好きだぜ！ 2年間お疲れ様！ おつえら〜！るん！	2	ミツクリ	0
0055	卒業しちゃったけど、えらちゃんの配信ではこれが一番好きかも	2	朝栗ゲンスィ	0
0056	アーカイブで初めて見たが腹いてぇｗｗｗｗやべぇこいつｗｗｗｗ 2:00-5:30　「３分ちょっとでわかる御伽原江良」	28	かえる	0
0057	15:44 ここエシディシ	12	黒猫大和	0
0058	この配信が1番好き	3	きりん	0
0059	04:30 終了	18	papapa papapa	0
0060	バ イ ツ ァ ダ ス ト	45	oronamin c	0
0061	消えちゃう前に見にきた。これで私はギバラにハマりました。同志おる？	3	ぺぺけし	0
0062	腹筋陥没するかってくらい笑ったw	20	白い白い未栄	0
0063	この配信で一気に好きになったんだよなぁ	1	いいことでもあった委員長ちゃん	0
0064	ああ…可愛いなあ……御伽原 江良ちゃんの嘆き声も可愛いなあ、汚い悲鳴も可愛いなあわかる人いっぱいおるんやろな	6	フィネ萩尾	0
0065	24:55  レシラムのおたけび	6	reとーあ	0
0066	るん！見て思ったけど｢御伽原江良｣って可愛いな	22	会員スプラ愛好会	1
0066-001	なんでや！他もかわいいやろ！	1	Triumph
0067	8:20越えたあたりから汚ねぇ声が頻繁に出てくるの草	10	・羅生門の老婆	0
0068	再生時間でなんとなくオチてて草	6	ちはや	0
0069	お、26分も持ったのか...？     や  っ  ぱ  り	12	. i	0
0070	この動画今のところにじさんじ最強	15	クライマックスタラバガニ	0
0071	これまでの江良ちゃんの配信で１番好きかもしれない	15	まるち	0
0072	カップ麺できました！ありがとうございました。	25	碧井かえる	0
0073	15:10 八ッ場ダム決壊	22	【もーぐーらー】2021冬春モデル	0
0074	普通の声の方がかわいい気が…	7	エトシル	0
0075	最高でした！ 次の配信も楽しみに待ってます	14	グラブル大好きマーン	0
0076	30分でわかる御伽原江良	12	あらてぃん	0
0077	あのさぁ…(配信時間)	4	そこらへんの机	0
0078	これはそのまま入門編的にいけると思う。	16	ハナモゲラ危機一髪	0
0079	本当、誤魔化すところとか可愛いね	0	三角	0
0080	お前ほんと面白いな	16	エリンギ	0
0081	新手のコントかな？	34	露天風呂	0
0082	顧客の求めるものを完璧に理解している女	10	Janko	0
0083	視聴者に求められているものを分かってらっしゃる… 全盛期ももちと似たような部分を感じた	17	ラブラドール	0
0084	ギバラ様は芸人の鑑や…！　様式美の美しさよ…！	5	眼珠天蚕【めだま_やままゆ】V劇作家	0
0085	初配信を見返してからこの配信見るとすごい笑う	7	マカ摩訶	0
0086	御伽原的見解ゆるゆるですき	8	あくあ	0
0087	始終笑ってた	9	和辛子	0
0088	フラグ回収早いwww	5	シノン	0
0089	今のところ令和で一番笑ったわ	20	黒ノ識・くろのしき	0
0090	ヴォエ声は草	14	姓名	0
0091	動画時間見ただけで草	7	ZERO JIT	0
0092	顔かわいいなぁーとか思って見てみたらかなりどぎつい声してた	5	MI NA	0
0093	めちゃくちゃわらわせてもらいましたわ ギバラはおもしろいな　好きだ	7	つな728	0
0094	待ってたら、いつの間にか終わってたんだが……。終わってたんだかッ！	19	詩姫	0
0095	たまにギバラの声が聞こえるんだけど...大半誰か分からないんだけど？	5	Reaia	0
0096	17:47R2D2で草	1	Teketooo	0
0097	全然大丈夫じゃなくて草	0	森中ヒルシャー	0
0098	お疲れさまでしたw 元気もらいました	2	福田優希	0
0099	情緒不安定で草	4	o y	0
0100	萌え声とは？（哲学	7	ぬべすこ検定2級保持者	0
0101	これは伝説やろ	7	ふりっかー	0
0102	4:11 好き	5	クッキークリッカー	0
0103	二回目がただの変声で草	4	パチコ	0
0104	BGMと180度かけ離れた声とても素晴らしいと思います。本当にありがとうございました。	4	とんいっとぅん	0
0105	8分音符ちゃんよりは長かった…	4	湯どうふ	0
0106	30分弱でわかる御伽原 江良  22:55 自分用	0	T. T.	0
0107	壺より酷かったなって思って8分音符ちゃんから戻ってきたけど そうでもなかった	4	摩擦熱	0
0108	開幕の声もはや誰だよ	6	ノミ	0
0109	そういうことにすればいいのか(名言)	3	テレビジョン	0
0110	るん！(迫真)	4	希凛	0
0111	可愛い声出すために必死にチューニングしてんのがほんと草	0	ましおの配信部屋	0
0112	4:31 ここの汚い声昔のテレサみたいな声で可愛いね💕(？)	1	月月	0
0113	やっぱこの配信最高なんだわ	0	アルマシオン	0
0114	本当は5分半で終わってんの笑う	0	どうていほうけいゼルバスター	0
0115	やっぱすげぇよ御伽原江良は()	1	ひよしゅ〜る	0
0116	声出してから一回目の終了まで3分ちょいか… まあその前のグレーも入れれば1分ちょいなんだけど…  でもそんなギバラが好きやで	27	MIKO MAIKU	0
0117	壺おじで声優デビューは草	0	しん	0
0118	おとぎばらエラーはさすがに草	2	Jr.モロイシ	0
0119	可愛いんやけどなぁ…	1	太田奏	0
0120	最高｡ﾟ(ﾟﾉ∀｀ﾟ)ﾟ｡ｱﾋｬﾋｬ(笑)	0	ひかるン	0
0121	初見だけど、何この可愛い子	3	Gackt _	0
0122	あ…ありのまま 今 起こった事を話すぜ！ 「配信が終了したと思ったらいつのまにか始まっていた」	6	Раян Яaian	0
0123	4:11あえぎ声	2	そあやたらたらた	0
0124	腹筋痛くなるほど笑った、最高	0	alun -アルン-	0
0125	可愛いより面白いのが価値あるからセーフ	2	はせ	0
0126	めっちゃ好き	0	冥王星を僕は忘れない'HAL	0
0127	3:42なんか一瞬出てきたぞ…	0	灯火	0
0128	しっかりとこまめにフラグ建築と回収してて草	0	つたたみ	0
0129	16:26 ﾀﾋﾟｵｶｳﾒｪｽ…	0	D0m9【ドム】	0
0130	大爆笑したｗｗｗ	0	きよぴー	0
0131	13:46 ゲロ吐き　個人的に吹く	1	豆腐の気持ち	0
0132	誤差の範囲すごい笑いました 本気で気を付けてるところが可愛い	0	ちょろ63号	0
0133	15:27 汚い代が謎すぎて草	2	4 YAMA	0
0134	オチが秀逸www	0	フライドエッグマン	0
0135	コメントが辛辣ぅ〜w	1	エチルアルコール	0
0136	初見だけど、終始腹抱えて笑った	1	っょぃゃっ	0
0137	エシディシは的確	0	LOST II	0
0138	かわいい声好き、いいボタンをあげます	1	Electron Resonator	0
0139	クソうるさくて草生える(誉め言葉)	0	イガリモエ	0
0140	15:10 何かエシディシっぽい	2	血汁	0
0141	案の定速攻で終わってて草	0	ノノ	0
0142	萌え声でやってるだけで笑う	0	ポムード	0
0143	22:40~「あのぉ〜」とか母音がOの時、 声がドラえもん	0	バンドマン	0
0144	広告挟むタイミングが作為的w	0	さいべ	0
0145	汚い声の方が好き	2	nAo	0
0146	22:34 叙々苑ニキイケメン	0	Stmi	0
0147	「汚いのは声じゃなくて性格」という傷口を土足でえぐる様なコメント好き	1	N	0
0148	短くて草	1	あかりね	0
0149	リアルタイムで見てて爆笑しか してなかったw	0	Vりゅ龍 :XX	0
0150	この動画を見ると笑うのに耐えていた初期のガキ使から耐えなくなる過程を思う	0	zero utireji	0
0151	元気でた	2	ミヤソエム	0
0152	12:30 笑う死体の山	0	さか	0
0153	見る前に動画時間を見て察してしまった	0	Yumeka Aizawa	0
0154	神回	6	愛してるギバラ	0
0155	i love how she slowly descend into madness	7	Riyan Afrizal	0
0156	10:20政治家の言い訳みたい（笑	0	「麒麟」	0
0157	1:48 開始	2	たか	0
0158	カップヌードルは作れたがどん兵衛は作れなかった	0	_ marugaooo	0
0159	めちゃくちゃ面白かったでーす！ 終始大爆笑で腹筋崩壊しました！ 慰謝料請求してくださいね！	0	chみさきっち	0
0160	ギバラちゃん気になってて来た初めて見る動画がこれってもしかして正解？？(？)	0	樹希	0
0161	15:14 溢れ出るエシディシ感	0	PAELLA KING	0
0162	これがギバラとの出会いだったんですけど(怒)	0	asan t	0
0163	イザナミどころかもはや穢土転生	0	薄暗バット	0
0164	ギバラを知ってる従兄弟に初めて見せられたこの動画…。とっても分かりやすかったよ。	0	お茶菓子	0
0165	ギバラガチ恋勢にはたまらない配信ですねぇ…(遠い目)	0	あ	0
0166	寝る前に見てはいけません	1	Joy tn	0
0167	これと『魔女の家』のマジ泣き見てファンになった	2	アイワナ少佐	0
0168	江良がギバラに吸収された配信	0	イムズimuzu	0
0169	濃厚やなぁ	2	すぷっちとてぽ	0
0170	萌え声の気分なnｳﾞｫｴｴｴｴｴ！	0	墓田埋美	0
0171	1:50 本編始まります	0	Utaのお兄さん	0
0172	15:12フィーバータイム	1	Su A	0
0173	ほんとすき	0	あのまろ	0
0174	2回目吹いたわ	2	猫霧	0
0175	ギバラほんとかわいい❤️ これ何回も見てる	0	山吹色P	0
0176	だいじょーぶですよ〜(洗脳)	0	シャリーsyari	0
0177	30分ももたないのホント草	0	HUGのゲーム実況	0
0178	15:09 ほんへ	0	ジョルノ	0
0179	3:42 3:42 3:42 3:42 3:42 個人用	5	Ry o	0
0180	即終了で終わるのが早すぎる	0	あいす雪見だいふく	0
0181	タイトルとやってることが矛盾してる	0	チキチッキー	0
0182	どうやったらそこまで汚い声が出るんだw	0	サイファtopic	0
0183	ちょっと彼氏(ギバラ)の声入ってますよ	0	最弱	0
0184	2:00 はい。終了のお知らせ	0	NAGA TO	0
0185	萌え声の御伽原より汚い声のギバラが好きなんだけどなぁ…	0	ヒスイ	0
0186	5:27 に「こんばんは〜」って言った瞬間終わってるニキいて草	0	上下の穴からちくわ大明神	0
0187	何で江良ちゃんの声でやっていけると思ったんだ…	0	tukky	0
0188	たまにギバラの声が聞こえるんだけど、動画の大半の声が誰かわからないんだよなぁ・・・ほんとにこれ、ギバラの配信？？	11	ぜるたん	1
0189	これ音響兵器？	4	みゃおん	0
0190	恐ろしく早い終了、俺じゃなきゃ見逃しちゃうね	2	えるふぃ〜	0
0191	開始早々ギバり始めるのホント草	0	LUNASA GISSY	0
0192	初めてギバラを見た動画です、1周年おめでとうございます、るん❣️	0	神城アキラ	0
0193	かわいすぎてしんどい	0	ゆたろん	0
0194	伝説の始まり。	1	suva	0
0195	フラグ回収が早すぎて森	0	アイスティーダ	0
0196	江良とギバラが別人格って言われる理由がよくわかったわw	0	仲井	0
0197	誰か汚声耐久動画作って欲しい	0	中村。	0
0198	過去一番おもしろい動画助かる	1	Shun	0
0199	汚い声出しまくっててw	0	御坂美琴	0
0200	るん！	0	ドイル荒川	0
0201	14:32	3	la pis	0
0202	えらちゃんまぁまぁすこ、ギバラだいすこ	0	バリトンさん	0
0203	どぅーとぅるっとぅっとぅっとぅっとぅる・どぅーとぅるっとぅっとぅるの動画から来ました。	0	ハヤテへか?	0
0204	このゲームこの動画が初見なんだけど、このツボおじはなんの業を背負ってるんですか？	0	kikiebicyann	0
0205	開始1分も経たずに大量のおつえら	0	#狛犬_	0
0206	2:01 生きてたのか・・・！江良ちゃんーーーっ！！   5:22 なァーーーーンちゃってェ！！！！！	0	最弱	0
0207	あ、これが伝説の、配信ですね	0	ゴルフゴルフ	0
0208	２０秒配信かと思った だいぶ頑張ったなぁ	0	けん惣門	0
0209	14:41 だぃぃぃいいい(ギリセーフ？)	0	おいどん	0
0210	クッソおもれぇｗｗｗｗ	0	ふぅまぁ	0
0211	まさしく神回だった	0	田中太郎	0
0212	開始5分で終了、その後何事もなかったかのようにTake2を開始するのすこ	1	puchi puchi	0
0213	アーカイブ長いから結構続いたんだなぁって思ったらリスタートが何回もあって草	0	Penta ta	0
0214	最後までしたくなったら 萌え声出したら即終了 にすればできるか	0	橘空	0
0215	御伽原江良図鑑	0	りょーちゃん	0
0216	動画時間1時間どころか30分もないの草 お手軽ギバラ	0	カモ	0
0217	24:50無駄に無駄のない無駄な動き	0	ストレンジャー	0
0218	この人可愛いな	0	NAME NO	0
0219	サムネで分かる企画倒れ	0	ちまちま	0
0220	リスタートの時の声が似てもなくない本田圭佑ぽい	0	ポムード	0
0221	大好きなVtuber 前世はアクシズ教のご神体やってそう	0	黒繭纏	0
0222	汚い声も好きだぞアババ原	0	クラフター	0
0223	ここまで先の読める生配信はそうそう無い	0	モルモット3	0
0224	ひたすらにコメが草	0	囓りクリップ	0
0225	ギバラは喉に車飼ってるのか納得したわ゛	0	しっしー	0
0226	ホロライブの白上さん見習って.......w	0	くぎぅすいっち	0
0227	いや、草	1	ハニーバジャー	0
0228	なんか、癖になるなぁ…	0	S. Ono	0
0229	にじさんじ産の化けの皮っつうもんはすぐ剥がれるんやなって。	2	どぅーろい	0
0230	トムとジェリー	0	APFSDS HE	0
0231	ﾌﾞｪｪｪｪｪｪｪｪｪｪ!!!	0	シロクロ	0
0232	初手おつえらーで草	0	さとちー	0
0233	俺は汚い声のお前が好きやで	0	ao moka	0
0234	平均5分に一回終了する草	0	Aki	0
0235	ギバラの存在証明が出来た回	1	准将むじな	0
0236	萌え声より汚い声の割合の方が多い説	0	ひじき豆	0
0237	12:31 はココアちゃんだからセーフ	0	川谷メゾニーン	0
0238	叫んでるのも可愛いと思うけどなぁ	0	結	0
0239	咳払いで38歳は超えてる説	0	祈祷垢垢	0
0240	にじさんじ一の清楚ういままを見習ってください	0	Lino	0
0241	今見るとこの頃はまだこれでもマシだったんだな。現状に比べると	0	ガンコウ	0
0242	終了処分しなきゃ（使命感）	0	カペラちゃん	0
0243	うぜえｗ	0	変な名前のやつ	0
0244	1:47 終了	1	tose Chi	0
0245	終わったり始まったりしろ	1	:ホワドリ	0
0246	ビバラすき	0	うへ	0
0247	ギバラのよいしょーが普段から言ってそうで好きなんすよね	0	残り物のつぶやき	0
0248	もう一年たったのか....早すぎる	0	road Δ	0
0249	最初の自己紹介のアレじゃないから、実質0秒	0	ダイマン	0
0250	15:42 汚い代1000円ニキ大好き	0	いっしー	0
0251	17:47 デーモンコアくん	1	しめさばがつち	0
0252	最近疲れが溜まってたけどこれ見返したら全部吹き飛んだわ。  サンキューエッラ	1	お米大臣	0
0253	大丈夫です いつも綺麗ですよ	0	堕ちん歩党の大逆襲インポテンツ、イマラ.ターザンの気筒包茎炎完治までの奇跡の一週間	0
0254	おもしれー女	1	ウリカバディ	0
0255	これアーカイブ見ようとしたらにじさんじがコラボしてるやつあった   （察して？）	0	TPS大好き人間	0
0256	キ　ノ　ピ　オ	1	くり	0
0257	いちいちガブリアスみたいな声出してて笑う	0	キキキリンリキ	0
0258	もう一年前なのか。何度みてもおもしろいなぁ	0	朝栗ゲンスィ	0
0259	おとビーバーらerror	0	立夏	0
0260	萌え声スタートした時のチャットの 「お前誰？」 「声高くない？」 「猫かぶるな」 「無理すんな」 で草生えた	0	TSUTAYA	0
0261	声の潰れたキズナアイ みたいな声だなw可愛い	0	クロマグロ	0
0262	8:53 9:07	3	445赤熊	0
0263	Congratulations you found the first English comment!	0	Pick up that can	0
0264	初回配信を思い出して	0	ぐっちー	0
0265	はやっ	0	ジロロ中尉	0
0266	14:41 言ってる人あんまりいない気がするんだけどこの「あﾞい゛い゛ぃﾞぃﾞぃﾞぃﾞ」好きなんだよなぁ	1	コンティロマネ/イルミナたんふぁんくら部部長	0
0267	2%くらいマジで凹んでそう	0	ほのこ	0
0268	デスメタル得意そう	1	Kazuki Kubo	0
0269	萌え声が出たら即終了	0	SCP―198マッカンを一杯	0
0270	初見です。この方は綺麗な声なのに何故汚い声が出るのですか？	0	いるか	0
0271	「言わないでよぉ〜」を素直に可愛いと思ってしまった。男は単純なのである。	0	みみらー	0
0272	キズナアイの殻を破った猿	0	Friends Forever	0
0273	神配信	0	太郎オペァンツ	0
0274	2:00で終わりだと思うの俺だけ？	0	ヒッキー	0
0275	初っ端リスナーたちが「こんえら〜」じゃなくて「おつえら〜」って言ってるのでもう草	1	コンティロマネ/イルミナたんふぁんくら部部長	0
0276	これが彼女なら全然ありなんだよなぁ(真顔)	0	まるこするさんてぃねす	0
0277	take2秒殺で草	1	ぐっちー	0
0278	14:30	2	ぴこ	0
0279	この動画であなたのファンになりました 初見だったけど腹抱えて笑ってた🤣	0	asmrソムリエ	0
0280	本当におもしれー女	8	もちもちぱすた	0
0281	喘ぎ声とか汚そう	0	超絶人力車	0
0282	15:00〜15:50 汚い声のフルコンボだドン	0	なりなり	0
0283	おわんのはや	0	スイカあねき	0
0284	最近ギバラを知ったんだけどこんな逸材なんでもっと早く知らなかったか後悔してる	1	sora	0
0285	15:09 初見だけどこの人を応援していこうと誓った。	0	オオトロナオヤ	0
0286	ネタでasmrやってほしい	0	釣り竿	0
0287	汚い声だけで壺おじやってほしい	0	LUNASA GISSY	0
0288	あ、意外と30分近くもったんやな〜って思ったら3分で終わってて草       2回目なんか数秒w	1	Ritu	0
0289	19:33  萌え声可愛すぎて辛い いいよね萌え声…… かなり上手い方だと思います、尊敬	0	たかみかん	0
0290	汚い声出すRTA配信	0	HIROKI KANBARA	0
0291	なんで26分も続いたの？	0	シャアアズナブル	0
0292	今さらコメするけど、take2始まったとき「ヴァイツァダスト？」っていうコメあって死ぬほど笑った	1	チカちゃん	0
0293	全然汚い声に聞こえないのは俺だけか？	1	SeYa.botゲームチャンネル	0
0294	学習しない女	0	アルドン提督	0
0295	（冒頭）10分でわかる御伽原江良.gibaraengine	0	Yuki Yoshi	0
0296	清楚だなぁ...	0	85の	0
0297	るん！(？)	0	霧雨ユナイテッド	0
0298	コレはみんなのチャットを見る動画だなｗ	0	あっち?こっち?そっち?どっち!	0
0299	仕切り直しにエンジン音まで持ち出して３０分持たない萌え声の神	0	なおきち	0
0300	レシラムから	0	くずかむ	0
0301	4:30	1	ちりめんじゃこ	0
0302	声が汚過ぎて壺のおっさんに声を間違えられる女	1	腐ったみかん	0
0303	ｳﾞォ゛ｪ゛声配信	1	コイン粉	0
0304	かわいい声だけを出そうとがんばってることを必死に訴えるたびに落ちて叫び声を上げるのほんと笑う。何なら今まで以上にすごい声出てたような……！ 終了芸かな？と思って待ってたら本当に終了してお腹よじれるほど笑っちゃった！！短い時間に江良ちゃんのかわいさも面白さも詰まってて良い！！	17	ユリ	0
0305	ライブ中に見るのは初めてでしたが 大変面白かったです…ｂ 次回も楽しみにしています。	5	プラチナシロガネ	0
0306	萌え声❌ もぺもぺ⭕ （元ネタトラウマ注意）	0	Xepher IIDX	0
0307	こんなん腹が捩れるわ！	1	時雨改五	0
0308	ゑ！	0	こがらし	0
0309	23:08 汚いよぉ〜…(すき)  23:47 なっちゃうの(ふてくされぎみ)(ここもすき)	2	Triumph	0
0310	褒めさせてくれよ・・・・・	0	Gensow[げんそー]	0
0311	16:07   でみさくらなんこつってコメントしてる輩がいて草 確かにギバラなら...センシティブだからやめとくか	0	朱、	0
0312	ちょっとジャッジ甘すぎない？第一声からアウトだと思うんですけど……	0	Anko Azuki	0
0313	にじさんじ初心者です。 友達がギバラ知らないみたいなのでこの動画見せようと思います	0	チカちゃん	0
0314	ライブでこんなおもろいとかまじで初めてなんだが	0	豚骨らぁめんニキ	0
0315	3:28 部分の切り抜きから	4	嵐龍帝 -らんりゅうてい-	0
0316	初見だけどチャンネル登録せざるを得ないわこんなん	1	麦茶	0
0317	御伽原江良ちゃん初出演じゃね？	0	織田豊	0
0318	16:26 ゾンビピッグマン 16:34 ガスト	0	大吉擬	0
0319	The gibara now will never last that long	0	detective duck	0
0320	2:00終了	0	オルガイツカ	0
0321	ギバラ見始めてから間違いなく声癖拗らせた	0	ひょっぴえん	0
0322	水飲むだけで汚くなれるのもはや才能なんだよなぁって改めて思ってみてる	0	kzメイト	0
0323	11:40 え…え…え？？？	0	なひちN	0
0324	短い	0	青い孔雀	0
0325	ワロタ	0	yurt	0
0326	開幕おつえら	0	まっしゅぽてと	0
0327	普段どんだけ酷いんだよ､､､	0	さばのみそに	0
0328	綺麗な声を奪われた人魚姫	0	MO MO VENOM	0
0329	ほぼ予想どうりの展開で草 もっと平常心であれば汚声は出なかったでしょ でも内心はそれほど汚いなんて思ってないよ〰️   でもゴメン······やっぱりクソお"も"し"ろ"す"ぎい"い"い"い"い"ー	7	いろじろ	0
0330	こんなに胡散臭い萌え声があっただろうか…	0	ころねあらび	0
0331	これでプリキュアの声優目指そうとするんだからおったまげよ。	1	こたつ	1
0332	汚い声「出して」即終了じゃねえか...	0	なーもー	0
0333	「可愛い声」って調べたら出ました    どうなってんだコレ	0	CHIBI RYO	0
0334	これほど汚い声は佃○○りおくらいしか知らんわぁ	0	ビッコぽぽぉ	0
0335	もう救いはない	0	希尔维嘉	0
0336	はじめて見ました。 気づいたら最後まで視聴していて今年初めて笑うことができました。本当にありがとうございます。 そのままの声でもとっても素敵で…やっぱ汚えなおい！	0	you kye	0
0337	萌え声の気分なので、 ボエええええええええ    ん？	1	正論で殴るDV男を殴るハリセン。。	0
0338	自分用 17:46 17:46 17:46 17:46 17:46 17:46 17:46 17:46 17:46	1	まりも野郎	0
0339	動画時間26分で草が抑えきれない。切り抜き動画の方が長そう。	0	ぐらんつ934	0
0340	声だけオールブラックス	0	リュウキ捲土雷鳥	0
0341	12:33コ   コ   ア	0	バシヤーモ	0
0342	3:42 ｱﾊﾞﾊﾞｯｯ	6	たろう。。	0
0343	るん！じゃないが？	0	置鮎龍太郎	0
0344	3:42若干出てるよ  リスタート後のキスケかな？っていうコメめっちゃ笑った	0	せた	0
0345	視聴前 「あー、でも26分続いたのか」  5:20 「は？」	1	藤田	0
0346	「   る   ん   ！   」   じ   ゃ   ね   え	0	るるる	0
0347	無限ループって怖くね？	0	末期なマッキー	0
0348	English comment passing by	2	Forgo _	0
0349	14:41 だｲ゛ｲ゛ｲ゛ｲ゛ｲ゛ｲ゛ｲ゛ｨ゛ｨ゛ｨ゛ｨ゛ｨ゛ｨ゜ｨ゜ｨ゜ｨ゜丈夫だと思います	0	赤井ココロ	0
0350	ギバラエンジンってインテグラでしょ()	2	地底人	1
0351	えづくけど全然吐けない人みたい	1	脱走兵	0
0352	配信開始から､おつえら～ は草     てかよく26分ももったな… (え？)	1	推スイもの	0
0353	I can't believe Gibara killed her	0	Fox Cho	0
0354	初見ですが、大体この方がどんな人なのかわかりました。	0	てんとうむし	0
0355	腹筋返してｗ	2	たなは	1
0356	音ギバラの呪いのせいで全部汚く聞こえる。	1	ザクレロマン	0
0357	犬山たまきの動画から来たけど、面白いな。 他の動画まだみてないから、どれが通常の声かわかんないや w        さすが、ニジサンジの爆弾	1	タカタカ	0
0358	正直興奮する	0	黒電話	0
0359	1:48 おつえら～ 5:20 おつえら～ 8:21 おつえら～ 24:50 おつえら～	0	碧井かえる	0
0360	初見です！かわいい！     視聴後 えっ。	0	田中ピーターラビット	0
0361	まさかのゲッティンゲオーバーイット たけしの挑戦状実況して お願いします たけしの挑戦状実況してくれなかったら ラグナブレードにギガスレイブを掛けてアカウント崩壊ｼﾞｮｳﾀﾞﾝﾃﾞｽﾖｰ	0	曐埜斗暉	0
0362	残機多くないですか？	0	じぇいがいも	0
0363	今見ても思う事     「知ってた」	0	コーンスープにコーンを入れた男	0
0364	難易度ギバギバは流石に草	0	nano	0
0365	回を重ねる度に配信時間が短くなるギバラの汚い声出したら終了シリーズすこ	0	藤田	0
0366	甘えるな	0	ぐっちー	0
0367	俺は地声の方がすきだな	0	クタール	0
0368	本性出さないように頑張ってるなぁと思いながら普通に見てたけど俺がギバラを好きになったきっかけを辿っていったらしょぼんで吹いた	0	めろちゃんねる!	0
0369	今ではこんな動画でも涙でそう	0	ワンダフル	1
0370	同じ時が繰り返している.......！？	1	アーリーアダプター	1
0371	不正ぱなかった	0	田中カカロット	0
0372	想像以上の汚さだっヴォオオオオオ	0	PKFLASH	0
0373	17:52  汚くないよね??(ゴリ押し)	0	めいめい	0
0374	我残機無限ぞ？	0	おおきなたわし	0
0375	正直この声からのあばばは可愛いと思ってしまう	0	るかな	1
0376	4:124:124:12 4:124:124:12 4:124:124:12       ｳｯ…‼︎	0	まみむめも子	0
0377	化けの皮剥がしRTA	0	シュガー田中	0
0378	15:08間違えて、るん！エンディング画面が出る。	1	中山北斗	0
0379	これも幻術なのか？ これも幻術なのか？ これも幻術なのか？ これも幻術なのか？ これも幻術なのか？	1	Franz kafkaf	0
0380	13:46	0	田中太郎	0
0381	江良ちゃん 鈴鹿詩子 委員長 にじさんじやべーの四天王だとあと一人誰やろ？	0	武秋竜風	2
0382	昨日の配信を初心者にオススメするとか言ったけどこっちかな…() もうめんどくせぇギバラ初心者はアーカイブ全部みろ(過激派)	0	チキンぱねる	0
0383	22:42 字幕つけてみてください	0	うんぶりぶり	1
0384	1:49 1:49 1:49 1:49 1:49 1:49 1:49 1:49 1:49 1:49 1:49 1:49 1:49 1:49 1:49 開始	0	富士山	0
0385	10:52	0	篠ノ之 箒	0
0386	1:49 開始	2	しばじょり	0
0387	14:07	0	スケちゃま	0
0388	友人に、汚い声の御伽原っていう子をオススメされて、チャンネルのトップにあったのでこれを見たけど、全て把握したわｗ ちゃんと萌え声出せてるし、ちゃんと汚い声出るし、両方とも振り切ってるのがいいねｂ ちなみに萌え声も良いけど、汚い方が割りかし好きかなｗ	1	strName 1000yen	0
0389	御伽原江良はスタンド使いだった……？	1	卵とじじゃないだろ	0
0390	15:10	0	はんペン	0
0391	初めてギバラのTwitter見てみたけどメンヘラ全開で草生えた 地声の方が好きやで	0	あさき氏	0
0392	るん！	0	キムワイプーSDSーペイジ	0
0393	ギバラの声は汚くないよ、心こそ	0	一介草民	0
0394	am i the only English person here	0	im confuse	0
0395	ポ   プ   テ   ピ   ピ   ッ   ク	0	おんじおんじ	0
0396	13:47	0	月歩行泰	0
0397	2:01	0	j i-	0
0398	汚さ（本領？	0	高橋秀作	0
0399	26:06萌え声キツゥって言ってましたね	2	アルファタウリ	1
0400	ここは御伽原江良。それ以外はギバラ。 2:46  3:24 3:42 ん？	3	鋳型 /IGATA	0
0401	12:30        12:33	0	XLaus	0
0402	はえーよホセ	0	M M	0
0403	15:25～ 前田氏降臨	0	そると氏	0
0404	伝       説	0	あんだー	0
0405	こんだけぎばぎばな判定して平均6分30秒ほどしか持たんのか(困惑)	0	Croissant	0
0406	彼氏は何してそんな声出してんだ…	0	Wing Eternal	0
0407	まだ4分もっただけでもえらい。	0	Zag Zig	0
0408	躁鬱病の方ですか…？	3	kanitama soup	2
0409	夢月ロアの下位互換	0	めーぷる?	0
0410	She is error	0	地獄鳥	0
0411	汚い声出るんだったらエロい声出せば？	0	ゲルティナ-Gltyena	2
0412	普段の声がもうなんかきたないひまわりなんだよなあ	1	a	0
