0001	22:00   自分用	5	カラくん	0
0002	44:04 ドMで草	12	藤田	0
0003	ダイエットの原則は消費カロリー＞摂取カロリーです。 そのため基本的には①摂取カロリーはそのまま消費カロリーを増やす②消費カロリーはそのまま摂取カロリーを減らす③消費カロリーを増やして摂取カロリーを減らす、の3通りがあります。つまり①食事はそのまま運動を増やす②運動はしないが食事を減らす③運動を増やし食事を減らす、となります。 ここでポイントなのが①と③は体重の減量以降も恩恵があるということです。①と③で運動をすると減量期間以降も一定期間は基礎代謝量が上がった状態=太りにくい体質になります。この基礎代謝量は日常で何もしていないときにも消費しているエネルギー(カロリー)量のことです。つまり、一番最初に言った原則の消費カロリーが底上げされるということです。分かりやすく数字で表すと、以前は1日あたり消費カロリー1800摂取カロリー2100で300太っていたところが、運動をする減量期間以降は普通に過ごしているだけでも消費カロリー1950摂取カロリー2100になって太るのが150に抑えられるということです。 数字を数えられる年齢なら分かると思いますが、ダイエットをするなら運動を取り入れた方が将来的にも大変お得ということです。加えて運動は他にも精神面等にもいい影響はありますがめんどいのでここでは語りません。 逆に②の食事を減らしてダイエットをしようとすると一時的に体重は下がるかもしれませんがかなりのデメリットが残ります。肌が荒れたり、便通が悪くなったり、そしてさっきも言った基礎代謝量が下がります。なぜ下がるかと言うと、人間は環境に適応して生きる生き物なので摂取カロリーが少なすぎると体がこのままの消費カロリーだといずれﾀﾋぬと思って消費カロリーを抑えようとします。家電製品の節電モードといっしょですね。これが減量期間以降も続くので、太りやすい体となりリバウンドもしやすくなります。こちらも分かりやすく数字で表すと、以前は消費カロリー1800摂取カロリー2100で300太っていたところを減量期間に消費カロリー1800摂取カロリー1600で200痩せようとした結果、減量期間中に消費カロリー1700摂取カロリー1600の100痩せる状態になり、減量期間以降も消費カロリーは下がった状態になるため消費カロリー1700摂取カロリー2100で400太る状態になります。これでリバウンドが起こるのです。理屈を知らない世の中のアホ女共はダイエットしなくちゃーでこれをやって太りやすい体質が残って終わります。ギバラとこのコメントを見た人達はこれになって欲しくないです。 そして同じカロリーのダイエットをするなら③→①→②の順で簡単です。何故かと言うと、まず②は下策なので置いといて、これはカロリーは摂取するのは簡単ですが消費するのは意外と難しいからです。これも書くの面倒なので省きますがカロリー消費 ランニングとかでググッたらうんざりする数字が出てくると思います。なので多少摂取カロリー(特におやつとか)を減らして、生活に運動を取り入れるくらいが一番健康的かつ楽に痩せられるでしょう。 このくそ長くなった文章を最後まで読んで下さった方はありがとうございました。書くのに1時間半ちょいかかりました。 ギバラ継続してがんばえー。	56	かふむめと	7
0003-001	解説助かる	1	Una Owen
0003-002	王侯は博識だなあ	1	おいしいからあげ
0003-003	@ryouta higasha 最後まで読んでてえらい	1	M Libro
0003-004	ダまで読んだ	1	見せられないよ君
0003-005	継続してがんばまで読んだ	1	ryouta higasha
0003-006	「数を数えられる年齢なら」ここは気にしないほうがいいのだろうか…	4	泡立つみず
0003-007	ありがとう、大変参考になりました	1	マッチョリーゴリゴリウス
0004	4:10 バランスボール 9:41 筋トレ 23:37 パタパタ飛行 53:00 座禅 56:49 アスレチック	23	目次	0
0005	12:16 Monkey？！草	22	ちゅうごくじん	0
0006	21:28~  まじで今年一笑った	7	Rhof	0
0007	あれ、筋肉痛って筋肉の組織が崩壊してるから、筋肉痛の時に運動しても意味ないんj...可愛いギバラが見れたので満足です。	30	potofu 3	1
0007-001	それめっちゃ思いましたw	0	yusuke
0008	43:30　ここからのお顔すこ 体ギバギバで言語能力あばばばなの 痛そう＋面白かったです	11	夏木ゆの	0
0009	ギバ虐興奮を隠せない	6	のん	0
0010	痛がるギバラおばあちゃんすぎて逆にすこだ	7	こんどぬ	0
0011	筋肉痛が筋肉痛の時に筋肉がつくと言う迷信を信じて 痛いと悶絶して可愛い状態の配信ですねぇ(・ω・`)  ドM…(体壊しそ)	4	綿雨・ミスト	0
0012	サムネでびでびでびるっていっぱい書いてるのかと思った…	3	C C	0
0013	体ギバギバは草	7	囲碁丸	0
0014	筋肉痛は運動によって痛めつけられた筋組織が修復され筋肉を造る合間の期間です 筋肉痛の時に無理に運動して筋肉を痛めつけることは組織の修復を遅らせ筋肉痛を長引かせることになるのでデメリットです 素直に休みましょう	19	Beak Toucan	0
0015	1:55開始	2	EcŁゞ마오マオ	0
0016	最高にかわいい笑顔からのクッソ汚い声くせになるw 今日もギバラがかわ…面白い。	0	Shin	0
0017	どこ見てもずっと笑ってられるw	0	天気の子青空	0
0018	やっぱり天才だなw	0	塙簾	0
0019	ギバアちゃんおつえら！！ 今日はゆっくり休んで( ＾ω＾ )笑	0	ハム	0
0020	パタパタ飛行の時に必死でやってて草 めっちゃかわいいやんww	1	・羅生門の老婆	0
0021	運動したからってピザポテト食べて余計に太る未来が見えたｗ	0	るいくん	0
0022	ギバラ猿飼ってるってマ?	0	Two-Dimension Acquaintances	0
0023	社畜と同じで筋肉も過労になると徐々に壊れていくやで	0	グロス	0
0024	ときどきスネ夫出てくるの草生える	0	28dot6	0
0025	なんかエッ！	0	はんぺん8号	0
0026	筋肉痛じゃないときにもう一回やってみようw	0	❰敗中❱	0
0027	44から増えたんだ	0	めんぼう	0
0028	いっちに　いっちに　が凄く心地よい	0	パッキー	0
0029	筋肉痛の時に運動してもマッチョになれないのかよ・・・	0	鈴香さん	0
0030	いきろ！そなたはスリムボディー	0	いろじろ	0
0031	おつえら〜！ 筋肉痛の中WiiFitplusはすげぇ！ しっかり体休めて寝な！     ドMカミングアウト助かる(白目)	9	アヲノ#調子極端	0
0032	いたがる時におばあちゃんになる魔法かけられてる？	1	とにぃたそ。	0
0033	ギバラの鳴き声が🐒からおじいちゃんになってる	0	迫真のねっとり	0
0034	幸子リスペクトかと思うほどの身体の張り方すき	0	さまおつき	0
0035	汚い声詰め合わせ、正直助かる	0	サンチャ	0
0036	運動後すぐに食事すると筋肉がつきやすいのでオススメですよ	1	うに茶	0
0037	何やって筋肉痛になったんや？	0	瑞鳳最高	0
0038	ギバラもう気付いてると思うけど、筋肉痛の間は休むのがマッチョへの近道だぞ	0	陽キャ	0
0039	イデデデデ	0	プウラム	0
0040	33:14 METsｘ体重ｘ14/60ｘ1.05=31kcal METsというのがわからないや 2だと63kg、3だと42kg まさかギバラ・・・	10	キムワイプーSDSーペイジ	0
0041	いやギバラがズボン脱いでもあんまりえっちくない...なぜだ... コメ欄のみんな性格がDTだぞ！反応するのは分かるけどな！！！	0	コーンクリームを略すとコンクリ	0
0042	取り敢えず筋肉痛の時は休みな？	0	コマド	0
0043	20:10	0	ぱにゃ	0
0044	そもそも何で全身筋肉痛なん？	1	ji ji	2
0044-001	高画質ゴリラ  マ？筋肉無さすぎでは？	0	ji ji
0044-002	かざちゃんとのコラボの後2人で組体操してたから	0	んぽぽ
0045	久々のギバ虐   感謝します	0	脱ぎチョコ	0
