0001	39:13 リーダー「痩せてた」	24	検非違使	0
0002	2:17 開始	13	D0m9【ドム】	0
0003	チャイちゃんの話してくれるの個人的には嬉しいンゴ…	5	Mえーしん	0
0004	講義出ろ	5	かに座	0
0005	3:10ここらへんかわいい	1	さむいすもう	0
0006	テンション低めギバラもかわええな…	0	ズバイモモ	0
0007	かわいい	2	うりょ	0
0008	俺だってショタになりてえよ…	1	おいしいからあげ	0
0009	50:17 ここから草	2	〆幽玄	1
0009-001	同じ奴にばっか狩られてて草	1	okuyama teruki
