0001	1:46:43 くしゃみ助かる	26	0827れーずん	6
0001-001	9/23メン限より。時間指定ありがとうございました	0	半裸パスタのかなさん
0001-002	9月23日のメンバー限定から 時間指定助かりました	0	コリエンテ
0001-003	たすかる	0	コー太郎
0001-004	たすかった	0	おいしいからあげ
0001-005	「くしゃみ出そう」って言ってるからくしゃみなんだよ(ヤケクソ)	4	okuyama teruki
0001-006	咳やん	1	ヒュウガ
0002	途中頭おかしすぎて笑った	12	幻星	0
0003	モンエナ白一択っておもてたけど確かにピンクはマジでうまい	6	煌月兎	0
0004	26:35 怖いけど食べるよ  すき	3	Una Owen	0
0005	帰ってきたクソゲーマーズ	3	雑食愚者	0
0006	いまだに0時12時24時がごちゃごちゃで朝？夜？ってなる	1	いろじろ	0
0007	既視感が	5	百間-hyakken	0
0008	前も言ったがネタでも江良ちゃんがいじられるのはいやだな～(´・ω・｀)	6	02 rmr	0
0009	わざわざネズミにならなくても姑息な性格してるやろ	12	Marth White	0
