0001	44:46　本編開始	43	みや	0
0002	44:51 このゲームを始めてから最大の笑顔を見せたタイミングが、物を投げられることに気がついた時なのほんとすき	41	karubabu	0
0003	40:03　名前呼ばれた！(自意識過剰)	14	LimeJuice	0
0004	この時はまだ声高めだね。今も以前も可愛いし好き。	8	煤珠	0
0005	1:45開始	21	うぇーい	0
0006	厨房を料理出来るゲームだったのか…	21	HAL GAME	0
0007	54:32  雄  一  少  年 火  拳  の  エ  ー  ス マ  ッ  ド  バ  ー  ニ  ッ  シ  ュ	31	リチャ	0
0008	51:22 こわい	10	あらゆる所でも一般人	0
0009	灰かぶり姫ってそういう・・・	12	Luca Alltheia	0
0010	日本語訳が無い時点で敗北は確定していた。	9	アダムス川戸道	0
0011	破壊の限りを尽くすギバラすこ  ※これはグラセフではありません	9	枯れ池	0
0012	破壊工作へのやる気がすごい	5	あくあ	0
0013	御伽原江良/Era Otogibara 大学4年生で手芸サークルに所属している。料理、掃除なんでもこなす家庭的な女性。 いつか素敵な王子様が自分を迎えに来てくれると夢を見ている。 (にじさんじ　公式サイトより抜粋)	49	ポンコツ	6
0013-001	公式設定がネタになる女	4	ずんどこきよし
0013-002	この間カップ麺作るの失敗してたゾ	6	ER34乗りのほのかの旦那 ほのちゃそ
0013-003	＿人人人人人人人人＿ ＞　家庭的な女性　＜ ￣Y^Y^Y^Y^Y^Y^Y^Y^￣	9	枯れ池
0013-004	その御伽原江良ちゃんって子はいつデビューなんですか？(白目)	16	アダムス川戸道
0013-005	ダウト	5	Henly Regarding
0013-006	ポンコツ 女性だったんだ…	20	MCY
0014	でろーんの配信よりも破壊工作凄まじくて草	3	宮下かすみ	0
0015	有機物を無機物に変える天才現る	8	ニイ君	0
0016	ギバラがやけどして赤いポツポツが出来てるって言ったときのみんなの反応めっちゃ優しくて暖かくなった	4	ごてはんだ	0
0017	今日もGTA配信お疲れ様でした！	6	ちゅーたgame	0
0018	（※）ゲームの中なので、済んでいるだけです。良い子は真似しないでね。	2	しまランチ	0
0019	※GTA配信です	3	T zwcard	0
0020	江良ちゃん、今日はがんばってる！ 日本語版がでたらお願いします！	2	aoi Fuse	0
0021	ついに初期設定の全てをかなぐり捨てた女	2	ヤックルン、	0
0022	ギバラがどれほどやべーのかを再確認できた	1	天キノ	0
0023	ギバラ……お前バーニッシュやったんか……(戦慄)	1	不屈のもなか王田中	0
0024	this is what i do when i play a Japanese game  19/5000 笑うのをやめられない	4	Duck Donald	0
0025	デイダ・ギバ・ラ：料理は芸術、芸術は爆発だ！	0	無慈悲なニンジャスレイヤー	0
0026	炭焼き小屋だったっけこのゲーム	2	幻場琴月	0
0027	炭作り職人御伽原江良	8	シスター・ゴリア	0
0028	城焼き姫 灰被り	2	あるかでぃ	0
0029	44:47良くないことを覚えてしまった子供	0	? S	0
0030	JSに完敗するJD	1	いろじろ	0
0031	お料理上手でしたね！(白目)	6	アヲノ#調子極端	0
0032	アーカイブで見ましたが芸人枠なのでこれでいいのだ	1	にゃんコック	0
0033	現実でこの料理したら焦げたキッチンとギバラの丸焼きステーキができますね… グラセフかぁ？	0	MIKO MAIKU	0
0034	面白いし可愛い いろんな意味で僕の好みだったので    チャンネル登録ﾎﾟﾁ…(｀･ω･´)ﾉ凸	2	Ritoga-/リトガー	0
0035	😨	1	SK40	0
0036	にじさんじ料理対決を見ました。      あとはわかるな？（威圧）	1	謝りたいフリーター	0
