0001	地声を前きったねぇ声って自分で言ってたけど、普通にかっこいい綺麗な声だよね。	140	私は文、フリーのライター	0
0002	1:25:10 dazeすき。 今聞くと色々思い起こされるものがあって胸が熱くなるな。	19	shiki magatama	0
0003	この路線で大正解…親近感湧くし 正直にじさんじで1番友達にしたい…	168	ヴァル犬	1
0003-001	大間違いだ。	5	ちらしずし
0004	自分の声量産型っていうけど、声域の拡張性の高さは追随を許さないレベルだよねこれ。	99	幻場琴月	1
0004-001	それな！！	2	いのししコロッケ
0005	1:39:00 シュガーソングとビターステップ王子樣声(地声).ver	217	YuiwaShake	1
0005-001	めっちゃ親近感わく声	2	しばさん
0006	地声かっこいい推す	139	ハム次郎	4
0006-001	@鋳型 /IGATA  分かりました！楽しみます！	0	ハム次郎
0006-002	@ハム次郎  ええやん！ またTwitterとかやってるなら､ぜひ江良ちゃんのメンヘラツイート楽しんでくれ(^q^)ｸﾞﾌﾌ(沼への連れ込み)	1	鋳型 /IGATA
0006-003	@鋳型 /IGATA  これはこれは…かのギバラ様madの中でもトップの「ギギギギギバラ」を生み出したlegend of ギバラリスナーの鋳型様ではありませんか…！！これほどの方に御目通り頂けるとは…。 はい！私新参者ですが、今日この日から御伽原江良様もといギバラ様を推していきたいと思っております！	4	ハム次郎
0006-004	分かってるじゃないか君！王侯は新しいリスナーを待ってるゾ！	1	鋳型 /IGATA
0007	江良ちゃん低音綺麗なのすごいよね	93	ミジンコ	0
0008	ジバラ(地声のギバラ)のシュガソンめっちゃすこなんだが？？？	84	つきよも	2
0008-001	草‪w	1	さくら
0008-002	誰やんねんw	3	なんじゃこんじゃ山田
0009	可愛い声も格好いい声も出来るのにどうしていつも汚い声しか出さないんだよ        それがいいんだけどね？	44	SCP―198マッカンを一杯	0
0010	1:40:34 リフレクトかっこよすぎ	47	ヨシノ	0
0011	歌ってる時だけは可愛いって言われる流れ好きだよ	38	ぽるう	0
0012	楽しかったです。特にジバラパートが聴いて心が落ち着く でも本人はあまり地声で歌うのが好きじゃないみたいですが、もっと自分の声に自信を持って欲しい！	47	dotism	0
0013	切り抜き見て飛んできたけど、歌に関しては声作らない方が良いと思うんだけどなぁ。 まぁ普段も地声のが好きなんだけども。	41	こいずみひなた	0
0014	ありがとう すき	75	おいしいからあげ	1
0014-001	からあげニキやんけ！	2	ヤマノシン!
0015	＿人人人人人人人人人＿＞＜￣     最近やった最後の歌枠     Y^Y^Y^Y^Y^Y^Y^Y^Y￣	6	りゅう	0
0016	ジバラが想像以上にかっこよくてびびった。歌ってみたは他のライバーも地声でてるから気を使わなくてもいいんじゃね？	35	サウス.	0
0017	声を少しでも脳に刻み込もう	7	蒼真浩志	0
0018	ふわふわしすぎて草。くそかわいい。	0	mebiusu0	0
0019	1:25:00 ここすき	58	xuanhbf	0
0020	選曲が俺得すぎる　アーカイブ助かる　ギバラかわいいよ清楚清楚	11	木下香奈	0
0021	これを見ればギバラの印象は変わる、いやマジでw	22	❰敗中❱	0
0022	ありがとう	2	神公子	0
0023	1:10:27 名前がかずまでよかった😇(2回目)	26	アヲノ#調子極端	0
0024	1番楽しみにしえたのに寝落ちして観れなかったあ。今から観る。	8	パン人間 YYSK	0
0025	自分用 39:07 ヒトリゴト	3	みぃな	0
0026	これは惚れる dazeかっこよすぎ	14	f t	0
0027	江良ちゃんの歌声ほんといいなぁ	6	やみい/朝日奈樒	0
0028	ギバラさんもジバラさんも 最高の歌声だった！ ドンキホーテはワロタ	7	ホシノフミナ	0
0029	最高でした 第3回お歌枠も待ってる	8	あくあ	0
0030	五万ニキいて草	7	えりな	0
0031	うまる凄い似てる気がする	9	kuuhaku	0
0032	今回なんか20割増しぐらいで可愛かった	4	阿倍野隆	0
0033	本当に良かった。すき。	4	Una Owen	0
0034	え....江良ちゃん！？	8	ウリカバディ	0
0035	控えめに言って最高でした。	16	ハナモゲラ危機一髪	0
0036	んでんでんで w w w	5	カワウソくん。	0
0037	イケボええぞぉ・・・	14	イラスト修行中!綾香さん	0
0038	リズム感は折り紙つきだから安心して聴ける	5	ちょこれもん	0
0039	0:02:00  開始	16	fumi taso	0
0040	時々出てくるギバラのおかげで江良ちゃんの可愛さが際立つ	0	アレクト	0
0041	あ・え・い・う・え・お・あお！！は歌えんのが当たり前	0	バフトミ	0
0042	まさかひなこのーと歌ってるとは思わなかったよ(笑)	0	メロンソーダ	0
0043	懐かしいアニソンはほんと神曲おおすぎ	0	森中たすく	0
0044	地声すごい好き	0	poyo	0
0045	ギバラすこ	3	ハルユキ	0
0046	地声かっこいい	2	:1は素数じゃない	0
0047	ギバラとジバラの切り替えが完璧でした！	8	雑食愚者	0
0048	ぎばちゃんのでいずすき	1	め	0
0049	dazeすき	3	私は見逃しません	0
0050	イケボォ……しゅき	0	軽空母瑞鳳	0
0051	47:04 これを聞きに来た	7	仮スナー	0
0052	歌枠またやらないかなー リシアンサス最高だった	1	張りネズミ	0
0053	銭ゲバラは草	0	Four0lump0pool	0
0054	んーすき	0	はすはす	0
0055	るん！で浄化出来る	0	ゴロリ	0
0056	ギバラネキイケボですね...	0	ベルさん	0
0057	江良ちゃんのカバーアルバムまだですか？	0	セミせみ	0
0058	もっとかっこいい曲歌ってほしい！！ LiSAとかAimerとかEGOISTいいかも	5	げんげつ	0
0059	歌うまいのかぁ...	0	るしおる	0
0060	ミラクルショッピング助かる	0	磁中/じちゅー	0
0061	うまい	0	白猫で煽る弁護士	0
0062	上半分以上がギバララッシュで埋まってしまった江良ちゃんと御伽原さん 一〜二ヶ月に一度でいいから突っ込んだらギバラ、江良ちゃんショックな事態は割けれると思うんだけどなぁ・・・	1	よわむしArisia	0
0063	7:46 「どこで間違えたんだろうな、ロリコンカミングアウトは普通じゃない？」好き	6	まつうら姫	0
0064	ゆるゆり…安元…うっ頭が	2	いかさたん	1
0064-001	ゆりゆららららゆるゆり ゆりゆららららゆるゆり ゆりゆららららゆるゆり 大事件(超低音)	0	H. ST
0065	積極的に新人さんに絡んでくおねーちゃんなとこステキ(実際おねーちゃんか なんか目標にされてなかった？良き反面教師であれwww	5	いろじろ	0
0066	1:55 開始 16:19 Daydream café 23:29 あ・え・い・う・え・お・あお!! 29:16 もうそう❤︎えくすぷれす 36:03 太陽曰く燃えよカオス(1番だけ) 39:08 ヒトリゴト(1番だけ) 43:37 ゆりゆららららゆるゆり大事件(1番だけ) 47:04 ミラクル・ショッピング(ドン・キホーテのテーマ) 50:05 SAKURAスキップ(1番だけ) 55:34 となりのトトロ(1番だけ) 1:01:28 かくしん的☆めたまるふぉ～ぜっ! 1:12:00 motto☆派手にね!(1番だけ) 1:15:51 侵略ノススメ☆ 1:19:08 花ハ踊レヤいろはにほ(今回はフル。からあげニキよかったね) 1:25:11 daze(途中まで) 1:32:18 恋愛サーキュレーション 1:39:10 シュガーソングとビターステップ  おまけ 9:27 デレステ無料10連を引く 10:47 SSR確定演出で大興奮するギバラ 14:34 HOT LIMIT(アカペラ) 53:52 かくれんぼ(アカペラ) 54:34 メニメニマニマニ(アカペラ) 59:40 コラショ目覚まし 1:07:12 ホール・ニュー・ワールド(死にそう) 1:08:09 ピカチュウのうた(アカペラ) 1:08:37 トサキント 1:14:52 ウィーアー(曖昧) 1:18:47 おジャ魔女カーニバル(ドン！ドン！) 1:30:04 はっぴぃ にゅう にゃあ(アカペラ) 1:44:51 もちひよ降臨でビビるギバラ 1:47:19 クソデカるん！  久々の歌枠楽しかった！ギバラとカラオケ行ったらクッソ楽しそうって毎回思う	507	*インプ兄貴	3
0066-001	1曲洗脳でS○Oのエ○ルに聞こえる件	0	崩ღ
0066-002	有能	0	千たま
0066-003	*インプ兄貴 いつも助かる、ありがとう。	3	Una Owen
0067	34:59  ﾊﾟｯﾊﾟｯ	2	マッチョリーゴリゴリウス	0
0068	【曲一覧】 1曲目Daydream cafe　 2曲目 あ・え・い・う・えあお　 3曲目もうそう☆えくすぷれす　 4曲目太陽曰く燃えよカオス  5曲目ヒトリゴト  6曲目ゆりゆららららゆるゆり大事件  7曲目Miracle Shoppingドン・キホーテのテーマ  8曲目SKURAスキップ  9曲目メニメニマニマニ  10曲目となりのトトロ  11曲目かくしん的☆めたまるふぉ～ぜっ！ 12曲目ポケモンの鳴き声 13曲目motto☆派手にね！  14曲目侵略ノススメ☆  15曲目花ハ踊レヤいろはにほ  16曲目Daze  17曲目恋愛サーキュレーション  18曲目シュガーソングとビターステップ   普段やらない為、時間の表示はよくわかってないんで他の方お願いします…あとそれっぽく書き出しただけなんで変な風になってたらすいません。	30	たいやき	1
0068-001	たいやき ありがたい、いつもありがとう。	1	Una Owen
0069	あ	0	SS_マシュ	0
0070	今日も1日がんば     ります。	0	たろう。。	0
0071	Era-sama❤❤❤❤❤❤😄	6	J. Green	0
0072	セットリスト失礼します。 1:50〜 開始 10:00〜 デレステ無料10連ガチャ 16:16〜 Daydream Cafe 22:55〜 あ・い・う・え・お・あお!! 29:15〜 もうそう☆えくすぷれす 36:04〜 太陽曰く燃えよカオス 38:55〜 ヒトリゴト 43:30〜 ゆりゆららららゆるゆり大事件 47:00〜 Miracle Shopping～ドン・キホーテのテーマ〜 49:55〜 SAKURAスキップ 53:48〜 ポケモン鼻歌(誰か補足お願いします) 54:25〜 メニメニマニマニ 55:27〜 となりのトトロ 1:00:45〜 ジョジョ～その血の運命～(ほんのちょっだけ) 1:01:10〜 かくしん 的☆めたまるふぉ～ぜ！ 1:08:8〜 ポケモンの鳴き声 1:11:52〜 motto 派手にね! 1:15:50〜 侵略ノススメ☆ 1:19:08〜 花ハ踊レヤいろはにほ 1:25:10〜 daze 1:32:12〜 恋愛サーキュレーション 1:39:00〜 シュガーソングとビターステップ  深夜テンションなのと、今回初めてこうやってまとめてるので、至らない点があればどしどしコメントにて補足お願いします┏○┓	20	0925ゲルマニウム温泉	2
0072-001	53:48はプニちゃんのうたですね	0	コズミック害鳥
0072-002	おまけとか含めてインプニキの方をお勧めします！	0	0925ゲルマニウム温泉
0073	歌枠でスパチャって大丈夫なのかな。あと７万人おめでと	3	のうけん	0
