0001	31:54 ｢ああリングぅ♡♡…オ゛エ゛エ゛エ゛｣	170	ゆび	0
0002	47:55 唐突な千鳥ノブで草。	339	タカ派野球的な意味で	0
0003	1:54:43で鼻啜ってる…ガチで吐いたんか	268	dqmonsters	0
0004	2:00:23 ギバラ史上一番野太い 「おつえら！るん！」	117	エリンギ	0
0005	嘔吐伽原江良	261	海の民	10
0005-001	Yuudoriik Channelユードリック ゲロカクテル思い出したw(わかる人いない)	0	アイコンかわいいだろ?
0005-002	やめとけ、人のゲロなんて飲むもんじゃない。クッソ不味い、飲んだ瞬間萎えるわあんなん。	0	堕ちん歩党の大逆襲インポテンツ、イマラ.ターザンの気筒包茎炎完治までの奇跡の一週間
0005-003	ﾎﾟｺﾍﾟﾝﾎﾟｺﾍﾟﾝﾀﾞｰﾚｶﾞﾂﾂｲﾀﾎﾟｺﾍﾟﾝ……	0	コンティロマネ/イルミナたんふぁんくら部部長
0005-004	ピッコロおるな	22	那木Nagi
0005-005	尊敬	3	ざじずぜぞう
0005-006	なんなら俺吐き出されて産まれたよ	17	ガラパゴスささみ
0005-007	俺は産まれる前から嘔吐が好きだったので	1	Noa
0005-008	takku すこや出る前から嘔吐物好きだったので	10	ざじずぜぞう
0005-009	ざじずぜぞう  さては健屋の民だな？	22	超 新規
0005-010	吐瀉物飲みてー	14	ざじずぜぞう
0006	vtuberで1番体張ってそう	243	qx p	4
0006-001	あいあむあぴーぽー マゾは違いますよ(笑)	3	ホモとゲイのドッペル
0006-002	サンドバック実験体(ボソッ)	8	あいあむあぴーぽー
0006-003	ある意味間違いではない、かなーw	3	❰敗中❱
0006-004	確かに	2	MelodicBrain
0007	1:53:53ガチゲロは助からない……マジでちゃんと休め。	292	如月涼	10
0007-001	カベイラのばいく 好き❤️	0	自分勝手な孫悟空【旧短気な孫悟空】
0007-002	あらーる 運動会の練習の時そうなったけどまじで苦しいよなあれ   好きを与えたお前らが悪い	0	カベイラのばいく
0007-003	👮‍♀️	4	shpe
0007-004	嘔吐フェチのワシから言わせてもらうとこれは吐いてる      💡	20	グランドキャスター萎え
0007-005	綺麗なＳＥで微塵も誤魔化せてないのほんと草	23	お米さん
0007-006	@Too Lo 激しい運動した時のえづきは喉＆全身カラカラなのもあって乾いてる。そしてなかなか吐けなくてただただ苦しいのが続く。	56	あラ
0007-007	こんな乾いた音出るかな ゲロならもっとウェット感のある音が出るはず	5	Too Lo
0007-008	@ソルティ/ 本人のtwitter曰くガチで吐いてたって　しかも初回と2回目も吐いたらしい	48	ななななすぃ
0007-009	えずいてるだけじゃん	3	ソルティ/
0007-010	※台本です	6	a a
0008	47:07左腕がシャンクス！？	150	Jokerを愛し、Jokerに愛された男	2
0008-001	あ"あ"シャンクス！！！！ うでぇぇぇぇぇぇぇぇぇぇ！！！！！！！	0	ro ro
0008-002	ベルちゃんの先生になりたいJokerを愛する男【ういふぁん】  コメ欄で｢ギバラ.........腕がッ！！｣ってのがいっぱい流れてたからね笑	1	育て詐称
0009	1:53:53 が使える程度にはギバラに性癖を歪められていました。どうしてくれるんだ。	6	ノアゼ	0
0010	1:02:03 疑惑	88	Red PIum	0
0011	1:50:00ﾁｬﾝﾈﾙﾄｳﾛｸｩ～、ﾁｬﾝﾈﾙﾈﾁｬﾝﾈﾙ～、 まじで面白い	35	HARY SIRA	0
0012	ガチ目なの草 しっかり休んで	56	やつば	0
0013	1:47:36 本気で心配しはじめるコメント欄	37	ななななすぃ	0
0014	1:53:53  音声が乱れております	58	大和	0
0015	ちゃんと吐けてえらい	68	織田信奈	1
0015-001	視聴者謝らないよ	1	ああ
0016	1:43開始	23	歴戦嘔 吐龍スコヤカーナ	0
0017	リングフィットは結構売れてるみたいだし、あちこちの家庭で叫び声とかうめき声が起こっているのだろうか。	36	kurosibainu	1
0017-001	ギバラ大量発生とか日本終焉かよ	3	霧雨ユナイテッド
0018	エエ子やから筋トレの後はしっかり休めギバラ…	37	ゴロン大	0
0019	1:53:53 キラキラ助かる	9	御谷原伊澄	0
0020	そろそろ体酷使しすぎて真面目に死なないか心配になる	14	謎の老婆	0
0021	YouTuberよりも体をはっている女	28	キルレ1もない人	0
0022	最近なんかRFA中も可愛く思えてきた	8	コマド	0
0023	両国ではキレのある動きの御伽原江良を期待してもいいのだろうか？	15	IKAいかたろう	0
0024	最後吐いてるのがガチっぽかったからちゃんと休んでくださいね（汗）	12	tomo兄貴	0
0025	31:50〜　リングと見つめあってるじゃん！あたし！あぁ、リングぅぅ！オヴェェェ！ 草生え散らかした	9	まどねこ	1
0025-001	あぁ、リング！(彼氏と向き合ってて嬉しいと思ったが冷静に考えたらキモいので)ヴォエェェ！	0	霧雨ユナイテッド
0026	いや何しとんねん 無理するな心配する笑顔でいて	22	シネマガラス	1
0026-001	ごめん最後が笑顔で吐いてに見えて結局鬼畜かよって思ってしまった	6	ねこのかんづめ!
0027	急激に登録者数上がってんの草 さすがです！	4	くれそん	0
0028	こんだけ激しい運動頑張ってるから食生活も良くしていった方がいいと思った。心配やで	16	ほっしぃー	0
0029	プランク出た後に黄色の敵がたくさんでるステージ出すの鬼なんだよな	8	サイ	0
0030	ギバラ結構体力ついてきたんじゃね	7	百合ガガリン	0
0031	まじで吐く時の嗚咽で草	8	ペーター	0
0032	またサムネえっちなので釣ろうとする……	5	にょにょ	0
0033	目を瞑ると拷問にしか聞こえない	2	せるれいん	0
0034	今回頑張ってる姿を見てチャンネル登録とtwitterのフォローしました！！ ほんと無理なく休む時は休んで適度にやってくださいね！！	4	高菜	0
0035	最後手が痺れてたのは熱中症の前兆かもしれんから気をつけてな。 季節とか関係なしになるから。 ハードワークのときに水分だけを多量に摂ると危ないから、 塩分も塩飴やスポドリなんかで補給するのをおすすめしとくな。	133	小森ねう	3
0035-001	Wolf Alicia .	0	山本優太子
0035-002	@よわむしArisia ぼくも最初から見てますので他の王侯さん方のアドバイスもいつも拝見しています。 ただ他の方の心配が酸欠に偏っているように思えたので、こういう状態の自覚症状の現れかもしれないよという、ひとつの意見を書かせていただきました。 ギバラさんは一度自分で目標を決めたらテコでも動かないので、我々はアフターフォローに努めるのが最良かなと思ってます。 今回は限界を自覚していたので、少なくともこのゲームでのオーバーワークはもうないかなと思ってます。思いたい（希望的観測）	12	小森ねう
0035-003	医療アドバイスと筋肉の使い方に関してはリスナー全員でpart1からやっております。 ただ恐らく配信と筋トレの都合上、慌てて飲んでると思います。動悸が激しい時に急いで飲むと誤嚥してしまったり、平衡感覚が狂って気分が悪くなる(車酔いに似た物)んですよね・・・それによる嘔吐だと思います 側に付いて適切なアドバイスを挙げる事が出来ない以上、助言くらいしか我々は出来ませんが、他のライバーさん以上に効果的かつ最高のサポートをして行く方針です。  私の場合ですと御伽原さんに特別な想いも有りますので尚更です	14	よわむしArisia
0036	ゲロまで愛してる	4	ま。	0
0037	リングは主人公の筋トレ道具だけどストーリー内では主人公がドラゴを助けるための道具になってるの闇深では？？	7	飛燕の爪痕	0
0038	最後のるん！が雑すぎで草	1	おさおさ	0
0039	睡眠用BGMにします	6	リプトンスキー	0
0040	みんな普段ボコボコに言っとるのに後半のスパ連と結束には感動した	29	ムンチャクッパス	0
0041	いつから最推しにしといたで！ あんま無理しないでね～	1	スペシャルニート	0
0042	サムネの顔好き	1	むばちゃ	0
0043	汚いながらも可愛さがにじみ出てるぞギバラ	1	おさおさ	0
0044	キバラが1番好き	1	ass yukimaru	0
0045	初見でサムネに釣られた	1	Z O	0
0046	リングフィット芸人みたいになってきてて草	1	とりまる	0
0047	終始笑顔で草	0	ルーシ	0
0048	(ここまで無理するのは)やめないか！	2	かじき	0
0049	うちの姉貴のゲーム風景と同じ呻き声で草	0	変態園芸家	0
0050	嘔吐音若干残してるの草	1	TBO	0
0051	えっとね…まぁ…強く生きて(唐突)	0	ミロクボサツさん	0
0052	頑張り過ぎや	3	抹茶	0
0053	めっさ面白いがあまり無茶すると女性としての尊厳失うで、………あっ、もう………	21	Yamato Mikoto	0
0054	配信もほぼ毎日やって筋肉痛とかでもこのゲーム吐くぐらいまでやるギバラ冗談抜きで尊敬した。わいも今年受験やからこれから、ギバラと同じぐらい頑張ります。すごく力をもらった、これからも無理のない程度でいいから、頑張って👍	63	田中健太	0
0055	サムネのギバラ、ダラしない腹してて草	1	鉛筆騎士	0
0056	サムネかわいい	0	オスママンオスママン	0
0057	ミュートにしないところに本気を見た	0	Temessu : テメッス	0
0058	大丈夫？なわけないですね、しっかり休んでください。 約18万人が泣きますよ	2	Chihiro Account	0
0059	サムネに釣られた	0	一向聴地獄	0
0060	吐くまでやるのまじですごいわ	1	ポンシノTV	0
0061	るん！    ほんとにお疲れ様でした、ゆっくり休んでくださいね……！！ ギバラちゃんには末永く元気でいてもらいたいんや	2	雨井、傘を離さない。	0
0062	嘔吐えーーーーーーーっち	0	おつ	0
0063	モモデプッシュの時にチンパンジーみたいな叫び声上げてるのマジ草	0	ギアッチョ	0
0064	二次元キャラで外見飾ってるのに、声に地が出ていてミスマッチで笑う 事務所にレギュレーション無いのかよｗ	1	m.mishima	0
0065	抜くことを目的にしてないエロ同人誌の表紙みたいなサムネしやがって	2	にそにそ	0
0066	見たことなかったから初配信見てきたけど、誰おまだったわ… 個人的に今のギバラが好き	2	チョコフォンデュ	0
0067	筋肉痛の時に運動すると筋肉の成長が止まってしまうためあまりおすすめしませんがえっちなのでおーけーです	0	_18 KaRuLa	0
0068	運動前後にアミノ酸取ると、疲労回復がはやくなるからオススメ	1	はやし	0
0069	サムネのお腹がエッッッッッッ	0	哺乳瓶を殺菌消毒する錬金術師の弟子	0
0070	ミュートしない勇気	1	半年ROMったハロ	0
0071	たまに来るえっちなサムネうれしい	0	つなまよ	0
0072	よし！	0	崩ღ	0
0073	1:02:08 ここすき	13	風雅	0
0074	おつえら〜！ほんとお疲れ様…！ このゲーム2時間はほんとやべぇよ ゆっくりしっかり休んでね！！！	0	アヲノ#調子極端	0
0075	少し汚くて綺麗な声ですね！	0	6ソネット	0
0076	自分から逃げずにきついトレーニングもやりきる姿に感動しました一生推します	0	Adam Toy	0
0077	腹パンしてえ🤔	0	桜花会菱門	0
0078	あまり無理はしないでね かわいいよギバラ	0	もちだのひと	0
0079	ヴァーチャル・ユーチューバーがとんでもない量の肉体労働やらされてんのあまりにも支離滅裂すぎる	11	Sahkert	0
0080	嘔　吐　ギ　バ　ラ	1	危ない思想	0
0081	これは江良ちゃんにとって素晴らしいゲームですな～ゲーム配信も出来て体もスリムになるね～（ぷにぷになギバラちゃんから脱出出来るね草	1	MAX KzP	0
0082	That thumbnail pretty much sums up the video. Suffering through the pain.	1	Lightfellow	0
0083	ここでシャンクスしたらバギーになるってもう何が何だかw	0	こたつ	0
0084	清楚だな〜	0	あつ也	0
0085	26:03　tobira_hiraku.wav	0	薄暗バット	0
0086	ギバラすっかりゲロキャラになってんな。可愛い	0	ソントム	0
0087	ぶつ切り読み込みでもすっごく心配だから見てたぞ!限界まで超えて・・・見ていて折れない心を目の当たりにして感動した!!御伽原ちゃんお疲れ様!!	1	よわむしArisia	0
0088	初めて見たけど...凄まじかった そしてファンになったTwitterフォローも チャンネル登録もバッチリした。	0	じゃっく解体	0
0089	筋肉は裏切らない　か　重いテーマになりそうだ 回復技はヨガかぁ疲れすぎて動けない時には有効かもね	1	よわむしArisia	0
0090	履くまでw何故そこまで自分を追い込む	0	ずっと真夜中でいいのか?	0
0091	おいおい、大丈夫か？ 無理し過ぎて具合悪くなったら笑えないぞ、休んで	1	デルタカイ	0
0092	たまには休んでもええんやで 自分の体調を第一にしようや	0	がくとう	0
0093	興奮した	1	猫好き ︎︎︎︎︎︎✔	0
0094	ギバラ休んで	0	nano	0
0095	鉄分しっかり摂る事を非常におすすめしたい	1	Anya alstreim	0
0096	ここで一句 　にじさんじ 　　　　吐くまで耐久 　　　　　　　大惨事	16	Posso farcela	1
0096-001	上手い!座布団1枚!	1	昇進社会人
0097	江良ちゃんあんま無理しないでね	0	700 Ryohei	0
0098	サムネぽちゃ腹、助かる。	0	タカ派野球的な意味で	0
0099	そうこの腹だよこの腹 発注通りだ	0	koHip	0
0100	昨日やってたから今日はないと油断していた…リアタイで見れなかった対あり	0	・煌月	0
0101	これは高評価とツイート毎にリプとRTとふぁぼ不可避ですわ……	0	lilas*リラ	0
0102	なんて質感だ	0	爽	0
0103	嘔吐MAX...オートバックス...      すいませんでした	1	lol lol	0
0104	ギバラ大丈夫？	1	シュガー	0
0105	THICC GIBARA thumbnail	2	Undecidedable	0
0106	おめでとうございます！！ 立派なゲロが産まれましたよ！！！	11	ノラネコ	0
0107	サムネのムチムチがかなり好きです。  意外と肉体派なんやなって思ったけど 身体大事にしろや…この企画…心配だ… これからも活動楽しみにしてるかんな…	1	Hirok	0
0108	リングによる(実質)DVとそれを受け入れるギバラの図が生々しいw         めっちゃ頑張ったから休んでﾎｽｨ…	0	SCP―198マッカンを一杯	0
0109	サイボーグ３人を見た後だと実家のような安心感がある	0	あいみょん	0
0110	「かぐや様は告らせたい」から来た仲間いる？	0	りょうりょう	0
0111	52:48 絶望感凄い	6	aki aki	0
0112	ありがとうな御伽原 きっといい人見つかるぜ。きっとな	0	みうら先輩	0
0113	ワールド20以降は死ぬんじゃねぇの？ ボスステージで40分以上筋トレ地獄だぞｗｗ	0	西山隆	0
0114	普通に大丈夫か…？体張ってるの面白いし可愛い（？）けど、無理すると台無しだポニョーン これからも無理して毎秒配信よろです！	0	滑って転んだソクラテス	0
0115	百年の恋も覚める、とはこういう事を言うのか････ ガチで心配になってくるやんけ･･･	3	❰敗中❱	0
0116	47:58 筋肉は喋らん！(ノブ)	0	大十字苦労	1
0117	ギバラ死にそうで不安になってきた 無理し過ぎないで	1	稜ちゃん	0
0118	祝)腹筋ガード2秒→3秒 1:56:08	0	san laxmi	0
0119	こんなにフィットしたいですか？	1	Electron Resonator	0
0120	痩せそう	0	判子	0
0121	サムネの女の子のおなかがちょっとだけ出てるのかわいい	0	名前はまだ無い	0
0122	ついにサムネも可愛く無くなったか	2	枯れ池	1
0123	1:49:01　たしかここで高評価がいきなり1000増えた覚えがある。命を削って色々宣伝するギバラちゃん。  1:48:50　体が動かないときは叫びながらだと動くことにひらめくギバラちゃん。そこで叫びながら宣伝してチャット欄が感動する流れだったはず    1:51:21　大事なこと最後にをイケボで言うギバラさん  35:16　　散々貢いだヒモに裏切られた時の女子ボイス　えらちゃんver 1:53:05　散々貢いだヒモに裏切られた時の女子ボイス　ギバラさんver	157	AJITARO GENTA	0
0124	Is that really Era on the thumbnail? It's weird to see her making a face like that xD the music makes it even more unfitting xD well, aside from that, Era's showing a little more skin... 😏😆	1	Aprendiz Loqtuber	0
0125	ドラゴの動作毎に『キモい』は草 あんまり無理しないように ´-ω-`	0	ラク	0
0126	とんでもなくメンタルつええなぁ	0	ハンマカンマ	0
0127	Gibara may be the perfect woman.	1	Ueno54	0
0128	おいおい体は大切にしな 若い(？)からって無理したらダメだゾー	0	Space黄金比	0
0129	初スパチャ捧げた(隙自語)	10	なうろーでぃんぐ	3
0130	途中で寝落ちしました( ＾ω＾ ) こんな時に寝てしまうとは。、  今回も面白かったです。 ネタで吐くまでやれと思ってたが無理は駄目だぞぉ❤️	0	諏ラリン東方love	0
0131	1:54:46 ～ 1:55:45 復帰早い	8	Red PIum	0
0132	これってまた使っていいんだよね？	0	man eater	0
0133	ちょっと他のことして戻ってきた途端にゲロ吐き出してびっくりしたわ… 無理して続行したりせずに自分のペースで毎秒投稿して…	1	片頭痛	0
0134	サムネさぁ…     ええやん	0	「SCAR-AKM-MP5」	0
0135	お疲れ様。 運動は呼吸しながらするのが大事だぞ。 そして、運動中の水分補給はポカリやアクエリより、VAAMやアミノバイタルの方が適しているからな！ 酸欠対応に、酸素缶の用意も忘れずにな！ 絶対無理するんじゃないぞ。	14	藍川絆	3
0136	アイス食いながら見るのが一番おもしれーや	3	秘密主義	0
0137	1:53:47	9	らくとあいす	0
0138	ただの脱水症状ではないすか？	0	ただの水銀	0
0139	サムネの腹がちょっとだらしないのがイイね	0	Tomo Tomo	0
0140	She thicc	0	H. T. Steiner	0
0141	なんで体みえないのに体張ってるんだ…？？？	4	カイザー	0
0142	今まで「言うてファッションゲロやろw」とか思っててごめんな。。。	1	デスブリンガー諭吉	0
0143	41:52	0	ラストウルフ	0
0144	いちからリンク、推しにしたやよ。 でも未だにメンバーシップの登録法が分からないんだ。 すまない、機会弱々で…すまない…	4	バヌケットフルーツ	2
0145	1:53:44	6	みつば	0
0146	1:53:42	1	H Y	0
0147	Нихера ж себе она фитоняша	0	Фёдор Чешский	0
0148	耐久性なのに短くない？	0	パフ坊	0
0149	頑張ってる姿に感動しました。チャンネル登録と高評価しました。 ツイッターはやってないけどはじめて登録します☺️☘️	0	ライクライク	0
0150	小さいサムネ見て「エッッッッッッッ」ってなってクリックしたら顔で萎えた奴俺以外におる？	0	町田	0
