0001	2:13:55	217	みあ	0
0002	2時間を超える配信は暫くしないとフルでは見れません。 時間経過で見れるようになりますのでご安心を。  2:49:38	113	-ラプラスのまくら	0
0003	知ってるか？ 江良ちゃん、活動始めて1週間なんだぜ…	119	雑食愚者	1
0003-001	しゅげぇだから	4	皆sk 2434
0004	27:40 「リズム天国やったことあるんだけど」   この半月後、リズム天国初見プレイ	48	大名行列Hankai	0
0005	46:15 キレるプニキ 52:00 罵倒集	39	佐藤ライフ	0
0006	なんやかんや言っても江良ちゃん可愛いんだよなぁ	23	Q win	0
0007	2:00:16 やばい話 好きなロリ	19	:きょうきょう	0
0008	下ネタもいけるんだ〜と軽く思っていた時期が私にもありました	40	マッチョリーゴリゴリウス	1
0008-001	今では他のライバーを凌ぐほどの素晴らしい子に成長しました(脳死)	1	キャラ大好き
0009	再生数が登録者の倍いってる・・・ これは化けるぞ・・・今から古参になる準備しとかなな	18	V markn	0
0010	一週間前:あ、新人だ！しかもGOD萌木ママの子だ！どんな清楚な人なんだろなぁ 今:(・▽・💠)しゅげぇ！	49	やみい/朝日奈樒	0
0011	おつ江良！今回もかわいかった！いつも配信楽しませてもらってるよ！配信中皆辛辣だけどみんな江良ちゃんのこと大好きだからな！	32	ともとも	0
0012	クソゲバラ同志の更なるご健闘をお祈りしています。	8	Franz kafkaf	0
0013	エラちゃんも配信終わった後に一斉にデレだす視聴者もすこ	21	ポッポルポルポル	0
0014	配信始まって一言目 うるせっ で草	7	塩化シアン	0
0015	ろりともだちは評論家等からも高い評価を受けているのでセーフ	9	boni kero	0
0016	途中で出てきたミクロページ先生の性教育シリーズ調べてみたら、ガチエロ漫画でビックリしました。さすがです	12	ユーマラー	0
0017	生放送で見れなかったことを後悔している	5	た	0
0018	リンレンの真似上手すぎて草	8	グラブル大好きマーン	0
0019	間を開けて「ｱｧﾊｯ」って笑うのめちゃくちゃつられる	4	nullい	0
0020	本性が可愛くてついつい構いたく（イジりたく）なっちゃうんだよなあ… (・▽・💠)く（ある意味）天才だ！    でも掛け値無しで新人とは思えないトーク力は賞賛できるし応援したい（ガチ愛勢）	20	せつなとわ	0
0021	仕事終わってアーカイブ見ようと動画開いたら3時間近くあって草	5	ria	0
0022	「えっ天才じゃない！？」 「あら(・▽・💠)？」  かわいい	3	サワダ。	0
0023	江良、愛してるぞ	7	アジフライ	0
0024	51:59 1週間で清楚決壊して、異名が大量についてしまった江良ちゃん 2:12:11 IQ3のくだり 2:26:06 今みると共感性羞恥ありそうなミュート芸	3	そこらの民衆	0
0025	初めて配信見ました めっちゃ面白くて速攻チャンネル登録しましたわ えらちゃんなんかやばいやつっぽいですね！ これからえらちゃん応援していきます！	9	きょう	0
0026	1:26 スタート	5	ささみ518	0
0027	チェ・ギバラほんと好き	1	もなかさんどバッグ	0
0028	プニキサ終決定きねんに、かな椎名...	2	てきお	0
0029	身近にいそうな感じでかわいくて好き	7	yasagure humiya	0
0030	この娘は魂が変態でロリコンだけで非常に可愛くて良い子だよ！(´・ω・｀) 配信スタイルが好きなのでこれからも頑張ってね！	7	みやらんの英国面	0
0031	(・ω・´ 三 ｀・ω・´ 三 ｀・ω・) 話してる内容と声と顔と色と性格と青い花が好きです	11	さぶろくじゅうに	0
0032	笑いすぎてお腹痛いゾ	1	肉まんぷにぷに太郎	0
0033	3万人おめでとうございます！	0	junwoo kim	0
0034	まだ清楚である江良たそ いまのギバラもすきだぞ	1	頭悪いギバラは	0
0035	(・▽・ 三 ・▽・)シャゲダンすこ	0	ヤマノシン!	0
0036	なっつかし～	0	マジカル薬指	0
0037	誕生日おめでとぉぉぉぉぉぉぉ	0	スプラトゥーン裏ワザバグCH.	0
0038	目線がリスナーのにじさんじライバー	0	さたん	0
0039	ギバっとギバギバで今年1笑った	1	うに茶	0
0040	ファッ！？ｳｰﾝ…   32:18	2	ヌコンギョ	0
0041	サムネがくそかわいい	0	連絡	0
0042	出オチ	1	【幻】maborosi	0
0043	開始 1:25	5	ぽるつ	0
0044	失言コントロールデッキが作れない女	1	ハルムンク	0
0045	（・▽・💠）<あり？  かわいい	1	34C。	0
0046	オウカスをここまで追い詰めるとは思わなかった、応援してます！	0	モロダシ	0
0047	2:13:53	7	ましろ	0
0048	にじさんじの原田ひとみ	0	サイバラ	0
0049	配信中に言ってたみくろぺえじ先生のpixivのぞいたら結構アレな感じの同人誌が多かったっすね… まあ、キャラと性癖は濃すぎる位が丁度いいってね(お目目ぐるぐる)	3	レヲンゲ	0
0050	いやこれそのまま上がるんかい	1	わたつき	0
0051	リスナー「初見です。頭良さそうですね」 ギバラの答えに一同驚愕。	1	大根が嫌い	0
0052	ロリコンでアホなとこあって色々残念お姉さんだけど、いじってもツッコミ入れてもいつも明るくてかわいい 君たち絶対そういう人好きなのに素直じゃないな。ツンデレリスナーかわいいな	3	ken K	0
0053	正直、えらちゃんすし	1	b o o k	0
0054	ギバットギバギバがキバみたいですこ	0	剣翔	0
0055	1:54:30 マジで かわいい かわいいよギバラ	0	もちだのひと	0
0056	バニキは野球がうまいね	1	ワイトフライ	0
0057	物真似がことごとく上手いなぁ。	0	-KEMURIXA-ホラー探偵	0
0058	とんでもねぇ逸材だぜ。 頑張れ、シャンプニキバラ･100エーカー。	1	マリモ・エナジー・アームズ	0
0059	配信お疲れさまでした 並行してプニキ走ってましたがこっちもティガーで詰まってました…あと2本打ててれば… ギバラさんが楽しくできるゲームと出会えて何よりです 明日（19日）の配信も楽しみに待ってます  追記 1人でやるとすぐ飽きちゃうの草	2	夕凪	0
0060	ローリンガールを是非	0	素直シュール	0
0061	声おかしくね？と思ったらまだ猫かぶってた頃だった()	0	スペ3	0
0062	1:54:34	4	スッチー333	0
0063	チェ・ギバラほんとすこ	1	いのがしら中将	1
0063-001	いつか革命起こしそう	0	SCP - 910-JP[シンボル]
0064	水飲んでカラカラしてたとこ探してるんだけどわかる人いるぅ？	0	かや	0
0065	はいじる派は賢いなぁ	0	トウ	0
0066	14:01	1	アクスト	0
0067	3万人突破おめでとう！	0	夜空	0
0068	ありがとう	2	世界で一番愛してる江良ちゃん	0
0069	本性表したね。	5	雪山とまと	1
0069-001	初配信の最初の10分以外は本性定期	2	ともとも
