0001	彼女にも友達にもしたくはないけど嫁としては理想なので結婚を前提に結婚してください。	24	トウ	1
0001-001	わかる･･･	0	仮アサクラ
0002	1:53 開始	16	湶-いずみ-	0
0003	7:50 いちごオレASMR 18:02 設定…？？	3	そこらの民衆	0
0004	好きなものを好きと言えるギバラかっこいいと思った	11	両面テープの剥離紙	0
0005	よしなまと同じ波動を少し感じた  多分気のせいだわ	14	Ro ze	0
0006	可愛すぎてつらい 来世では結婚したい	5	サラダにょー	0
0007	37:05 自分用	3	monaka.R	0
0008	悔しいが笑顔がめちゃくちゃかわいい	1	すてぃ〜	0
0009	江良、愛してるぞ	2	アジフライ	0
0010	クソマロニキ確かに気持ち悪いと思ったけど、ここまで推しに対して本気になれるという点では尊敬に値すると感じた	6	雑食愚者	0
0011	誕生日おめでと！	0	スプラトゥーン裏ワザバグCH.	0
0012	パパ活は殺るか殺ないかなのね〜おじさん覚えた！	0	サラダにょー	0
0013	ありがとう	0	世界で一番愛してる江良ちゃん	0
0014	1:32:59 ほんとすまん	1	raki nyan	0
0015	13:54	1	ナギ	0
0016	春が良く似合う	0	やみい/朝日奈樒	0
0017	猥談が過ぎる	0	Travel and LiVE	0
0018	コメントのツンデレ率がひどい（ブーメラン）	0	れのあ	0
0019	声と年齢設定だけは作り込む女 スパチャのギバラップ読んでほしい	1	Keys	0
0020	一年	0	Alice :	0
