0001	なんでだろ　なんでだろ　おか椎名　おか椎名 クレイジーなラブが今　霊ジーになるよ	43	文月アキ	0
0002	こういう人数活かした企画大好き 郡道はアイドル志望だったのになにもなれなかった事務員派です	88	エピジェネティクス	2
0002-001	如月汐音  アニマスではことりさんアイドルしてたよね	0	ドコドコヤッタゼドンドコドン
0002-002	ちっひ....いや、小鳥さん？	0	きんとんCh
0003	江良Pとの解釈違いから生まれるこのどうしようもない感情の名は？ チャンネル登録していないライバーの話題が目の前でされるモヤモヤ感の正体は？ 我々はその謎を解き明かすべく全てのライバー、全てのアーカイブを確認するためジャングルの奥地へと向かった	283	ぽいぽい	10
0003-001	1日は48時間なのでフルに使って沼に突撃しましょう(๑•̀ㅂ•́)و✧	2	8あさ
0003-002	その先は地獄だぞ	1	しえすた
0003-003	気付いた時には、、、、      登録してるチャンネル8割にじさんじ	9	*ぺろはち*
0003-004	沼へようこそ	5	ポテイト
0003-005	序盤でちょっと厄介な人かと思ったらファンのあるべき姿で草なんだ	14	くじらのうみとも
0003-006	ぽいぽい ああ…ここにも犠牲者が一人	7	和辛子
0003-007	そっちのぬーまはふーかいぞ	9	素直シュール
0003-008	ジャングルの奥地じゃなくて沼の底なんだよなぁ	45	クマノミ
0003-009	その奥地には何も無いで…経験者は語る	0	videoトーミャ
0003-010	ぽいぽい チャンネル登録アイコンに向かってどうぞ	18	ナンなんだよ
0004	江良ちゃん:キュート 中の人:クール ギバラ:パッション  イケるやん‼	13	植物観葉ヘタレ	0
0005	しぃしぃ出た時思わずクールではなくクーズと言ってしまった	28	お兄ちゃんの布教隊りっぴー	0
0006	開始　2:00  プロデュース開始　11:54 (男版もやってくんねぇかな～🤔)	42	Jeno	0
0007	チャイちゃんいなくて我号泣 チャイちゃんだってにじいろきゃんDでアイドルしてるもん！	126	コック・カワサキ・コック	4
0007-001	キュート クール パッション バーサーカー ←ꫛꫀꪝ!	0	大道克己
0007-002	白濁液かける	5	葉月神楽
0007-003	バーサーカー	0	大根が嫌い
0007-004	なお筋肉担当	6	仄【ほのえ】
0008	頭パッションのしっくり感好き。	44	サラダにょー	0
0009	男性版も頼むでギバラp	60	Book Bird	0
0010	にじさんじ大体歌声はクールで配信はパッション説	25	すいちょく⊥	0
0011	大抵の人は喋ってなかったらすごく可愛………なんでもないです	26	ツーノ。	0
0012	2:26 趣旨  5:51 パッションはみでてますよ (敬称・苗字略) 12:10 JK組 16:17 鈴鹿、鈴原、竜胆、葉加瀬 23:20 夢月、魔界ノ、本間、童田、椎名 29:46 鷹宮、雪汝、雪城、森中、小野町 37:20 出雲、笹木、語部、郡道、家長 45:32 遠北、安土、愛園、リゼ、モイラ	136	目次	2
0012-001	たすかる	3	ポテイト
0012-002	51:42 クレア、える、アンジュ、町田、戌亥、宇志海 1:01:25 雨森、赤羽、飛鳥、久遠、桜、瀬戸 1:10:07 月見、ドーラ、轟、ニュイ、葉山、文野 1:24:35 物述、矢車、勇気、夕陽、夜見、レヴィ 1:36:06 名伽尾、八朔、闇夜乃、鳴門	48	目次
0013	44:53 ちな民用	39	妖介	2
0013-001	有能	1	黒麦
0013-002	助かる	2	仄【ほのえ】
0014	じしさんじ中身を考慮すると大体パッション問題	24	くろうず	0
0015	もっと偏るかと思ってたけど江良Pは有能だった 次の枠がすごく楽しみ	38	キムワイプーSDSーペイジ	0
0016	個人的に詩子は事務員枠	20	モンキーアップル	0
0017	20:21 えちえちなんじゃあ^〜  26:07 パッション江良	10	どす恋鯉	0
0018	パッション=アホ説　すこだｗ	32	栃木健	0
0019	葉加瀬はギバラよりのクール	22	ぼく	0
0020	JK組とかさんばかが綺麗に分かれてるの好きです…	2	名無し	0
0021	サムネのギバラ可愛すぎてしんどい	10	key Sa	0
0022	34:07 サイコパス	7	ゼルビッシュ	0
0023	アイマス？デレステ？略称も分からないレベルなんだけど、最近にじさんじでこの関連の歌ってみたあがってるから興味あったから見た。新ジャンル開拓に繋がりそうな配信だった。	11	マキア	0
0024	ギバラと感性近くて嬉しいような複雑な気分	3	Tatsu Goma	0
0025	レヴィちゃんのときに流れたニコル ボーラスのコメント見逃さなかったからなぁ…	9	ハニワ太郎	0
0026	なーちゃんはパッションだしはーちゃんはクールだしもう何でもどうにでもなりそう（）	5	結菜	0
0027	面白い企画でした！ ここからコラボユニットが出来たりしたら面白そう✨	7	まめお	0
0028	デレマスってPaのようでCuやCoも結構居て、深く知るとCuかも？ってなったりする。	11	素直シュール	0
0029	主観で配置が決まるから江良ちゃんが決めたのが絶対というわけでもないのが奥が深い 君だけのオリジナル属性分けライバーリストを作ろう！	4	おいしいからあげ	0
0030	こういう感じの企画めちゃくちゃ好きだし、他の人の意見とか好みとか聞けたり考えるのも楽しいからホントえらちゃん助かる！	6	もち米	0
0031	16:16 うたっこ用	1	嵐龍帝 -らんりゅうてい-	0
0032	尊様の立ち絵ってあんなにえちえちだったのか。特に太もも	38	カリオストロー	2
0032-001	にじさんじの公式サイトで全体図見れるで	0	ザフキエル
0032-002	本人が１回配信で見せてくれてたで	1	はぐれメタル誠
0033	ひまちゃんサンフラワーがなんなのかわからずにサンフラワー歌ってそうだなぁ	8	。たきぞう	0
0034	アイマス詳しくないけど凄く面白かった 並べてみると純正パッションって意外と少ないんだなぁ	42	ニコ	2
0034-001	ほんひまとかはパッション	0	大道克己
0034-002	ニコ 基本的にはキュートに収束する傾向があるからね	3	凸亀
0035	初めて見た配信 にじさんじとデレステ両方の愛がとても深くて推し始めた	0	ミキヤ	0
0036	男性版も見てみたいです！	0	スカーレットレミィ	0
0037	しばちゃんがおらんではないか…	3	油脂	0
0038	色で決めるコメント多くて草	0	kuro yabu	0
0039	全員の全身像が見れて好き	0	ああ	0
0040	しいしいとかリオンの時にCuとCoとPa以外が出てて草	0	TARUHI CH	0
0041	こんな面白い企画、夜中にやってたのかｗ まぁ仕事だししゃあないｗ   今夜楽しみにしてる	0	たなは	0
0042	この企画の続編こないかな……ほんとやってほしい(ホロライブとか.LIVEとか個人とか	3	宮木城繭彌	1
0042-001	ホロは、すいちゃんがフォロワー企画をやっとったね	0	hi- muro
0043	アイマスはSPから入ってモバマスの最初の頃までしかやってねぇーな。 P活動復帰するか	1	Fjtジェンダー	0
0044	赤髪の笑顔満点とかパッション以外ありえないだろ夢月ロア！	0	ファッ?!	0
0045	面白いことやってんねぇ〜と思いながら切り抜きから来た。	0	F.現	0
0046	あちきたをすこれ	1	kya na	0
0047	sideMもやってみません？	2	Beeさん	0
0048	49:39 属性に対して解釈違いがあるアーカイブ勢の人はまず最初にこの言葉を聞いてほしい	2	小魚美味しいよね	0
0049	メンバーへの愛がすごい	0	Yu	0
0050	ふみあり尊い	0	ぴよ【焼き鳥】	0
0051	是非Side Mもお願いします🤲	0	なかでん	0
0052	曲別の前にこっちを先にみるべきだったか	0	地獄鳥	0
0053	マクラエイギョウバレテルゾ	0	ジェイソン・ステイサム	0
0054	ホロライブ編、.LIVE編、upd8編にも期待	7	ゆつき	1
0054-001	ホロライブは星街すいせいさんがやってましたね。	0	ayoui44
0055	せんせぇは時子様枠でパッションでよいのでは？(天才)	1	魔法少女しえる	0
0056	解釈違いもちょいちょいありつつ楽しい配信だった リアタイしたかったぜぇ	0	クーゲルシュライバー	0
0057	bgm中毒になりそう....	0	ポリンキー	0
0058	毎回思うけど、OPかわいいよね。	1	Zu Mi	0
0059	委員長は………逮捕枠	0	癒杜葉	0
0060	だいたいあってる	0	LIIT	0
0061	ライバーのタイプ共感できる所あったり、認識の違いは勿論あるけど、そこが逆に面白くて時間忘れるくらい楽しかった！	0	dekatya でかちゃ	0
0062	上半身は見慣れてるけど、あんまり全身イラスト見たことなかったから、なんだか新鮮な感じがする	0	武蔵	0
0063	あれ、しばちゃんは、、、、、？(´･ω･`)	3	ホークス30	0
0064	詩子姉さん、個人的に 見た目キュート 声クール 性格パッション なんだよな、。	0	もんじゃいこ	0
0065	でろーんはヤンキー、拓海もヤンキー、だからでろーんはパッション	0	宮川海斗	0
0066	あれ？また変声期迎えた？	0	ダイコー	0
0067	ほぼ色分けやん。	0	かいるなかいるな	0
0068	い  や  緑  仙  は  ?	1	ぐら	0
0069	いやもうほんとごめんなさい。四人目の詩子ママで笑ってしまったんだw	0	吉野大輔	0
0070	この企画天才だわ。 生で見れなかったのが残念ですが、よるにしっかりみよう	4	ソフィアヴェルマー	0
0071	キュートにチャイカ入るダルォ！？	3	syyma	0
0072	しばちゃんとチャイカが居ない…………？笑  完全同意ってのは各々のPの解釈があるからあり得ないけど、 結構感性が近くて楽しかった、委員長はキュートなのは流石。  詩子さん解釈違いで若干荒れてたのほんと草(ぐうわかる	13	ねむのき	0
0073	1:27:23	1	ぽんちゃん	0
0074	なるほど、JK組は御三家みたいなもんか    委員長が草、でろーんが火、しずりんが水か	1	西のお暇	0
0075	fool最初に言いだした人頭の作りが僕らと根本的に違うと思うの	0	コッフコフ	0
0076	リゼがキュートで戌亥がクールかイメージ...    アンジュ好きだぞ！	6	大豆の妖精	0
0077	カテゴリー に、クレ〇ジー が必要だろ！	0	上田中栗洋	1
0077-001	上田中栗洋  センシティブ定期	1	生天目
0078	江良p suki	1	Dojang San	0
0079	放課後男子数名でやるやつだこれ	3	都会さぼてん	1
0079-001	都会さぼてん それで見つかって先生に叱られるやつ	0	レオガルド
0080	中身まで考慮するとほぼ全員Pa説ある	6	コマド	2
0080-001	唐辛子お前がいいかげんに しろ	0	ラフィ
0080-002	ライバー全員アホとか言ってあげるなよいい加減にしろ！！()	0	唐辛子
0081	キュートにチャイカと、パッションに🔥業火の舞元🔥が足りんね。	0	たーにしぃー	0
0082	選択肢3つしかないのは分かってるけどどうしても委員長はfunny、詩子お姉さんはdanger、リオンはfoolが浮かんでしまった	8	クルール	1
0082-001	それ言えばfool枠パンクすんだよなぁ	6	大豆の妖精
0083	なんでチャイカがいないんだよ！	2	大根が嫌い	0
0084	俺は探すのめんどくさいから、全部「名前をつけて保存」使って保存してる。プログラムとかもらってダウンロードにいれるとダウンロードが見つかんなくてとか起きるし。	0	古明地椛	0
0085	江良pと解釈違いが起きなかったので、お付き合いを前提に結婚をしたいですわね	0	ゆめいん	0
0086	開始 01:43	3	ゆーと。	0
0087	アーカイブでも普通に見るから別にいいんだけど、こんな企画物を深夜にやるのもったいないなって、ゴールデンタイムならもっとたくさんのプロデューサーが参加できて盛り上がったんじゃないかって思った。 でも、とても面白い配信だったよ江良ちゃん	9	素直シュール	0
0088	黒井しば     dog	3	仄【ほのえ】	1
0088-001	すき	1	縞島縞子
0089	緑仙をクールに入れてほしかった	1	なぐ	2
0089-001	解釈違い発生しちゃうからね	0	犬も歩けば棒にセイー
0089-002	性別不明	0	足長ジオング
