0001	1:43START	25	たけのこ	0
0002	27:49 美声A Whole New World助かる	37	dekarucha	2
0002-001	低い声も出来るしちゃんと歌も上手いってかなりスペック高いよな	3	佐々木太郎
0002-002	29:52本当の美声	12	おじゃる
0003	寝落ちして4時頃目覚めたらまだ配信してて草生えた	7	佐々木太郎	0
0004	ギバラの配信で寝落ち出来てびっくり	6	・煌月	0
0005	笑顔かわいいですね	2	ひでさぶ	0
0006	1:44本編スタート	1	天色グルテン	0
0007	ギバラすこ	1	きりやまめがね	0
0008	やっぱし歌うのもプレイも上手いなぁ　色々と心が満たされて助かる 4時間キツいッス・・・御伽原成分補充しながら2日かけて見るぜ・・・というか弾幕ゲーも出来そうな勢いですね・・・	3	よわむしArisia	0
0009	あなた疲れているのよ	1	やすひろ	0
0010	今度デレステ配信も是非	0	パチコ	0
0011	チラ見と言ってクリアするまでやるの 某ライバーと通ずるものがあるな 新衣装もドレス衣装だし姉妹かな？	1	肉骨付き	0
0012	おつえら～！ チラ見からのガン見で、ずっとやってたけど、 ホントに楽しそうにやってくれてるから、 見てるこっちも楽しかったよ～！ 長時間配信、ホントにお疲れさま！ありがとね～！	7	どん!	0
0013	リングフィットから逃げるな	1	岡村隆史	0
0014	なんでギバラが下ネタ言っても感情が無なのか考えた。    答えは１つ、それがギバラと言う個体だったから。	10	//なむ	0
0015	クソ下手くそで草   ギバラ可愛いよギバラ	1	。スルメイカ	0
