0001	配信中じゃないから言うけどこの子の良いところって多分にじさんじイチリスナー目線なところがあるから遠慮せずいけるところだと思う 君もうライバーなんやで？って思うくらいリスナー目線で語るからそれが結局同僚や先輩に対しては失言って言われるんだと思うが正直言いたい事は凄い共感できるんだよなぁｗ 言うてシャンプーキメて暴れ回ってるヤベー奴には違いないが         あと改めて掘り返すのも良くないがデビュー直後ちょっとした事件(この子自身に落ち度はないが)があったから凄い心配していたけど方向性はあれどこの底抜けの明るいキャラは本当にリスナーとしても救われた気がした。 当初は本当に凄い心配していたけどこの子のキャラならきっと大丈夫だろうなって今ならハッキリ言える。配信中はまた罵倒するだろうけど密かに応援してますね！	101	ねこんふらい	0
0002	1:12:50 この頃から「ギバラ」が定着してたんやな…！！ このアットホームさが良き	23	そこらの民衆	0
0003	自分がVtuberに求めていた面白さがこれだわ 面白いし、かわいい	48	porote	0
0004	ノリがいいからつい煽っちゃうけど正直大好き。	71	ほるすたいん	1
0004-001	正直言って委員長とかも登録者と視聴者に対してリスナーからの扱い雑だったりするし なんだかんだで絡みやすい子の方が愛着モテるんじゃないかって気がする 新規からしても既にライバーにリスナーみんなデレデレなのよりは入りやすい空気だと思う	9	ねこんふらい
0005	9:46 ここ結構嫌いじゃない	36	Slash Slash	0
0006	1:08:14  ここからの絶妙な間の取り方が最高に小悪魔で最高にかわいくて悔しい	19	さんしょうお	0
0007	正直みなの言う清楚云々より、江良さん話を掛けやすそうな感じでめちゃ好きだけと、こういう感覚持つ人俺だけ？	46	Beating Storm	2
0007-001	@ハイテンション手芸部 委員長((ﾎﾞｿｯ	1	めろん
0007-002	Beating Storm  清楚なんてクレア様と女将とモイラ様以外にじさんじにいるか？	2	ハイテンション手芸部
0008	エンディングで江良ちゃんを罵倒したことに罪悪感を覚えるこのごろ…	26	雑食愚者	1
0008-001	雑食愚者 わかりみがとんでも深し最上川	3	うぱきち*
0009	2:33 ~　開始 2:55 ~　声入り	15	杠葉 彩斗-Yuzuriha Ayato-	0
0010	1:04:50 お？寝ちゃうのか？お？お？	4	田尻たけやり	0
0011	44:47 森久保	3	fish Mr	0
0012	昨日寝落ちしちゃって見れなかったから助かる👍	4	ウィンドピア	0
0013	江良ちゃん面白いし可愛いしすごく好き❤️	2	爆乳美少女戦士ほむらたん	0
0014	この人基本的に一言多いよなぁ。 失言マンでフォローも失言していくスタイル…嫌いじゃない。	5	sann 735	0
0015	普通に江良ちゃん可愛いよ 顔はね 性格は可愛くないかもだけど面白いしちゃんとリスナーの事見てくれてるからぶっちゃけ大好きwwあと、ノリがめっちゃいい  ガチ恋不可避だよなぁ？	11	/ 枳殻去鳴 /嶺上	0
0016	15:40 チャイカさん消そ	9	フォルテSP	0
0017	江良姉ぇほんと面白いなぁ！	2	mura bito	0
0018	2:55 配信開始、清楚終了() 38:12 江良さん「”声も可愛いし、清楚っぽいからすごいクレアさんと合いそう”...それが今ではこんな扱い...どうしてでしょう？お”前”ら”の”せ”い”だ”よ”！”」 40:28 貴重な御伽原江良の清楚タイム  口を開けば面白いにじさんじ期待の新人()。	38	アダムス川戸道	1
0018-001	2:55 配信開始、清楚終了()　ウルトラマンかな？	2	S kazu
0019	久々に雑談でこんなゆっくり作業しながら聞けた いいライバーに出会えた	2	八木優太朗	0
0020	5:48 おまかわ	8	アサヒ・超ドライ	0
0021	1:00:32	5	Lilus -	0
0022	3:47 もうちょっとちゃんとした飯食えよ 死なれちゃ困るからよ…	2	西瓜	0
0023	ふた昔前の芸人みたいなツッコミ好き	1	um ta	0
0024	お顔フリフリ、悔しいけど可愛い！	2	ピョートル大帝	0
0025	寝落ちしたからたすかる お礼に （・▽・💠）シﾞャﾞンﾞプﾞーﾞをﾞ飲ﾞみﾞまﾞすﾞ	25	日向himuka8116	4
0025-001	わﾞしﾞもﾞ飲ﾞもﾞうﾞ！ﾞ おﾞ前ﾞ誰ﾞだﾞ！ﾞ 誰ﾞだﾞおﾞ前ﾞ！ﾞ わﾞしﾞがﾞエﾞーﾞラﾞじﾞゃﾞ！ﾞ	4	日向himuka8116
0025-002	え”ぇ”!?お”前”も”シ”ャ”ン”プ”ー”飲”む”ん”か”!?	5	「夜中の夜明け」lover
0025-003	誰ぇ……怖いぃ………	4	小豆/大豆
0025-004	お゛前゛も゛シ゛ャ゛ン゛プ゛ー゛を゛の゛む゛ん゛か゛ぁ゛	5	ヤマノシン!
0026	今思うとまだ全然清楚だったな	0	黒ノ識・くろのしき	0
0027	声のチューニング凄すぎるww 応援しますこれからも頑張ってください！！	0	壱足す壱は	0
0028	江良ちゃんほんと好きだわ	1	やみい/朝日奈樒	0
0029	正直江良ちゃん大好き これからも期待してるよ！	0	さっちゃん	0
0030	誕生日おめでとぉぉぉぉぉぉ	0	スプラトゥーン裏ワザバグCH.	0
0031	配信お疲れ様です …プニキ！？ …バギラァ！	1	夕凪	0
0032	途中で寝落ちしてしまった…	0	F空羽	0
0033	モノマネうまくて草	0	はっちぼっち	0
0034	九九でドヤるほんひまの真似してほしい	0	Jレモン味	0
0035	ありがとう	0	世界で一番愛してる江良ちゃん	0
0036	推します。	1	mayer	0
0037	アーカイブ助かる（・▽・💠）	0	松崎しげる〔アローラのすがた〕	0
0038	最近観始めたけど、名〇さなに近いモノを感じる	0	ははーん、さては火属性だな?	0
0039	この子のノリの良いところといじられた時の反応の良さは今後の強みになると思う。いくつかのイベントを経て徐々に評価ブーストされるはず  19年メンバーの中でも一番くらい聞き取りやすい良い声だし、ショタボかなり好きなタイプだった。  話途切れないし、遠北とノンストップマシンガントークとか りりかざえらコラボとか待ってる。  でも雰囲気的にはOTNに混ざってほしい	6	ken K	0
0040	これが失言集ちゃんですか？	1	焼肉太郎#ありがとう	0
0041	かわいい、お顔が	0	グダオウ白々	0
0042	かわいすぎていじめたくなるんや…すまんな	1	あばら	0
0043	開始笹木で笹はえる	0	冷凍ぷりん	0
0044	アーカイブ残ってて草	0	爽	0
0045	信じられるかい…？この女子力で王子様を求めてるんだぜ？	4	ヒトガタこしあん	1
0045-001	はぁ（吐息）御伽原…江良ですぅ（吐息） この女子力（）やぞ！	0	オンボロイドからアイフォンへ変えたもの
0046	自分用 1:11:05 煽りからの急な萌えポイント	0	山々なやまやん	0
0047	11:18 ～ 11:32 40:32 ～ 40:53 1:06:37 ～ 1:06:57 1:15:03 ～ 1:15:20 最かわ、最清楚部分   もれあるかも	3	柳ユウ	0
0048	32:20荒ぶる	4	すばる	1
0048-001	シャゲダン	0	ヤマノシン!
0049	1:24:37 …………猥談してなくない？	9	へや	0
0050	みんなエラちゃんって呼んであげような...	0	チャンタロウ	0
0051	雑談配信でリスナーからミュートを希望される女	0	ハルムンク	0
0052	頭舞踏会	0	せつなとわ	0
0053	1:08:10	1	since T	0
0054	単なる雑談配信でこんなにもアーカイブが待ち遠しかったのは久しぶり。しかもリアタイフル視聴にも関わらず こんなのがデビューして１週間程度なんだから、ホント末恐ろしい新人だわ	4	エボルト	1
0054-001	神喰い狼 アーカイブカットされている理由わかったりします？	0	和辛子
0055	ギバラさんカワイイっすよ、･･･黙ってればw	1	❰敗中❱	0
0056	寝落ちしちゃったから助かる〜〜〜〜〜	0	ふゆか*	0
