0001	でかい      態度が	136	。にしのやま。	0
0002	サムネの子だれ？	60	LVT mogu	1
0002-001	矢澤にこにこ  江良ちゃんだぞ。決してギバラなる猿ではないぞ。	2	ヤックルン、
0003	発言は控えるけどサムネ見た瞬間...	53	トムトム	4
0003-001	絶海のエターナル千代子. 俺に言い訳をするチャンスをくれ！	8	トムトム
0003-002	トムトム 言い訳が草	9	ビスケット
0003-003	@トムトム 独りでに言い訳をし始めるな	49	ぱぴの.
0003-004	疲れてたし、寝起きという理由もほんの少しある	26	トムトム
0004	1:55:08 連続ウィンク	38	キムワイプーSDSーペイジ	0
0005	02:10 03:04 ギバラのおかげでこの曲に会えた	2	クレープボーロ	0
0006	1:49:35　ウィンク助かる	18	BlanK	0
0007	1:43 開始	4	リリア	0
0008	1:52:45	33	元気な男前	0
0009	服装加工が典型的な量産型で草	4	ああ	0
0010	ホントだー上から下まで緑文字びっしり　すげぇなー	2	A/Z	0
0011	新衣装配信並みのスパチャで草。	8	その日暮らしのヒグラシ	0
0012	サ胸で盛るなw	4	都会暮らしのヤマモッティー	0
0013	サムネがアイコラすぎて2時間5分の配信なにも頭に入ってこなかった	5	COUCH SEIM	0
0014	釣る気満々のサムネで草	1	愛に飢えた愛紅-めく-	0
0015	うーんこのサムネは江良ちゃん	10	シンボル	0
0016	量産型女子の格好なの最高〜〜〜私もアンクとevelynすきそのスカート持ってる	0	にゃん	0
0017	アイコラですか…？	5	Rook	0
0018	イマジナリーおじさんはほんま草	0	ハナモゲラ危機一髪	0
0019	盛ってんねえ！！	0	ぱちむす	0
0020	これは可愛いギバラ	0	JACK― O	0
0021	スパチャの嵐	0	Rosh	0
0022	これは性の喜びをしってる	0	しよう	0
0023	フルールクソ量産女で草	0	__ eXe	0
0024	ギバラってそんなでかかったのか	0	TVAのん	0
0025	WEGOで草はやした	0	HEAD PHONEへっどほん。	0
0026	これがこれから会議するサムネとはとても思えんw	0	修也福田	0
0027	描かないとコメントしながら金に埋もれるギバラを描くまたのんき先生、さすがです（笑いすぎてお腹痛い）	1	博麗大福 Mk-35	0
0028	サムネ盛ってるなあれ	0	島を食べる猫	0
0029	なんていうか…その…下品なんですが…フフ…	5	おいしいからあげ	2
0029-001	右手に興奮したなさては	1	読書好き
0029-002	おは吉良吉影	2	ぎあらいふ。
0030	1:16:00	0	アクスト	0
0031	サ胸どこ？	0	連絡	0
0032	コメントほとんどサムネの話で草 男って単純ネ	2	K	2
0032-001	@matcha matcha ちんぽがハンデやな	0	人生疲れちゃった人なんだけどね
0032-002	@matcha matcha 性欲さえなければ男は優秀な生き物やし しゃあない	0	人生疲れちゃった人なんだけどね
0033	サムネだれ？	0	so - ri	0
0034	おまえプリコネのペコリーヌみたいなあれしてんな	0	ジョジョにけっこうはまってしまった男	0
0035	端末でメンバーって入れるっけ？	5	。つけた	2
0035-001	ありがとう🍆	0	。つけた
0035-002	androidは可能 iphoneは無理	0	dabadaba spoon
0036	ギバラひとりでいちからの年間売上1,000万軽く稼いでるな笑	0	Shun	0
0037	お金入れたら喋る人形コメが結構ウケて嬉しい	0	しょーりゅー	0
0038	サムネ江ｯｯｯｯｯｯｯｯ!!!!!  開始1:44	3	胡麻	1
0038-001	温度差で草	0	ちゃんぽん
0039	サムネがエロギバラ	3	天宮に告白する てぬき	0
0040	ギバラがメンヘラ製造機なのがわかる気がする この子もし金がなかったら普通にパパ活してそうな所とか、 あっさりイケメンについていきそうなところが心配になって、それが嫉妬にかわるんだろうなぁ。 「俺はこんなに心配してやってんのにお前は！」みたいな。	1	magomago	0
0041	ビリビリの配信を一つ高いメンバー用のアーカイブで出して差別化出来ないのかな？ 仕様がわからないからなんとも言えないけど	0	にゃんこモフり隊隊長	0
0042	これはシンデレラ	0	ぱす	0
0043	今日もかわいかったぞ ありがとうな	2	Una Owen	0
0044	配信行けなかったけどこれ行ってたら破産してたからある意味よかったわw	1	ままんじゅう	0
0045	1:47:50　→自分用初スパチャ読み上げ記念 ギバラに出会えて本当に良かった！ 君達に恩返ししたいとか色々言ってたけど、 ギバラが楽しそうにしてるのを見るのが、 王候達にとっての楽しみなんだから、 これからも配信内・外の生活楽しんでけー！	17	どん!	0
0046	おつえら〜！ 今後の予定ほんと助かる！ bilibiliどうやったら行けるのか... 後半のスパチャ大会ほんとすげぇ！ いつか自分も投げてぇ...    カラ↑フル↓な スパチャ止まるんじゃねぇぞ…	2	アヲノ#調子極端	2
0046-001	黒死ペスト ありがとう...！試して見る	0	アヲノ#調子極端
0046-002	wikiから行けると思うよ	1	黒死ペスト
0047	バーチャルホステスここに極まれり 現実のキャバクラに行かないオタクから搾取する理想的なメソッドだ	13	tanaka taka	0
0048	なんでメンバー外した途端メンバー限定やるんだ…また付け直さなければ	1	脱ぎチョコ	0
0049	さすがにじさんじの神楽めあ  神楽めあと同じ失言キャラ 見た目もかわいい パコライトの同期 そしてにじさんじ  売れないはずが無いbilibiliでも大人気待ったナシ	1	駄女神アクア	0
