0001	1:55:31 幸運のしぃしぃ7人の加護により、直後にひまちゃん、最後にかざちゃんが出ることが確定	61	モーフィアス2世	0
0002	にじさんじチョコ第2弾では、御伽原 江良さんが 含まれている事を切に願っています！ 1個チョコ7粒入りｘ100個＝700個食うのが大変・・・	63	Naoya Arai	3
0002-001	@青霄 飲むまでは考えてなかったけど溶かしたらとは思ったw	1	[Mituki]光狐
0002-002	_シド 天才かよ	5	しろぉ
0002-003	溶かして飲みな！	9	青霄
0003	力一五体でゴー力一(ゴーリキー)ほんと草	60	STAR W	0
0004	この企画思いついてウキウキで買って開封してるのめっちゃかわいい	28	fiana	0
0005	〈にじさんじ大罪シリーズ〉 豪運の御伽原江良	35	みや	1
0005-001	豪運のベルモンド 豪運の椎名	2	クロ
0006	2:07:34  運   命   の   人	42	終点雲雀丘花屋敷	0
0007	これは良企画	5	パンくず食べる	0
0008	6:30　ギバラが『分からせたい』と言われる理由	12	コマド	0
0009	最後森中が外れて力一とかチャイカとかじゃなかったらオチに困るよね。	1	その日暮らしのヒグラシ	0
0010	つ　か　ま　え　た　ぜ	8	fu d	0
0011	うーん可愛い	1	俺も美少女になりたい	0
0012	2:06:54 100個目に推しを当てる運命。さすえらすぎる。	84	やみい/朝日奈樒	3
0012-001	仕込みやぞ	0	パンを食べる
0012-002	ネタバレ... コメント先に見た自分が悪いんですけどねw	2	よーくん
0012-003	捕まえたぜ…！ とおっしゃっている。  愛が深い。実に深い。	6	柔らかくなった脳
0013	1:49　開始	19	すいま	0
0014	8:25	0	ぽ	0
0015	2:07:01 森中花咲	0	K Y	0
0016	19:19	0	ハヒフヘホ離弁花類	0
0017	運命力が強すぎる	3	グラブル大好きマーン	0
0018	概要欄こえーよw	3	こいぬ	0
0019	この女 持っている	15	仄【ほのえ】	1
0019-001	この女、かわいいのである	0	SOMA柿渋
0020	ゴーリキー好き	5	和辛子	0
0021	買ったとき最後の1個だった	4	生煮えペロペロキャンディー	0
0022	おつえら、最後神引きかぁ？ とりあえずお巡り呼んどいたわ	5	イトーリュウジ	0
0023	やっぱり運持ってんねぇ〜！ ラストにあれはほんと豪運過ぎる... コンプも惜しかったし 次は逃走者全員捕まえれるね！()	15	アヲノ#調子極端	0
0024	1:36:32 焦り始め（７１個目） 1:43:42 焦る２ 1:54:10 これヤバいな 1:59:18 残り６個 2:04:17 残り２個 後は君の目で確かみてみろ！	32	トライバル	0
0025	力一ｘ３のRRR･･･  ケチャがはじまるな！	1	コッコちゃん	0
0026	「どれだけ求めても届かないというか、自分は選ばれなかったんだなっていう、その感覚はエモじゃんか。俺は、そういう感覚を知らないヤツより、それを知っているヤツしか観れない景色をみたいんだよね   え、あ、でた？あ、そう。おめ」	31	たらりら	1
0026-001	80％卯月	0	妖怪マトンカレー男
0027	最後で引くのはさすがにもってるな～	0	森林樹木	0
0028	ちゃんと何が出たか書き出しながらライバーも表示する丁寧な仕事、これはにじさんじオタクの鑑	1	luv@eevee	0
0029	2:05:47あたりのコメ欄で尊ママとお嬢が「 R」をうってて仲いいんだなって思った。	8	なかばち。	2
0029-001	やっぱ送ってましたよね！ 自分もリアタイで見た時尊様 力一 リオンの順番で送られてて鳥肌立ちました！	0	なかばち。
0029-002	力一も送ったな 一応リアタイ視聴でスクショしました	0	T zwcard
0030	2:07:00 かざちゃん	8	ガリュード	0
0031	リリリリリ	0	ぞろきち	0
0032	2:08:15 ターザン	1	立夏	0
0033	7:007:00 7:007:00 7:007:00	0	Vtuberになりたいロリ	0
0034	引きの悪さ凄い	7	カワウソ	0
0035	残り30秒　森中花咲は逃げきれるのか？　　　　　　　み　つ　か　っ　た	4	ただの横山チャンネル	1
0035-001	BGMがきこえるきこえる....	0	luv@eevee
0036	やっぱギバラ運持ってるなぁ... 2.5%引くとは恐れ入った...	0	zawa yu	0
0037	むぎむぎって床腐ってるんかw	0	大根が嫌い	0
0038	モルルンがいるのに驚いてる	0	沖田さん.	0
0039	100枚目に押しだすのは囲炉裏露持ってるなぁギバラ 喜び方限界オタクだったし、花咲ちゃんの顔でかいのも草だった。追いチョコ配信楽しみ	4	「スイ」Sui	0
0040	雪汝ってラインナッポ…されてないんか	0	SO NO	0
0041	Debuになりそう	3	gon viadamis	0
0042	ギバラ、本当に持ってる。俺たちは奇跡を見た。 99箱出ずに最後の1箱で本当に推しを引くんだよなぁ・・・それでこそ御伽原江良。 かざちゃん、もう諦めてギバラを受け入れなさい。	2	如月てぇ提督	0
0043	この衣装落ち着くなぁ	1	ばーかニートだよ!	0
0044	かざちゃんオタクなのでは。	0	柔らかくなった脳	0
0045	限界オタクお疲れ様	1	一騎当千	0
0046	シールの画像を事前に準備して出たシールだけ貼り付けでも良かった気がします。  みんな知ってるだろうとか買わなかったの？？とか煽る表現も宜しく無かったと思います。  にじさんじは人気もあり買えなかった人も多い事と思うので、そういう面でもシールを見せて貰えた方がリスナーもより楽しみながら放送を見れたと思います。	3	熊さん	8
0046-001	ネタというものを知らないのかい？	0	R RR
0046-002	んほぉ…	0	alex
0046-003	逆ギレ草	2	すちーるはむちーず
0046-004	信者共おつかれ	1	熊さん
0046-005	天然記念物	2	風が吹けば名無し
0046-006	？？？「うるせぇな」	5	ユマユ
0046-007	すごおぃ...	6	よーくん
0046-008	わぁ…	7	[ Dan ]
