0001	みんな画面越しにギバラからプレゼントを貰ってるんやで	52	クロースサンタ	0
0002	1:481:48 1:481:48開始	13	うぇーい	0
0003	エロ本読んでる時の表情認識精度高くて草	6	しんの	0
0004	王侯の皆さん！誕生日プレゼントは7月12日必着出来るように送ってください！とのことです。	11	ゴロリ	0
0005	56:40 ロリコン仲間確認用	4	幼姫	0
0006	開始前のコメント欄がくそ温かかったし俺もメンバーになりてぇなぁ…	6	マッチョリーゴリゴリウス	0
0007	37:07 建築ガチ勢ニキ	9	Sato Yu	0
0008	35:53 ブンブンポイント	7	ゼルビッシュ	0
0009	おつえら〜！ 誕生日までにはプレゼント送りたい！	5	アヲノ#調子極端	0
0010	8:21 この顔好き	1	まつい	0
0011	サムネ江良ちゃんで草	2	。暇人	0
0012	ギバラ…沢山プレゼントもらえてよかったな…	5	天キノ	0
0013	💩うんこで喜ぶってやっぱり10歳児なんだよなー	14	いろじろ	0
0014	9:44 自分用 送ったドーナツと送った覚えのないイクラを受け取ってもらえたとこ ライバーにイクラを送るときはアイマスクに擬態させような	3	ゆーまあおい	0
0015	プレゼントで喜ぶ江良ちゃんほんとかわいかった！！ みんなセンスあってしゅげぇね！！お誕生日も楽しみだねえ	2	ユリ	0
0016	ギバラすこ	0	素直シュール	0
0017	まだ３ヶ月？時間感覚が不思議になってる	5	黒ノ識・くろのしき	1
0017-001	Vの者特有の時空の歪み	1	Franz kafkaf
0018	サムネが綺麗すぎて草生える	4	どす恋鯉	1
0018-001	エッチなもの見てる顔に見えた	2	ヤマノシン!
0019	ギバラにタレットたん送りつけたい	0	グラブル大好きマーン	0
0020	開始　2:00	0	ぽんちゃん	0
0021	贈り物配信とか参考になるな～まだ贈れないけど	0	貴二月	0
