0001	プロぼっちの豆に優しくしてくれて、ありがとな。	67	じんろう	0
0002	豆に優しくしてくれてありがとう。	79	kun chama	0
0003	豆の配信ではギバラの好感度上がって ギバラの配信では豆の好感度上がって またコラボして欲しいな	63	吹雪素人ちなvtuber	0
0004	29:42 豆「それは違うってインチョー」の声マネするギバラかわいい	24	樂一雀水	0
0005	1:41:06　ギバラ、このとき おはござの闇を目の当たりにしてたのか   ショック受けてるのが表情にまんま表れてて草	42	しょん	0
0006	もしかして御伽原江良って清楚なのでは？	35	紳士.	0
0007	豆視点で惚れたので来ました	33	あしがらさん	0
0008	ひまちゃんの優しさが全快に溢れてた	24	z n	0
0009	20:31　　ギバラ…	8	I N	0
0010	借りてきた江良（意味：普段と違って、非常に清楚な様子）	26	さとさん	0
0011	三戦目の刀ピーとの絡み好き	13	かよーらいす	0
0012	他の仲間とはぐれるとわかっていながらもほんひま探しに行ってるのてぇてぇ…	10	ぴんきーぴんきー	0
0013	お前ぇ……純粋過ぎるんだよぉ……	13	コマド	0
0014	アウトラストの時も思ったけど本当に純粋な子なんだね ゲームでこんなに感情的になれるのがうらやましい.. 個人的にぽこピーと絡んでる江良ちゃんが見れて良かった	23	dotism	0
0015	ほんまお疲れ様でした〜！ 最後惜しかった...あと少しやった... これはほんま人間不信になるよね なんか何時もよりも清楚に見えた 配信だったわ	10	アヲノ#調子極端	0
0016	6:34  かわいい	8	かけ	0
0017	32:30　てぇてぇからのクライマックスすごｗ	3	Pirosikin	0
0018	つよくいきて	6	曲八	0
0019	ギバラまじいい子	4	。ねりてん	0
0020	ギバラ純粋で緊張してて可愛い。 ひまギバてぇてぇ	1	冥府。	0
0021	これ初めて見るけどコミュ症発揮してて涙出る…	0	林檎りんご	0
0022	ギバラ元気出して 面白かったよ	0	葵いおい	0
0023	すごくワクワクするメンバー	1	SK YU	0
0024	このメンバーの中だとギバラかわいくない？？	8	こえだこっとん100	0
0025	29:45ギバラによるピーナッツのモノマネくそかわ そしてひまギバてぇてぇ...	0	たろう。。	0
0026	緊張するよね、このメンツじゃ	0	ねむのき	0
0027	ほんとに立ち止まってて動揺を感じる	7	_ satura	0
0028	根が純粋すぎるんだよなあ！！！　すき	3	朝月みなとのゲームch / minato asatuki	0
0029	配信見るのほぼ初見だけどこの子清楚じゃね？()	22	だやキング	2
0029-001	ほかのアーカイブや切り抜きを見てもそれが言えるのか気になる	0	いろはす。
0029-002	我にじさんじぞ？	6	ぐっぴー.
0030	ラスト、ショッキングギバラ	0	月奏-runa-	0
0031	全員やべーやつじゃん	0	吉良吉影	0
0032	最後は今年一ショックを受けてそう　ぎばちゃん純粋やな～	3	福ちゃんぬこ	0
0033	豆の声サスケの声優に声似てるな。	0	深淵歩きの寿也【かずや】	0
0034	終始拾った物を、部屋に平気で散乱させてるあたりやっぱりギバラの部屋は…… ヤッパリシンデレラノオヘヤハキレイナンダロウナー	1	閃いても通報されない上級ゆが民	0
0035	1:48:46  残しとくね。	0	ミニキニキ	0
0036	1:37:50 性格が嘘くさい…	3	ぴる	0
0037	強くいきろ	2	n-acetyl-5	0
0038	自分なりの見所まとめ  1戦目 偽バラ 13:32 がぶがぶ① 21:12 ひまえら① 30:37 ギバラプレミ① 32:37 でろーん狂人化 35:57 メンヘラムーブ 37:50  2戦目 委員長の尋問 49:21 豆の尋問 52:31 ギバラプレミ② 54:26 1人になっちゃったね 55:14 ひまえら② 57:05 ドラえもんデッキからの遭遇 1:02:12 豆のリア狂 1:03:31 豆の逃亡 1:06:42 ひまえら炎上 1:07:46 仲良死 1:08:43  3戦目 新衣装デッキ 1:31:32 血の契約 1:33:52 新衣装デッキループ 1:36:31 がぶがぶ② 1:37:56	66	タミ	0
0039	ギヴァンプさん、某ヴァンプさんと同一人物説 ・一人行動が多い ・サバイバーだと分かっている視聴者すら、疑うようなプレイング ・独り言を言う ・プレミ     草	9	じゃんけん	2
0039-001	食戟はじめそう	0	1341 shout
0039-002	トランシーバー芸はじめそう	0	月奏-runa-
0040	このメンツ、誰も登録してなかったけど、今回のでギバラさんとピーナッツくん、チャンネル登録しました。	8	Akira	0
0041	初戦歯車を集めてなかったのがなとりとでろーんの2人だったからその時点で疑いを持つべきだったかな 初心者なら単純に貢献度低いのは疑ってかかった方がいい	0	ryu 1	0
