0001	江良ちゃんすてきです。	736	天宮 こころ / Amamya Ch.	4
0001-001	7:27　ここから涙無しにはみれないね(;_;)	2	Takuya S
0001-002	当たり前やろー ギバラもあみゃみゃもにじさんじ全員すてきやよ	3	おさおさ
0001-003	あみゃみゃ！あみゃみゃ！ 登録しなきゃ	3	この豚野郎
0001-004	あみゃみゃもよう見とる…	7	モギィ
0002	一番辛いはずなのに元気に振る舞えてるの本当にプロなんだと思う ゴミカス系シンデレラとしてこれからも頑張ってほしい	468	Yu Ima	2
0002-001	ゴミカス系シンデレラw	3	陳謝
0002-002	この配信だけでも本気で泣かずに涙流しているのを頑張って笑い話にしようと頑張ってるのが本当に涙が出る	22	よわむしArisia
0003	灰かぶり姫は、魔法使いが現れなくてもお城へと走る	425	天使m	9
0003-001	何かラノベみたい	0	アイネーゼ
0003-002	例え裸足だとしても駆け抜けて行く	2	三角定規
0003-003	ガラスの靴を踏み砕け	7	物申すMONO
0003-004	次は目一杯魔法かけてあげようぜ	3	カピバラライダー
0003-005	灰かぶり姫はmonster握りしめ嗚咽すれどもひた走る	7	まろーん。
0003-006	嗚咽してそう	1	左慈鷹三蔵
0003-007	コレ本当好き	1	Sake
0003-008	好き	4	通り魔咲夜
0003-009	天使m  その表現好き	5	しらたま
0004	1:43 から / onwards	180	John Raymond〈ゼロブレイド〉	0
0005	戦うわけじゃないけれど、人間臭さを持ったまま上を目指す強さがある こんなん推すしかないやん…？	133	くじらのうみとも	0
0006	なんや...やっぱりシンデレラだったんじゃねぇか...	159	しろがね桜	0
0007	1:25:48 「また…また無かったことにされるんかな、みたいな…」 デビューであれだけ躓いても、自分の力でここまで来れたんだ こんなトラブルくらい屁でもない	268	ななななすぃ	6
0007-001	@ななななすぃ はえーすっご	0	こーちゃ
0007-002	@ななななすぃ すっげ	2	海戦都市オマンティス
0007-003	@アッフェル 公式が言ってるわけではないけど、ギバラの結婚願望設定から いずれくっついて「真堂江良（しんどう えら）」＝シンデレラ になるなんてプランがあるんじゃないかとファンの間でも噂されていた矢先のことだった	44	ななななすぃ
0007-004	ななななすぃ そういうことでしたか… あいつってギバラとだったのか…	1	アッフェル
0007-005	@アッフェル ギバラと一緒にデビューした奴がどうなったか調べてみ	8	ななななすぃ
0007-006	ななななすぃ 前に何かあったんですか？	1	アッフェル
0008	人間臭いのほんとすき 悔しいけど推します	172	ちょうはつ	0
0009	まさに「だってシンデレラは頑張り屋でしょ」だな	98	02 hamo	1
0009-001	札幌で「M@GIC☆」歌ってるの妄想するだけで泣けるやん。。。。	6	ヤス
0010	30:46 誰ぇ…？	93	dekarucha	1
0010-001	ギバラじゃない…😢	0	りゅうせい
0011	一番辛いのは江良ちゃんなのになあ…。周りが良く見えちゃうのね。 まじで一生をかけて推し続けるわ。	72	シンデレラ親衛隊員	0
0012	ここでちゃんと泣いとくのって大事だと思うよ。今後きっとたくさんの後輩があのライブに憧れて、それでも緊張や不安に押し潰れそうな時、ギバラがどう乗り越えたのかを見てる。	31	Daisuke Jin	0
0013	御伽原江良こそ現代のシンデレラぞ！	55	神城アキラ	0
0014	また見に来ちゃった。この涙で推すと決めた。本当にありがとう。	7	J. P	0
0015	1:17:06 でろーんより 1:24:24 るるちゃんより（スパチャ）	27	ai nii	0
0016	両国を泣かせた声でキレられる女	40	よしたけ	0
0017	るる、とこ、ロア、さくゆい ほんとにありがとう にじさんじあったけえ	28	ASAKA	0
0018	素直にこの人を推しててよかったと思ってる	37	海老	0
0019	38:12 とこちゃんとハート作れてないよの言い方すこ	19	kozi	0
0020	彼女こそが現代を生きるシンデレラ ここからがアイドル御伽原江良のスタートライン いろいろな苦難を乗り越えて全力で頑張る彼女を推し続けます。	148	イルーナ	0
0021	自分用 33:48	6	井田いつき	0
0022	3D配信で泣かせにきやがった記念	14	黒澤ルビィ、	0
0023	絶対にリベンジするってさ、、 その言葉俺なら怖くて言えないなぁ  自分じゃどうしようもないハプニングで、 何を反省することも、 改善する努力すら出来ない。  そういう想像もできない苦しさの中でだよ？  次は絶対リベンジするって彼女は言ったんだよ？  リスナーは何ができる？  俺は声枯れるまで エラちゃんの言葉信じて応援するしかないよね？  リベンジできるって俺も信じる！  頑張れエラちゃん！！	31	小林裕次	0
0024	あんな事故程度で失望するならそもそもギバラなんて推してない。     あとホントに申し訳ないんだけどギバラコールすごい楽しかったし面白かった(小声) 異論も非難も認める。	29	邪智暴虐村の民	1
0024-001	オトギ  便乗して懺悔する 俺も楽しんでいたしむしろギバラ自身も楽しんでると思っていました… そのあとTwitterでとんでもないクソツイートしました…	1	もちもち
0025	北海道！楽しみにしてる！！！！ るん！！！！！！！！	27	ヨナギケイ	0
0026	本物のシンデレラなんだなって	39	。めやぎ	0
0027	ギバラがみんなを悲しませたんじゃないぞ ギバラが悲しんでることにみんなが共感したんだぞ 何千人、何万人の共感を得る存在って誰でもなれるものじゃない 誇って良い、誇らしいことだと思うぞ 一生ギバラコールするからな	54	らぎ	0
0028	江良ちゃんは本当にシンデレラだよ… 真面目でいい子で、みたいな言葉では表しきれないほど色んな意味で美しい。 居てくれてありがとう。 いつまでも応援してるからね。	9	ぺったんぺったん	0
0029	本物のシンデレラがここにいる...	22	ぷりむ	0
0030	おねがいダーリンのリベンジ、本当にありがとう。	4	パンパース	0
0031	感情全面に出てるのがめっちゃ好き。 これからも頑張れギバラ！！	3	ん	0
0032	この配信後に笑顔の銭ゲバツイートでちゃんとリフレッシュさせるの、ファン想いの観点で100点。 いつも応援してます。	25	棚音	0
0033	初配信の時から、御伽原さんは ずっと推しています 両国は行けませんでしたが、これからも応援します！	3	新しい季節	0
0034	細かいこと気にせず誇ってほしい こちとらギバラ可愛すぎて過呼吸なってたんやぞ…	4	PIZZA a.k.a. 井上太郎二郎	0
0035	江良ちゃんを一生推し続けるって改めて思ったよ。	3	くまさん	0
0036	やっぱギバラには笑っててほしいんやなって思った	7	ほっしぃー	0
0037	めっちゃ涙目になりながら聞いてたらホームのところにソード・アートオルガインが出てきて涙が止まってしまった	4	つべはち!	0
0038	何度転んでも立ち上がる江良ちゃんを心から尊敬している あの時のギバラコールは同情なんかじゃなく今まで頑張ってきたのをみんなが分かってたからこそ起こったことなんだと思う 両国ライブ本当にお疲れ様！メジャーデビューおめでとう！これからも応援するぞ！	78	アキパン	0
0039	やっぱり…江良ちゃんは最高やな	5	サンシャイン藤原	0
0040	御伽噺を現実に見せてくれてありがとう	7	音羽	0
0041	会場でギバラコールしてたけどあの瞬間は熱かった トラブルがあっても最後までエンターテイナーとして振る舞えるギバラは凄いよ これからも頑張ってね	16	mors pallida	0
0042	俺達のシンデレラがこんなに頑張ってる姿を見てると、俺も頑張んなきゃなって思える。ライブお疲れ様！メジャーデビューおめでとう！	11	メスイキみやぞん	0
0043	江良ちゃんを推してて良かったと思える配信だった これからもよろしくお願いします	12	矢澤式WINTER	0
0044	また一つ推す理由が出来ちゃったじゃんか。どうしてくれんだよ。	4	ナンなんだよ	0
0045	3月にデビューしてからずっと追いかけてきた 本当にいろんなことがあった どれもこれも無かったことになんかならない 歩んできた全部を一生忘れない	10	おでん大明神	0
0046	この人の泥臭さ大好き	2	すじ	0
0047	やっぱり江良ちゃんは俺達のシンデレラだ	4	天キノ	0
0048	あのオレンジの光の海と轟くギバラコールをどうして忘れられるだろうか	2	鎌堀「かまほり」	0
0049	ギバラのこと好きじゃなく、大好きになりました	3	無機物	0
0050	お願いシンデレラを地で行く感じ好き	8	にゃんこモフり隊隊長	0
0051	なんか声のケンが抜けて一段大人になったような気がする	5	丹波哲郎_大霊界	0
0052	江良ちゃんほんと強い子だね ずっと応援してるで！	2	ハタサク	0
0053	リベンジするのを待ってるぞ！！！！	3	伊豆半島	0
0054	ギバラァ！！！！！！！！ 輝いてたぞ！	2	豆腐味のPLUM	0
0055	御伽原江良を推す理由が凝縮された配信	10	いっしー	0
0056	トラブルは残念だったけど、推しのピンチをファンの団結したコールで応援するなんてマンガみたいな経験が出来たと思えば逆にアリなのかなって。 ギバラならこれをバネにしてさらに飛躍してくれると信じてるからな！ 努力してたのがわかるいいライブだったよ！ありがとう！	100	Anonym _BRZ	3
0056-001	パスファインダー  機材トラブルでギバラの曲が少し狂ってしまって映像と音声が一致しなかったり音声が重複したりとかで、変な感じで終わってしまったんですよ。ですが観客は責めたりしないで復旧するまでギーバーラ！ギーバーラ！ってギバラコールをし続けたということです。無論僕もギバラコールしました()	23	Fの人
0056-002	@微笑みかける弦磨氏 トラブルっていったい何が起きたのですか？もし宜しければ教えてほしいです。	3	クソゲー探索ロボット
0056-003	ギバラコール見たかったなぁ…リアタイできなかったのが悔しい…	0	微笑みかける弦磨氏
0057	内容もそうだけど、全部我慢しながら1時間いつものテンションで感想配信やってくれたのに涙が止まらなかった	18	百獣のカイドウ	1
0057-001	カイドウが泣いてるの想像してちょっとフフってなったごめん	3	いおぴーいおぴー
0058	ホント江良ちゃん好き	5	ゅぅゃょゎぃ	0
0059	江良ちゃん頑張って！！応援してる‼️	1	!おじねす	0
0060	３D配信最高だったぞ！！ お願いダーリンリベンジしてくれて本当にありがとう！	1	くぼし	0
0061	あのトラブルとその後が決め手となってメンバーになったわ なんでもプラスになる事はあるはずだから、頑張れギバラ いつまでも応援します	4	佐々木太郎	0
0062	今回は悔し涙だったかもしれないけど 次は一緒に嬉し涙を流そうな	5	無機物	0
0063	今までたまたま見るくらいの視聴者だったけどこれからはちゃんと推していきます。	6	りくりく	0
0064	泣くな我らのシンデレラ！ まだ舞踏会は終わっちゃいないぞ！  ただ、傷付きながらも気丈に振る舞う姿は最高に美しかった！！	2	海鼠	0
0065	一生推すからまたリベンジしてくれ	6	無限の可能性	0
0066	苦難を乗り越えてくのがシンデレラなんだなって。	6	いわやかた	0
0067	VtLに向けてすごく頑張ってたのが伝わってきました！お疲れ様でした！ 次は現地に見に行きます！	2	モギィ	0
0068	機材トラブルはあったけど。最後のギバラコール、お前らも捨てたもんじゃないな	3	ムンチャクッパス	0
0069	ライブお疲れ様 メジャーデビューおめでとう	5	ホームルーム	0
0070	2020年春　御伽原　江良ドキュメンタリー映画化決定！？　（予定） ～それは、現代に現れたシンデレラの物語～ 　伝説への一歩をふみだした第一章を見逃すな！！　Coming Soon	19	よよぎそそぎ	1
0070-001	本当に分厚い本が一冊出来るシンデレラストーリーなのが凄い しかもまだまだ続くのだ	1	よわむしArisia
0071	初配信のとき あなたを見つけられてよかった	6	hatta osuzo	0
0072	一生応援してるよ！ 次も観に行くから楽しみにしてる！！	1	ハニーバジャー	0
0073	俺らのシンデレラのリベンジ見て戻ってきた	1	*麗	0
0074	御伽原江良に涙は似合わない、笑ってくれ  あの時のギバラコールが全ての答えだから応援してるよ	8	くろすけ	0
0075	'' 明日はもっと輝いてゆく！'' って言葉が思い浮かびました。	1	しまゆき	0
0076	にじさんじがアイドル育成機関だった事に感謝   にじさんじで1番のシンデレラストーリー歩いてる	11	サラダにょー	0
0077	ありがとう。	3	富岡ハヤトン	0
0078	リベンジ待ってるぞ！！ 俺たちのシンデレラガール！！	1	クライド	0
0079	あぁッ！やっぱり好きィ！！(意思弱	0	撃鉄チャーハン	0
0080	江良ちゃんメジャーデビューおめでとう！！	0	ふ	0
0081	ありがとう江良ちゃん	1	佐々木太郎	0
0082	かっこよかったよ…！	1	朱ちゃん	0
0083	ライブお疲れ様！！	1	0925ゲルマニウム温泉	0
0084	1:12:50	17	大佐	0
0085	リアルシンデレラストーリーを成し遂げたVtuber 御伽原江良  大好きやぞ	14	えるぷりあ	0
0086	曲出るの楽しみにしてる	1	ゔ ゙ ゙ ゙ ゙ ゙	0
0087	配信見たかった…(遺言)	1	SSchara好きただの	0
0088	大丈夫だよ、そして大好きだぞ！	1	hugh雨夜	0
0089	3D御披露目の時には特別なものになるように一杯応援するから精一杯の江良ちゃんを見せてね	3	Ponzu Yappru	0
0090	1:30からの音がマリパのサイコロ振り待機時の音にしか聞こえない	0	aikayuiop	0
0091	サムネのイラストギバラバージョンあるの本当草	0	フラッシュマン	0
0092	ギバラ、お前…かっこいいぜ	1	リシス	0
0093	好き！	0	愛猫家ZONO	0
0094	ギバラのこと大好きでよかった	0	カムラヲ	0
0095	大好きだぞ	1	松。	0
0096	がんばれ シンデレラ 君の物語はまだ始まったばっかりだ！	1	らたなの	0
0097	お前、卑怯だろ…こんな…！ギバラ…すこ…	2	とりまる	0
0098	ロアちゃんるるちゃんその他VTLに出演したメンバーやスタッフの方々　 江良ちゃんを裏で支えてくれてありがとう　にじさんじってあったけぇ・・・	2	クワトロ・1993	0
0099	辛かったことを話してくれてありがとう 誰も悪くないからこそ余計感情をぶつけるところがなかったんだよね 次こそは絶対に成功させよう ずっと応援してます	8	アキ	0
0100	おつエラ！ エラい！ これからもう 応援します！	1	罗宁	0
0101	俺はさ。スパチャもまともに投げれない貧乏リスナーだけど、ずっと応援してるよ	2	まもるん	0
0102	オトギバ　ラエラ  これで行こう！	1	丑寅の兄ぃ	0
0103	アーカイブで涙腺が… VtL見たけど本当に江良ちゃんは可愛かった… 江良ちゃんは実在したんだなって、そこにいたんだなって…( ；∀；)	2	紗遊	0
0104	推していきます	1	いろはに	0
0105	やっぱシンデレラじゃねーか、、、 やっぱ凄いぞ	1	ライバーの元によく現れる黒子の姿をした背後霊	0
0106	大好きだよ、私達のシンデレラ	0	金盞花_キンセンカ	0
0107	ギバラ大好きだわ	0	ドーピングドピオ	0
0108	セクハ原江良で草	0	木ノ葉Konoha	0
0109	1:13:00	2	Baekbok Gim	0
0110	おつかれさま　楽しかったよ	0	天春月夜	0
0111	えらちゃんの奇妙な物語 〜シンデレラは挫けない〜	0	わため印のすいそすい	0
0112	私鉄車内放送コラボ待ってます	0	ねこねこ	0
0113	当時はギバラのファンでもなかったのにこれで推しになった	0	モニカMonika	0
0114	ガチ恋いい？	3	KN S	0
0115	いちからへの願い もしできれば、是非「おねがいダーリン」の3Dダンス動画を収録してアップしてください。ギバラの努力と気持ちは絶対になかったことにしないで欲しいです。	61	Chezz ちぇず	5
0116	かっこよすぎるよギバラ リベンジ大成功させたれ！	0	sora	0
0117	誰だよギバラはシンデレラじゃないっていったやつは…江良ちゃんもギバラも最高のシンデレラやないかぁ	3	チョキ	0
0118	本当にお疲れ様でした！今回のライブに参戦した者としてはあのギバラコールを、江良ちゃんの初舞台を一生忘れたくないし、忘れないです。  これからも頑張ってください！	1	key to ne	0
0119	一生涯推します。	0	和辛子	0
0120	ちゃんと見てたよ	1	くらくら	0
0121	あの場にいた全員ギバラが頑張ってることを感じてて、本気で一丸となってコールしてたからみんな味方や！！ これからも推してくぞ‼️	4	はむてるゲームch	0
0122	この配信見てファンになった	1	あんご	0
0123	いつまでも応援してるから	1	kaza	0
0124	愛してるぞギバラ	1	とも	0
0125	変な所で責任感を感じて誠実になるな いつもの銭ゲバラであってくれ	1	luv@eevee	0
0126	裸足のシンデレラ カッケェな	1	-ラプラスのまくら	0
0127	頑張った。ただそれだけなんよ。それだけでええんよ。	3	Syo Fill	0
0128	VtLをやりきった演者スタッフ全員に。楽しかったよ、ありがとうな。	1	うみ・うし	0
0129	今まで推してて良かった。 これからも推させてくれ。	0	i4 7thFPS	0
0130	推しを決めれなくて悩んでたけど、今決まりました。 江良ちゃん！可愛い！	1	みりん	0
0131	自慢の推しだぞ、おとぎばら	0	水色.	0
0132	これだけ言わせてくれ、大好きだぞギバラ。	1	- dysphoria -	0
0133	ガチアイドルシンデレラはここですか?	0	あぼかど3世	0
0134	二月とか雪まつり真っ只中だから寒いぜ〜！スノーブーツと防寒具持ってけな！市街地は除雪されてるし良いぞ〜♪	1	夏音涼	0
0135	一生の推し	0	さっち	0
0136	魔女の家の時もそうだったけどギバラが泣くと俺も泣いちゃうわ	0	グラブル大好きマーン	0
0137	ファンでよかった	1	Taka Arakia	0
0138	走り出せ	1	狂い塩	0
0139	今ガチ大量増えてた	0	赤い星座	0
0140	VtLで江良ちゃん知ったのだけれど、ほんとに可愛かった！！！！！！！！！！！！！ 他にも可愛かった人、かっこよかった人沢山いたけど、一番惹かれました！  とこちゃんとのデュエットも、お願いダーリンも、歌ってくれてほんとにありがとうございました。  これからも応援（含：スパチャ）しますね！！！！	3	京桂-けいか-	0
0141	ギバラオタクで良かったなと。そう思った。これからもずっと大好き👍	1	たっつー	0
0142	よく頑張った。	1	しるび。	0
0143	このシンデレラを推せて良かった。未だ微塵も後悔はしていない。	0	時雨改五	0
0144	色々やっててリアタイ出来なかったのが悔しい・・！最近放送行けてないけど、ずっと推してるよ。めげずに頑張れ江良ちゃん！！	1	M N	0
0145	僕は御伽原 江良のガワじゃなくて内面がすごく好きです。	5	Millennium Parade	0
0146	最近ギバラを壁紙にしたら朝起きるの辛くなくなったよ ありがとうな	0	雄叫び怪獣ギバギーバ	0
0147	ただのオタクがにじさんじには入ってアイドルになるのほんとシンデレラストーリーだわ と思う反面、自分の情けなさで死にたくなる	3	ミジンコ	0
0148	応援しています。	1	三角定規	0
0149	お疲れ様。 トラブル本当に残念だけど、オトモダチフィルム最高だったし、お願いダーリンも一生懸命練習したのは伝わったぞ！！ これからも応援してます！	2	ハルHAL	0
0150	3カ月で10万いったしメンバーもめっちゃ多い。ガッツリ人気者やなぁ〜頑張れ。っていうか来年受験生なんだけどこれ乗り越えたら自由が待ってるからVtuberのために頑張ろ	5	欲しいname	0
0151	助からりるれろ...	0	語彙力は無い	0
0152	ここで推すしかないとさらに自分の心に誓った	0	鮭たらこウィンター・ソルジャー	0
0153	なんでだろうな、江良ちゃんがごめんなさいって言うと辛いな	1	ばぶぅう	0
0154	だいすき	0	ミミ	0
0155	愛してるチュッチュ	0	雄叫び怪獣ギバギーバ	0
0156	ギバラ、おまえってやつはホントに。。。	1	アボアボさん	0
0157	自分用 38:00	1	井田いつき	0
0158	完璧なせいそ	1	カンペリ	0
0159	樋口楓1:17:07 瀬戸美夜子1:19:04 鈴原るる1:24:24	0	ネムリス	0
0160	お前がNo1やギバラ	1	てるゆき	0
0161	何があっても何回でも行くから任せて。 リアタイで見れなくてごめんね。 放送してくれてありがとう。 おつえら！！！	1	T- MAC	0
0162	皆応援してるから泣かないで	0	納豆腐れ	0
0163	ギバラかわいいよおおおおおおおおおおおおおおおおおおおおおおおおおおおおおおおおおおおおおおおおおおおおおおおおおおおおおおおおおおおおおおおおおおおおおおおう	1	kano	0
0164	次は全力出せたらいいねえ	0	ギュス	0
0165	りあむ推しなのは自己投影してたからなのかな。 メジャーデビューおめでとう。	0	ニューロン竹田	0
0166	謝ることなんて何もないのに…	0	東郷総真	0
0167	大丈夫。これからや。	1	おすず	0
0168	税金に気をつけてね	0	島三郎	0
0169	江良ちゃんの歌もフリも全部記憶にしっかり保存しておくよ またの機会に最高の江良ちゃんを見ることが出来たら嬉しいから次も待ってるね！	0	まりる	0
0170	これからもずっと応援するよ	0	カニカマ	0
0171	あの場の空気をそれでも強くあった御伽原江良のおかげで最後まで盛り上がって終われたんだ！君に落ち度はないし、むしろMVPだよ！	1	サンダーアンダーソン長官	0
0172	1:12:40 個人用	6	黒澤ルビィ、	0
0173	ご飯をしっかり食べてちゃんと寝てイベントに向けて体調を万全にしつつ余力があれば配信してくれ	0	森林樹木	0
0174	にじさんじ新世代組の顔やでホンマにギバラお前は	0	スターゲイジーマカロニ	0
0175	語彙力が爆発したから何をいえばわからないが俺たちは江良のことずっと好きだぞ	0	なす	0
0176	どこまでも戌亥に振り回されるのはどこまでも解釈一致 いろいろあったけど両国お疲れ様でした！！ 可愛かったぞ！！！ リベンジ待ってるぞ！！	0	りお	0
0177	ギバラ・・・いや、江良ちゃん。、メジャーデビュー決定、本当によかったね。 君は本物のシンデレラだよ。アイドルだよ。 流す涙も美しい。これからも、推していくからな。	0	如月てぇ提督	0
0178	一生推すわと決心した瞬間だわマジで 例えその身が朽ちようとも魂を推すぜ！    花京院の魂をかけて誓うぜ！	2	やめとけやめとけ	1
0179	普通に考えて画面越しに推してた憧れの人と今はディズニー行ったり遊んだりしてるの凄すぎん？ 夢ですらそんなこと思わないのにほんと凄い	0	ミジンコ	0
0180	元気だして	0	TSFぬし	0
0181	なかないで	0	Alucard	0
0182	途中までしか見れなかったけど、歌もダンスも最高でした。  最近辛いことが多くてあまり元気なかったんだけど、江良ちゃんの歌を聴いて、可愛いダンスを見ていっぱい元気をもらいました。  だからありがとう。札幌のライブも絶対見に行きます！	10	仮面ライダーリーフ	0
0183	何だかんだ汚い()んだけど、推しメンなんだよなぁ ギバラちゃん	0	不知火朧	0
0184	この後3D配信でお願いダーリンリベンジして、札幌でファンサ歌って感動させたのホントすごい。       コオロギ食べて札束に溺れてたけど	0	ちゃるるん	0
0185	どうしようもなく今を生きる限り、魔法が解けることはない。  貴女が走り続ける限り、我々はその輝きを追い続けよう。  だからよ......止まるんじゃねぇぞ......!!	2	とっきい	1
0186	応援してる。	0	わかめくん	0
0187	どこにこんな胸隠してたのこいつ	1	man eater	0
0188	七転八起	1	クロイ.	0
0189	ごめん…自分見てないからどういう状態だったの？？  応援してるぞ！ギバラ！札幌待ってる！	9	かん太郎/kantarou channel	1
0190	ニコニコでギバラコール打ち込んでるときはトラブルってわかっててもメチャクチャ心臓バクバクしてたぞ、でもオンタイムで見られて本当に良かったと思ってる！ 転んでもただでは起きるな！がんばれ江良ちゃん！	1	ハチ#凛fam	0
0191	頑張り屋さんだってことがすごく伝わりました。（何目線） 江良ちゃんが泣きながら話してる時「うん」っていうコメントが沢山あって、なんか感動したし、あったけぇなって思った	2	ぱぴぷぺぽ	0
0192	江良ちゃんは優しい子だなぁ。 自身が一番つらいだろうに。 後ろを向くんじゃない！前だけを見て！	0	藍川絆	0
0193	ビリビリ金になるから声高くなってて草	3	あか	0
0194	ファンのために泣いてくれてありがとう 最善を尽くしたいという思いからの失敗なら、妥協した成功以上の意味がそこにはあると思う 江良ちゃんの強くてカッコいいところもお茶目で可愛いところもライブですごく感じた これからも階段を駆け上がってね！応援してます！	2	ヤドカリ人	0
0195	本気で頑張ってくれたからあんなにコール続いたんだぞ 前半部分でもしっかり踊ってくれた姿を見れて俺はほんとに嬉しかった  リベンジも楽しみにしてるからな！！	0	Dreadnought	0
0196	ドレスが破けたって、ガラスの靴が砕けたって、どんな時でも前を見てがむしゃらに進んでけ！！ 困った時はみんながいるから！ We are にじさんじ！！！	0	よろしき	0
0197	ギバラは一生懸命リスナーのこと考えてくれて頑張って話してくれてるって思えて素直にいい子やなと感じた いつも配信で自分の汚いとこさらけ出してるから、上っ面じゃなくて本心なんやろなってのが伺い知れる こんなん応援するしかないやろ	0	おさおさ	0
0198	私を御伽原江良という物語に出逢わせてくれてありがとう。 御伽原江良を好きにならさせてくれてありがとう。 御伽原江良をシンデレラにしてくれてありがとう。 御伽原江良がいてくれてありがとう。	4	黒死ペスト	0
0199	今更だけどえらちゃん本当に良かった マジで感動した トラブルで途中でうずくまってしまうレベルまであり得る思ったけどアカペラでトラブルを気にさせないようにして一生懸命踊って歌って繋いでそのままコール後の時は笑って出てきてくれて本当に良かった	0	八つ橋	0
0200	タイムシフト勢だけど、ギバラのお願いダーリンめちゃんこ可愛かったぞ…  直前変更はいいものを届けようと思ってくれた結果だから申し訳ないなんてとんでもないぞ٩( ᐛ )و	1	ゆびん	0
0201	オタクの僕が推しメンと同じステージでライブ！？　しかもその後デュエット発表されてそのままメジャーデビューした件	6	暁月-Akatsuki-	1
0202	「『また』無かったことにされるのかなって」 この『また』が接続するのは多分あのことなのかなって勝手に思いました	8	コマド	2
0203	お疲れ様でした！！配信組だったけど、本当に楽しい日曜日をどうもありがとう！ メジャーデビューの件も、両国想い出話も、さすがアイドルとアイドルオタクのことを"解ってる"人ならではの話がたくさん聞けて面白かった！ でも、それ故にトラブルはさぞ悔しかったろうなって改めて感じた。どうかそんなに謝らないで、本当に楽しいステージだったから。 沢山の仲間と苦難を乗り越え、新しい世界を切り開く。こんなカッコいいシンデレラが居てたまるか。最高だなオイ！ 江良ちゃん頑張れ、あなたは本当に良い人だ！リベンジの場を絶対現地で観てやるんだから！！	0	蒼樹リアラ	0
0204	機材トラブルは仕方ないし、それ込みでも本気で最高やったと思えるライブやった！ ギバラの話聞けて涙までついてきて、むしろかけがえのないものになったわ、ありがとうギバラ!!	0	おさおさ	0
0205	にじさんじ、好きなライバーさんや面白いライバーさん沢山居て、みんな大好きでどうしようって感じなんだけれど、こんなに"推したい"、"応援したい"のはこの人が一番だなあと思った両国の帰り道。  ギバラ応援してるぞ…！！！！ 輝いてけ〜〜！！！！	1	八代理聖	0
0206	ギバラのせいでもなんでもないのに、ライブに来てくれた人のために涙流せるって配信者としてかっこいい。リスナーのこと思ってくれとる気持ちはちゃんと伝わっとるぞ。これからも感情に素直に適度に頑張れよ。	2	:桔梗:	0
0207	ニコニコで見てたんですが、江良ちゃんの頑張りとかがめちゃくちゃ伝わって来ましたよ！トラブルで全部歌えなかったけど、江良ちゃんの頑張りは伝わったし、みんなにいいもの見せたいっていう心も今日の配信でしれたのでこれを次に活かして頑張ってください！	0	エーちゃん	0
0208	酒で失敗してるし正直イメージ良くなかったけど、あの事件を乗り越えて今回の件でもここまで真摯な態度を取れるのは凄いなって思ったわ。頑張ってくれ	0	森。	0
0209	札幌来てくれてありがとう 他のとこは遠いからあまり行けないけど、札幌なら300km車だしゃすぐ行けるから絶対行きます！ かっこいいとこ見せてください！	1	慶	1
0210	メン限配信と思うくらいエモい配信だった…。江良ちゃんを芸人枠としか思ってない人には是非みて欲しい配信。 この配信は彼女の凄さと努力と魅力がある。 こんな配信を見せられたら推すしかない！	0	もみ爺	0
0211	少しでも届いていたなら、あの時会場で喉が枯れるほどコールして良かったと思う これは終わりじゃなくて始まりだから、これからも我が道を往くシンデレラとして気楽にやっていって欲しいな…！	0	二代目	0
0212	よくキレるし口悪いし銭ゲバ～とかって言ってるけどやっぱ真面目で真摯だからこそ応援できんだなって　あんま気負わないで次また頑張って(ノД`)・゜・。	1	ユル	0
0213	ここでちゃんと泣いとくのって大事だと思うよ。今後きっとたくさんの後輩があのライブに憧れて、それでも緊張や不安に押し潰れそうな時、ギバラがどう乗り越えたのかを見てる。	0	Daisuke Jin	0
0214	やっぱさ、普段は発狂したりゴ○カスだとかなんだとか言ってるけどさ、結局江良ちゃんには笑顔が1番似合ってるわ。 またライブ見るから絶対出ろよ。	1	sky twilight	0
0215	1:10:41 最後のインパクト強すぎて場違いかもしれないけどここが大好きです。 最後の方の感想として、江良ちゃんはやっぱプロでシンデレラだな！！	1	シルヴィア	1
0216	泣いたわ... 誰も悪くないから、悔しさとかをぶつける先がなくて、ずっと抱え込まないといけないのは辛かったと思う  ライブ良かったよとか頑張ったねとか気にしないでとか、全部間違いなく本音なんだけど、それを言ったってギバラの気持ちを軽くはしてあげられないって分かってるから自分も辛かった  でもこうやってお話してくれて、お互いのもやもやを共有できたのは嬉しかったよ  札幌でのリベンジ待ってます！	9	NEI	0
0217	現地で見てたけど江良ちゃんめちゃくちゃ輝いてたしめっちゃアイドルしてたから本当に可愛かったよ 100%本番でトラブルが起こらないなんてことないし起こってしまったことは仕方ないけど少なくとも現地で見てた人はあの時の感動と江良ちゃんのアイドル姿は一生忘れないと思う  今後リベンジが出来る機会があればその時は全力で応援するぞ	0	ひまんちゅ	0
0218	ニコニコの配信も見てないから感動共有できないのが悔やまれるけど 応援してるよ！	1	食え	0
0219	1:14:00　メンバーは勿論、会場の応援も届いてて良かった。ニコニコはハッキリ言って無いけど、私含め皆のギバラコールの弾幕凄かったからね。私は諸事情でメンバーにも成れず、現地入り出来なかったのが虚しかった。 それでも泣かずに舞台に出れて本当に凄いと思う。 Twitterの方でもライブ以降全く返事なかったから本気で心配してた。本当に　本当に無事で良かった。	3	よわむしArisia	1
0220	誰だって完璧な人なんていないんやで、だからこれを機に次は失敗しないように努力すればええんやで	4	まりもっち	0
0221	リアタイできなかったからさっき見てきた。最高だった。ありがとうございます。	1	微笑みかける弦磨氏	1
0222	両国ライブお疲れ様。そして札幌ライブやメジャーデビュー決定おめでとう！ほんとにシンデレラストーリーみたいな歩みをしててすごい！ トラブルでもファンのことを考えてそんな苦悩しちゃうあたりほんとに優しくてすごいなと思う。だからこそこれからもあなたを推していきたいし、今回の悔しさをバネに加減を見極めながらもっと躍進していってほしいな！	0	RICCIA[リシア]	0
0223	ライブ？ ガッツリ仕事です そのライブの動画は無いのですか？	1	アンスラサクス	1
0224	サムネ江良ちゃんやんけ！引退したはずじゃ…	1	うゆっと2	0
0225	リベンジ待ってる。これからの活動も応援します。	1	dotism	0
0226	目隠しして聞いてる 江良ちゃんはアイドルオタクで自身も一年未満の実績でスーパーアイドルって云う超アイドル好きであ〜る。ライバーというアイドル見たらそりゃあね?戌亥とオンラインコラボ以降漸く出会えて胸のガン細胞が取れた。清々しい気分なのは言うまでもない。 後、ギバラ。大人しい子をなその場の勢いで調子乗って怒らせたら恐いんやで  転売ヤーは許さない。それだけ買ってるから。でも京都以西や北海道の人からして見ると唯一の入手方法になるんだよねorz頼"む"か"ら"!　カ　フ　ェ　が　大　阪　に　来　て　く　れ(土下座)!!	1	よわむしArisia	0
0227	ライブ見れなかったから詳しくわからんけど、おつかれ。	1	じぇしーあいぜんばーぐ	0
0228	自分用 1:05:30	0	井田いつき	0
0229	私は日本人です。私はあなたのビデオを好きです。	1	仲麻呂	0
0230	次のライブ期待して待ってますよぉぉぉぉ!!      次はリアタイしなきゃ(使命感)	1	微笑みかける弦磨氏	0
0231	初舞台で機材トラブルが起きても場内一体となったコールの中でやり遂げるの、 どう見ても後のトップアイドルの逸話でしょ・・・ 今はまだ凹んでると思うけど、ギバラはあとで振り返ったときに絶対プラスに出来る もちろん他の演者さんの歌やMCも全部素晴らしいけど、現地でギバラコールに参加できた人は一生自慢できるはず、羨ましい	4	Koke	0
0232	それでも、それでもと足掻き続けるんだ 数多の困難を乗り越えた者にしか見えない 景色ってのが必ずあるはずなんだ。女心を理解しようとしてマッキーをケツにぶちこもうとする所を姉にバレた時は景色が真っ白だった。	1	みうら先輩	0
0233	俺はあの日、現場に居た。そして、あの場面に出合わせた。ああいうことがあったとしても、最高のライブだったことには変わりないし、翌日以降もずっと余韻に浸れていた。だから、謝ることはないと思う。  それでも、江良ちゃんが悔しいなら、満足していないなら、不完全燃焼だと感じているなら、リベンジを誓うなら。王候はそれを支えるよ。燃え上がって完全燃焼するための燃料に喜んでなる。 駆け上がれ、俺らのシンデレラ。レッドカーペットは敷いてやる。	1	相府えあ	0
0234	泣ギバラ1:14:50	6	3 5	0
0235	配信中不適切な発言をしてしまい申し訳ございません。この場ですべきものではありませんでした。	3	クレイ	0
0236	歌い直せばよかったんじゃ？	0	U elbadaern	10
