0001	23:10 最っ低ぇマジウヘ↑ハァ↑  笑い方完全にキメてて草	181	ぐら	0
0002	殴り合いだと思ってみたら、イチャイチャ配信だった… 何を言ってるかわからねぇと思うが…俺も何がおこっ(省略	185	noise-kun	2
0002-001	ポルナレフ	0	しらたけSiratake
0002-002	noise-kun 同じく	2	ハニマ
0003	23:06 チャイカ問題発言	330	タミ	2
0003-001	筒状にする時にて〇が連想してるの丸わかりで草	18	kaito_0
0003-002	ギバラも喜んでるからセーフ	30	リョート
0004	20:18 ゴリッていくの草	37	グレアムスミス	0
0005	23:09ここのギバラの目すこ	250	ヌカさん	1
0005-001	ギバラ(それ言って大丈夫...?)チラッ	1	ぐら
0006	チャイカさんが下ネタ言ったらギが嫌がるし　逆にギが下ネタに持ってくとチャイカさんが嫌がるの本当に面白いな　息合わないまま自然とコンビネーション抜群になってる	45	さしみちゃん	0
0007	15:33　個人的最大風速	242	俺様Jr	5
0007-001	変わってないでしょって前にもやったんか(̿▀̿ ̿Ĺ̯̿̿▀̿ ̿)̄	19	瑞鳳最高
0007-002	え？普通に興奮していい奴？	0	kaito_0
0007-003	服めくってお腹をチャイカに見せてるギバラが想像できた	22	! i
0007-004	カップルじゃねーか	1	ハニマ
0007-005	ｴﾁﾁﾁﾁﾁﾁﾁﾁﾁﾁﾁ	0	ななせき。
0008	28:53へけ助かる	45	柔らかくなった脳	0
0009	1:30 20:43 23:06 チャイカを叩くギバラ	129	じゃがもち	3
0009-001	@麦茶 しゅげえ！	2	じゃがもち
0009-002	20:45 も追加してくれ	19	麦茶
0009-003	ペチッてきこえる！！	15	脱脂綿
0010	44:18 江良ちゃんさあ……	62	wc hash	2
0010-001	そうだった	3	wc hash
0010-002	それ江良ちゃんじゃなくてギバラやで	9	戦犯ちゃん
0011	20:21で笑わないやついんの笑笑笑	22	たろうたろう	0
0012	28:51 ワニワニパニックにしか聞こえなくなる呪いにかかった	45	長芋	0
0013	こういうのがいいんだよ。この兄妹みたいな空気すこすこのすこ	47	ハナモゲラ危機一髪	0
0014	23:06 はいここ	157	Marth White	2
0014-001	互いに下ネタで殴り合う感じ好き	2	春巻
0014-002	44:15も追加で	35	くらげなす
0015	3:31 幕から出てきたらチャイカボロボロなの草	20	rei	0
0016	19:03 ここから爆笑しすぎてしんどかった	26	だんちゃん	0
0017	ギバラ可愛いから死ぬまで配信してほしい。	41	Blue Berry	0
0018	なんかめちゃくちゃキュンキュンする配信だったんだけど。	59	トウ	0
0019	個人的に好きな動画です ありがとう。	6	むっしゅ	0
0020	0:28　開始	30	翌桧-あすなろ-	0
0021	23:58 にじさんじ一の清楚コンビ(大嘘)	6	つきよも	0
0022	45:14   のキョロキョロギバラすき	10	比良坂爆淵	0
0023	15:18〜 〜15:43 ここが全て	35	ラグラ	1
0023-001	(´-ι_-｀)ふっ	0	さくら
0024	37:19 ここの2人の「え？」すこ	86	さすおに	2
0024-001	BGMも止まってね	0	灰兎
0024-002	そのあとギバラがちらってチャイカ見るとこまで含めてよき	0	くらげなす
0025	ギバライカ大好き 元気でね	2	スナック	0
0026	ギバラってかわいーのな 改めて思ったわ	36	いろじろ	0
0027	ギバライカ大好き	2	揚げたてコロッケ	0
0028	28:24	15	プロゴル	0
0029	54:02 ここ笑う	3	Polyantha	0
0030	何やかんやそんやこんやギバライカのコンビ好こやなぁ	19	ぽんRR	0
0031	えらちゃんの 「大丈夫？」 25:52	52	じゃんけん	1
0031-001	可愛	1	さくら
0032	最近ギバライカにハマったんやけどめっちゃ面白い笑笑	2	いまーまーれーど	0
0033	なんつーか、微笑ましい配信やなw	10	かもめ	0
0034	二人ともかわいい...チャイちゃんもギバラもほんと好き ありがとう	17	はるまき	0
0035	めっちゃ良かったです おつギバライカ〜〜	11	うに茶	0
0036	TENGAみたいにしてでギバラにっこにこで興奮する	5	岶#ハク	0
0037	いちゃいちゃしてて草	22	z n	0
0038	28:51 汚いハム太郎すこ	19	Shun	1
0038-001	可愛	1	さくら
0039	やっぱギバライカなんだよなぁ…… ダントツで好きなカップリングでした… このイチャイチャ見れないの辛いな	0	揚げたてコロッケ	0
0040	27:30 のコメント、全く配信みてなさそうだな･･･	10	かたけい	1
0040-001	かたけい 地震は仕方ない	3	FIRE RITON
0041	これは多分どんな病気にも効く	9	アルラ	0
0042	イチャイチャしてるだけなのにこんな楽しい配信出来るのすごい	6	李衣/りえ	0
0043	まったく、ふたりとも チャイチャイしちゃって！  すき	13	超サイドチェスト人2	0
0044	ギバラが他の人と楽しくやってんの観るとホント嬉しい	8	フジキドケンジ	0
0045	44:16	7	クロ騎士	0
0046	サムネのチャイカなんかンドゥールみたいで草	7	アタカン	0
0047	とうとう椎名さんからNTRましたか  いいコンビです	26	サラダにょー	0
0048	10:57　くひひっ☆	0	Yuki Yoshi	0
0049	アーカイブ色々巡回してたらギバライカがオススメに来た	0	Kaiser	0
0050	チュートリアルで7分も使ってるの草	5	ER34乗りのほのかの旦那 ほのちゃそ	0
0051	この2人ほんとかわいーんだ⋯⋯⋯⋯⋯⋯	10	うに茶	0
0052	ただの仲良しプレイで草	3	雨水	0
0053	寝坊したことやっぱりネタにしてて草	17	ポンコツ	0
0054	なんだろう、とても雰囲気が良い すこ	7	えーてる	0
0055	花×チャイてぇてぇ	4	トライメイソン	0
0056	6:58 私が上じゃないとやだ！(意味深)	41	アリア	2
0056-001	pixivにあるんだよなぁ…	3	おはたか
0056-002	7:05	1	たかあや
0057	まじで最高に楽しかったw	1	やみい/朝日奈樒	0
0058	30:43ここギバラ声とゲームのキャラの顔リンクしてて草	2	渋谷陸駆	0
0059	今までで一番ギバラかわいい	3	家犬	0
0060	顧客が本当にほしかったもの	16	よんえの	0
0061	5:40 ほら切って。 にママを感じました(告白)	0	the poisan	0
0062	ガチ兄妹ってマ？	7	けのみす	0
0063	5:00のジロギバラ好き	2	G G	0
0064	ギバラちゃんが飢えてる父性とか愛情を、チャイちゃんが補ってる感じがしてベネ	1	アングロサクソン	0
0065	チャイちゃん江良ちゃんの仲良し感観てて楽しかった。	17	白蓮茶屋	0
0066	5:02 ここのギバラがチャイカ凝視するとこすこ	8	たまどめ	0
0067	25:51 ここの地震を心配するギバラが可愛いんだが…	4	もっちもっち	0
0068	5:41	7	ミヤビ	0
0069	サムネのちゃいちゃい白目やん	3	imoyoukan 124	0
0070	温度感好きだった	1	Kocha	0
0071	おつギバライカ～この2人すごい楽しそうにやるな、見てるこっちはずっと笑いっぱなしだった	17	天キノ	0
0072	にじさんじいちの清楚コンビとは	3	すだちぽんず	0
0073	36:00 スーパー海夜叉タイム	8	リバァイ	0
0074	俺はギバ虐を欲しているぞチャイカ様！	1	砂男	0
0075	咄嗟でお星様って言える辺りプリンセスの名残あるー笑	0	リア。	0
0076	男コラボの時のギバラ可愛くない……？	33	Travel and LiVE	2
0076-001	…とこちゃんときも？	0	さくら
0076-002	わかる	1	j5bpng3
0077	ガチでチャイカ幼馴染説あるな	10	オンドゥル語	0
0078	最&高やったわ！どんどんコラボやってくれ！！！	6	ぱす	0
0079	最近ギバラがレジスタンスと仲良くなって、嬉しい。	1	プロット・ホール	0
0080	寝坊コンビの協力プレイ最高に面白かったよ	2	アムカン	0
0081	おつギバライカ〜！ 中身がある様で無い配信むっちゃ 面白かった‪!!!‪ 次回のコラボも楽しみ〜！	12	アヲノ#調子極端	0
0082	ただのイチャイチャ配信じゃねーか！！     だいしゅき	20	脱脂綿	0
0083	ありがとう	1	のこ	0
0084	この二人の組み合わせ好きなのでこれからもコラボしてどんどん殴りあってほしい	10	宮下かすみ	0
0085	くっそかわいいかよ…	0	煤珠	0
0086	なんか、姉妹みたいやんなぁ （チャイカは清楚姉）	0	NAME NO	0
0087	まじでギバライカ大好き	3	小鳥遊	0
0088	38:46 カリスマ美容師ギバラ	1	Ash 357	0
0089	よ、余裕じゃん(震え声)	1	森中たすく	0
0090	ただただ隣座ってゲームしてるだけの配信なのにクソ楽しいし随所でほっこりしちゃうんだよなぁ…	22	麦茶	0
0091	結婚報告待ってます	0	揚げたてコロッケ	0
0092	ギバラわりと下手くそで草	1	人語を話すヒルチャール	0
0093	サムネから面白い	4	agemono	0
0094	中身すかすかなのになんでこんなにおもしろいんだ...ギバライカすこなんだ...	1	もりもりか	0
0095	地震あってビビったからアーカイブで見直した勢	6	ピエロール	0
0096	チャイチャイ風邪大丈夫？	1	Janko	0
0097	これオフ？	1	ナツメ	0
0098	最低マジ何回も聞いてしまう	3	のっぴ〜	0
0099	なんかこの2人どんどんお互いの気持ち良いトコロ追求できそう	0	アンジュ・香取ーナ	0
0100	なんかこのギバラ可愛くね？	1	つかもん	0
0101	全くギバライカは最高だぜ！         ふぅ…	0	おはたか	0
0102	ギバライカてぇてぇくないけどてぇてぇ	1	28dot6	0
0103	尊死したンゴ…だれか…助けて…	4	Mえーしん	2
0104	よかったねぇ～バラギちゃん！昨日とはテンションが全然ちげぇや！	3	ランサーが死んだ! ゆりとら	0
0105	今回も協力ゲームだったから、一層仲が深まった気がする	3	ぱんライス	0
0106	もう無理かもだけどこれ第二弾やってほしい...	2	かにさん	2
0107	ギバライカが遊ぶだけなのが多大な価値があるんだよなぁ…	0	A LL	0
0108	13:43     6:48	14	悪平等	0
0109	ギバラが下手くそなのかチャイカが上手いのか 多分どっちもやな	3	sushi	0
0110	7:04	5	Balloon Boy	0
0111	地震、津波危険なのは分かるけどいつまで言ってんねんw 被害にあった人は放送閉じたり避難したりしてるでしょ	0	くおに	0
0112	な、なんだろ、くそげ・・・いや、なんでもない。	0	クラスの男子	0
0113	もしかしたら登録者の伸び1番すごいんじゃない？ギバラ	10	雪玉	3
0114	44:19	0	自由の翼	0
0115	概要欄にチャイカのチャンネルURL無くて(6/19現在)草。これは懲罰ホラゲ実況ですわ	10	Tansan	0
0116	ギバエモンさん、するならちゃんとくしゃみをなさい。 わたくしキレますわよ？	6	Ro ze	2
0117	2人の相性やっぱいいね！みてるこっちも一緒にゲームしたくなってくる！ あ、概要欄にチャイカのチャンネル貼ったげて！	1	アボアボさん	0
0118	こんなこと言うのもあれかもしれないが、配信コメに「この二人は地震の心配もできないの？」とかあるけど心配した所で何もないでしょ、まず地震来たなら配信を見るのをやめるべき。○○するのが当たり前みたいなコメントは不快	1	らき	0
0119	(・_・) （何だろうなチャイカに対するこの感情。こんな感情は初めてだ。クッッッソ痛いし悲しいんだ。少し涙も出るんだ。うん） (._.)	0	よわむしArisia	0
