0001	スタート 1:46 これだけまずは置いときますね	45	まるこするさんてぃねす	0
0002	42:40 syamu V進出	7	おうるowl	0
0003	初めてコメ読まれて嬉しかったです(こなみ)	9	キリン	0
0004	1:02:37 ﾁｭｷﾁｭｷ	7	ノワール	0
0005	ギバラのmiiがリズム天国の猿に見えるんだが…	2	ただのつな	0
0006	ひろまさ出てて草	0	ゆうひ。	0
0007	おつえら〜！2回行動助かる！ いやぁーアキラは強敵でしたねぇ...	1	アヲノ#調子極端	0
0008	🔥ルシーア🔥	0	ボール野球	0
0009	疑似的に卓球のできるゲームがあるというのは本当に面白そうですね	4	時久恵吾	0
0010	あきら父親説すこ	0	摩擦熱	0
0011	Wiiの卓球は出来るのにリアルの卓球は下手くそな卓球部←あるある	1	ネコ男爵	0
0012	なんて時間にw	0	KuRi	0
0013	ギバラって普通にゲーム上手いのな、	0	そーましん	0
0014	2:02:25　爆速フラグ回収	0	まふゆ	0
0015	普通にコメント見ながらこれやってるのすごくね？？	0	まふゆ	0
0016	チャット欄で卓球部がイキってらあ＾＾	15	焼き餃子	3
0016-001	リスナーは配信者に似るからね、仕方ないね	0	白米主義
0016-002	そりゃ自分のやってるスポーツだったらみんなイキるわ	6	R S
0016-003	焼き餃子  やめて差し上げろ、他に行くとこないんだ	6	骨の人
0017	25:05どっかのチャーシューのやつ出てるやん	1	【】しろん【】	0
0018	ツーバンギリからのカットは天才肌	0	Mura	0
0019	チじゃないがだと、、新潟県上越出身だな	0	都内のvin	0
0020	卓球のとこもっと回転意識すれば楽に勝てるのになあ...     【熟練2000の体験談】	1	昆布ぽん酢	0
