0001	1:10　ここ半ガチ	14	いしあたま	0
0002	1はゲームバランスが悪いけど、操作性とかステージが好きだった	15	Prush	0
0003	1が出たのが4年前ということに驚きを隠せない	8	雑食愚者	0
0004	1の音楽がすこだ…	5	sushi	0
0005	1:02:37 自分用 伊東ライフ	4	ななっしー[2007]	0
0006	クイボ投げまくってるの可愛いし懐かしい笑	0	みんみん	0
0007	1の方か、懐かし！	2	りり丸	0
0008	誕生日おめでと！	0	スプラトゥーン裏ワザバグCH.	0
0009	懐かしすぎて、久々に開いたらsになってて悲しみ	1	雪山とまと	0
0010	くそぉぉぉ！なぜ気づかなかったんだ！	0	ピロウ	0
0011	通知仕事しろよ	3	Dr. KaL	0
0012	６時まで起きてたのに！	0	ゅぅゃょゎぃ	0
0013	1:12:35	6	Cospor /	0
0014	うわあああああ寝てたああああ；；	0	わっきー	0
0015	まあ、上手くなるといいね…	0	マーブル	0
0016	ギバラとスプラトゥーンやりたかった......	1	ラコムーRako	0
0017	2:38 お祝いボイス 33:31 舌打ちボイス 40:19 出勤ボイス	1	そこらの民衆	0
0018	実はスナイプしてゆっくり覗こうとしたのはナイショ	0	:ホワドリ	0
0019	これこの過疎度ならスナイプ出来そう	0	わしわし	0
0020	テスト配信は大事	0	両面テープの剥離紙	0
0021	無印の方まだマッチングするんだな……	0	槇原マーサ	0
0022	お姫様は「我お姫さまぞ〜？」とか言わない。	0	塩化シアン	0
0023	スプラ開いてやってるけど、青と橙しかない	0	雪山とまと	0
0024	スプラやるんだったらスパショにうたれる時ありますよね。 でも今は大量のスパチャにうたれてますよ。	0	かなめほむほむ	0
0025	1:24:23 ギバラ「スパゲティのやつうやむやなんだよね」  ごめんね....	1	塩化シアン	0
0026	ババアって言ってごめんな 思いついた名前がババアだったんや	5	_おじがす	0
0027	まだ人いるんだな	0	ぬまくろ〜numakuro	0
0028	まだオンラインしとる人こんなにおったんか	0	かん	0
0029	1の方か懐かしいなあ	2	ひまぐま組	0
0030	なんていうか、あー大学生だなーって感じがして好きですねぇ〜	0	みよし【めておふぉーる】	0
0031	ありがとう	0	世界で一番愛してる江良ちゃん	0
