0001	初心者向けの解説 6:58 〜 48:32	222	御伽原 江良 / Otogibara Era【にじさんじ】	2
0001-001	御伽原 江良 / Otogibara Era【にじさんじ】 ありがとう	9	影 ーExー
0001-002	江良ちゃんのおかげで始めた人、帰ってきた人たくさんいそうだね✨熱い配信おつかれさんっ！	9	いろじろ
0002	2:33:03　変態のそれ	124	好物は大判焼き	0
0003	江良ちゃんはキュート ギバラはパッション ジバラはクール	110	コマド	0
0004	IDよりロリ壁紙バレた時の方が焦っているの本当草。   かわいい。	93	Una Owen	0
0005	1:10:06 ここ一番草生えた	112	Y K	0
0006	性転換した有馬Pかと	65	佐藤	0
0007	2:13:45 デレステ全く分からんけどロリコンの本気度は伝わったママ倉庫	100	Shun	0
0008	50:49ロリギバラ登場	54	カノン	0
0009	僕乙倉Pなんですけどギバラがちゃんと乙倉''ちゃん''って言ってくれるのとても推せる	70	シロノアール	0
0010	2:41:55 「言い忘れてたんですけど」 「すみませんね〜」 がなんか好きやった	29	明夜	0
0011	1:09:50、ギバラ「この曲ひまちゃん(本間ひまわりちゃん)にめっちゃ歌って欲しいんですよ」 がわかりみ過ぎて一生推せる	98	ナンなんだよ	1
0011-001	わかる	1	だんちょーへーちょー
0012	キンプリ見てる時の郡道先生みたいな絵に描いたような限界オタク化が見れて面白かった	57	SKTNihei	0
0013	39:32 👮🏻🚓🚨	67	トウ	0
0014	59:06 師走の翁のアンジュ、伊東ライフの愛園、またのんきのギバラ	35	SKTNihei	0
0015	1:03:28 分かってるやん	55	ミルクカン	0
0016	1:41:47 くらいの「んがわぃぃ…」がめっちゃおじさんみたいなの笑う	49	すゅがーそると	1
0016-001	1年前のコメントに返信するのも変だけどアイコンの絵めっちゃ好きなんだよね	1	人間失格
0017	1:40:30 ここから幸子ですお納めください	66	きー。	2
0017-001	助かる	0	ばらソフト
0017-002	幸子Pの同士よ！！	0	赤城キヨト
0018	配信終了直後は、エンコードが終わってないから、終わりから数えて2時間しか再生できない仕様になってるぜ✌️	43	ナンなんだよ	0
0019	画面右下の2434プロのアイドルはいつプロデュース出来ますか？	24	masa_0083	0
0020	Orange Sapphire持ってくるの好き//みりあちゃんとちゃまをすこれ 1:50:46 みんなのママ 2:31:06 みんなのママ	15	豆腐メンタル	0
0021	ライバーの属性分け妄想めっちゃ楽しいんだけど	12	左門スシ郎	0
0022	御伽原というキャラクターを決定付ける放送回となった。	2	shiki magatama	0
0023	Vtuber最推し幸子多くない？ 気のせいだろうか……(←なおこいつ幸子担当P)	25	不屈のもなか王田中	0
0024	好きなことを語ってるオタクが好き	31	明夜	0
0025	とても面白かったです。 やっぱ好きを全力で語ってる人すこだ…	14	うに茶	0
0026	デレステを語るギバラさん可愛かった!本当に好きなんですね! やっぱりリズムゲーム上手ですよね！リズム天国も上手でしたしね!	18	結城明日奈	0
0027	幸子もカワイイけど蘭子も良いぞ～。	13	まーりゃんマーシー	0
0028	はーなーほんと好き…かわいい…	6	月奏-runa-	0
0029	ま ゆ す き	6	あいすくりーむ	0
0030	水飲む薫ちゃんが好き（モバマスSR）	3	キムワイプーSDSーペイジ	0
0031	ラップ貼るとフリック抜けしにくくなるぜ	4	カリオストロー	0
0032	配信直後だからまだ後半2時間分のアーカイブしか見れないんだけど、いきなり幸子への愛が漏れ出す所（ 42:38 ）から始まって草	28	もちもちぱすた	2
0032-001	助かる	3	Franz kafkaf
0032-002	まかろに それな	7	斎藤竜聖
0033	久しぶりにデレマス開こうかな...	15	ウリカバディ	0
0034	こんにちは！初見です。ツイッターでみかけて気になったので、みてみたらMVにうちの幸子がいたので光の速さでチャンネル登録しました。ありがとうございます！！	20	ことね	0
0035	佐城雪美に投票お願いします	4	みぞの	0
0036	本当にこの配信でデレステにハマった  音ゲー部分がめちゃくちゃ楽しい	7	紅蓮螺巌	0
0037	チューリップがちで好きなんやけど聞くたびに鳥肌立つレベル	4	のっぴ〜	0
0038	なるほどどういうことだってばよ	3	シェルヴァス	0
0039	この配信中に入ってデレステで10連しようと思ったら寝てて見れなかった	2	渡辺曜推し	0
0040	今の所765、876、346、315プロいけるのでギバラは本当に推せる	2	百鬼イク	0
0041	カメイユウマではない。	4	はやお	0
0042	奈緒いなかった時のコメント欄で草 おこです。	0	酸化ナトリウム	0
0043	めちゃ幸せそうでこっちも幸せになるから毎週見たい	2	八朔	0
0044	この配信でデレステハマっちまった	1	柴犬	0
0045	ありがとうデレステやってみるよ･･･	1	さえずり	0
0046	2:29:38 "ぱっしょん！" これが聞きたくて探した。	0	mebiusu0	0
0047	ギバラの影響でデレステ始めたけど、めちゃんこ楽しいぞなんなんだこれは  デレステ教えてくれてありがとうございます	0	くろーばー	0
0048	女版亀井有馬	2	春風	0
0049	今日上がったりあむのガチャ見て始めたいな〜と思ったから見に来たら声今と全然違くて草ァ！！	0	梅の華	0
0050	初めて手に入れたSSRで衣装も好きな幸子がめっちゃ語られてて最高	0	大福神の妖精	0
0051	幸子Pですか、わかります フェス限欲しい	0	推しがいとしーさー	0
0052	プレイ設定がガチ勢仕様で草	0	鬼神 沢田マサトシ	0
0053	19:12 イメージカラーピンクのパッションアイドル佐藤心をどうぞよろしくお願いします	0	キャラメル	0
0054	詩子お姉さんはグールだろうなぁ	1	鉛筆騎士	0
0055	学生ですが今では合計20万突っ込むぐらいハマってます。それもこの配信があったおかげです。デレマスという最高のコンテンツにに出逢わせてくれて本当にありがとう。	0	ざね	0
0056	今更だけど、ギバラのおかげでデレステにハマることが出来て、佐藤心という超可愛い担当とも出会えました。ギバラ本当にありがとう……🙏	0	ちゃぶ	0
0057	だたの中身おっさんで草 バ美肉おじさんしたの？？	8	結城紬	0
0058	今さらだけどハマらされました⁄(⁄ ⁄•⁄ω⁄•⁄ ⁄)⁄ﾃﾚﾃﾚ	1	倉木	0
0059	ぎばらの限界具合からほんとに好きな感じが伝わってきて良かった。久々にやってみるかな。スタミナ制なのがだるいんだよね	2	いなばんぐ	0
0060	最初「ハマらせます」が「ハらマせます」に見えて、ギバラとうとうやりやがったな…！と勘違いしてしまった ローズフルール桃華でMV撮るの楽しい	10	A T	0
0061	ふみふみほどの美少女が未だにシンデレラガールになってないという事実。  じゃけん鷺沢文香に一票入れましょうね〜。	16	ヤマノシン!	1
0061-001	2:33:04 2:33:10 正直使える	3	ヤマノシン!
0062	39回ってお前200回やってしぶりんの初期曲フルコンできない男がここにおるんやぞ、何回も連打してると感覚麻痺ってボタン押すリズムが狂うんやあれ…	1	マリョウ	0
0063	アニメのシンデレラガールズを見て、デレステやってみよう！と思ってプレイしたけど、チュートリアルが難し過ぎて諦めました。  1個でもリズムに合わせてタッチ出来ないのは心折れますね…	0	歌舞伎揚げ	0
0064	代わりに説明させて頂くと、 765は一番最初のTHE IDOLM@STER。元々はゲーセンにある筐体で9人(現13人)のアイドル候補生を育ててトップアイドルを目指すゲームである。(今もPS4で発売中) 876(THE IDOLM@STER Dearly Stars)かなり有名な声優を使っていて、主要メンバーは日高愛(戸松遥さん)、水谷絵理(花澤香菜)、秋月涼(三瓶由布子)である 346(THE IDOLM@STER CINDERELLA GIRLS)はギバラが言っていた通り 765(THE IDOLM@STER MILLION LIVE!)一番最初の765プロが大きくなって、更にアイドル候補生が増えた。 315(アイドルマスター SideM)いわゆる女性用のアイマス。男性アイドルVer.   分かりづらかったら申し訳ないです。	8	百鬼イク	1
0064-001	僭越ながら補足をば。 Dearly Stars (876プロ) は2019年現在モバマスで引き継がれてる状態で、桜井夢子やサイネリアがイベントSRとして登場、876組も新規Rが出てる。 CINDERELLA GIRLS (346プロ) プロダクション名はアニメ版のもの。WILD WIND GIRL、After20、U149などコミカライズ作品ごとに事務所が異なるのは当たり前。2011～14年で183人が登場、18年末からさらに7人追加され現在190人。CV付きだけでも80人超の大所帯。 MILLION LIVE! (765プロ) 本家アイマスの事務所が拡大、新たに39人を迎えた52人態勢。グリマスのサービス終了に伴いミリシタに一本化された。イベントの内容がかなり奔放だったりする。 Side M (315プロ) はユニット単位でアイドルが出揃った背景もあって、ユニット推しの文化が他より強め。15ユニット46人。女性向けとはいえ男性Pも少なくないため、ライブ会場では歓声が黄土色になりがち。 SHINY COLORS (283プロ) 2019年に始まったアイマスの末っ子。5ユニット19人をプロデュースする本家本元を志向したシステム。各ユニットのメンバーの関係性や、一人ひとりに寄り添った濃密で繊細なストーリーで相変わらずの沼。   300人もいるんで本当に誰かしら好きになれます。	3	瀞沢
0065	この配信をみてデレステを始めて、今もなおずっとやりつづけてるし重課金の沼におちたけど、アニデレとかいう神アニメにも出会えたりすごく感謝してる	0	ざね	0
0066	またのんき先生の桃花は草	0	*ゆかりとます*	0
0067	2:00	3	熊ギャルおっさん	0
0068	この配信でデレステに興味持ってくれた人が居たら、分からないことドンドン私に質問してくれて良いからな！	18	ヤマノシン!	3
0068-001	古明地椛 ポイズン	1	素振りをする素振り
0068-002	@んぽぽ 答えてもらえないなんて…そんな世の中じゃ	1	古明地椛
0068-003	無課金の限界って何処ですかね？ どっぷりはまったら課金も考えているのですけど。	1	んぽぽ
0069	ひまわりに似てる子想像以上に似ててワロタ	1	光乃りり	0
0070	担当が幸子なので登録しました	1	ああ	0
0071	始めてみたけど自分の一目惚れした キャラに声ついてなくて察したわ… 自分には合わなそうかな	1	ポテト	2
0071-001	選挙で打ち勝って声を付けるという茨の道を歩むも良し	5	blind touch
0071-002	気にせず自分のぺースでのんびりプロデュースすればええんやで	5	しお
0072	てか、俺ももうやってないけどデレステ出てからモバまだやってる人って何が目的なの？ 慣性でやってるだけ？	1	blind touch	0
0073	最初は見る事ないだろうなーと思ってたのに なんとなく見たらデレステ配信するのか・・・登録せざるを得ない。   炎上の件で知ったけど、ちょっと声低くなっただけで可愛い声なのは変わらんだろいい加減にしろ って騒いでる奴らに言いたいわ。 まあそんな無能は放置に限るが。 もうコメする事はないだろうけど、デレステ配信だけ見に来るわ。	3	ラムゥ【元FPSプロゲーマー】	1
0073-001	GW明けたら1週間ぐらい配信出来ないのか、てか実家に帰る可能性があるのか？引退の可能性ももしかして？ デレステの略称見てると、デレスタでも良かったんじゃ・・・と思うｗ モバマスは俺もやった事ないわ、アイマスは10年前から知ってるけど。   14:00 初期は「アイドルマスター」で次期が「アイドルマスターシンデレラガールズ」で3期が「アイドルマスターミリライブ」だね。 説明はたぶん全部あってると思う、俺も同じ認識だ。 好きで説明するのはいいけどアイマス説明ってなるとまじで大変だなこれｗよく頑張ったおつかれさまｗ   ３Ｄライブ踊らせた途端右下うるせえって言われてて草   俺は高垣楓単推しでロリじゃないから趣味あわんけど見ててめっちゃ面白い 最後まで見た、ロリガチ勢なのはよくわかったｗ デレステよく知ってるねー普通に凄いし楽しめたわ 良い端末に買い替えられたらそのうち音ゲー配信も楽しみにしてるわ	0	ラムゥ【元FPSプロゲーマー】
