0001	他のライバーがこぞってマリカしてる中、1人便座でレースする姿に感動した	39	カンペリ	0
0002	にじさんじ杯の決勝が行われる中もうひとつの決勝が行われたのであった	13	ただ怒るあき竹城	0
0003	闘志と集中力に満ちた眼差しのサムネ	24	天使m	0
0004	激走！便座レースの公式twitterアカウントにフンバルトの申し子と呼ばれた女	4	一一	0
0005	これが真のにじさんじ杯ですか	8	Noa	0
0006	トレイン気になるww 続き待ってる。	7	ロゼ隊鍛冶屋ジョナサン	0
0007	委員長と近しい存在は江良ちゃんだと思う	6	草薙素男	0
0008	おつえら〜！ 思ったより白熱した激戦で笑ったわ笑 もう既にトイレ界の重鎮や……！	10	アヲノ#調子極端	0
0009	綺麗な便座レースは江良ちゃん専用やよ～	3	ヒノアラシのぬいぐるみ	0
0010	あ、便座レースプロの方ですか？？	7	木星	0
0011	これはリスナーのツボに狙いを決めてる	12	かぐふぇす	0
0012	シュール過ぎだろ(笑)	6	不知火朧	0
0013	やり込み良かったぞ	4	くき	0
0014	江良さんもリスナーも気が付かなかったが、おわかり頂けただろうか・・・一人称視点がチ◯コ視点である。そして脱獄で臭 NPCの簡易トイレ、和式、スッポン、ダッシュも乗れるのか気になるのとNPCを過激にして欲しいけどまだ未実装なのかなぁ	8	よわむしArisia	0
0015	最初の広告便座ブロックで笑う	0	さがし	0
0016	5:39辺り戻りに行く余裕があって草 そして運子がピンクでさらに臭	3	RB26 DETT	0
0017	バーチャルトイレッター	5	メイフの蜜ぎ隊	0
0018	まゆゆといい裏でこのゲームチョイスするのに草	5	Kotone F	0
0019	開発者が前回の配信を感知し尽力した可能性が濃厚 わい前の放送で衝動買いしてしまったしな…	4	ふみはし	0
0020	このゲームまたやって欲しい なんならにじさんじ杯便座ブロック開いて欲しい	0	quean b	0
0021	便座の神はここにいる！！	3	小松強	0
0022	なんでこんなのをご飯食べながら見てんだ僕は...	1	わっきー	0
0023	おいおいコイツガチだぜ……	5	紅蓮のパプリカ	0
0024	ギバラの放送のターゲット層がわからん	24	ぽこんち	2
0024-001	@Darkness暗夜 100点	4	あり
0024-002	頭おかしい枠	12	Darkness暗夜
0025	でたわね(意味深)	3	サン楼	0
0026	便座杯アーカイブありがとうございます     それと便座カバー	0	ωティック	0
0027	おつえら！こりゃTOTOからオファーくるで	4	さん天	0
0028	1:41開始	38	しるびあサチオ	0
0029	某双子VTuberの監修入ったんか？	3	- MoNoCRoA	0
0030	あなた〜の風邪に狙いを決め〜て   benzaブロック	2	多希詩羽	0
