0001	34:47　ここ好き	34	あまばさみうぇ	0
0002	23:38 ここデーモンコアくんで草	7	都会暮らしのヤマモッティー	0
0003	自分用   1:07:50 1:36:10 1:41:15 1:45:20 2:00:54 痛〜い！！×3	5	8 世紀前・7 年前・6 か月前・5 週間前	0
0004	自分用 1:06:24 参加できるだけでなくこんなこと言ってもらえて嬉しかった（オタクちょろい）	26	ゆーまあおい	0
0005	祝 く し ゃ み 配 信 29:18	13	マッチョリーゴリゴリウス	0
0006	御伽噺家結構兄弟年齢差あるんやなぁ	3	ああ	0
0007	2:02 この頃はまだ「でち！」言ってなかったんかな	3	林松平	0
0008	1:17:00 からあげﾆｷ参戦レース	5	マック零	0
0009	あからさまに狙われてて草	7	雑食愚者	0
0010	2:24:45 だめー	2	Baroque Asdark	0
0011	うぽつです！ 視聴者参加型マリカ面白かったです！	6	空狐	0
0012	初めてにしてはめちゃめちゃ上手だったので是非やり込んで欲しい	8	うに茶	0
0013	23:36 マリオへの復讐を誓ったキノピオ	6	大名行列Hankai	0
0014	前のギバラって滑舌悪そう	0	陰陽	0
0015	52:02〜52:06ほんと草	3	きっきー	0
0016	過去の自分が残してくれてなかったので自分用 55:05 悔しい負け方だった...	0	Blew	0
0017	開始 1:58	0	うべー	0
0018	唐揚げニキの人気しゅげぇ！	3	ゴロリ	0
0019	おそfack you	0	koumei1o8ky310	0
0020	1:45 開始	3	ノワール	0
0021	きみたちをぼこぼこにするよ!(白眼)	1	つば九郎	0
0022	半年経って見つけたわw 上手いのやん キノピオ声真似可愛いやんけw	1	ラムゥ【元FPSプロゲーマー】	1
0022-001	おいおいもう1年経ったのかよ…不憫属性じゃなかったらえらちゃん好きだったんだけどな、またマリカとデレステ配信期待しとくわ。	0	ラムゥ【元FPSプロゲーマー】
0023	練習したら1位取れそう	2	東京饅頭	0
0024	1:07:50  ギバラさんやっぱ上手いッスね〜w	6	おやおや	0
0025	2:46:14 big blue	2	Una Owen	0
0026	git gud	0	iraqilemonade	0
