0001	これ動画送れるらしいね。 あかん音声(違法動画、A○)とか流れて最悪BANされる可能性あるぞ 今後使うのはやめた方がいい あと荒らしの温床になるかも	118	冷スイ	0
0002	47:43ここやばかったな笑	147	きよ〜	0
0003	42:59 ﾍﾟｯﾍﾟｹﾍﾟｰ ＼ちくわ大明神／	138	きっきー	1
0003-001	えっ、どねってダメなやつなん？知らんかった...	2	きっきー
0004	48:27 ﾀﾞﾃﾞｨﾔﾅｻﾞﾝ!?ﾅｽﾞｪﾐﾃﾙﾝﾃﾞｨｽ!!	19	ガラパゴスささみ	1
0004-001	ギバラ「ｱｧ ﾌﾝw」	0	西風騎士_ガイア・アルベリヒ
0005	10万ニキ...生きて	51	ぬこ	1
0005-001	〇くら♪〇くら～♪ってすこ	0	ねこねこ
0006	「ギバラを札束でビンタしたい」と「ギバラを笑顔にしたい」という矛盾した王候ニーズを満たした、皮肉な名配信	46	s h	0
0007	18:28 このタイミングで羅生門始まるの天才すぎんか？	12	bad松	0
0008	何円集まってるか集計しようと思ったけど開始6分10万集まったとこでギブ	9	P F	0
0009	19:00	17	s mickey	0
0010	17:44 オットセイ	13	bad松	0
0011	収益回収とチャンネルBANの危険性はあるよ	43	Yilin Chen	0
0012	くんばんはの動画から来たけど燃えてたの初めて知ったぞ	60	ミルちゃん。	0
0013	危険な遊びしてんねぇ！	45	Q太郎	0
0014	こんなことやらされて大変だな ギバラほど投げ銭が多いと配信にならないぞ、コレ	67	露天風呂	4
0014-001	@修也福田 あ、君がキモいわけじゃないっす	6	Lil mara
0014-002	@修也福田 喋り方だけじゃわからん。そうおもいたいけど、それについて調べずにOKだしたのも悪いところではあると思う。ギバラみるのすきだけど擁護するのはきもいからしない。	7	Lil mara
0014-003	@おうるowl 実際昨日の椎名と先生のアイスボーン配信の冒頭で話してたけど、あの感じから聞くに炎上するなんてまったく思っていなかった喋り方だったぞ。ギバラとしぃしぃは単に運営から頼まれたからなんの疑問も抱かずOKしたみたいな感じだったけどな。	26	修也福田
0014-004	露天風呂 やらされてるかどうかまだわからんけどね。出資者が同じだから断れないって言うけれどギバラも椎名もこんな炎上の仕方を考えてなかったからokしたんじゃねぇの。まぁそれだとにじ運営もドネ運営も調査もしないクソ運営ってわけだ	19	おうるowl
0015	銭ゲバラ江良	39	ぱーるらいす	0
0016	まあ、もう二度と使われる事は無いでしょう(とある枠を見つつ)	80	退魔七夜	1
0016-001	動画貼れるのは危険	7	これあかんやつや
0017	47:40 本日一番	34	【もーぐーらー】2021冬春モデル	0
0018	ギバラは全く悪くない、会社に責任がある。	58	Yuma _I	0
0019	特攻隊すぎるだろ。これでBANされたら神風特攻隊だな	31	ろと。	0
0020	燃えてるらしいけど全然好きだわ	11	だんちょーへーちょー	0
0021	ギバラの配信好きだから消される前に見とくね	16	むみゅううどん	0
0022	たけのこtんtん志 を思い出した。	8	れそ。	1
0022-001	草	0	ああああああ
0023	自分用 38:56 この機能やばそうだな・・・いろいろと。。。 今後どうなるか、見守るしかなさそうだ	16	キムワイプーSDSーペイジ	0
0024	Streamlabsがいい	7	Kyond	0
0025	まだこっちは平和だったやね てかこれTwitter見る限り案件臭いんだよなぁ	29	コマド	0
0026	まあ、どう見ても案件っぽいからここでギバラを叩いてもどうしようも無いんだよなぁ。ただギバラももう少し知恵をつけて欲しい。	24	退魔七夜	0
0027	このdoneruっていうコンテンツ、アウトでは？	56	はてぃはてぃ	2
0027-001	@うぱる 後で他のライバーさんもやるって言ってたので正直心配ですよね	8	はてぃはてぃ
0027-002	やばそうですよね。これ規約違反で垢BANありそう。	16	うぱる
0028	これさ会社からやれ言われてやってるのか知らないけど大分危ない事やるな…… 最悪Ban対象だぞこれ…	12	FL ASH	0
0029	1:41 ｽﾀｰﾄ	13	胡麻	0
0030	コンビニで猫缶買ったら箸付いてきたがじわる	9	スィフィ	0
0031	いちからも一応企業だし大丈夫…やろか？	15	両面テープの剥離紙	0
0032	配信ぶっ壊れてんな　音声うるせえわ！	7	パラド	0
0033	あまり知識あるわけじゃないから あれだけど、この動画まだ残してて 大丈夫？配信観られなくなるのは 悲しいからとりあえずこれからも 気を付けて配信続けてね😖	1	お金は紙だが役に立つ	0
0034	ギバラがんばってたな…	13	ありそう	0
0035	ちゃんと考えてからOKしろよ 垢BANされたら元も子もねーぞ！	36	Finger Ring	0
0036	ギバラと椎名とか言うbanされなきゃ燃えても火消し出来る面子で試すのがいちからのヤベー所 これ本間の所や葛葉ではやらんかったやろな 取り敢えずこれだけ炎上してるんだからライバーも運営も声明出さんとなぁ！？	23	ゆきかぜ	0
0037	doneru配信炎上してるらしいね	15	HIROKI KANBARA	0
0038	doneruの配信では投げ銭しないのが、これからもYoutube配信を楽しんでいくのに必要。 椎名もギバラもこんな物のせいで垢バンされて欲しくない。	31	こんこん	0
0039	叩かれそう(小並感)	17	てばりんちょ	0
0040	いちからクソ過ぎる。江良さんや椎名さんを鉄砲玉にするなんて、最悪banされてしまうかもしれない。	20	ボブ	0
0041	是非はともかくリスナーのコメント(合成音声)と会話するスタイルは面白いですね	3	Qカレーうどん	0
0042	てってててーって音聴きすぎて頭おかしくなる配信でした	2	ちゃんぽん	0
0043	もういいからボイス買おうぜ…ブーストして…。	2	junya	0
0044	(_・ω・)_ﾊﾞｧﾝ…されるから（アカン）	0	崩ღ	0
0045	これでBANされて泣いてるギバラのイラスト誰か描いて	3	嗚呼あああ	0
0046	ギバラさんの配信見るの好きなんでこの動画は早いとこ消して下さい。 ギバラさんがbanされるのは見たくないです。	7	ヤバい奴ら画像まとめwiki	0
0047	利用規約.4.D より、禁止事項の抜粋 「本サービスまたは本コンテンツ上またはそれらの中に掲載する広告、スポンサーまたはプロモーションの販売」 doneruへの投げ銭の誘導として、これ禁止事項に当てはまらない？	37	さかさてるてる	3
0047-001	あと単純にうるさい	5	まらお
0047-002	トラブったら責任丸投げってのが怖いよな。そんなサービスの利用にGOサイン出したいちからも怖いわ。	11	まらお
0047-003	doneruの配信者利用規約の19項に 「Doneruに関連して、利用者同士の間及び利用者と動画配信プラットフォームの間で生じたトラブルに関しては、利用者の責任において処理および解決するものとし、当社はかかる事項について一切責任を負わないものとします。」 ってあるんだけどw  普通「当社の推奨するプラットフォーム以外とのトラブルは」とかじゃないの	8	さかさてるてる
0048	特攻隊員のお二人に拍手を	14	Nir涅槃	0
0049	これは怖い危ない橋ですね🌉	4	らふてー	0
0050	案件なんだろうけどYouTubeを怒らせるとBANされちゃいますよ。	13	マツイさん	0
0051	結局どねはYou Tube的にセーフなの？アウトなの？	35	ロックロック	2
0051-001	アウトでしょ	1	貫者
0051-002	アウトだよ	9	あう
0052	このアーカイブも消しな！BANされるよ！	12	秋谷刀[あきやがたな]	0
0053	これYoutubeの收益規約に関して大丈夫ですか？	38	月月 興趣翻譯	2
0053-001	@みずるむ そうですね、心配です...	4	月月 興趣翻譯
0053-002	規約にYouTubeを使って他サイトへの収益誘導は禁止されてるぽいから、最悪垢BANされるかも…	27	みずるむ
0054	正直このdoneruとかいうのを使ってBANされても何の文句も言えないと思います…皆様お気を付けて…	25	グロス	0
0055	死亡遊戯または手りゅう弾でお手玉するギバラ	0	Akito	0
0056	頭の中で何かが狂ったギバラ。 いや、いちから運営がなのか… それにしてもよくこの配信出来たなᴡ	19	okuyama teruki	0
0057	危ない橋なのか怪しい橋なのか問題ない橋なのかすら分からん　こういう見てて不安になるようなのは止めてほしい	7	tack tick	0
0058	いちからとドネルの出資元が同じだからな 要はyoutubeに手数料取られないように仲間内の企業で金を回してる	9	asunin	0
0059	doneruの会社といちからの本拠地が同じってことが確認されているので、doneruはスパチャをYouTubeが30%持っていく分をいちからが持っていくための会社ってことかな？ ちなみにyoutubeからdoneruはスパチャサイトとして公式に認められてないのでもしかしたら通報されてしぃしぃとギバラのアカウントがbanされるかも	29	スティ	0
0060	これは（アカン）W	1	崩ღ	0
0061	どストレートでよろしい	7	チャンコ	0
0062	札束に火付けて「これで暖かくなったろう」って言ってる成金の画像を思い出した	10	チベットスナギツネ	2
0062-001	とんかつぱんこ それや	0	チベットスナギツネ
0062-002	明るくなったろうでは	1	とんかつぱんこ
0063	doneruから退会出来ないとかマイクラそのままパクってるとかいちからのマネーロンダリングとか真偽怪しい噂飛び交ってて草 …もしかしてかなり不味いのでは…？	32	海の藻屑	0
0064	これギリギリアウトでは…？	0	蝉土竜	0
0065	外郎売りぐらい暗唱できるし(謎の対抗)	2	中途半端	0
0066	doneruはやめた方がいいな… でもようつべのAIガバガバだしサムネしか見てないから問題無いかもしれない(適当)	2	ぺったんぺったん	1
0066-001	ぺったんぺったん ようつべAIは日本語理解できないしなw	0	大根が嫌い
0067	俺たちは王候（おうそうろう）だった･･･？ギバ語でどね送ったけど反応とツッコミがあって嬉しかったし他の人もセンスあって笑い止まらんかった！	6	ヌカさん	0
0068	世の中金だよ！！！w 金ではしゃぐギバラ可愛かった    でもdoneruは良くも悪くもグレーだし、 アンチ抱えるにじさんじの箱で使うの難しいかもな、 殴り合えるなら良いんだけど	3	ねむのき	0
0069	プロゲーマーでもyoutubeでdoneru使っててbanされなかったから使ってもいいんじゃないか 逆に駄目な理由を教えてほしいんだが	0	p c	2
0069-001	youtubeで使うと確かに危なそうだな 公認されてないかもしれないし荒らしもあって場合によってはbanされるみたいな	0	p c
0069-002	あ あ 椎名のdoneru使った配信見たらわかりやすいと思うよ	1	しょーぽん
0070	正直いちからはにじぱちといい、今回の件といい、配信の邪魔になるものライバーに振らないでほしいな、と思った。 特に今回のはYouTubeに許可取ったか分からない代物使わせてるし、いちからは謝罪で済むかもしれないが、江良ちゃんは自分のチャンネルやこれからの活動にダメージが直撃するからね。	8	雪猫	0
0071	もうちょっと考えてやりなよ。 運営もライバーもなにかんがえてんだ？	5	穀潰し	0
0072	ちゃんとこの騒動理解してるやつほとんどいないなこれ。 運営にも非はあるがやり方が下手くそだっただけなんだよなぁ。 ドネルのシステムは問題だらけだけど。	2	ツァーリ	1
0072-001	ほじゃ説明求む	2	ハム
0073	御伽原はちくわ大明神に弱い     ぺっぺけーー！	5	しろとき	0
0074	いちからさんよぉ、同系列のお友達の案件引っ張ってきて自分とこのライバーを危険に晒して何がしたいんだよ。 人事部にヤクザがいるせいで内部から腐っちゃった？ それとも、そんなの関係なくクソ企業なの？ もうやらないだろうけど、結局リスク管理ガバガバなんだよ。	15	杉崎蓮	2
0074-001	@修也福田 まぁ、向こうの押し売りなんだろうね。 ただ、きよのの件もだけど、審査甘すぎるよね。 裏取りもまともにしないで適当に受けてるようにしか見えない。 80人を越えたライバーを抱えてる責任感があるとは思えないくらい軽率でビビるんよね。	4	杉崎蓮
0074-002	おそらくいちからが案件引っ張ってきたんじゃなくてただ断れなかっただけなんじゃないのか？まぁだからといってそれでギバラとしぃしぃにやらせるのとはまた話が変わってくるけどな。	4	修也福田
0075	えっ？    doneruといちからの住所同じ。。。	29	づゆ	3
0075-001	いちからがスパチャ10割持っていくため	0	スティ
0075-002	稀にあることなのでそこは一旦スルーでいい（コワーキングスペース） 問題はBANの危険があることとセキュリティ関係がクソ怪しいこと	10	b a
0075-003	これどういうことなん？情弱で申し訳ない…同じビルにあるってことなん？	0	冬ポテト
0076	アーカイブのこるんだ	0	黒豆せんべい	0
0077	面白いからいいと思うんだけどなぁ…BANされないことを願うのみ	2	Houji tya	0
0078	ほんとにあほあほ運営。信用がどんどん薄れていく。  移転前の住所は同じ、元のコミュニティも同じ、田角もDoneru公式ツイッターフォローしてる、全く同じタイミングで２人のライバーがdoneruを使い始める。これで運営サイドが一切関わってないとは言わせない。声明出さなかったらもうそういう企業だと思ってかかった方がいいよ。 ライバーは好きだけど運営は信用ない。	25	Travel and LiVE	0
0079	面白いなーこれ YouTubeのスパチャももっと機能が充実するといいよねー	2	tukuedusk	0
0080	いちからがきちんとサービスの詳細を把握しないまま使うようしむけたのであれば、軽率で脇が甘い。Doneruが問題を把握せずにいちからに営業をかけていて、かつ今回の件でいちからやその所属ライバーになんらかの損害が出た場合、いちからからDoneruに対して損害賠償請求されても仕方がないように思える。 いずれにせよ、所属ライバーとそのコンテンツを楽しんでいる人たちに対する責任を、いちからはしっかり自覚して欲しい。	3	米倉徹	0
0081	利用規約違反にならんの？取り敢えず通報しとくわ。	7	田中太郎	0
0082	低評価少し多め？	6	巻匠	0
0083	別にツイッターに貼っとけばよいのでは？	0	Honey[はにー]	0
0084	ギバラもこの枠消そうぜ…   垢バン食らったらシャレにならないよ	0	HAYATO VB	0
0085	マシュマロで送ってもらった応援メッセージは面倒臭そうにあしらうのに金の入ったしょうもないギャグには大爆笑するんだな	17	ねこぼし	3
0085-001	ねこぼし  応援メッセージで元気もらってるみたいなことを言ってただろ あとリズ天のダジャレで爆笑するぐらいだしギャグで笑うのはいつもどおりだぞ ギバラの配信を見てないのが丸わかり	1	和同駿
0085-002	この度は最近 アンチって知ってる？	3	immorality
0085-003	金が入ってようが入ってなかろうがしょうもないギャグでいつも笑ってる気はするけど	10	der yo
0086	とりあえず通報しといた	6	Pro&Sur	0
0087	なんかbanもあり得そうな怖い橋を渡ってほしくないわ… やからし度はパコライトより高そう	8	微妙3	0
0088	ファンだから言うけど早めに非公開にしな。doneru配信やってた椎名は非公開にしたよ。  炎上の件を知らない人に説明すると、 投げ銭がYouTubeを通さずに投げれる(通常はYouTubeを通して30%の手数料差し引き) この事をYouTube側が許可しているのか？というと申請すらしておらず、doneru社長らしき人がこの炎上の後、TwitterでYouTube運営に申請ツイートをしている。(メール等ではなくツイートという所で闇が見える) 投げ銭するにはdoneruに登録しないといけないんだけど、現状退会が出来ないらしい。 メッセージ読み上げ機能があり、不適切なメッセージを読み上げたり、動画URLが張れたりして荒らすことができる。	15	いっとくん	1
0088-001	詳しい事は｢鳴神｣って人が説明動画あげてます	3	いっとくん
0089	投げたい人が投げるんだし文句言うのは違わないか？それだけの魅力をギバラに感じてるってことだろ？     って荒れたりした時のためにコメントしとく	18	ヨンアーゴ	9
0089-001	もかあ 大丈夫よ	1	alex
0089-002	とまとさば  アーカイブ視聴前にコメントしたため何が批判を受けているのか理解していませんでした お目汚ししてしまい申し訳ありません	1	un dap
0089-003	とまとさば まぁ金払わないとサービスを受けられないって考えたら普通だと思うけど…	0	つちんちゅ
0089-004	お金を投げるのは全然いいけれど、そもそもこのdoneru自体がグレーゾーンっぽいから不安にはなるよなっていう...	8	別了
0089-005	もかあ こういう人が金落とさないと楽しんじゃいけないコンテンツにしていくんだろうな…	2	alex
0089-006	ももた  アーカイブ全部見ずにコメントしてたわ、今見終わった、失礼しました	3	un dap
0089-007	倫理的に良いか悪いかなんてどうでもいい 論点はBANされるかされないかだ	31	つちんちゅ
0089-008	文句言ってるやつどーせ金払ってないやつだし、金稼ぎに対して変にクリーンなイメージもってる	1	un dap
0089-009	ふつうにスパチャ要求する枠だったらそうなんだけどね	11	ろぺと
0090	運営は反省しろ。ライバーに謝罪しろ。どうせこいつらなら良いやって人柱にしたんだろ	0	モーモンモーモン	0
0091	あれ、アーカイブ残ってんじゃん。 鳴◯裁が消してるとか言うから残念だなーと思ってたのに まあ良かった	3	immorality	2
0091-001	しぃしぃの方が消されてんのね	6	immorality
0091-002	相変わらずしょうもない炎上 （というかアンチが炎上って事にしてるから実質荒れみたいなもんだけど） だけど今回は炎上してくれた方がありがたい 変に垢BANされたら嫌だし	1	immorality
