0001	1:17:43 不憫クエスト 1:35:37 めいちゃん入浴シーン	72	sora・ソラ	0
0002	1:45 開始	45	れじん	0
0003	使用済みかな？がここ最近でも一番キモくて草	57	りゅうひめ。	3
0003-001	言い方がその道のプロ	4	はんぺん
0003-002	@yuna satou ありがとう！	3	shop salt
0003-003	35:52	19	yuna satou
0004	34:35  かざちゃんと遊んで限界民になってるシーン 貰ったトイレットペーパーを使用済みかなと聞くの最高にキモい（褒め言葉）	27	ヒカエ	0
0005	4は…4はないのか…！！！！	29	Gsjih Fjf	0
0006	15:12 お天気お兄さんとちーハジ	26	わやなか	0
0007	44:12 かわいい	20	フォトンボム魔	0
0008	58:46 おかまいなく(苦笑い)	16	高野豆腐	0
0009	18:14 おはガクの闇	10	やみい/朝日奈樒	0
0010	17:45　おはガクの闇	24	りるむ	0
0011	42:02 ここ好き	14	dekarucha	0
0012	1:01:08 ミラーワールド	27	麻葱兎	1
0012-001	戦え…戦え…	6	azu ken
0013	ギバラいつもありがとう  個人的見どころ 18:15おはガクの闇inにじさん島 41:43童田さんじゅういっさいの闇 1:01:00ご機嫌な闇	40	コマド	0
0014	1:06:30 ここ好き	11	いっとくん	0
0015	33:07　→かざちゃんとの絡み お前のママじゃないが？と思いつつ、 デレるギバラは可愛いから困るよね…	9	どん!	0
0016	35:50	13	maple椛	0
0017	とこちゃん…？がお約束になってきてて草	18	セナルアックス	0
0018	おつえら〜！ 戌亥さん徹底してましたねぇ...笑	13	アヲノ#調子極端	0
0019	次はいつになるのでしょうか...	3	水溶き片栗粉X	0
0020	ギバラにおまえら呼びされて雑に扱われるの少し興奮する	6	ナハサーラ	1
0020-001	通報した(無慈悲)	0	暇人_Himativ
0021	わらべだの夢めっちゃみわてつやじゃん	3	Gーく	0
0022	「不運やよ…」すこ	3	セナルアックス	0
0023	最近ギバラが可愛すぎる	9	ユウキ	0
0024	1:38:30 何としてでも1番になりたいライブ王（既視感）	3	プランクトン	0
0025	1:41:42  確かにこの結果はおいしい	11	hito on	0
0026	センスのないプレゼント 失われる好感度 迷いの無いソンブレロ リーダー大喜びの流れ草しか生えん 1:05:40	4	麦茶	0
0027	1:41:45 美味しそうな匂い(ネタ的な意味で)	2	武秋竜風	0
0028	とこちゃんもうこれデレてくれるくれないじゃなくて本心だろ……	9	マッチョリーゴリゴリウス	0
0029	50:40 園児服しぃしぃにショタ味を感じた	3	綿豆腐	0
0030	使用済みがガチでキモすぎる	2	晴輪	0
0031	とこちゃんに徹底的に嫌われてて草	0	❰敗中❱	0
0032	30:56 確かつり革触らないくらいの潔癖だから割とあってる気がするw	5	ねこ	0
0033	またまた性的なに見えました	0	えいむ怪獣	0
0034	59:30	3	ノラネコEX	0
0035	19：06 狐の嫁入り	0	妖怪マトンカレー男	0
0036	定番は草	0	みくたふにたろう	0
0037	1:49	1	空き缶	0
0038	続きまだ？	1	マヌケ	0
0039	これ面白かったな〜 またやって欲しいけどもう居ない人とかいるからなぁ	1	ベルガー	1
0039-001	当時この人誰？ってなってた人が全員分かる...沼ハマったなぁ	0	ベルガー
0040	飯は、本日の品ってやつとりあえず全買いしとけば、カタログからいつでも買えるからオススメ 一つ一つあまり高くないしねぇ	2	べや	0
0041	トモコレの中のしぃしぃ無駄に可愛い…	0	高野豆腐	0
0042	Otogibara-sama❤❤❤❤❤❤❤😄	2	J. Green	0
