0001	配信見ながら寝落ちできるって 幸せだと思いませんか？    僕は思います(断定)	23	アヲノ#調子極端	0
0002	1:06:57 ニュー江良	8	佐藤天馬	0
0003	Really, I would love to know what you are saying o(╥﹏╥)o !	2	Oh Sangwoo	0
0004	44:36 江良ちゃんに罵られたい人向け	7	頭悪いギバラは	0
0005	1:12:18 えらはむちゃん最終回	1	みぞれせーじん	0
0006	序盤のレッドカーペットがほんとこｧ・・・すごいな	1	さくら	0
0007	明治ちゃんいっつも貶されてる(´・ω・｀) 狼ちゃんだけど悲しい	1	はるかぜ	0
0008	今日のBGM良いな	0	コマド	0
0009	画伯だったか...	0	烏賊月ニル	0
0010	あの配信を見て育った子は（強盗として）将来有望だなあ	0	うじうじ	0
0011	ここは健全チャンネル	0	キムワイプーSDSーペイジ	0
0012	今まで誤解してたすまん。 これから先友達に紹介することがあれば｢おかあさんといっしょみたいなチャンネルやで｣って言うことにする。	3	篠原颯汰	0
0013	カテゴリに教育を追加しろ	0	ノワール	0
0014	1:17:30	0	x6 giroku	0
0015	53:23　→えらはむちゃん以外の新キャラ 56:39　→のんき先生の元ネタ  ほのぼのとしたBGMも相まって、 すげー緩い雰囲気になってるの好き。	0	どん!	0
0016	50:45 好きなものは上手い御伽原先生 51:20 ねこchangはお気に召さない様子 53:23 うんちくんはとてもかわいい  つまり…女のコとしてどうよ？	1	よっしー	0
