0001	頭わるわるな演技してまで視聴者の需要に答える所かわいい       流石に演技だよね…？	102	ソウキ吉田	0
0002	天才...か？(疑問) 42:05 (・▽・💠)...？	45	鈴	0
0003	演技極まってて好きだぞ。 演技だよな？演技って言ってくれ。頼む。	48	アルノーツ	0
0004	算数ができなくても生きていけることを証明してみせた女	45	てばりんちょ	1
0004-001	てばりんちょ にじさんじはだいたい証明してるぞ	7	大根が嫌い
0005	22:40　この問題見てると最強に可哀相な気持ちになる	26	COUCH SEIM	0
0006	まだまだギバラは9割程度の本気しか出してないはず	33	いろじろ	1
0006-001	ほとんどフルスイングで草	19	P青空
0007	大学入試不正しただろ	29	hugh雨夜	0
0008	逆に生きていく勇気をもらった	36	雑食愚者	0
0009	女の子は「演技」がすごくうまいんだぞ！ 騙されるなみんな！	10	shou FS	0
0010	「あまり」とかいう存在忘れてたわ。 やっぱギバラは天才	6	みたらしだんご	0
0011	RP上手いなー…(震え声)	27	ねぎとろ	0
0012	この子本当に大学生なのか......？？	37	クリスタルバーガー	1
0012-001	Fラン以下の大学	1	コレコレ
0013	今回のハイライト 19:47 ぼくたちはホラゲー実況を見ているのか？ そんな錯覚さえしてしまうほどの動揺がとてもポイント高い 審査員も納得の過去最高得点です	21	れぐるす。	0
0014	小学校で卒業証書貰った？	15	ko wab	0
0015	「メンバーまた、めっちゃふえてるーうふふふぅ↑」 笑い方ｗ	18	たなは	1
0015-001	4:13	4	ファッ!?ンボックス発情期
0016	人間味があっていいんじゃないですか？(震え声)	9	明夜	0
0017	待て、よく見たらギバラも結構お口が空いてるほうじゃねぇか？	3	大根が嫌い	0
0018	大学行ってるのか不安になるほどの演技	7	HBenpitsu	0
0019	算数ドリルでここまで面白いのはすごいと思いました(小学生並みの感想)。	6	幽鬼兎	0
0020	さすがにそこまでとは思わなかった...	4	うほ	0
0021	ごめんね…ごめんね…	4	ぺったんぺったん	0
0022	／(^o^)＼ < Oh... ↑開始10分の俺	4	深遠の緑	0
0023	応援している 開始2:07 2:07 　　2:07 2:07	5	コマド	0
0024	夏休み頃にまたやろうぜ 良い感じに肝を冷やせるb	8	tukuedusk	0
0025	一桁の足し算すら暗算出来ないのは流石に演技であって欲しい	8	Laki羅鬼	0
0026	42:48  288÷48÷1000という考え方ががが	11	たなは	0
0027	可愛いからもうなんでもいいや。	5	Zu Mi	0
0028	わかったこれ妹ちゃんが配信してるんだ 声にてるねー(そうであってくれ) 精一杯フォローするなら大学問題ならちゃんと解けるよね？	2	たくあん014	0
0029	コメント欄草  頑張れギバラちゃん…	0	どらせな	0
0030	ギバラ幼稚園児説来たな	1	raki nyan	0
0031	配信行きたかった...	0	量産型角砂糖	0
0032	あらかわいい！	0	ファッ!?ンボックス発情期	0
0033	(・▽・💠) < やべぇ！	0	blue tooth	0
0034	8:44 カジュアルな英語のとても普通な表現「bijyutukj」	0	Marie Loiseau	0
0035	ごめんね…まさかここまでとは…	9	いづな落とし	0
0036	勉強を教えるって大変なんだな･･･	0	アムカン	0
0037	ちょいエラっててそれはそれで好き	0	揚げたてコロッケ	0
0038	ここまで来ると過去に何かあって義務教育を受けれなかったのかもっていう心配が生まれるレベル	1	非常食先輩	0
0039	途中だけどマジで酷くてコメントしに来た 正直猿って呼ばれてるの可哀想やなって思ってたけどこれは仕方ないわ。 かわいいけど	5	まゆっち	0
0040	なんか…ごめんね…	1	【】ムイカ【】	0
0041	これからはもっと褒めて伸ばそうと思いました	0	あくあ	0
0042	これが10時間程度で4万回弱も再生されるなんて・・・ （・▽・；💠）＜ある意味しゅげぇ	0	キムワイプーSDSーペイジ	0
0043	第3回Vakatuber参加期待してます...(　= =) トオイメ	0	ウル	0
0044	これほどRPだと信じたことはなかった	1	DJB	0
0045	ごめんね…	0	やみい/朝日奈樒	0
0046	ごめんね,,,	1	SCP - 910-JP[シンボル]	0
0047	RPであってくれ．．．	0	佐藤田中	0
0048	うん、なんかやべぇなとか超えて勉強教えてあげたくなったわ、絶対楽しい	0	水出ししいたけ	0
0049	算数で笑いを取れる女子大生	0	幻界魔剣ベリアロク	0
0050	つらくなったら見る配信	0	木村猫乃助	0
0051	27:36  9あまり2  あまり懐かしい。	2	fumi	0
0052	44:00	0	ぽけもんするよ！	0
0053	こんなのでも普通に生きていける日本ってほんまいい国やなあ	0	栗ゴロウ	0
0054	なんか涙でてきた	0	ナナまめ	0
0055	小3の教え子の方が賢い…まさかね  えらちゃんはエンターテイメントが上手だなぁ！	0	鈴白やぐら	0
0056	おかしいな…算数の問題を見に来たはずがいつの間にかホラー映像になってた。  頼む演技であってくれ…頼む…！	0	クルトン_ShinShin	0
0057	怒らないからさ、RPって言ってよ... 頼むよ...	1	百獣のカイドウ	0
0058	凡愚かー？	0	brokun japanese	0
0059	むしろこれでよくいままで買い物とか出来たと感心している。	2	さくさくぱんだ	2
0059-001	買い物は出来ても家計は付けないタイプじゃないか？	0	さたん
0059-002	爆裂love  親から万札貰ってたから計算してない説()	0	調宮
0060	････えっと、確か"王子様望む[大学生]"って設定だよね。 ギバラぁ、お前どこ通ってんだよぉ････    多分妹さんはギバラを反面教師にしたんだろうなぁ･･･、全問正解って事はさw	0	❰敗中❱	0
0061	ギバラちゃん…勉強もうちょっと頑張ろうね？	0	無慈悲なニンジャスレイヤー	0
0062	ほい卒ライバーいるってまじ？	4	no na	0
0063	視聴者「かなりにじさんじを感じた」　     アーカイブ3週目です。	0	ちごいげくxd	0
0064	40:02ここら辺のコメントに「なんかズレてね？」とか「え？」とか「は？」とかあって視聴者もなんだか残念なんだなって思ってしまった	0	あき	0
0065	RP外すと叩かれ  RPが過剰だと引かれる         たいへんですね	21	とらとん	1
0065-001	それだけ注目されてんねやとポジティブに考えようで	0	ただのモンポケ
0066	文科省仕事しろ	0	銀髪褐色スレンダークールはもれなく天国直送薬物	0
0067	本間🌻とタメを張るレベルの女	1	露天風呂	2
0067-001	多分絶対にひまちゃんの方が頭良いよ、･･･少なくとも算数はさw	1	❰敗中❱
0067-002	最近学習してきたおかげかひまちゃん結構博識になってきたから、最バカ選ばれる可能性ありそう	4	さたん
0068	こんなん普通なら特殊学級行きやろ。	0	hal9000mk2	0
0069	49:00 数字が大きいと分かった後にまた4×1から始めちゃうところがかわいいw  今後もこういう配信をやって少しずつ賢くなって、将来的に本当の意味で天才か！？を使ってもらえるようになってもらいたいw	0	たいよう	0
0070	端的に言ってヤバイ	0	_くま	0
0071	天才小学生爆誕	3	リッテ	2
0071-001	小学生...？	0	鈴
0071-002	天才かぁ？(疑問)	0	卯月武琉
0072	1桁の計算も暗算できず、手を使うとかかわいい。   かわいいよね...？あれ？	0	エト	0
0073	辛辣なこと言ってきたけど、これ見て可哀そうな子だと思った。 今まで酷いこと言ってごめんね…	4	たわわBoing*2	0
0074	これもキャラなんすよねw	3	ばばばのばっぷ	0
0075	「ギバラはバカだな～www」って俺達にマウント取らせて楽しくさせたり、気持ち良くさせたりしてくれてるだけだよ…(淡い希望)	2	エボルト	0
0076	自分とほぼ同じレベルで草      泣きそう     でも5の段出来ないのは流石に草も生えない	0	をあ	0
0077	日本地図とか漢字も賢いとは言えないけど常識的な範囲だし、英語もまあ読める。 それなのに算数だけが壊滅的なのはLDの可能性あるのでは…？	0	じゃがもち	0
0078	開始 1:55	1	ハヤト	0
0079	日本のレベルが低いと思われかねない() まだ間に合うので設定を小学生に直そう…。	0	Shun	0
0080	すまん中学生だがほぼ暗算で解けてしまった。	0	みそじのゲーム日常	0
0081	さすがに算数ドリルは余裕やろwwwwwwww       ごめんね…	1	エギルミカイル	0
0082	これは日本の教育が悪い	1	匿名希望やで	0
0083	お前ら、まともな日本の識字率調べてみろ	0	さぶろくじゅうに	0
0084	2:19開始 明らかに、馬鹿演じてるなぁ	5	はましゅう	2
0084-001	自分も演技だと思いたい････	0	❰敗中❱
0084-002	わざとなら救いはある、ある…はず…	4	さたん
0085	さすがに演技だと信じられない人はちょっと問題あるよ。	2	Core Core	0
