0001	1:48:38ここの2人の会話好き	130	ヌカさん	0
0002	1:42:11　こんなんリア狂やん…	66	Takuya S	0
0003	1:08:15 ぎばら「今ま〇〇～？」	40	a a	0
0004	30:05 チャイカ混乱	55	なかばち。	0
0005	1:29:14ここの掛け合いかっこいい	76	メオメオ	0
0006	回復してもらっても「チャイカだから悪霊だろ」で草	43	にんじんしりしり	0
0007	1:51:05リーダーのいかにも悪役な一言	35	s mickey	0
0008	3戦目、えらちゃんチャイカさんの独り言スルーしがちなのおもろい	35	いいじゃん	0
0009	チャイカの尿管結石に誰も触れないの笑う	21	魚の頭	0
0010	童田の声真似が、有栖の声真似をする時のギバラで草	40	club-warszawa	0
0011	1:37:55 YA がぶりえら	19	Lazy Neko	0
0012	1:38:50 がぶりえらてぇてぇ(10秒間)     明日ヤンデレめいじーに刺されるんだよね	71	「夜中の夜明け」lover	0
0013	いくら行動が怪しくてもポンコツならありえそうで言及しづらいの草	21	Yuki３００５	0
0014	一人で熊倒すのほんと男勝りで草	26	:ホワドリ	0
0015	21:14 ここすき	16	麦茶	0
0016	ポンコツの皆話しまともに聞こうとしないの草	16	壮馬	0
0017	これさ、チャイカにサバイバー字にトランシーバー持たせたら最強じゃね？	15	死神パフェ	0
0018	チャイカさんとのやり取りといい行動言動全部最高です	2	杉田きゃみー	0
0019	50:45 ここで光るギバラのまとめ上手さと更に他者の配信の気配りまでこなすの確実にポンじゃない	41	イスカリオテ	0
0020	最初に見た江良さんの配信がこれでした 三戦目のモノマネとチャイカさんとのコンビネーションで腹を抱えて笑っていました 彼女の行く道に幸あれ！卒業おめでとうございます！	0	Pudding Jor	0
0021	チャイカさんヤバすぎで草	15	髑髏蜘蛛	0
0022	チャイカさんスルーされててかわいそう笑笑	0	オリオン	0
0023	ギバライカの連続殺人犯コンビみたいな会話好き。	5	ミルキー	0
0024	いやほんと草	3	キムワイプーSDSーペイジ	0
0025	久しぶりに見たけどこの配信ってさ実質、女子会だよね	3	現役女子高生俺	0
0026	回線落ち？した人にトレイター擦り付けるの普通にずるくて草	17	pen keita	0
0027	1:39:49 草	12	Ordinary Neko	0
0028	1:51:10 チャイカの1の反対ってどういうことやねん笑笑	0	左保	0
0029	好き、	0	・ゼウスさんチャンネル	0
0030	チャイカが、曲の前半歌いきりそうになるところ好き。	1	toho nikol	0
0031	江良ちゃんいい子だなぁ	1	のえるてゃん	0
0032	二戦目家でほんひま追放しようってなったときにえるえるの歯切れが悪かったりとかヒントはあったから惜しかったね	1	エルミナ	0
0033	1:29:00 ギバライカがトレイタ―	0	うべー	0
0034	ギバラ正論すぎる	0	Takuya S	0
0035	今更視聴勢なんだけど、このゲーム定期的にやってくれないかなぁ？ARKとかあつ森とかマイクラとかその他色々時間かけなきゃ楽しめないコンテンツがありすぎてこっちには時間割けないよなぁ...	4	藤堂迅	0
0036	クリアが絶望的でむずかゆくなるけど、だからこそ事故が起こりまくるのが楽しい	1	アビガバ	0
0037	1:43:50 アナイアレイション【突然変異クマギバラ・メイジ】	0	master key	0
0038	ギバライカ最強。	6	コー太郎	0
0039	ギバライカてぇてぇ どっちの動きも普通にうまくてびっくりした	8	dotism	0
0040	チャイカさん掻き回すのうますぎ（呆れ	4	アリムARIM	0
0041	1:38:50	2	コーラアップ	0
0042	2戦目のひまちゃん序盤の「お肉取ってくるから先行ってて」の言い方が明らかにトレイターぽくて実際トレイターだったの草 えるえるはトランシーバー持てないって言っちゃうの草  そしてギバラは別にぽんこつではない この中で一番プロジェクトウィンターしてたと思う	22	ryu 1	0
0043	人の話聞かない上にパッションで押し通そうとするのほんと草	0	鯖の水煮鯖の味噌煮	0
0044	郡道1人だと寂しいんだなw	0	Ayase zz	1
0044-001	全体的にポンコツレベルが高過ぎて普通にポンコツのギバラが相対的に普通になるの草	0	Ayase zz
0045	チャイカだけ男か… 裏山やな…	5	yusuke	2
0045-001	curry green それはチャイカパイセンの台詞じゃあ無い	0	Arbor haine
0045-002	オカマじゃい	6	curry green
0046	おつえら〜！ トレーターで楽しそうなギバラ見れて すげぇ楽しかった‪w‪w ギバライカ最強！ギバライカ最強！    明日刺されるのか...悲しいなぁ... さようなら...ギバラ	8	アヲノ#調子極端	0
0047	1:38:51　イェイ！がぶりえら～！ 1:43:49　めいちゃん？？？    がぶりえら不仲説出ましたね…。 そして、今回江良ちゃんが優秀過ぎて、 タイトル回収までしたのホントスゴい。 ぜひ、全編通して見て頂きたい！	14	どん!	0
0048	なんか他の人が喋っててもすげえでけえ声で負けじと話すね	10	ぷりもん	0
0049	Why do look like u hit the boof every time u smile	6	Kazumoii	0
0050	自分用　1:38:50　1:39:52　1:42:24　1:58:32	1	らむｗｗ	0
0051	実際ギバラは要所でまとめてたし、しっかりプロジェクトウィンターをやろうと頑張ってた 童田江良、某夢ネズミみたいで好き	1	佐藤裕也	0
0052	ギバラがちゃんとお姉ちゃんに見えるんだけど俺は夢でも見ているのだろうか	0	死神パフェ	0
0053	全員知識量が圧倒的に足りてないので、練習する前にまずは解説動画を見たほうがいいと思う_(:3 」∠)_	7	あるま	0
0054	さては清楚系ほどポンコツ…？ それならギバラがポンコツじゃないのmo…  う゛っ…	1	ネ申イム	0
0055	1:28:58 ここからギバラのみどころ開始ネタバレ注意 52:16から始まる2戦目を見てから視聴することを強くおすすめします。	8	Cビタミン	1
0055-001	助かる	0	貫者
0056	2戦目はチャイカがリオン様とめいじーちゃんと自分がトランシーバー持ってるって家で言ってるのに聞かないから 話を聞こうとせず殺すのはプレミかな？ あの時リオン様とチャイカの話に一様参加してためいじーちゃんが言うべきだったんかな 別視点だとチャイカがマーベルの話してる頃にめいじーちゃんも少し喋ってたのに 今回はあんまり狂人じゃなかったと思うな周りが話し聞かなかっただけで ちなみにチャイカ狂人即吊りはメタ発言だから一様やめな	15	白樺セイ	5
0056-001	正直チャイカのおかげでくそ面白かった	8	、あげ
0056-002	rainandgetsugu10 ？	3	虎寺シル
0056-003	@虎寺シル それが？	0	ああ
0056-004	白樺セイ  一様じゃなくて一応では？ あ、クソリプごめんなさい。	2	ゆきぽよ
0056-005	白樺セイ 同感。 なんか、チャイカさんをリア狂にしようとし過ぎてるのが不可解で、気持ち悪かった。 チャイカさんの話をシカトするっていうネタなんだろうけど、やりすぎた感は否めない。 チャイカさんがとても楽しんでいて、もっと話したがってたのに、ガン無視してたのは流石にやりすぎだと思う。 チャイカさん自体は気にしてないと思うけど、その視点で見てて感じた一般人の意見として残しておきます。	8	虎寺シル
0057	話せずにリア狂チャイカを殺したのはプレミかなー	0	えいこー	0
0058	そんなん誰も気にしてないかも知んないけどこんだけ人いてもしっかり自分をアピールしてキャラを出し切ってるギバラは凄い。これからも頑張れ！！	0	たろう。。	0
0059	めっちゃ有能だったしちょっと得意げになるギバラ可愛かった	2	ちゅーたgame	0
0060	今回はギバラの思い切りの良さがいかんなく発揮されてて三戦通して流石だった 後個人的な話になるけど途中ガチで人狼を観戦してるような気持ちになっちゃってチャットで持論展開したの本当に申し訳ございませんでした 周りからみたらただの荒らしだったのは自覚してます	25	クルール	1
0060-001	クルール 自覚できてることが立派 偉そうなのは許してくれ	9	d ys
0061	ぽんこつ推理やめとけな	2	ラフワイン	0
0062	このゲーム見るの好きなんだけど何もしないでもサバイバーが野垂れ死ぬのはつまらないからもう少し理解してほしいとは思う。なんのゲームもそうだけど理解してからやればより楽しめると思いますよ。わちゃわちゃやってるのは大好きなのでより良い次回作を楽しみにしときます	9	一華菊咲	13
0062-001	もっと洗練されて欲しい欲はわかる。それ故にこのゲーム、定期的にやってほしいなりなぁ。回を追う毎に上手くなったら、見所も面白味も歴史も増すぜよ。つよつよコンテンツ化することが１ファンとして最大の願いでござるよ	1	藤堂迅
0062-002	@ヨシノ これは第二回の伏線…⁉️	0	、あげ
0062-003	ぽんこつって自然なのかな...?	0	kyK t_
0062-004	ここでもう一度言うね。 "ぽんこつ"雪山(第1回)許して。	15	ヨシノ
0062-005	@ヨシノ 初心者にフォローいれたり地味な素材集めしてる童田とかｷﾞﾊﾞﾗに比べたらふざけまくってるﾁｬｲｶはそりゃ面白くなりやすいよ 少しは協力しないとｷﾞﾊﾞﾗたちの撮れ高なくなっちゃわない？	0	佐藤ライフ
0062-006	私はサバイバー側もトレーター側も工夫が足らないように思ったよ。自分がトレーターだったらただせっせと材料を抜き取りまくって最初の発電所を遅延するだけでも絶対誰も気にしてないからバレないと思ったし例えバレても 逃げて堂々とトレーターボックスを開けに回れば発電所の遅延が痛すぎてもう時間が間に合わないレベルだけど念の為地雷なりなんなり仕掛けてれば勝手に野垂れ死ぬと思った。トレーターはトレーターでバレない事に重点を置きすぎてて何の作戦もなく強化もせず銃すら持たず最後まで皆と行動して倒すタイミングが無いから脱出する間際に近接武器で悪あがきしても時すでに遅し。そもそも最後まで何もしないのは見てて面白くない。  不正に敏感になってるサバイバーをどうやって出し抜くかとか殺すかとか考えて嘘ついたりうまくおびき出したりそういう工夫して初めて面白い試合になるだけに洗練していってほしいと願っている。役割分担と情報交換、不正をさせない努力をもう少しうまくやれば間に合わないなんて事は絶対にないから頑張るんだ	0	一華菊咲
0062-007	@佐藤ライフ 何人かはって言ったはずだけど。 チャイチャイ視点生放送では同接1番多かったし再生数もひまちゃんとツートップだから面白いっていう根拠があるぞ。 気に入らないからなのか知らんけど批判良くない。	9	ヨシノ
0062-008	@ヨシノ チャイカは2回目じゃなかったっけ？試合を面白くするんじゃなくて自分が面白くなることばっかりでギバラが真面目にプレーしてまとめるしかないから負担でかかったんじゃないかなあ おいしい役でもないし	1	佐藤ライフ
0062-009	@佐藤ライフ そこそこやってるギバラと初心者を比較するのは酷だよ。何人かは初だし。	3	ヨシノ
0062-010	みんな自由すぎて試合にならないからギバラが頑張ってたしまとまった感がある チャイカとか少しは素材集めとかプレーをしてほしかった	1	佐藤ライフ
0062-011	批判かと思ったけど普通に良いアドバイスで良かった(小並感)	0	アズキアライ
0062-012	Ponkotu yukiyama yurusite...	8	ヨシノ
0062-013	一華菊咲 waratte	4	ふうこう
