0001	19:49くらいのあ゛ｱって声で一瞬でファンになった。	452	イージャン	1
0001-001	あの声はファン作成ビーム 略してファンサだからね ファンになるのも仕方ないねうんうん	20	からあげ専門店大柴
0002	1:46:34 しんみり曲にりあむ入れて見たくね？  ギバラもリスナーもこんなことになるとは思ってなかったのである	362	siwa wakame	0
0003	14:16  え〝っ〝ぢっ〝っ〝っ〝	204	ゔんた	0
0004	14:15 敷かれたカエル	261	みうら先輩	2
0004-001	ダイナモ分かってんだろうけど・・・ (田中)マー・・・あんまり言うと俺より目立つから・・・嫌なんだけど(本音)	1	自分の事を吉良の同僚だと勘違いしている一般男性
0004-002	今日はスペシャルゲストォ…	4	エメリッヒ博士
0005	20:45 対魔忍ギバラ	342	ゆー	2
0005-001	魔族もドン引きなんだよなぁ…	6	Yossy 97
0005-002	声が低すぎる対魔忍だなぁ・・・	11	紅閻魔
0006	ミスで発狂するあたり音ゲーガチ勢なんだなって思うw	161	たかや	0
0007	りあむとギバラってちょっと方向性似てない？ 燃えそうな所とか。	148	田井中律	5
0007-001	田井中律 ギバラはギバラPだった……？(哲学)	0	結城鈴凛
0007-002	@結城鈴凛 つまり、俺らはりあむを応援している…？	2	田井中律
0007-003	田井中律 ファンから一見ボロクソに言われてるようでよく見たら愛されてそうなとこも……	9	結城鈴凛
0007-004	@結城鈴凛 わかりみ深し。	1	田井中律
0007-005	汚い声で推しを応援してる(そうな)所も似てる	8	結城鈴凛
0008	18:47	127	・Y O	1
0008-001	有能	6	おいしさ やばげ緋色の鳥よ
0009	20:46 ガバ穴ダディみたい	110	aiueo 777	0
0010	｢夢見りあむ｣×バラード、ベストマッチ現象。りあむのバックストーリーとか、彼女がアイドルに込めた思いを知れば知るほど、想起すれば想起するほど。バラードの歌詞が彼女の想いと重なって泣きたくなるんですよね。そんな訳で、  あのギバラも泣いた。君も泣こう。1:46:34	89	見当	0
0011	アイドルのMVを見に来ていたはずが、いつしか限界ボイスを聴くために来ていたことに気づく	89	* omiso	0
0012	右下のアイドルがなんだかんだで可愛い説	150	サラダにょー	5
0012-001	ロリコン限界オタクでおっさんの発狂芸人しか見えないんだが…	0	消池友喰
0012-002	それは絶対ない(断言	0	ベニートムッソリーニ
0012-003	アイドルに失礼	6	かくりっぷ!
0012-004	おっさんの間違いでは？	9	年中暇なヤツ
0012-005	芸人の間違いでは？	21	ヤックルン、
0013	例の6万円カリムくんと同じ人だったんだ…(Twitterから)	17	みぽ	0
0014	18:53あ”あ”あ”あ”あ”ｱｯ... 八重歯がかわっ... ｵ”ｴ”ｯ”	9	Chari	0
0015	自分用  切り抜き 17:13 りあむ限界オタク最初から	2	CHOCOLATE効果	0
0016	19:49　偶然オススメに出てきた配信でここを見なかったらVtuberにハマることはなかったと断言できる。 デレマス好きの自分にとってここまで自分の好きな作品愛してくれる人が一番初めに出会えたVtuberだったのは大切な思い出です。 江良ちゃんありがとうね。	1	鮭鍋佐門	0
0017	魔法の解けたシンデレラと、魔法をかけ忘れたシンデレラでお似合いやなww	5	あずきバー	0
0018	18:37 自分用	19	しばじい	1
0018-001	助かる	0	興味ないね
0019	これが限界。友達にもいるけど流石やわ 限界の人達傍から見たらやばいけど本人超楽しそうなんよね	33	リア。	0
0020	りあむのソロ曲出ましたよ！！！鑑賞しましょう！！	13	ピニエルアル	0
0021	限界化してる人はぼくの心に沁みますね……	23	おおつか	0
0022	これは神回。りあむは可能性の塊。	32	アボアボさん	0
0023	前のデレステ配信から始めた初心者 だけど、この放送のおかげでもっと 好きになれた......ほんとにありがとう	49	アヲノ#調子極端	0
0024	りあむ鑑賞会に見せかけたギバラの限界を見守る会だった。これからもどんどんしてけぇ？	25	たこわさ	0
0025	18:42ほんへ	4	weak Player	0
0026	20:03 ギバラもこれからもずっと笑顔でいてくれよな。幸子とりあむのプロデュースは続けて欲しいなぁ(願望) お疲れ様でした!&御伽原 江良さんのこれからも応援してます!	1	夢咲シノGo / MusashinoGo	0
0027	ギバラのすごい楽しんでる様子がリスナーに伝わってくるからデレステやってみようかなって気にさせてくれる やっぱりギバラといえばデレステなんだよなぁ	27	アムカン	1
0027-001	それ	2	のっぴ〜
0028	今ツイッター見てたら　ギバラ、りあむ(の中の人)とラジオするらしいじゃん　おめでとう！！	10	エルザドルP	0
0029	りあむ曲きたぞ！良かったなギバラ！(報告)	12	覇道ガイ	2
0029-001	よっしゃ！シンデレラ！ (御伽原江良設定)	2	覇道ガイ
0029-002	うん○ーー！	2	オリヴィア兄
0030	「口角眉毛まで上がってそう」で死んだんだよなあ	2	おめそ	0
0031	りあむ表情ずる過ぎる…可愛い 3位も納得だわ	16	テラノタケ	0
0032	夢見りあむcv御伽原江良 来い！	10	サラダにょー	0
0033	江良ちゃんアイドルになったら絶対パッションだから実質りあむ	4	もげきなこ	0
0034	これは間違いなく神配信 結局終わるまでずっと見てしまった エモエモのエモでした	10	終点雲雀丘花屋敷	0
0035	ボイス付いたら泣いちゃうとか言ってたのにラジオ共演まで本当におめでとうございます	9	アシマリ	1
0035-001	シンデレラになっていくストーリー	1	hi- muro
0036	ツッコミどころ多過ぎて大変(´･∀･)	2	もちおもちチャンネル	0
0037	右下うるさいな笑()	2	もちおもちチャンネル	0
0038	どうしよう、心の中でギバラの方をりあむって呼んじゃった……	3	ナンなんだよ	0
0039	夢見りあむをすこれる良い配信だった 早くボイス付かないかねぇ	9	Setsuna	0
0040	ギバラちゃん可愛い	3	sak u	0
0041	幸子「解せぬ」	7	まさおくん	0
0042	初見でした。デレステいいよね 面白くて一緒に楽しめましたありがとう	2	superego	0
0043	たまに見に来てしまう…	3	いっちー	0
0044	あなたのおかげでりあむpになれました 本当にありがとう！	1	白米	0
0045	全員が限界オタク化してて草	2	島国領光速ダブルス	0
0046	1:54　開始	1	十六夜蘭	0
0047	所々ダミ声出すの草 限界オタクってどこも同じ様なもんなんすね（すっとぼけ）	1	ま	0
0048	美少女回転寿司バイト草	3	ズポン原教祖	0
0049	になちゃんとかざきの人がちょっと似てるもんね	2	ギュス	0
0050	これでえらちゃん知ったなぁ	0	える	0
0051	サウスパーク思い出した	0	アオイトーリ	0
0052	りあむって入れたら一番上に炎上あるの草	5	のっぴ〜	0
0053	りあむと凪と森久保のポエム三人衆もええぞ	2	海乃森,	0
0054	りあむの魅力のプロデュースとしてこの上なく良質な動画やんけ……すこるわ……	8	青二才	0
0055	御伽原江良、すこだぞ	7	日陰	0
0056	fascinateのcharm the worldのところがジャーンジャージャーンにしか聞こえなくて？？？ってなってた	0	佐藤心担当P	0
0057	りあむと江良ちゃんが重なって、見てたらちょっと涙が出てきちゃったやつ……。 意図せずおねシンMV視聴中に０時迎えるシンデレラ！りあむの良さを精一杯語るところも見どころだねえ！！ クール曲とりあむをかけ合わせたしんみりあむが思ってた以上に良くて、りあむも江良ちゃんも好きになれるとてもいい配信でした！２Ｄリッチも良き！ 江良ちゃん、すこだぞ	39	ユリ	0
0058	おもしれー女	0	ココノエ	0
0059	リアタイで見たかった	4	のっぴ〜	0
0060	1:06:20	5	muku muku ochinpo	0
0061	終始右下が騒がしい配信だった（褒め言葉）	2	鮭の塩焼き	0
0062	1:59:27	4	SRIN	0
0063	綺麗だけど汚い俺ら	0	ねずみチンチラ	0
0064	江良ちゃんはもう死んだ	11	わため印のすいそすい	1
0064-001	最初からいなかったのかもしれない(哲学)	0	結城鈴凛
0065	右隣の子新しいアイドル？	1	ああ	0
0066	開始 2:22	7	コマド	0
0067	デレステ配信好きだわ〜	1	柴犬	0
0068	1:53　開始 2:54　デレマス総選挙振り返り 6:45　└りあむの総選挙コメントについて  10:34　MV観賞開始　りあむMVでないものは（）で表記 11:55　Max beat （イベントオリジナルメンバー） 17:14　はにかみdays　⭐ 21:21　き・ま・ぐ・れ☆Café au lait! 25:42　メルヘンデビュー！ 31:40　新曲AnemoneStarのMV解放のために生配信でMAS初見特攻するギバラ 35:50　AnemoneStar（渋谷凛） 38:42　みんなのきもち（仁奈ちゃんとちびっこたち） 41:59　秘密のトワレ 46:42　楽園［縦画面］ 50:11　With Love  53:17　りあむコミュ観賞　⭐  1:07:50　きゅん・きゅん・まっくす 1:11:41　Happy New Yeah! 1:16:47　shabon song 1:20:01　Palette 1:24:35　Fascinate（VelvetRose） 1:29:58　凸凹スピードスター（2Dリッチ） 1:32:48　きゅん・きゅん・まっくす（2Dリッチ） 1:35:40　きゅん・きゅん・まっくす（2Dリッチ） 1:38:43　O-Ku-Ri-Mo-No Sunday!（2Dリッチ） 1:43:31　銀のイルカと熱い風（幸子・唯・奏）  御伽原江良が見いだした「しんみりあむ」という魅力 1:46:32　in fact　⭐ 1:50:17　薄荷 1:53:19　Last Kiss 1:58:22　お願い！シンデレラ  2:03:20　オチ  ⭐は特にオススメ	262	青二才	0
0069	サムネ見てコラボかと思ったら案の定...	1	アザラ椎名	0
