0001	3:15:50 リミ10パフェ達成	51	-saki-咲	0
0002	3:18:54 今回の絶頂	13	通勤特快許可局	0
0003	世界で一番ギバラがかわいい	25	吹雪素人ちなvtuber	0
0004	本当に精神力の強い人だぁ 前日からの長時間配信もあるから尚のことすごいと思うわ      つい触発されて リズム天国ゴールドオールパーフェクトチャレンジ始めたけど、ピンポン2とモアイソング2がクリア出来ねぇ  御伽原の凄さが改めてわかった	36	竹中フィッシュ	0
0005	さて次は3Dsですねﾆｯｺﾘ	12	きっきー	0
0006	あとは初代と3DSだけだな！	11	天キノ	0
0007	1:44 清楚開始 1:39:46 1:40:58 ここのせーのがドキッとしました	15	ノワール	0
0008	すげえよ…感動で言葉でないってこういうことなんだな	13	金城龍彦	0
0009	2:23:46 リミックス 8th パーフェクト	4	T. K.	0
0010	3:02:34 ここ好き	4	maeda shioli	0
0011	ギバラの気持ちいい時の顔は本当にかわいいなぁ…(語弊) やっぱりリズム感つよつよだね！おめでとう！	9	ぺったんぺったん	0
0012	前日のしょぼん耐久で喉をやったのかいつもよりかわいい声の御伽原さん	2	いろじろ	0
0013	モアイのときウオォウオォ言ってるマジで可愛いから好き	8	遊.	0
0014	かわいい(勝訴)	5	今年も全てをぶっ壊します。	0
0015	コーラスのあーとわーをまとめて欲しい笑笑	0	ツナマヨ	0
0016	1:18:17 ロボットが爆発するの初めて見た。入れすぎるとあんなんになるんだね 3:15:11 コメント欄にさりげなく犬ゥ！！！！！！！！！！！！！！１って言ってる奴がちょっと混じってて草	7	abababababababa	0
0017	求愛に弱いギバラ	3	あっとだいす	0
0018	自分の感覚が狂ってきたのか…それともギバラさんが狂ってるのか…	12	、シウソム	1
0018-001	大丈夫、ギバラが狂ってる	0	渾名
0019	勉強しながら聞いてた(｀・∀・´)エッヘン!!	0	おかせい	0
0020	少し買い物で目を離したら、終わってた。それぐらい早くて、びっくりした笑	12	久瀬	0
0021	素直にかっこよかった	1	神奈川のM	0
0022	リズム天国RTA待ってます(？)	2	蜂乃蜜味 の はちみつCh.	0
0023	23:00 煽ったぁ！煽ったぁ！	2	--マサオ	1
0023-001	動きといい草しか生えない	0	--マサオ
0024	しょぼんで大絶叫してた人とは別人のようだ！	4	納豆猫	1
0024-001	「死ねぇぇぇぇぇぇぇ！！！！！」	0	Re:layd【精度】
0025	え？「はい、おっけい」かわいすぎん？？えらちゃん結婚して？？	0	ゆたろん	0
0026	ギバラかわいいよ	0	もちだのひと	0
0027	今VTuberの中でえらちゃん一番好き…汚い声も全部好き…(:3_ヽ)_	1	ゆたろん	0
0028	こういう耐久だからこそダメになるんだよなぁ...	1	歴戦嘔 吐龍スコヤカーナ	0
0029	いつ見てもしゅげえんだよなぁ…さすギバ	1	ノアゼ	0
0030	apチャレンジしたことないからピンポンゲーだと思ってたけどモアイこんなにやばいのか……	0	肌荒れbot	0
0031	リズム天国ザ・ベストプラスのAPは同じゲームがあるからちょっとめんどくさくなりそう チャレンジトレイン全クリして♡	0	abababababababa	0
0032	自分用 3:18:54 3:04:43	0	らむｗｗ	0
0033	3時間って少なくね？	1	パフ坊	0
0034	犬忍者のミスが多かったのは最早いぬいの呪いと言わざるを得ない(暴論)	4	A Blue.	1
0034-001	あっ…	0	Re:layd【精度】
0035	クソがぁ”で草 本当におめでとう！！！！！！！！！！	1	Re:layd【精度】	0
0036	御伽原、かっこいいぞ	1	コマド	0
0037	おつえら〜！ ほんとおめでとう！！🎊🎉 良質な耐久配信だったね！！ 3時間半でAPとはリズ天の申し子！ この脳汁ブシャー感やっぱいいねぇ これぞ耐久の醍醐味！！！ ほんとにおめでとうぉぉ！！！！	2	アヲノ#調子極端	0
0038	DSのリズム天国めっちゃ懐いなぁ…	0	*雪見大福*	0
0039	ギバラ🗿クリア回3:02:34 🗿絶頂3:04:43	3	ぱなしん	0
0040	わいの小学生の頃叶えられんやった APの夢をこうやって ギバラが叶えてくれて嬉しい限り😂	2	こじこじ	0
0041	自分がwii版やってないからどれだけ凄いのかピンとこなかったけど今回見てわかりました。化け物だ…  次のシリーズも楽しみにします	1	しぐ	3
0041-001	恋の実験室もなかなかシビア	0	O. Y
0041-002	Re:layd【精度】 モアイ2永遠にクリアできなかったのでギバラでも終わらないんじゃないかと思ってたんですけどね…	1	しぐ
0041-003	DSのリズ天はWiiの3倍ぐらい判定シビアですからね…	1	Re:layd【精度】
0042	ラブコール18回もあの判定があるのきつ過ぎひん…？	2	abababababababa	0
0043	3時間半…？流石に少なくないですか…？ (感覚麻痺)	7	閃いたニキ	1
0043-001	わかる(感覚麻痺)	0	天キノ
