0001	29:00 にじさんじの闇	64	z n	0
0002	12:56 みんなジャンプするの笑うw	6	Masha	0
0003	12:56 這い上がろうとする底辺を一掃する電車、まさに日本の縮図ですな。	12	Chappieeeee	0
0004	バカうどん先生…………いいよねギバラ。	15	ねむのき	0
0005	ボコボコりんっ！ 30:19	34	小暮	0
0006	カップ麺作るのと清楚な声出すこと以外そこそこなんでも出来るギバラが下手なの可愛い	21	雪玉	0
0007	めちゃくちゃこの四人すきまたしてほしい😞👼	13	しらん	0
0008	沢山の奇声もといギ声が出て終始草だった	11	モッチーズ	0
0009	ちゃんとボコボコりんっ！から変えてて草	9	クロムチャンネル	0
0010	ギバラは殴る分殴られるから安心できる	12	コマド	0
0011	神コラボか…	3	MM1129	0
0012	なんというか、今日の角度めっちゃかわいいね	2	kazuki	0
0013	いやぁ、いい殴り合いだった	2	天キノ	0
0014	ぼこぼこりん、使っとるやないかい	6	露天風呂	0
0015	めっちゃ良かった…	7	Jokerを愛し、Jokerに愛された男	0
0016	やっぱさくゆいのてぇてぇは独特だなw	1	大根が嫌い	0
0017	えら 牛 先生 酸素ボンベ ささ ペンギン しぃ 帽子  やんな？ ワイ、アホやから色変わると誰が誰かわからんくなるから、メモさせていただく。	5	. Luis	0
0018	笹だけパンチぶっぱなしてて草	0	音ゲー投稿	0
0019	めっちゃいいわただそれだけ。	1	Ayumu channel【Japan America europe】	0
0020	ギバラ、スマブラのドンキーやん	1	ととろ	0
0021	この4人でHAVOCADOやってほしい	2	ACCA	0
0022	39:15 の やったぁ！！すき	6	ふらのY	1
0022-001	ふらのY どこ？	0	大根が嫌い
0023	これPS4かスマホに出ないかなぁ	0	やぎ肉	0
0024	短めで見やすく、内容もめっちゃ面白い こういうのが1番！！最高でした！！	0	チート次郎	0
0025	知るかバカうどんはまずい	5	大内	0
0026	サムネ知るかバカうどんやんけ 良いよね	4	Janko	1
0026-001	じゃんこじゃんこ リョナラー歓喜	5	しるこサンドRICE
0027	ギバラこのゲームだけ下手すぎん？	0	はなむう	0
0028	ボコボコにされてんねぇ！	1	第二のてんねる	0
0029	夏ボイスって江良ちゃんかギバラどっちなの？	4	大豆の妖精	2
0029-001	やっぱそっちか... ありがとうございます！	0	大豆の妖精
0029-002	江良ちゃんやろ	0	おたく
0030	毎ラウンドの勝者 4:10  sasa  4:47  gibara  7:31  sasa 8:30  yuika  12:08 mirei  13:10 draw 13:36 sasa  15:35 sasa  16:04 sasa  17:00 sasa 18:40 draw 22:25 yuika  24:00 mirei 26:00 yuika  27:14 draw 27:55 sasa  33:15 draw (さくゆいてぇてぇ) 38:05 sasa （椎名のネットワーク中断） 38:32 draw 39:16 gibara 40:30 sasa	13	BlanK	2
0030-001	笹木強すぎて草	0	X Bladra
0030-002	BlanK ギバラってかなり初期の頃に勝ってたんだw	0	大根が嫌い
