0001	1:02:00推しからの投げちゅで嘔吐する女	133	おちお	0
0002	1:01:48 ここほんと笑った	228	霜桐ヒロ	0
0003	この頃はまだ、声を作ってたんだなぁ･･･	18	鈴木鈴木	0
0004	1:02:00 ｳﾞｫｳｴ゛!!!!!!!!!!!!!!!!!!!!!!!!!!!!!!!!!!	135	T K	0
0005	１つの動画に喜怒哀楽が全部入ってる。 一部限界超えてますけど。 2:12:45で救われたいいEDだった。	134	蘇化子	0
0006	1:00:00 新MVに推しを入れて限界を超えるギバラ	89	ヤマノシン!	0
0007	1:54:10　ほんと笑う	179	川越かずき	1
0007-001	マジ草	1	*Y
0008	1:27:24 ・・・何が生まれんたんすか？魔物ですか？	54	みよし【めておふぉーる】	0
0009	ここまでガチャに心を捧げる人間は亀井P以来です	48	あお.	0
0010	ピザポテトを5袋食べた配信で、SSRが5枚出た・・・　　これはピザポテト教の誕生の瞬間ではなかろうか	47	ｋｘｃｘ	0
0011	1:56:56  ガチでゲームする時ジバラになるのほんとすこ	42	りん	0
0012	オーディオコメンタリーしてる人みんな限界になるな……	15	微量	0
0013	今回のフェスで１枚もSSR引けてなかったから、最後の２枚抜きでスマホ落としたわw	14	葉月	0
0014	にじさんじでガチャ引く人達は最後しか引けないみたいな呪いでもあるのか	10	KS	0
0015	これが俺たちのにじさんじなんだよなぁ 欲望に忠実なの好き	17	鳥海有子	0
0016	つぼみ辺りから何回も見返してしまう。取れ高が最高の神配信だった	3	もみ爺	0
0017	にじさんじは毎回どこからこんな珍獣を連れてきてるんだ	16	なおくん【雪民】	0
0018	やはり私はオタクが好きらしい	28	明夜	0
0019	前半の爆死は可哀想だけど最終的にキャラ出てよかった  楽しそうにアイドル鑑賞するギバラよかったぞ	22	サラダにょー	0
0020	まだやってた頃に李依菜が出なくて病んでたことを思い出してトイレ行った	3	わっふぃー	0
0021	古い順に見てるけどまだえらちゃん	0	アナルくちゅくちゅ揉んだメン	0
0022	途中胃が痛んだけど、笑って泣けて、令和の始まりを告げるにふさわしい配信だった	41	* omiso	0
0023	どこぞのオーディオコメンテーターだよ	10	ぶたひつじ	0
0024	一回の配信で、喜怒哀楽全てを振り切る女	2	korin korin	0
0025	たまに出るシンジくんみたいな声すこ	10	ウーピーゴールドバーグ	0
0026	一袋139カロリーか．．．	7	辻野真士	0
0027	智絵里をスコれ	5	まさおくん	0
0028	1:27:06　「ラブストーリー(美声)・・・ロリ達とのラブストーリーが始まっちゃう	1	らむｗｗ	0
0029	2:35　めいじーのアピール（どアップ）は可愛かったのにギバラのは・・・	9	キムワイプーSDSーペイジ	0
0030	まだこの頃は江良ちゃんの片鱗が残ってますね	0	C D	0
0031	スキ スキ スキ あなたがスキ だって運命感じたんだもの ドキ ドキ ドキ 胸が鳴るの この想い 絶対 伝えたい チュ チュ チュ チュワ 恋してる	15	シスター・ゴリア	0
0032	限界化すると素の声が聞けて我、満足。  「この幸せはお金で買えるんだよ」似合いすぎて草生えた1:43:10	65	shou FS	0
0033	今と声全然違くて草	1	ムウ	0
0034	途中ただただかわいそうで草も生えなかったわ	1	爆裂魔法の申し子	0
0035	女子寮の名前ママなの笑う	1	たかや	0
0036	さすが、にじさんじのやべぇヤツやな…	1	きーぼー	0
0037	えらちゃんおめでとう・・ 妬み低評価で笑う	21	たっちゃん	0
0038	バ美肉って話本当だったんですね！	5	くさなぎ	0
0039	1:57 開始	0	七世なな	0
0040	ノルマ教と見せかけて、実は食べたピザポテトの数教	13	South Big	0
0041	一年前はまだ可愛い声出してキャラ作ってたんだなあ	0	くまごろう	0
0042	限界ボイス、誰かに似てると思ってたけど、ようやく分かった……柳原可奈子だ……	16	ひよけむし	1
0042-001	分かる。（わかる）（wakaru）	1	クルトン_ShinShin
0043	ピザポテト食いすぎだぞw	0	カッキー	0
0044	初コメントです フェス限こっひー、むじおむかえおめでとうございます。	1	こんにゅ	0
0045	動物園に来たみたいだぜ〜テンション上がるな〜	6	Tomoya Kaji	0
0046	違うゲームのフェスで大爆死した記憶が呼び起こされた	1	RoyRoid0208	0
0047	この配信の最後から二番目の曲ゆず感ありますねぇ	3	ネロ・アンジェロ	0
0048	37:15 この辺りから見るとかざちゃんと尊ママのコメントが見れます	36	和辛子	2
0048-001	鎖骨にJISマーク 👍	0	和辛子
0048-002	和辛子  有能	1	ああ
0049	おつえら…ほんとにおつえら…	6	お米大臣	0
0050	この頃はまだえらちゃんの時？？ギバラちゃんが生まれてなかった時かな？？？	0	俺氏	0
0051	1:54:05 ちく	12	zǝɯɔɹɐ	0
0052	ォ！	0	かみ	0
0053	こっひおめでとう！	5	墨樽	0
0054	ギバラは全部かわいいよ。かわいいよギバラ	0	もちだのひと	0
0055	ママ寮に草しか生えない	0	お茶山	0
0056	ギバオジとミコオジ（ホロライブさくらみこ）でコラボお願い致します。 限界民のコラボ、、、見せてくれっ！！	1	星宮GameChannel	0
0057	MVで亀井ゆうま出てくんの草	3	えりしゅ	0
0058	なんでギバラこんなに可愛いの？	1	Y o R u K a	0
0059	MV流れてる間ずっと喘いでたり 嗚咽してたけどこれが普通なのか……？ クスリかなんか決めとんのかギバラァ！	11	不屈のもなか王田中	0
0060	1:54:10	2	reishi -	0
0061	53:22 個人用 55:17	1	蒼燕白狼	0
0062	体調気よつけろよ	6	あっとmark	0
0063	まだえらちゃん	0	たると	0
0064	生主の声になっててワロタ	3	a a	0
0065	100連分用意できるなら300連用に貯めてどうぞ。    できるわけねぇよなぁ‼︎(ガシャガシャ)	7	ヤマノシン!	0
0066	初手草彅剛	4	アジアンテイスト	0
0067	永井てんてー想い出したｗ	2	岩井浩	0
0068	持ってんねぇ😆 途中かわいそうで見てられんかったけどラストでミラクルおきてホッとした         あまり安く自分売っちゃいかんよwww	6	いろじろ	0
0069	1:01:46 ここすき	5	o o	0
0070	爆死事件は起きずか	3	愛してるギバラ	0
0071	タイトルに思考が追いつかない	2	わたあめ	0
0072	無重力シャトル振付が神すぎる	0	損保	0
0073	ピザポテトはね……胃に来るからね……夜中に無理して食べるものでは無いよな	3	cross	0
0074	にじさんじの亀井夕馬	10	わため印のすいそすい	0
0075	2:12:10  草	5	粉まみれ	0
0076	自分の中で元祖限界オタクが名取だからぎばらの声が名取に聞こえるのは仕方ないはず...	7	チョコボ	0
0077	生まれたわぁはキモすぎて草	0	光乃りり	0
0078	11:48	2	dio	0
0079	ノルマ教すき	2	Una Owen	0
0080	ギバラの嗚咽でオラの息子が元気になっちまったぞぉ！	1	Error 404	0
0081	1:57:00 HOT LIMIT	4	ヒマ人	0
0082	序盤に思ったよ。 2.5kgのピザポテトは重いってね (立て続けに発言します)	1	白ノ宮萌香	1
0082-001	途中で気付いたけど2.5kgって口の中が傷だらけになる気がする。	0	白ノ宮萌香
0083	きらりちゃん担当なんですが きらりちゃんにウェディングドレス着せてあげたいです。 共感しすぎて泣けてきた🤦🏻‍♀️笑  With LoveはマジでPとアイドルの 結婚曲。感謝。ありがとう。  限界オタク申し訳ございません‪(  ◜௰◝  )	0	ああ	0
0084	左乳首のコメント拾ってくれてありがとうギバラ。それでも出なさすぎて、こっちまで泣きそうになったよ……。最後は報われて良かった！	5	ぽぽ	0
0085	1:25:06 産まれる	2	豆腐メンタル	1
0085-001	BANされるとおもった	0	しせ魚
0086	俺は50連近く引いてSSR引けなかったが、ギバラは引くことができた・・・俺の意志が届いたようだな！	5	はなはなはな	0
0087	1:48:28	1	みゃーもりp	0
0088	オタク君達が普段どう見られてるかわかるいい例ですわ・・・	4	えんぶ	0
0089	限界を迎えると太ったオタクみたいな声になるギバラ草	4	海北響生	0
0090	SSRって３％なのでそんなに喜ぶところなん？ いや愛が深いから悶えるのはわかるけど、ソシャゲの確率に毒された一意見でした←   誰か教えて下さいｗ	3	さたん	1
0090-001	（3%の中の0.25位でしか担当が出ないから）	0	ももきちももきち
0091	これ運営に問い合わせたらBANある？	9	Mariam Max	6
0091-001	和辛子 なるほど	0	Mariam Max
0091-002	Mariam Max あ、デレステの運営の話か ライバーになった時にまず最初にデレステの実況許可とった話聞いてなかった？(初回放送で言ってた気がする) 心配しなくても大丈夫だよ	3	和辛子
0091-003	どこがBAN要素なん？	5	さたん
0091-004	Mariam Max BAN原因:限界すぎるため	2	和辛子
0091-005	Mariam Max  どこにBAN要素があるんだ デレステ配信は普通に先人ライバーがやってるぞ	15	アンドリュー佐藤
0091-006	おう、やめて差し上げろ(震え声)	7	不屈のもなか王田中
0092	2:23:25　こいつうぜぇな　こういう発言は絵師さんにとってきつい言葉 失言キャラなのは分かるがその辺りは今後、新しい衣装など用意してもらう付き合いがあるので気をつけようぜ	10	ki ari	13
0092-001	言葉の読み取りが苦手なのかな？ 絵じゃなくて、中の人の人格含めたギバラに対して言ってるでしょ。	1	ももきちももきち
0092-002	人と1度も会話したこと無かったり、本1度も読んだこと無かったりします？ この発言の意味分からないってそういうレベルよ？	2	mf max
0092-003	もしかして、サムネイルはライバー本人が自分で用意している事をご存知でない？	5	ｋｘｃｘ
0092-004	みすとあたっく 煽んな煽んな	0	ヤマガラ
0092-005	萌木にはもう見放されてるんだよなぁ…	4	わがし
0092-006	ki ari まあこの諌めるコメントの趣旨はわからんでもないが多分大丈夫だよ 萌木ママディスじゃなくて、自分のサムネに対して「こいつうぜぇな」だからな	6	和辛子
0092-007	@SKTNihei racist human	1	ああ
0092-008	その発言は左のセリフと表情に対してじゃないかな？ きゅぴぴぴーん❤️とか言われたら殴りたくなるだろ(失言)	4	dryeye
0092-009	もしかして「こいつうぜぇな」ってki ariさんの言葉だと思っている人がいるのか？ だとしたら文脈読めなさすぎだぞ	4	SKTNihei
0092-010	いや、ki ariさんは一応彼女を諌めてくれたんだからそうやってむやみに叩くなよ…	3	SKTNihei
0092-011	偉そうでキミの方がうざいというねｗ 一回自分を鏡で見てみたら(笑)	10	さたん
0092-012	ki ari お前の方が十分うぜぇな	17	わため印のすいそすい
0092-013	どう考えても絵師さんを貶す発言には聞こえないと思うし、この発言があくまでも彼女による彼女自身の人格(この場合はぶりっこする態度)に対する自己評価だと考えるのではなく、その背後にある絵師をも意識してこの発言の是非を考えてしまっている時点で、バーチャルライバーの楽しみ方としては不完全だと個人的には思うな	34	SKTNihei
