0001	なるほど！殺しあうゲームで、ギバラさんの負けだっていうのが今回の内容かな？	5	Noi 00	0
0002	あたまわるわるなギバラはどこ……？	5	マッチョリーゴリゴリウス	0
0003	おつえらがお〜！ 長時間の謎解きお疲れ様〜！ コラボ面白かった...！    閃いた時の嬉しそうな感じがむっちゃ 伝わってきてこっちまで嬉しく なってきたよ〜！	7	アヲノ#調子極端	0
0004	謎を解いて達成感を感じる二人が見れて嬉しかったです。やはりportal2は神ゲー	4	dotism	0
0005	53:13	5	Albert Menguante	0
0006	協力してる感すごかった。お疲れ様！	4	ハナモゲラ危機一髪	0
0007	2画面追うのがやっとでコメできなかったけど面白かった	2	:ホワドリ	0
0008	久しぶりのがぶりえら！ めちゃくちゃ面白かった！ リアルタイムできなかったの口惜しかったな～	2	クーゲルシュライバー	0
0009	お互いがお互いを補って先に進んでいくの良いね良いね！！仲良し姉妹って感じがしてすごくてぇてぇ！！ お姉ちゃん江良ちゃんとそれについていくめいちゃんも最高に可愛かった！！次も楽しみ～～！！！	9	ユリ	0
0010	ホントは観察力があり頭の回転が早いって事は恋愛相談のときに知ってたよ 考え過ぎる癖とすぐテンパる癖を無くし落ち着いてゆっくり考えて判断できる様になると......  いや、やめようギバラ じゃないなってしまうな そのまんまがいいんです	6	いろじろ	0
0011	あほあほすぎてグラたんの皮肉が皮肉になってないの草	1	Bakkii	0
0012	33:08　がぶりえらストーカー事件１ 51:12　がぶりえらストーカー事件２ 51:48　がぶりえら殺人事件１ 53:10　がぶりえら殺人事件２ 54:57　がぶりえら殺人事件３（復讐犯？） 1:00:35　がぶ（ry ４ 1:01:01　が（５  ［捜査打ち切り］  めいちゃん無意識に殺意高くて草。苦手そうなのによくがんばってた。今後も楽しんでプレイしてほしい。 ギバラは割とゲーム慣れ早くて何気に指示や説明も上手で江良い。ちゃんとお姉さんしてた。面白い悲鳴ありがとう。	17	うめんとす	0
0013	江良、江良に会いタイヨ。連れてっテ。江良、江良に会うんダ。 清楚。裁判。御伽原を裁判にカケる。清楚自称罪により有罪。金壺配信を行うのダ。 パ、パパッパ、パパ！清楚！ パパパッパパパッ！清楚！ 江良に会うんダ。 ねェ、レディ。 レディってバ。 清楚。ああ、清楚。江良、江良に会いたいヨ。 江良大好キ、愛しテル。江良会いたイ、江良に会いたいヨ。 おっと、落ち着ケ、落ち着けヨ。清楚警察が来タ。 助ケテ、清楚警察。助ケテ。	7	やまえる01	0
0014	このゲーム今話題のFPSゲームになんかにてる。	1	大根が嫌い	1
0014-001	このゲームの第一作は2007年 かなーり影響力の強いゲームなんで 多分あのFPSにも影響与えてます	1	デシリットル
