0001	42:05　申し訳程度のホラー要素	121	しーーーま	0
0002	22:50　祝ってやる 1:04:44　1:06:57　ハモり	92	ドラピック	0
0003	4:21 ギバラの壁紙	79	リョウタ	1
0003-001	ほしい	1	イケメンクス
0004	ハチャメチャ日本語を｢これは〇〇って事かな？？｣って説明してくれる時にお姉ちゃんみを感じて心停止した。	31	なこ	0
0005	1:40 開始	49	イル / ILL	0
0006	視聴者がツッコミたいポイント全部ツッコミ入れてくれるの好き	33	0925ゲルマニウム温泉	0
0007	1:10:42元に戻ってない説と元からおかしい説があると思います	10	? S	0
0008	27:24「なんだこれ？タピオカか？」	37	Chihiro Account	1
0008-001	ボケて言ったはずなのにw	4	イケメンクス
0009	寿司の向きってなんだよ	12	れんたろー	0
0010	この作者の面白いよね	12	かてくしす	0
0011	14:57   ん？	10	Mr. K	0
0012	1:02:45 奇妙な液体(意味深)	34	dekarucha	1
0012-001	ここの顔ほんと好き	4	きっきー
0013	私は御伽原江良が好きです	16	アヲノ#調子極端	0
0014	アンのシュウに対しての当たりが強過ぎて草	4	エルス	0
0015	20万人記念の後日枠とるって言ってたのはこれかな☺️？	4	ライクライク	0
0016	10:48  自分用	15	まるふぁいと	0
0017	ただ20万人を祝うだけの配信かな？	12	夜桜	0
0018	ビジュアル的に  ハナ・・・笹木（茶髪）  シュウ・・・舞元  アン・・・出雲  影・・・🤔？	6	アジフライ	0
0019	祝恩で草	2	ジェイ	0
0020	私はえらちゃんが見たいです、 なせならばギバラの汚れた声はクソです、好きですが。	2	無慈悲なニンジャスレイヤー	0
0021	初めてギバラさんの配信見たけど面白かったですw	1	mikamika	0
0022	ふんふんディフェンスみたいな動き草	1	処刑者スモウ	0
0023	キヨさんがやってたやつやw	0	Aさん	0
0024	謎のハモリカットインほんと草	1	P- but	0
0025	ギバラ、、、お前を祝ってやる！	2	たなかブライアン	0
0026	ぼく「あなたを祝ってやる」	2	おおつか	0
0027	こういうのでいいんだよ、こういうので	2	神居有羽	0
0028	この作者のホラー隠キャもおもろいで	1	ロロロンド	0
0029	力50パワー10	3	おじさん	0
0030	どうでもいいけど畳の配置が気になるw	0	ケモナーカモナー	0
0031	盛大に祝ってやる	0	HR RSL	0
0032	かわぃぃなぁぁあもぉうあ	1	恐らく人間	0
0033	この人形が自分で企画立ち上げてアニメ会社に売り込みに行ったらいいんじゃない？	0	かみかわなおし	0
0034	こんばんは	0	石井祐太朗	0
0035	登録者20万人盛大に呪ってやる！ なぜなら私はチャンネル登録をした。  べるずさんのゲームで驚いてるの初めて見たわｗ	0	アヒャ	0
0036	取り敢えず日本感を適当に詰め込んだおしくらまんじゅう状態 完全にホラーと言うよりネタゲー	4	よわむしArisia	0
0037	開始  1:39	2	田中スクエア	0
0038	1:08:57 答え合わせ	8	まっしゅぽてと	1
0038-001	口調が現代w	0	たかみかん
0039	結局カゲ何もんやねん	1	みくたふにたろう	0
0040	なんか陰キャのオフ会みたいなゲームだな	1	ゆー	0
