0001	42:30 右下予言ニキ	142	のあ	0
0002	単純に考えたらアンジュで9000円で草	45	めーぷるるるるるる	0
0003	ギバラのコメ欄で言うのもなんだけど、童田かわいすぎんか？	48	フォトンボム魔	0
0004	アンジュ×34「お　ま　た　せ」	58	コマド	0
0005	1:30:30 自分のグッズで落胆しないで	75	チベットスナギツネ	0
0006	27:00 戌亥を捕獲し上目遣いするサイコギバラ	20	摩擦熱	0
0007	1:35:00  お  ま  た  せ	81	ヌカさん	0
0008	23:43 辺り  戌亥「は？」	38	Yurariゆらり	0
0009	1:49 ｽﾀｰﾄﾃﾞｽ	54	胡麻	2
0009-001	助かる	0	ゆき
0009-002	助かる	3	醤油餅
0010	コンビニダッシュ中の怒涛のかわいいコメント草	12	zzZ	0
0011	この放送見ながら買ったからかアンジュがめっちゃ来るんやが… 嬉しいが、そうじゃないんや	3	お絵描き濃厚	0
0012	久しぶりに来たら こんえら〜とかいう挨拶が流行ってるの草	6	若鷹熱男	0
0013	タペスト被りだらけで草	2	春歌いろは	0
0014	第2弾来るかな	2	ほっほほおっほっ	0
0015	ｯｽｰ... 供養としてコメントさせてください。 160回分購入しまして コンプできませんでした... さくゆいリュック さんばかタペストリー 出なかった... ダメだぁﾀﾋんだぁ... (白目)	8	紅かげ	0
0016	1:36:00 この辺りから結果発表	8	claymoremore	0
0017	よく頑張ったよほんとにギバラだった。	9	れんと	0
0018	このスクラッチのギバラさんなんかかわいい	0	葵向	0
0019	おつえら！ コンプ惜しかった...！ てかアンジュに好かれすぎてて草 京まふもあるのにお疲れさま！    コンプ耐久配信待ってます	14	アヲノ#調子極端	0
0020	五回買って笹木さんの缶バッチ五個とは……(泣)	3	マサキ	0
0021	この配信見ながら引いたらリュック出ました！！	6	_ satura	1
0021-001	ワイはベルモンド教に入信したら10回目で一つリュックでた！さんばかリュックだったゾ(隙自語)	0	claymoremore
0022	49:33　ズボン（スカート）を履く  50:55～55:23　コンビニダッシュ記録4分28秒 そしてズボン（スカート）を脱ぐ	66	A me	0
0023	参考までにA賞 （喜ぶギバラかわいい）        14:24     25:58     33:20  A賞の時、銀箔上のChanceの文字赤色になってるか削っている最中削られた銀箔のところ虹色に光ってるんだなー	25	Ray Reixer	0
0024	本当にコンビニダッシュしてたっぽいけど、大丈夫？ その時レジ担当の店員さんがこのアーカイブ観てたら最悪身バレぞ？  まぁ、ンヶ月経過してからコメントしてもアレなんだけどさw	1	さむ	0
0025	個人的に左上が当たりやすい気がした。 今からやる人は自己責任で左上を引くのはありかと思います。 自分は左上でA賞とかB賞とか出たので	0	やー	0
0026	高収入なんだなぁ	7	スターゲイジーマカロニ	0
0027	こんなんに7万とかマジキチすぎん？	2	岡村隆史	0
