0001	44:14 ここすき	46	くらふと	0
0002	2:02　開始	54	June Roku	1
0002-001	出たよ有能くん	0	サーバルさんコメだけで登録者100人目指す人
0003	3:53 ツイート晒し芸すこ	4	そこらの民衆	0
0004	2:01 ここ清楚さんの休暇。	13	ガイジ俺に反応するやつは全員	0
0005	前回の壺から全然進んでなくて安心した さすギバラ	25	雑食愚者	0
0006	サムネの自覚の塊感半端なくて草	11	:ホワドリ	0
0007	悔しいけど、いつも可愛くて面白いなあ💢💢💢	8	吉村康平	0
0008	開始二分で消える清楚	4	銀髪褐色スレンダークールはもれなく天国直送薬物	0
0009	平成最後の怪物ルーキー	9	サラダにょー	0
0010	サムネの子誰！？ 可愛ええやん…	2	芽々	0
0011	猥談あきらめてなかったのかよ、コイツw	4	❰敗中❱	0
0012	新衣装がドレスだったらシンデレラ感出るな〜	4	LEi Alice	0
0013	きれいな月ノ美兎	16	あやかし綾瀬	2
0013-001	矛盾乙	0	Killer Queen
0013-002	ちょっと何言ってんかわからん	0	堕ちん歩党の大逆襲インポテンツ、イマラ.ターザンの気筒包茎炎完治までの奇跡の一週間
0014	（・▽・💠）＜あばばばば！！ （・▽・💠）＜あーばば！！ （・▽・💠）＜ぅあーばばば！！  （・▽・💠）＜天才かぁ？	5	たるぼ	0
0015	これ以上ない芸人魂を感じる。	3	ねむのき	0
0016	サムネの顔やっぱ可愛い 後関連動画に必ず一週間で声変わりの切り抜きあるの笑う	1	グラブル大好きマーン	0
0017	サムネすこ	1	ザフキエル	0
0018	2週間の間に清楚さや案件をかなぐり捨てて芸人街道を疾走する姿に感動しました。	9	どす恋鯉	0
0019	誕生日おめでとぉぉぉぉぉぉぉぉぉぉぉぉぉぉぉぉ	0	スプラトゥーン裏ワザバグCH.	0
0020	やはり天才	1	やみい/朝日奈樒	0
0021	最近ギバラの配信をみると落ち着く なんやろなこんな失言女	1	塩化シアン	0
0022	誰だお前…？	2	sushi	0
0023	戦闘力＞9000？！	1	ちゅうごくじん	0
0024	おしゃぶり？？？  るん！	3	れのあ	0
0025	おつえら～！今日も配信お疲れ様！ご飯食べて元気に過ごせよ･･･ 明日は今日よりも寒いみたいだから気を付けてな２回行動のための体力ちゃんと残すためにも･･･ ちゃんとご飯食べて！	8	ともとも	0
0026	結局一番下まで落ちてそう…	3	雪山とまと	0
