0001	なんでこの子いつも配信終了RTAしてるの？	62	職安マン	0
0002	6:57 見てる俺らは安心し切ってたんだ… スター使って今の順位キープ、次の試合があるって…そしたら逆ドリフトかけやがった…	90	Yamanura ・_	3
0002-001	おそらく最下位の人絶対大丈夫だと思ってキラー使ったのに11位になった時絶対びっくりしたと思う(笑)	6	極蛇
0002-002	まさか一戦目最下位を自らやるなんて思わなかったなぁ	1	kiよもぎ
0002-003	嘘だろ...。 こんな事..あっていいのかよ...。	5	ああああ
0003	25:29  もぅﾏﾁﾞ無理…ﾏﾘｶしょ	16	dekarucha	0
0004	27:07 オラ○ね	11	risuboos	0
0005	何が『余裕やったなW』なのか	5	柚子胡椒	0
0006	33:30最終戦	11	天邪鬼	0
0007	やっぱり早く終わっちゃいましたね。勿論、最下位で、です。	15	摩擦熱	0
0008	22:04 ここにゃんちゅう	20	てらうます	0
0009	36:02 ギバラ：忖度しろ！ からの無慈悲のゴール	10	Beating Storm	0
0010	今日のゲームも余裕やったなw(震え声)	3	随行支援ユニットポッド153	0
0011	1:43 開始	16	生徒会長玉縄	0
0012	最後のクリック音が切なすぎる	9	ツラミ・	0
0013	マリカー実況やってる上手い人達は忖度されることを過度に嫌うのにこの子は逆なのねw	5	デザインあ	0
0014	今日御伽原江良さんで(うつりこみ)童貞卒業しました。	5	るーきー	0
0015	おつえら〜！ 忖度を求めるのほんと草 まさかの初戦で最下位は神過ぎる笑 次は1位で終わりたいね！！	15	アヲノ#調子極端	0
0016	1戦で終われてよかったね！！（*＾＾*)	4	reno	0
0017	最下位絶対取らせないマンがいなかった‪w	7	さくさくぱんだ	0
0018	7:12 声が絶望感すごい	10	矢澤式WINTER	0
0019	全くもって手加減の無い無慈悲のリスナー草	2	いろじろ	0
0020	他と一緒の企画やるの嫌なら、200cc大会で一位とるまで終われませんやろう！	2	佐々木太郎	0
0021	いや草	4	いそまろ	0
0022	実質7分で終わる配信か早いな笑まあお疲れ様！	1	きよ〜	0
0023	ギバラの腕前で最下位終了って早く終わりそうだなと思ってたら案の定だよ…	2	kiよもぎ	0
0024	最終戦サンダー打ってたらセーフだったね	1	もやし	0
0025	余裕の12位	8	NK	0
0026	忖度を求めていくスタイル	4	奏太	0
0027	参加できて楽しかった	0	higasinojiya	0
0028	ギバラは「〜ったら終了」シリーズでこそ映えるよなぁ	0	たんたん	0
0029	即終了芸すき	2	HIGE_iAim	0
0030	すぐ終わらんと思ってたら終わってた	1	バイカイザー	0
0031	速攻12位で草	2	めしおた	0
0032	風呂入ってたら終わってた	1	キムワイプーSDSーペイジ	0
0033	汚可愛い	1	クッキーpnt	0
0034	知　っ　て　た	0	紅陽くれひ	0
0035	誰かが忖度して最下位になれず、延々とやっている配信を期待していた	0	露天風呂	0
0036	6:59 第1戦目で達成してしまうのほんとに持ってるw	0	やみい/朝日奈樒	0
0037	初戦負けはさすがに草	1	ペンギン	0
0038	31:16ごめんわざと	0	店の大悪魔	0
0039	誰も待たないの草、見向きもされんやん。	1	あ	0
0040	即終了(大嘘)	0	オムナイト先輩	0
0041	かわいい	0	ラク	0
0042	いつもきたら終わってる。	1	焼きしいたけ	0
0043	るん!はどこいったんや?	1	えかよあん	0
0044	ワイ「どうせゴール前で待機しとるやろうな」 そんな事は無かった	1	なまけもの	0
0045	おじょうずだこと	1	くじら男	0
0046	7:43 8:02	3	スパムおにぎり	0
0047	し○し○し○し○し○	0	koumei1o8ky310	0
0048	ネタバレ注意       ここまで忖度されないバーチャルライバーってギバラぐらいだろ	2	レオン	0
0049	敗北RTAですか？	1	うに茶	0
0050	もう自ら不憫に歩み寄ってるよね…	0	猫霧	0
0051	見る前の予想「こんなん一位で終えるやろうしまさか最下位はないやろーｗ」 視聴後「」   ところで配信終了RTAって流行ってるのですか？	0	tomo兄貴	0
0052	王侯容赦なくてすし。もっとギバラいじめていけ？	0	b o o k	0
0053	31:03	0	いとお菓子	0
0054	サムネの御伽原可愛くない？	1	ぱんくん	3
0054-001	プー3 配信中もかわいいだろ…？	1	すちーるはむちーず
0054-002	サムネはな	0	プー3
0054-003	くっそわかる	0	剣翔
0055	18:50 サンダーをやられた後にキラーで抜かれるキバラ	3	こんこん	0
0056	(⌒,_ゝ⌒)	3	おつ	0
0057	サンダー使わないのは焦ったのか？ どちらにせよ見てると最下位終了しかないからこれくらいの尺がベストだったんじゃない？	0	jin mm	0
0058	サムネだけは可愛いな	1	おつ	0
0059	7:43もこう	5	Rf 「 」	1
0059-001	Rf 「 」 ハコフグみたいな顔してる人やん	0	あ
0060	女性版もこうやん。Switch壊さないでね	2	「夜中の夜明け」lover	0
