0001	2:04 ギバラの説教タイム	39	Nuts / Natt's	0
0002	江良ちゃんからはどんどん離れていくのにキノピオには近づいていってる気がする	34	ポンコツ	0
0003	開幕の逆ギレするギバラが見所さん	21	愛してるギバラ	0
0004	くっそかわいい顔でめっちゃキレてるの超面白かった	10	山田	1
0004-001	山田  それな！	1	たぬポンポン
0005	ギバラの関西弁は似非っぽいと全く思わないくらい違和感ない	11	金牙神然	0
0006	2:00 開始ギバ。	14	けんたろ【切り抜きの人】	0
0007	あぁ…知覚過敏…	7	sub stitute	0
0008	御伽原今日も可愛かったな	6	白い白い未栄	0
0009	1:05:20 自分用	4	Rin S	0
0010	アルティメットキレ芸失言デッキすき	5	コップの底	0
0011	キレるか食うかどっちかにしろ	6	02マルポ	0
0012	ニッコニコでブチ切れてんの草	4	FR 0G	0
0013	ローラー持ってから殺意高くて笑った	4	あくあ	0
0014	大学生ワイでも持ってるクレカを持っていないとは… 廃課金者だから親に禁止されてるのか？	2	文部科学省	0
0015	3:50〜ロッチ〇岡	1	影月深夜	0
0016	今日も配信面白かった！！ 何だかんだ上手かったな...やっぱ すげぇーよ	7	アヲノ#調子極端	1
0016-001	何だかんだうまかったよなぁ。 ん…何だかんだ…神田ァ！！	3	楠本啓太
0017	1:11:27 自分用「当たらねー」	1	Una Owen	0
0018	1:48 開始	4	湶-いずみ-	0
0019	機嫌悪いギバラ可愛い	2	ハニーバジャー	0
0020	「マップの見方がわからん」→「地図はX」の言葉の理解してなさが草	0	人狩	0
0021	42:20	2	ノワール	0
0022	審査の甘いデビットカードとかどうです？ クレジットカードのかわりに使えますよ	0	ガンスパイク	0
0023	荒らしコメント対策モデレーター付けるべきだよな	1	ノワール	0
0024	初見ですけど，冒頭の熱意溢れる主張聞いてファンになりました GW前に知ることができたら追えたのに悲しいです	14	なびすこ	3
0024-001	ネタ回の1つとして面白がられるのだろう。	1	たぬポンポン
0024-002	Vオタただの 内容はともかくとして，意見の述べ方としては人の心に何かしらの印象を残しているのは素晴らしいと感じたのだゾです	1	なびすこ
0024-003	あれでファンになるの草	2	MoG 56
0025	ブチブチにキレてて草	0	マンソクラテス	0
0026	1:07:15　『ギバラがいいって人いるけどギバラが分からない』 アバババババ←これ	0	えい	0
0027	ローラ以外使えないんだよね(事実)(ローラーの鬼)(キノピオ)	0	クルトン_ShinShin	0
0028	キレ方がロッチ中岡	6	もこしお	1
0028-001	なぁ	4	okuyama teruki
0029	1:13:43とかに居るコメント荒らし出てくるの本当に辞めて欲しい	9	愛してるギバラ	0
0030	ローラー握ってからキル取りの鬼になってに笑っちゃう。 相変わらず操作慣れてうまくなるまでのスピードがめちゃ早いから、やっぱり任天堂の申し子説ある！！ スプラのときはいろんなリアクションが見れてかわいいしおもしろいんだけど、すっかりキノピオ芸人なりつつあるので次のボイスはキノピオメインかな……？	6	ユリ	0
0031	クレジットカードがなくて困ってる？ そんなあなたにはLINE PAYがおすすめ！ （唐突な宣伝）	0	ひとりくらふたー	0
0032	視聴後、気になる所がいくつか有りましたが 調べた結果、全て解消されました。 配信おもしかったです。	1	横手昂	0
0033	16:32ここら辺危ない発言しそうになってる	7	Marth White	1
0033-001	「実況とか配信は側から見たら独り言」ってのは前から言われてるネタみたいなもんだし多分平気よ	9	aie 3101
