0001	1:14:49ギバラほんへ	192	ぬるぽ	0
0002	正直童田知らないから見た目的に後輩の赤ずきん虐めるシンデレラにしか見えない	19	スクラ	0
0003	6:29 「ぶぇ」すき	85	tanpro	0
0004	ギバラメトロノームかわいい　5:53 10:42 19:14 21:14 27:48 28:05	100	ゼルビッシュ	0
0005	56:40〜 めっちゃｼｭｯｼｭｯやっててくっそ笑った😂	88	つきよも	0
0006	39:25 年齢×2	46	mol	0
0007	36:53あたりからのガチ困惑ギバラめっちゃすこ てかギバラがお姉ちゃんしてるのすごい良くない…？てぇてぇ…	55	アンセル	0
0008	52:30 自分用	56	じゃがん	0
0009	よんごろり〜ん27:02 アポロ計画を終わらせた女 30:42 ギバラを落した女 37:40 おとぎばらがぶがぶ〜39:48 えらちゃんしゅげぇ！41:52	83	ようかん	0
0010	28:28 ねぇー！白目むかんで！が可愛すぎる	14	翡翠	0
0011	ロケット飛ばせてご満悦のメイちゃんほんま可愛い	18	yo-CCPomzave _d44	0
0012	サムネ見たら顔そっくりで草	34	えいむ怪獣	0
0013	サムネくそ可愛い	36	菊地	0
0014	My favorite stream. Goodbye Era... Goodbye GaburiEra.	2	Viewer A	0
0015	ギバラを翻弄する童田ちゃん…隠れ強キャラか？	47	朝月みなとのゲームch / minato asatuki	0
0016	この2人ほんとすこ めいちゃんギバラ癒しをありがとう そしていちから、本当にいい会社だなぁ…スタジオ配信の度に垣間見えるぐう有能スタッフ	26	小鳥遊	0
0017	めっちゃ可愛かったー。	3	いろんな動画	0
0018	珍しくギバラに同情した	7	ぽらん	0
0019	なんかこの2人見てると胃が痛くなるわ	7	ぬん吾郎X	0
0020	このリズム感のなさはある意味才能	7	わいわい	0
0021	童田明治じゃなくってリズム田明治じゃったか	5	うさぎ	0
0022	ギバラとリズム天国やってみてぇなぁ笑	2	うに	0
0023	メイジーちゃんめちゃ可愛い(˶`･ᴗ･´˵) ギバラはギバラ	25	ぽんRR	2
0023-001	@無意識の妖怪 違う、エラちゃんが可愛いんだ。ギバラはエラちゃんを誘拐した張本人。元気してるかなエラちゃん…	2	ゆっくりなっとう
0023-002	なんでや、ギバラかわいいやろ	2	無意識の妖怪
0024	最後決まってないですよ が好きすぎる...	0	両声類に憧れる女	0
0025	いきなりやりなおしで草	2	ペテルギウスの真似コンティ	0
0026	年の差2倍か	2	ニャイフ	0
0027	ほんと好き	0	草ァ	0
0028	えらちゃんの「どっかーん」が可愛すぎた。	0	葵向	0
0029	つよつよでよわよわでよかった(小並感)	16	見返りミミロップ	0
0030	ギバフ好き	0	松田松田	0
0031	めいじーの細かい反応が好き。舐めプギバラも好き。てぇてぇ	5	予備校2年生の限界オタク	0
0032	可爱😊加油！！！	12	A nmo	0
0033	めいちゃんとえらちゃん可愛い	0	kariyuカリュ	0
0034	サムネいいですね	1	欲しいname	0
0035	一緒にプレイしてみたが童田ちゃんの声...につられて... ギバラ凄いな...	0	両声類に憧れる女	0
0036	にじさんじには珍しくバッファーが勝つのを見た	1	LEi Alice	0
0037	ギバラ早くわらべだと結婚してくれ	1	おつ	0
0038	？？？「めぇえぇいちゃあぁあぁぁ～ん!!」	1	おさおさ	0
0039	どうして2人ボッサレシーブがなかったんだろう……	1	田中詩音	0
0040	タップスターのチュートリアルで左下で1番右のやつだけ真顔なのジワるw	5	あき.	0
0041	かわいい	0	だしマキSpl	0
0042	ロケット0でツボに入ってるえらちゃん見て、ツボってる女の子が自分の性癖のひとつなんだって再確認した	1	ヘルエスタのドヴァキン	0
0043	こんばんガブリエラ	0	ファッ!?ンボックス発情期	0
0044	ついに明日パフェ取るまでが実現するのか	0	Sローマ	0
0045	人の話を聞く能力とリズム感は比例するんですって 言いたいことはわかるな？	16	柳ユウ	2
0045-001	時間かかるとリズム若干ズレてくのは 短気ッてこと?	0	KILLER1412 scp職員Cクラス
0045-002	柳ユウ せんせー、分かりませーん。	3	たける
0046	2人ともめちゃくちゃかわいいですよねそれにしてもリズムゲームは画面を見るよりも音を聞いて楽しむと言ったほうがいいかもしれませんね	0	時久恵吾	0
0047	おつがぶりえら〜！ ギバフほんとすげぇ！ 二人ともうまうまかぁ〜？   二人パーフェクト耐久は何日かかる のか...楽しみ！()	3	アヲノ#調子極端	0
0048	こうみると何か似てんな	0	うらうら	0
0049	繰り返し見すぎてセリフ覚えてきた。そのくらい好き。     おかわり(はあと	0	きゅうゆう	0
0050	21:45 21:45 21:45 21:45 21:45 21:45 　 自分用	4	ジョン。	0
0051	タップスター出来ない童田かわいい	1	あかあか	0
0052	0:58 開始 4:01 くしざし 7:59 タンバリン 9:56 猿の色にギバラの立ち位置合わせた説 11:46 11歳って言えばなんとでもなる 13:04 レスラー会見 16:50 童田「これは勝った」→見えないな〜ちょっと(敗北) 17:51 小さないきもの 18:09 あれ？空気悪くね？(ビジネス不仲) 23:26 コロコロたんけん隊 26:43 よんゴロリ〜ン(謎リズム) 29:43 童田の声がやばい(お水たすかる) 30:35 ロケットゼロ(ここ個人的に狂おしいほど好き) 37:34 童田節で80点以上を目指す 39:46 ギバラがうるさかったから点が下がった 41:44 ギバラのリズムでプレイ 44:17 タップスター 50:43 チュートリアル終了 54:30 カラテ家(からていえ) 55:54 実際にWiiリモコンでアッパーするめいじーちゃん 1:00:18 童田「いつか一緒にパーフェクト目指すのやろうよ」→御伽原「ほんとに言ってる？」 1:04:10 レスラー会見パーフェクトを目指す 1:07:17 カンフーボール 1:13:05 泣きの一回(スタッフさん優しい) 1:14:46 童田、無言の台パン 1:14:55 童田「オイ！！！！！」←お前や！  1時間ずっと腹捻れるくらい笑った。やっぱがぶりえらなんだよなあ…リズム天国パーフェクト耐久コラボ楽しみにしてます！	171	*インプ兄貴	3
0052-001	@はんペン なんだなんだなんだ！？！？	0	海青-mio-
0052-002	言われる。	0	はんペン
0052-003	よく有能って言われない？	0	はんペン
0053	真是开朗活泼	0	焦璐	0
0054	1:16:58	0	らりかま!!	0
0055	童田はかわいいなぁ〜	0	もょもと	0
0056	ギバラめっちゃマウント取るタイプか……そうか……	0	_ Peccator	0
