0001	1:54:15 ここグルメレース	33	マッチョリーゴリゴリウス	0
0002	なんか、アンチとか信者とかがうるさいな。好きなやつは見て、嫌いなやつは見なきゃいいんだよ。目に入るのが嫌とかなら諦めろ	11	ももきちももきち	0
0003	ギバラがイメージしてるオタクわかる…バッチリメイクしててAnk Rougeとかevelyn着てるふわふわオタクよなかわいい	14	にゃん	0
0004	50:45 オタク女の話	32	ベコ	0
0005	にじさんじのバルカン半島って呼称すこ	12	グリーンピース	0
0006	1:19:21 草	5	やみい/朝日奈樒	0
0007	50:50 橫移動	16	fantasy123g	0
0008	2:08 開始	18	うに茶	0
0009	1:19:21あいつ発言	0	普通の人	0
0010	見逃した...アーカイブまわります	4	アヲノ#調子極端	0
0011	1:19:20 あの人セーフ！	36	KOVA	2
0011-001	でも剣持だからいいよ	1	タカハシ
0011-002	リアタイぼーっと聞いてたので全然わからなかったけど結局言ってなくて草	5	うに茶
0012	楽しくなってるギバラ見るの超楽しい	10	柳ユウ	0
0013	うたプリの空耳めっちゃ好きだった	3	わいわい	0
0014	普通にあの人って言ってんじゃん。この流れってネタなの？	7	ハナモゲラ危機一髪	0
0015	気付いたら寝落ちしとった…おつ江良～！ホラゲーしてる江良ちゃん可愛いんだぞ	7	はっし〜	0
0016	ギバラの深夜の雑談枠は至高	9	raki nyan	0
0017	50:50 横移動←最高に好き 43:49 ちょこ先生の反復横跳び	23	Una Owen	1
0017-001	横移動の声が完全に柳原可奈子	1	リバァイ
0018	超楽しい。低評価押しに来てるファンネル達も一回普通に聞いてみたらええんや	8	ごたんだくん	0
0019	全編草生えた	3	仮アサクラ	0
0020	今世紀もっとも心が浄化される雑談(当社比)	3	うに茶	0
0021	深夜に雑談するとアーカイブの有無が危惧される女	13	雑食愚者	1
0021-001	少し前のぐんみち先生みたいだな…	0	ポンコツ
0022	あの人セーフ	10	東京饅頭	0
0023	寝落ちしちまった…	0	フロランタン	0
0024	いっつも何かやらかしてて草	5	Q太郎	0
0025	2:38:27〜⠀ツボってくの かわいいな  コラボもオタク全開の雑談もホットペッパーも面白かったですw30日のコラボも期待しております♪ありがとうございました！	9	大和AskA	0
0026	炎上のことあまり知らないけどコメのメンバー率の異様な高さに色々察した…	24	ナッツくん	0
0027	最近えらちゃんの声聞くと安心して寝落ちしてしまう… 配信ないと逆に寝れないし  えら姫今日もありがとう！	8	だぉだぉ	0
0028	流石に他人のVライバーの視聴者をバカにするのはダメなんじゃないか？特に男性Vライバーなんて可愛い絵にすぐ群がる俺らキモオタと違って人を集めるの大変だろうし。	53	パンコーヒー	0
0029	にじさんじのバルカン半島 濃縮還元型バーチャルライバー こと ギバラ  推せるな	7	the rk	0
0030	天然で毒吐きって直すのが難しいんだよねぇ…本人にとっては、ただ、自分が好きなことを伝えたい、周りの空気を明るくさせたいだけだから…そして後々自分の発言が地雷発言だと気づいて、くっそ気分落ち込んで、次から気をつけようと思ってもまた、同じ感じで毒を吐くっていう…本当にポロッと言っちゃうからなぁ…	1	黒死ペスト	0
0031	ギバラが目覚めた原因の表紙絵をギバラと□リコンVの者達が特定しようとする企画とかあったら面白いかも	0	大名行列Hankai	0
0032	アンチが減ってきたな	7	露天風呂	8
0032-001	@Z Z こいつの所為で俺らの印象が悪くなるわ 側から見ればお前も配信前チャットで他のライバーを貶してるアンチ共と同類だよ わざわざ二人でコメント荒らし、ご苦労様ですw	2	Logic Logic
0032-002	口論の場で某人の口調を用いるな。風評被害だっつってんだろ	2	囚人番号21番 陽キャ
0032-003	真面目なファンと感情で否定しないアンチが真面目に議論？できている、多分この状況が理想のアンチとファンの関係ではなかろうか。	6	リアオットー
0032-004	@Z Z 双方の言葉がめっちゃ硬くて草	1	waz waz
0032-005	@Z Z 間違ってない指摘であれば、私ならそもそも反応しない。 これは綺麗事ではなく、間違ってない指摘に対して理屈以外で反論することは「あれのファンは理屈で説明しても理解できない」と感情的な荒らしを増やすことに繋がると知っているからだ。 私はそうなるつもりはないが、貴方のやってることは言葉が通じない（言葉で諭すことを諦めた）より暴力的な荒らしを増やす利敵行為だと理解すべきだ。	6	とてもつらい
0032-006	まともなアンチはわりと嫌いじゃない	9	さとさと
0032-007	@ああ ……？計算すりゃ分かるけど数字に嘘は一切ついてない、低評価の数が減ってるのは事実だが割合に変化がないということは高評価も減ってるというのも間違いない。 これの何がアンチなんだ？何の根拠もない「アンチ減った」ってコメントに同意あるいはスルーをすることが正しくて、数字を出して事実を述べることが間違いなのか？	15	とてもつらい
0032-008	@とてもつらい アンチさん、お疲れ様	9	ああ
0033	この人もう信者引き連れて生主してたほうがよさそうｗ	20	re	1
0033-001	こいつが今は登録者40万強すぎて	2	Kou nkr
0034	ギバラが敵に回したファン  有栖 明治 むぎ ひまわり 叶←NEW！ 葛葉←NEW！	32	Mariam Max	7
0034-001	Mariam Max いまにじさんじトップクラスまで上り詰めたね	0	Kou nkr
0034-002	誰とも関わらず信者とお城の中で末永く幸せに暮らした方がいい	6	Tusk _
0034-003	@Mariam Max ざまああああああ	1	ああ
0034-004	他のリスナーからヘイトを稼ぐことで他のライバーを護ろうとしてる説	1	寒冷地仕様雪だるま
0034-005	わがし 灰被るなら一人で被ってろってカンジ 他人を巻き込まないで欲しい	9	Mariam Max
0034-006	ここにクレアさんとことアキねことりんfam入れたら完璧じゃね	4	改名マン
0034-007	無謀すぎて草生えますよ やっぱり灰かぶりのシンデレラじゃないか(歓喜)	4	わがし
0035	橘ありすの件は「キャラに声が定着する前からブサイク顔がモロバレ」してるのが問題であって「ブサイクが声優する」のは問題ではない。  ようはファーストインプレッションの問題。  慣れりゃどっちも同じだろうけどな。  あとギバラが悠木碧に似てるはもう忘れておけ、二度と言うな、1mmも似てないからファンに見つかると顔特定されて外歩けなくなるからマジで辞めとけ。  まれいたそと生天目仁美も辞めとけ、ニワカが似てるように聞こえたって話なだけだ、ファンに見つかるとまじで面倒になるからやめとけよ。  アニオタがakb嫌いなのは仕方ない アニオタは基本美少女求めてるわけだ、ブサイクグループに興味持つb専性癖は少数派という自覚を持った方が良い。 (先に言っておくが女の顔を求めるのに求める奴自身の顔は無関係だぞ)	0	やまだたろう	0
