0001	29:55 ジバラ  🙏🙏🙏🙏🙏🙏🙏🙏🙏🙏🙏 😇😌😇😌😇😌😇😌😇😌😇	39	和辛子	2
0001-001	cat_ 123 ある(鋼の意志)	1	和辛子
0001-002	その質問来た時、「需要あんの？」って少しキレてる感じで草	2	okuyama teruki
0002	1:39:22　「浮気のラインは人による。自分がされたら嫌なことが浮気」 スッキリする名言ありがとう	12	tomi- tomo	0
0003	質問真剣に答えバッサリ言ってやる御伽原は本当にいい女だと思う。	12	サラダにょー	0
0004	オタクくんの人生が垣間見れるからお悩み相談はやっぱたのしいね～！！今回も江良ちゃんはしっかり向き合って回答してくれるからすごく好感もてるし相談する側も安心できるね！次回のお悩み相談枠も楽しみにしてるよ～～！！！	14	ユリ	0
0005	43:40バッサリ切ってて草	11	イナフ	0
0006	2:01:35　ここの低俗トーク好き	5	コマド	0
0007	38:20ダメでーす　かわいい　40:50ガチ恋ジョルノ構文	2	どせいさんいちごどうふ	0
0008	粘膜接触からとかかっさんみたいでわろた	1	くろ	0
0009	視聴者が恋愛相談ばっかりでイライラしはじめてるの草 まあ俺もだけど	2	ヒーラー	0
0010	似たような状況のお話があったから何度も見てる。江良ちゃんありがと。	1	はらまき	0
0011	待機画面で寝落ちとかありえねぇ... ごめんなさい...🙇‍♂️	0	アヲノ#調子極端	0
0012	相談回長くて嬉しい。 しっかり答えてて良かったわ。	0	しまだ	0
0013	ホントに良い奴よなあ	0	柊は柑橘類	0
0014	1:16:53	1	ぴこぴこぱん	0
0015	チャットのドラム率で草	0	Tora	0
0016	アーカイブが二時間ぶんしかないだと……？？オープニングから見れないとはな、リアタイ視聴すべきだったか……	1	Lee Witfield	2
0016-001	二時間越えると全部見れるようになるまで時間がかかるよ！ 覚えておいくと良いです。	2	素直シュール
0016-002	YouTube側の動画エンコード処理が終わってないはずなのでしばらくすればフルで見れると思いますよ！	4	うぇーい
0017	2:30:00 trying to debug the problem of only showing 2 hours of video...	0	C L	0
