0001	51:42 ギバラ「何回あと!?」             リング「あと20回」             ギバラ「何だって!?」	307	岸田卓也	5
0001-001	会話が成立してて草	1	200円玉
0001-002	リピートしちゃうw	3	かるえぼ
0001-003	あまりに自然な会話だったからびっくりした	8	K.O.M
0001-004	夫婦漫才	11	豚
0001-005	バーチャル会話	19	Electron Resonator
0002	57:08 ここの顔めっちゃすこ	130	10utu	1
0002-001	キス待ちしてそう	11	いっちー
0003	51:41 コント番組かな？	160	佐々木太郎	1
0003-001	ギバラのリングフィット史上最高に面白いシーンだと思うｗｗ	3	yacogane
0004	45:30ここまじで死にそうで草	158	乗換案内士	2
0004-001	hemu hemu  悟空｢待って長い！長い長い長いながぁっぁああ゛い゛い゛い゛い゛い｣	4	くふぃん
0004-002	頑張ったらスーパーギバ人になって髪が逆立ってゴンみたいになりそう	2	かはしに
0005	45:07 腹ペち助かる	39	ぱんだろー	0
0006	18:01 18:01 はっだっか〜っになっちゃお〜っかな〜♪  なっちゃえ〜♪	117	-ラプラスのまくら	3
0006-001	おそらく物が散らかっているであろう部屋で パン１で雄叫びを上げながらリングフィットネスをやってる姿を想像すると・・・       正直興奮する・・・かもしれない。	9	血汁
0006-002	馬鹿野郎お前俺は抜くぞお前！	7	ブロムヘキシン
0006-003	ギバラポンコツアンドロイド	16	Adam Toy
0007	45:07　自分用	36	KUMA	0
0008	どこにスキップしても汚い声で草	48	サラダまかろに	0
0009	8:41　ガ，ガッチンコ	27	無機物	0
0010	50:15　プランク選択 ここから飛べばギバラと一緒にプランク出来るよ！やろうね！	36	白い白い未栄	0
0011	45:42 ここの声ルフィにしか聞こえないくて草	18	きゅーりん	1
0011-001	マゼランの毒くらってイワちゃんにホルモン打たれた後だね	0	ふだ0168
0012	51:42 リングと会話し始めるギバラ	29	メタルのQ太郎	0
0013	現実にダメージが貫通してくる稀有なゲーム	9	ソウニリギ	0
0014	36:55 何でちょっと嬉そうやねんww	23	白樺棗	0
0015	32:37ここからイッテQ	12	欲しいname	0
0016	10:24 タイトなスカート履いてそう	16	ななか大橋	0
0017	このあと足マットを喉に詰まらせて死んだんだよね…	10	HIGE_iAim	0
0018	地下アイドル「ボクたち50人で活動してるんですよ！50人っ！」 ギバラ「だからどうした、こちとら90やぞ」   ぐうの音もでねぇカウンターぶち込んでて大笑いしたわ。	10	抹茶のあまさき	0
0019	1:40 開始	8	山風の人	0
0020	45:53 ギバラはシステマでも始めたの？	13	とりまる	0
0021	30回プランクちゃんとしたって江良い	9	George Chen	0
0022	５０人に対して９０人で更に両国国技館にてライブが決定している相手に一界の地下アイドルが勝てる訳もなく	5	死神パフェ	0
0023	他の配信者さん見ててベスト安定して出せてるギバラってすごいなって思った。	5	ことり	0
0024	24歳なのに22歳ですって…	2	おつ	0
0025	終始分娩室で草	0	nkbtbubu	0
0026	44:40  コメント読まれて嬉しかった！これからも頑張って！	15	ミスタ	0
0027	18:02 ギバラポンコツバーチャライバー	1	きよみち	0
0028	お疲れ様ー！	1	建御雷	0
0029	このシリーズ終わった後はムキムキになってそう	2	dreamlikedeaselどりちゃん	0
0030	リングフィットかと思ってたら激熱戦闘ロボットアニメみたいで草	0	aqua aria	0
0031	お疲れ様です！足マットは流石にやばいですね笑でもやるんやったら応援します！多分足の裏とか赤くなってそう…	1	きよ〜	0
0032	根性あるの好きやで	0	BINBIN	0
0033	適当なところにとんでも大体声汚くて草	7	浦田	0
0034	かなり恐怖を感じた	2	ステラおじおじさん	0
0035	芸人魂がつよすぎる	2	ゆゆねこ	0
0036	負荷を上げて自分を追い込むのはスゴい！  でもそれでアキレス腱でも切ったら大変だから、休みはしっかりとるんやで！	2	岸田卓也	0
0037	ギバラがやってるの見るとやる気になるからいいね	7	ちはや	0
0038	配信中の脱衣助かる	1	32ギガバイトのUSBメモリー	0
0039	チャンネル登録しとかなきゃ...	0	PHANTAZIAファンタジア	0
0040	服きてない…ギバラすこ	0	Sata nael	0
0041	ギバラ死なないで…	0	フンバルトベンデル	0
0042	自分用50:45	0	ラストウルフ	0
0043	一緒にやったら死ぬかと思った ギバラはすごいよ	1	海月シロウ	0
0044	負荷30凄まじ過ぎて草 プランク一緒にやったけど眩暈したわ・・・　ほんとギバラすげぇ	6	フォル	0
0045	負荷を再設定で思ったんだけど、今なら最初の引っ張りテストで１００余裕で出せるんじゃない？	1	AJITARO GENTA	0
0046	余裕なんやったらヨガ系縛って筋トレだけにしたらいいのに(マジレス)	0	ムハンマドさ	0
0047	脱ぎ過ぎ	0	抹茶	0
0048	負荷30のプランクはまじできつい	4	パフ坊	0
0049	お前やっぱアイドルじゃなくて芸人やろ...	8	Sake	0
0050	裸でリングフィットアドベンチャーやるVがにじさんじだけで複数いるのなんなの	1	不安太郎	0
0051	1ステージ攻略に配信の半分を使うギバラ	0	影月深夜	0
0052	足つぼマットの上で....？ さすがに芸人過ぎないか？	1	サバナナ	0
0053	ちょいちょい虚無顔で止まってるの面白くて困る	1	675	0
0054	やめて！リングフィットの運動負荷最大にして、このままプランクを続けたら、画面の前で汚い声だしてるギバラの肉体まで燃え尽きちゃう！   お願い、死なないでギバラ！   あんたが今ここで倒れたら、リングとの約束はどうなっちゃうの？  体力はまだ残ってる。ここを耐えれば、ドラコに勝てるんだから！ 次回！「ギバラ、死す」 デュエルスタンバイ！！	18	木星	2
0054-001	おつかれ	1	えすあり
0054-002	もうやめて！ギバラのライフはもうゼロよ！	1	ぱんだろー
0055	徐々に服脱いでくのがまるで悪大名官遊びみたいで・・・:(⁄⁄ᵒ̶̶̷́⁄⚰⁄ᵒ̶̶̷̀⁄⁄):想像しただけで・・・非常にマズイマズイマズイ・・・  明らかに御伽原さん過負荷ですね・・・今だと25位が良いと思う(´・ω・｀)段階を踏んでいって負荷を上げてくのが良いでしょう。継続が大事ですから無理せずやる。これが大事なんです。インストラクターの母もそう指導してって言われてますし。 スレンダーアイドル体格の御伽原さんがこの運動は本当にキツすぎる。 後はアフターケアですね・・・筋肉痛の嵐が待ってますよ(´・ω・｀)	3	よわむしArisia	0
0056	まだ前半でこれじゃ先が思いやられるな 負荷30のステージ20以降なんてかなりヤバいぞ	0	西山隆	0
0057	これは 助からない	0	ラブライバーって呼ばないで	0
0058	この人って実は地声結構高いよね	0	マイケル鍋奥	0
0059	50:43ぐらいのプランク同時にやったら10回ぐらいでお腹死にそうになって思ってたより遥かにキツかった…	2	みぃな	0
0060	正直下手なアイドルよりも認知度的にも上のような気がするわ ギバラさん	0	kura gina	0
0061	I'm going to jail	0	gamingwarlord17	0
0062	陰キャの真っ黒寝巻きプランク動画はどこにあげれば……	2	御谷原伊澄	0
0063	これマジ？モデルに反して声が汚すぎるだろ…	1	暇人	0
0064	ギバラ（スカートジャマだから、パンイチでやるんだ。）ギバラさぁ、パジャマかジャージ買ってそれ着ようね……	0	kazunn777	0
0065	概要欄見て不安になりました。 だいじょうぶでしょうか、、	0	えぬ	1
0065-001	渡辺京 あのギバラはもうリング色に染まっちまった、、、	1	かはしに
0066	負荷30俺もワールド11まで進んでみた感想。  スクワットとかサゲテプッシュなどは37回もやらされて  リズム系のスキル例えばスワイショウ、アームツイストなどは60回もやらされてたな。  得意なのはリズム系のアクションで苦手なのは英雄3と立木の片足でやるやつ。	0	R Я	0
0067	アイドルになるって本当に凄いんだな・・・御伽原さんも例外に漏れずにじさんじの一部の女性ライバーの方々は筋肉、持久力、根性がモンスタークラスの人がめちゃ多いし 御伽原さんも実はリングフィットする前まではバリバリトレーニングしてて今までは長期休暇なだっただけで、徐々に覚醒してるんだろうか・・・	0	よわむしArisia	0
0068	どうか死なないで	0	Nakamoo16	0
0069	皆さん勘違いを正しましょう      このゲームは痩せるじゃない、マッチョ量産ゲームだ	0	riyutt i	0
0070	ぺちぺちすき	0	ごまだれ	0
0071	プランク一緒にやったけどめっちゃ全身に来るなこれ	0	柚木	0
0072	RFAで膝を痛めて、同じ病名で調べたら慢性的かつ重症で20年くらい直ってないケースの人が出てきて泣いちゃった   適切な運動で健康になろうね!	1	23 F	0
0073	満員電車でストレスが半端なかったんですけどこれみながらアイス食べたら少しずつ緩和されて穏やかな気持ちになりました。ありがとうございます	1	飛燕の爪痕	1
0073-001	45分→お腹ペちペち	0	飛燕の爪痕
0074	毎回ヨガリング使って並走してるけどギバラまじで尊敬する。 キツすぎてランニングとかきゅうけいしてる。  エアプ勢はリングなしでいいから筋トレランニング並走してみてくれ、ギバラとにじさんじの怪物達のヤバさがわかる。	9	百獣のカイドウ	3
0074-001	なぐせくせ 普段日々激しい運動をしている人にこれは余裕ですと言われてもそうですかとしかならないというか、、	9	百獣のカイドウ
0074-002	@なぐせくせ 隙あらば自分語り	10	23 F
0074-003	百獣のカイドウ かなり激しい運動を日々している者ですが余程の引きこもりや、運動不足な人以外そんなにキツくないと思いました	2	なぐせくせ
0075	御伽原さんのp53遺伝子も喜んでます	0	p53遺伝子	0
