0001	20:14 55:47 頭おかちなるで… 50:28 オ゛ェ゛	3	そこらの民衆	0
0002	開始 1:56	19	田中太郎	1
0002-001	有能	0	ともとも
0003	1ヶ月立たずにギバラ出てるの草	1	サテラ	0
0004	自分用 51:30　Q「ショートカットとかできねぇの？」	8	クルトン_ShinShin	0
0005	メンヘラの気持ちがよく分かりました。ありがとうございます。（まだ耐え）	9	ミウmiuuu	0
0006	配信お疲れさまです　4万人おめでとうございます 画面キチって頭痛がしたのでずっと江良ちゃん見てました 視線の動きとかほんとしゅげぇ…ありがとうGOD 次の配信もずっとここでまってます	7	夕凪	0
0007	(・▽・💠)<4万人しゅげぇ！	2	将来性皆無の男	0
0008	49:02	5	キザオ聖杜	0
0009	よろちくおねがいしまし ごめんね・・・	3	ジョンたまわ	0
0010	クラウド土地で一生笑ってる	1	うに茶	0
0011	にじさんじのワイアニ担当爆誕ってマジ？	3	どす恋鯉	0
0012	11:05 ここすき	10	raki nyan	0
0013	我ライオンゾ	3	森中たすく	0
0014	誕生日おめでとぉぉぉぉぉぉぉぉぉぉぉぉぉぉ	0	スプラトゥーン裏ワザバグCH.	0
0015	スピード感がクソほども無い…	0	カズヒロ団長兼総司令	0
0016	サムネの英語の頭文字狙ってるぅ〜？	5	Lipton lx	1
0016-001	こらっそんなこと考えられるほどギバラちゃんは頭良くないでしょ!!謝りなさい!	2	マッチョリーゴリゴリウス
0017	このタイトル見ただけで草生える	0	やみい/朝日奈樒	0
0018	今日もお疲れ様でした！明日明後日配信無くて見られないの辛いけど･･･ ゆっくりやすんでね！後４万人おめでとう！ これからもずっと応援し続けるよ！次の配信は壺！楽しみにしてます！ おつえら～♪	2	ともとも	0
0019	４万人おめでとうございます。次の企画を楽しみにしています  ところでこの配信みてワイアニ買ったんですが、 クソゲーすぎてマジやばい狂気	0	れのあ	0
0020	23:53 無意識投げキッス	0	クレープボーロ	0
0021	脳死デレラ	0	エーカゲン二世	0
0022	46:07 クソゲーに呪われている     登録者4万人おめでとう🎉	5	雑食愚者	0
0023	ありがとう	0	世界で一番愛してる江良ちゃん	0
