0001	2.0の初出しの仕方がチャイカと同じなんだよなぁ… ギバライカてぇてぇあるか？？	31	kwi	0
0002	ギバラを可愛いと思ってしまうの悔しすぎて自害しそう	53	小鳥遊	2
0002-001	god萌木先生&いちからlive2Dの作品に対して可愛いって思ってると考えれば悔しくないかもしれない	0	素直シュール
0002-002	小鳥遊takanashi 落ち着け。落ち着いて何で自害するか決めようぜ	5	もこ
0003	最初の半身隠れてるとこめっっっちゃ可愛かったんだけど…どうしたギバラ 2.0になって人格もグレードアップしたか？	38	銀細工の薔薇	0
0004	最初の待機画面のイルカ乗るのめっちゃ難しいぞ	27	美少女錬金術師	0
0005	登場した瞬間可愛すぎてスマホが手から落ちて画面にヒビが入りました	21	カフェモカ	0
0006	1:50　開始 2:03～　可愛い 終始かわいい。ずるい	11	サイネリア	0
0007	ガチ恋しそうになったので、ギバラの泣いてる切り抜き見てきました。 やっぱり可愛かったです。  現場からは以上です。	8	じゃんけん	0
0008	5:41 並んでゆらゆらするの可愛すぎか？	3	なまえをいれてください	0
0009	くそう、事前待機までしてたのに……爺ちゃんが体調崩してバタバタして見れなかった……	7	スターゲイジーマカロニ	3
0009-001	@スターゲイジーマカロニ  それは良かった！ 猫又おかゆ食べてると早とちりしたのは内緒（）	3	もちわらび
0009-002	@もちわらび  ありがとう、じいちゃんとりあえず帰ってきておかゆ食ってる	3	スターゲイジーマカロニ
0009-003	爺ちゃんが回復したら是非一緒に見てくれ…	3	もちわらび
0010	可愛いのも大概にしとけ？	4	あたまわるわる	0
0011	元々よく動くから、Ver.2.0かと思った さらなる可愛さで多くの被害者を増やしていってください	34	雨水	0
0012	可愛い…めちゃくちゃ可愛い… それ以外の言葉が見つからない	2	ノノ	0
0013	中身もバージョン2.0好き😌	4	ハルHAL	0
0014	上目遣いも良いけどギb… 江良は笑顔が1番可愛いんじゃ…	4	VOLFIN _Boy	0
0015	あのさ 可愛いのもいい加減にしろよ 惚れちまったらどうするんだよ	4	どすけべ太郎	0
0016	可愛すぎた・・・	2	キムワイプーSDSーペイジ	0
0017	かわいかったぞ…	2	りゅうひめ。	0
0018	かわいさ20割増しやんけ！	2	zawa yu	0
0019	エバラかわいい	2	ゆん	0
0020	最初から可愛すぎてまじえらちゃんかわいいわ	0	sushi	0
0021	ジト目が好き	1	西園寺綾	0
0022	ギバラが嬉しそうにしてるとこっちまで嬉しい気持ちになる〜 2.0おめでとう！	1	Hiroaki	0
0023	新衣装めっちゃ楽しみです！	0	欲しいname	0
0024	可愛い！ぶん殴りたい！	0	nori nori	0
0025	めっちゃかわいいくそぅ	1	【朝日のエビ】はるひ	0
0026	最近ギバラが普通に可愛く見えてきた悔しい	0	チェ・ケバブ	0
0027	もうめっちゃかわいいやんギバラ……	0	しろのくま	0
0028	かわいすぎて頭おかしなるで…	0	ハム	0
0029	可愛すぎるだろ！💢💢	0	ユウキ	0
0030	上目遣いえらちゃん可愛かった😇	0	2代目ダイソン	0
0031	笑うと、スティーヴィーワンダーみたいな動き	0	紅色みこと	0
0032	これはやば可愛い(語彙力喪失)	0	*あべぱん*	0
0033	可愛い(可愛い)	0	エイト/EITO_0803	0
0034	江良ちゃんについて語ろうとすると、好きってしか出てこない自分の語彙力に泣いた	0	栄養ドリンク#non-caffein	0
0035	バージョンアップおめでとう！	0	Yu	0
0036	おおおおおおおおおお(感涙)	0	レヲンゲ	0
0037	ギバラのくせに、ギバラのくせに 動きが可愛くて頭がバグっている感覚になる これからもそのままの可愛い（）を貫いてほしい	1	大和方斎	0
0038	悔しいが可愛い	1	よしお	0
0039	14:05-ウインク	0	short stage	0
0040	なんでや…めちゃ可愛いやん 負けた	0	ばつまる	0
0041	平成滑り込みアウト姫が令和になってただの姫になった	2	もみ爺	0
0042	進化前から可愛かったけど進化してより可愛くなったねギバラ…本当によかったね…	0	アストロ	0
0043	2.0もそうだけど何よりギバラが嬉しそうなのが一番可愛い	0	コマド	0
0044	まぁ、いつでもかわいいんですけどね さらに可愛くなるなんて………	0	さくらもちギンタ	0
0045	かわいいぞ	0	ステラ	0
0046	感想: ぺろぺろ       以上	0	わため印のすいそすい	0
0047	ギバラなんでカード化されないんや……	0	バウト	0
0048	絶対可愛いと思ってたのに予想数倍飛び越えて可愛くて尊死	0	あちぇ'	0
0049	新衣装お披露目は8月1日なので見ましょう(強制)  1:50 開始 3:10 チラ見えかわいい💢 5:40 揺れる江良ちゃん&ギバラ  7:21 上目遣い 7:49 サイコパスギバラ  8:50 笑顔かわいい 9:12 こちらを伺うギバラ  9:22 ヒロイン顔 10:04 見下しかわいい 12:14 お願いするギバラ  13:03 髪の毛を食べようとして首を痛める 14:08 ウインク助かる 14:57 カップルを見つめるギバラ  16:47 夏真っ盛りボイス発売します 20:33 焦らしプレイ 22:19 裸足のシンデレラ   なんでこんなに可愛いんだ💢	69	怠惰のらぢねす	1
0049-001	なにぬねこ。  助かるわ。	0	さくらもちギンタ
0050	十分可愛いけど横顔とか下向きとかまだいける気がしている	0	Tsushimada	0
0051	かわいい	0	なぎさにゃる	0
0052	かわいいのムカつくけど自分でかわいさ理解してんのもっとはらたつ💢💢	0	星乃すてら	0
0053	めちゃくちゃ可愛いやん惚れてまうやろ。 2.0、新衣装おめでと！！	0	musanムーさん	0
0054	もうさ、どんな言葉ならべても語彙力の限界超えてんだよ。 だからさ、 可愛いぞ。	0	幻場琴月	0
0055	あのやらかし批判してるうちに気づいたらフォロー化してて、気付いたら応援してた (策士かな？)	0	kuro yabu	0
0056	まーた行けなかったよ... おめでとおおおおおおおおおおおおギバラあああああああああ！！！ なんでギバラより清楚な人いんのにギバラの笑い方はこんなにも清楚なんだろうか... ２.0での森中とのコラボ楽しみにしてるぞおおおおおお！！！	1	コーンクリームを略すとコンクリ	0
0057	悔しいけどカワイイ....	0	ちまちま	0
0058	やったぜ。	0	tatsupon ?	0
0059	なんで江良ちゃんってこんなにかわいいの？？？	0	たろUMR	0
0060	むかつくけど惚れそう むかつくけど	0	遅刻鳥	0
0061	これはアニバ限  天井不可避	0	28dot6	0
0062	限界になり過ぎたのでも見れません。	0	甘味処	0
0063	好評価押そうとすると一時停止になるのはバグ？	0	Aiq	0
0064	スカチケ待ちます	2	マガヒデ	1
0064-001	自分は単発で出たので頑張ってください！	0	トマトト
0065	これこそシンデレラだ...   クソ...恋するしかないじゃん...	0	うほ	0
0066	は？かわいいが過ぎるんじゃが？	0	スターゲイジーマカロニ	0
0067	リアタイできなかったのが悔やまれる… ともかくVer2.0おめでとう！そして新衣装予告おめでとう、お披露目を楽しみにしてます…！	0	RICCIA[リシア]	0
0068	え、ギバラがかわいいんだけど...台風はお前のせいか	0	Hiroyuki Hio	0
0069	は？　可愛いんだが？	0	かたわら	0
0070	ギバラからvtuberにハマって沢山vtuberを見たけど、やっぱりギバラが一番かわいい	2	露天風呂	0
0071	動いてるの見て思ったんやけど         髪洗うの大変そう	7	鳴呼	0
0072	なんでだ！？なんでギバラはかわいいと悔しくなるんだ！？他のVtuberだとそうはならないのに！？	0	Wさん	0
0073	う゛っ            か゛わ゛い゛い゛	0	ミルちゃん。	0
0074	可愛い...それ以外に言葉がでてこない...	1	あべし	0
0075	Ver.2.0ほんとおめでとう🎉🎊ｰｰｰ!!! マジでかわいいぃぃい!!!(限界化) むっちゃ可動域も増えててすげぇ！ ボイスも絶対買わねば...      8月1日むっちゃ楽しみや...	1	アヲノ#調子極端	0
0076	4:03 2.0お披露目 16:47 ボイス販売 20:02 マリオメーカー告知 22:19 新SSレア登場(新衣装告知) 江良ちゃん2.0おめでとう〜！めっちゃかわいかった！それと新衣装がまじで楽しみすぎる！一部を見ただけでも最高って分かるもん。8/1が楽しみだ〜	4	やみい/朝日奈樒	0
0077	Ver2.0      人格0.2	0	その日暮らしのヒグラシ	0
