0001	一人だけフェスするなってコメメッチャ好き	81	やまあお	0
0002	※SSRの排出率は3%です	418	フロランタン	7
0002-001	@チーズソーセージ 500連して1枚も出ないこともあるぞ	5	まだ本気出して無い
0002-002	確率高くね？	1	まさぼー
0002-003	ナビィ。  課金王の軍勢を使うしかない	7	チーズソーセージ
0002-004	チーズソーセージ  40万とかしても出ないんだよなぁ	14	らふぁ。
0002-005	あるんだよなぁ	20	arumeta0539
0002-006	arumeta0539 え？五体当てるのに500連引いても出ないことがあるゲームがなんてあるんですか？	41	チーズソーセージ
0002-007	フロランタン なんだよFGOに比べたら良ゲーじゃねぇか	55	arumeta0539
0003	引きよすぎて低評価増えたの草	238	はいうぇる	0
0004	あなた達... 「覚悟して来てる人」ですよね… 人を「爆死」させようとするって事は逆に「大当たり」されるかもしれないという危険を常に「覚悟して来ている人」ってわけですよね…	441	エコネズミ	1
0004-001	忠猿でち公 この人の場合度をこしてるかと	4	4toLaS/しとらす
0005	8:12  夢見りあむ  9:58  夢見りあむ  11:51 夢見りあむ  14:35 またのんき▼ 24:07 夢見りあむ  1:18:30 素人は黙っとれ	519	ムクム熊	0
0006	53:50 ここの笑い方w	217	摩擦熱	2
0006-001	そこ好き	3	まみむめも子
0006-002	さりげなくハートついてんじゃん()	2	うっきー
0007	1:18:25 ギバラ、解脱する	369	155 P	4
0007-001	I SS まじで汚いものが全て取り除かれた純粋な御伽原だ。	3	Henly Regarding
0007-002	VVVvv💠🌸 ／          ＼   ー      ー          ∇	14	北海道ROUTE【こーち】
0007-003	( ￣▽￣)	22	退魔七夜
0007-004	成仏してて草	20	現場からケモミミがお送り致します。
0008	ギバラの勝利で終わった即終了配信 王候達は物足りなさを感じていた 調子に乗るギバラ、艦隊を作る、スタラン20は余裕、再び始まるガチャ配信 王候達は望む、ギバラの泣き顔を… 次回、重課金兵ギバラ「狂気」 嗚呼、王候P達の怨嗟の声が聞こえる…	344	しょーた	3
0008-001	しょーた 本当に天井配信がありましたね…	0	あきとしです!
0008-002	むせそう	6	Sai
0008-003	なんかクロニクルっぽい	0	明倫月徳楽団
0009	逆に考えるんだ。今までの不幸が報われたんだ。と。正直、羨ましいし、「は？」と思った。けど、グッと堪えて祝ってあげたい。	75	ジャンヌ好きなアスカ	0
0010	この人明日家に隕石落ちてきそう	247	ニコチンロイド	3
0010-001	落ちそうじゃない落とすんだよ(戒め)	10	もこた
0010-002	ギバラの家だけを的確に消すんやで	38	づす
0010-003	そうなったらギバラのせいでみんな死ぬやんw	1	タミフル
0011	初っ端から初見お断りのゲロバラなの草	73	滝本ひふみ	5
0011-001	どーも初見さんです	1	ぞうさん
0011-002	ずっとｶﾜｲｲ…ｶﾜｲｲ…って言ってるお前が可愛いぞギバラ	2	滝本ひふみ
0011-003	でもmv見てるギバラ幸せそうだからゆるす	1	滝本ひふみ
0011-004	なんでフェスでもないのに2枚抜きこんなしてんだよ…おかしいよ…	2	滝本ひふみ
0011-005	まだ序盤しか見てないけどこっちは引けなかったりあむ3枚、今4枚め出てるの許さないから	2	滝本ひふみ
0012	散々江良ちゃん煽ってたオタク達がキレてんの面白すぎる…ｗ	103	エリン	1
0012-001	そのあとMV見ながら団結するまでがワンセットだぞ	22	農耕
0013	爆死するより大勝利見る方が心地が良い	47	Licio-リシオ	0
0014	こんな幸せなギバラ見れて、こっちも幸せになった。 この子には幸せになってほしいので、これからも無理せず頑張ってほしい	40	如月てぇ提督	0
0015	狂いすぎてボイチェン外れてて草	50	arato丸	0
0016	この前の配信でのんき先生にキレてたのに逆にのんき先生にダメージ与える女	55	「夜中の夜明け」lover	0
0017	24:59のロードからの勝ち確のジト目からの大爆死の流れ好きすぎる	25	*パナの間	0
0018	オバケイドロ、GTAと続いた不運の連鎖  すべてはこの日の乱数調整への布石だったのか？	77	よっしー	0
0019	桃華引いた後俺が知らない人が話してて怖かった…	24	catureー	0
0020	この人この後亡くなったんだよね...	102	エビエビ	1
0020-001	おかしい人を亡くした	8	ヤマノシン!
0021	限界で始まり限界で終わるギバラ ギバラの以前の配信からデレステ始めたけど改めて始めてよかったなぁと思った配信でした	36	らたなの	0
0022	なんかこっちまで楽しくなる配信だったよ。  俺は初日に天井まで引いたけど、ここまで引きは良くなかったな。	25	夢ノ邦ねずみ	0
0023	最近不運続きだったのはこの為だったのか…	9	ИATURAL	0
0024	淡いドレスなら西園寺琴歌をよろしくお願いします🙇‍♀️🙇‍♀️🙇‍♀️	3	癒杜葉	0
0025	フェスより出してる説	9	てとらすぽっと	0
0026	明日生きれるのかなってくらい運強かったのと嫉妬低評価エグくて草	10	佐久間えいけん	0
0027	江良ちゃんが楽しそうでよかった	5	なまえをいれてください	0
0028	この低評価の数はアンチギバラなのか、嫉妬Ｐなのか。  自分、デレステやってないので素直に高評価押しときました。 【追記】 このアーカイブに触発されてガチャ回したらダメでした。低評価いいですか？	330	とらぽるた	4
0028-001	人の不幸を見るのが大好きな嫉妬ふみふみPです、高評価押しました      べっ…別にりあむが可愛かったから押しただけで…ギバラが楽しそうで嬉しかったわけじゃないんだからねっっ！///	1	人間失格
0028-002	このゲーム全くやってないけど自分が大爆死した後にこの動画みたらきついだろうな	23	長者わらしべ
0028-003	追記草	39	ふうこう
0028-004	嫉妬Pだけど、ネタ低評価まである	65	blind touch
0029	ここまでくると見てて気持ちいいw	6	ペガきゅん	0
0030	またのんき先生すらのんきでいられなくなる配信(地獄) ガチャの時はガチギレし、MVのに時は一緒に限界するリスナー好き	25	みなそう	0
0031	笑い方がｶﾞﾝｷﾞﾏﾘで草	10	深煎り茶	0
0032	まさかリスナーが発狂する配信になるとは誰が予想できただろうか。	26	退魔七夜	0
0033	笑い方汚いけど正直好き	3	しかる叫子	0
0034	ほんと神回	5	美形チー牛	0
0035	こう、本当に嬉しそうにしてる御伽原さんを見るだけで幸せ、本当に引けてよかった  これも王候の皆さん達が願掛けをしたからかもしれない	11	ももくず	0
0036	開幕しれっとキュートソングに混ざる佐藤にニッコリした  本当に楽しそうにデレステしてる御伽原可愛いぞ！	6	サラダにょー	0
0037	フェスの時こういう配信したかったんだろうなと思うと二重の意味で胸にくるものがある。	9	ねじまき鳥	0
0038	薬やってそう(褒め言葉)	3	もこた	0
0039	まごう事なき神回	4	おさーる	0
0040	これは猿山の長	2	ソラ	0
0041	おつかれ様です！ めちゃくちゃいい配信でした！ ガチャもMVもとてもすごかったです 特にガチャなんかは運営仕事してんのかってぐらい驚きましたよ！ 素晴らしい配信をありがとう！！！	4	柏餅もちもち	0
0042	スパチャで引く天井は美味いか とか言われてて草	2	あの五人組	0
0043	強すぎる…ww	0	未完α	0
0044	嫉妬であたしも狂ったんだが…御伽原ァ…！！！！！	0	尻読	0
0045	Heart voice のMV見てる時亀井さんばりにやばい	3	稜ちゃん	0
0046	ガンギマリで草	1	Ash 357	0
0047	喘いだと思ったらすぐに汚く笑うから親の前でも見れる	0	mune ken	0
0048	何これ...僕の知ってるデレステじゃない... 完全に江良ちゃんおさるさんになってしまった 7:30　8:29猿真似	19	A me	0
0049	本当に艦隊にするとか運命感じちゃうよね	0	ちくわ破壊神	0
0050	この低評価はもうネタやろ笑	6	たまご焼き	0
0051	楽しそうで何よりです(殺意)	0	Jeanne d’Arc	0
0052	ギバラの逆襲	0	ROSU PIKU	0
0053	ギバラかわいい	0	imoyoukan 124	0
0054	自分用 25:18	12	さんねぐせ	0
0055	すげぇ、りあむに愛されてるなぁ	0	うんこ太郎	0
0056	キレそう(キレそう)	0	あ	0
0057	あくあちゃんの運を吸いとったギバラ	0	アルファタウリ	0
0058	この引きのせいであのグロ動画が生まれた可能性が微レ存？	1	凪辺	0
0059	低評価の理由がわかったわ 強すぎる	4	爆裂魔法の申し子	0
0060	これ見てから引いたけど出なかった。けどギバラが幸せならオッケーです	1	雪玉	0
0061	9:26	2	プーさん	0
0062	唐突な浅利七海合作で草 ニコニコ観てんな～	0	魔王	0
0063	次回「データ吹っ飛びました...」	2	左慈鷹三蔵	0
0064	シャンプーって飲み物じゃないんですよ～	0	崩ღ	0
0065	暴走ギバラ	0	rio白藍	0
0066	見ててお腹痛くなってきた	0	ギュス	0
0067	ギバラって、パッション系だよね。	0	λpoqoN Nobody	0
0068	このゲーム闇ガチャだと思います	0	梨花	0
0069	ギバラさん、明日刺されそうだからシェルター課金しとけ	0	頭悪いギバラは	0
0070	この動画でデレステ始めました	3	草ボット、	0
0071	がめんがキラキラできれいだなとおもいました	1	vtuber応援団	0
0072	今回バチクソ運いいな	0	みおち	0
0073	撒き餌は基本	1	ナナナ	0
0074	39:10	2	やでもちゃん	0
0075	1:54:00　→お願い！シンデレラのメンバー選出 1:56:16　→曲再生(夢見りあむソロVer.)  おつえら～！流石、江良Pでしたね！ おねシン聞いてると思うところあって、 泣いてたのに江良ちゃんまで泣くから、 そこでまた貰い泣きしてしまった。	20	どん!	0
0076	初手えうぅ助かる	0	兎丸	0
0077	1:51:25 ダイナマイト vs 発展途上	0	KoS〈コス〉	0
0078	夜道に気をつけて	0	もち米おいしい	0
0079	この配信始まった直後は高評価200の低評価1とかだったのに、、	6	かるかかる	0
0080	このタイトルを回収するとは思わなかった...引き良過ぎるやろ許さんぞ！    一人分けてください(切実)	0	zawa yu	0
0081	許せん	1	し	0
0082	最近いろいろなサイトの切り抜き動画を見て知った新参です またのんき氏の桃華本で欲情し、電動こけしで抜くロリコンと聞いて やっぱりにじさんじはヤｂ…凄い人が集まってるなって思いました	23	クラウン	0
0083	このアーカイブを見てから引いたら50連(無料4回＋石1回)でりあむお迎え出来ました！ ありがとうございます！	1	anisasa	0
0084	この配信見てるとき、若干体調崩すレベルで嫉妬に狂ってたけど、これ見てからやけにガチャ運良くて怖いんだ	0	介川龍之芥	0
0085	この低評価の数はリスナーさんが嫉妬したからだな😇	0	にゃみあむ	0
0086	奈緒すこってくれてありがとう	0	推しがいとしーさー	0
0087	ギバラ豪運が重なりすぎてこれが不運として帰って来た時最悪事故るのではと思ってしまう  おめでとう！そして気をつけて！	2	:ホワドリ	0
0088	ガンギマリで草	1	Crystal Bearers	0
0089	ギバラ、りあむ説	1	blind touch	0
0090	運営と寝たってマジ？	0	ピエール牧原	0
0091	気が狂いそう	0	Y Kawahara	0
0092	初手ｳﾞｪｪｪｴ助からない(おめでとう)	1	ふぁいΦ	0
0093	初手限界助かる やっぱ江良ちゃんの昂ぶってるの見ると癒されるなー 大勝利おめでと	1	アキ219R	0
0094	人間？	0	シティトバリ	0
0095	今低評価押しに来た奴おるやろ〜	0	ヌカさん	0
0096	笑い方がトムジェリ^^;	0	糖オリゴ	0
0097	低評価多くて草生えますよ	2	仮スナー	0
0098	やばいですやん	0	あ	0
0099	神引きおめでとう🎉 色々あったけど 江良ちゃんいなくならなくて良かった!	0	アナスタシア2756	0
0100	これは低評価不可避	1	b o o k	0
0101	這是什麼運氣。。。。。(〃＞皿＜)	0	Jason K	0
0102	この人何回心肺停止したら気が済むの	0	コロン	0
0103	8:16	3	Mas chera96	0
0104	これは低評価ですわ	0	黒電話	0
0105	低評価多くて草	1	ER34乗りのほのかの旦那 ほのちゃそ	0
0106	ガチャ放送で低評価が増える女	1	りむ	0
0107	アクアの運をすべて吸いとった放送	1	ぷり	0
0108	一人でフェス限抜きのフェスしてるじゃん	0	トーラ	0
0109	明日はきっといい日になる     楽しみだね＾＾ 後半はエモかった...おつえら！	3	アヲノ#調子極端	0
0110	自分が爆死してもギバラが幸せそうならそれでいいと思いませんか？僕は思いませんけど	0	不思議の国のアリ	0
0111	月末幸子きて絶望してくれ	1	ゆう	0
0112	SSR 3%のガシャを300連して⁇枚以上あたる確立はおよそ3.9%… な ぜ こ ん な に も 引 き が い い よ う に 見 え る の か	3	1.1-6ちゃんこ	1
0113	次は、にじさんじスクラッチかな	0	マツイさん	0
0114	御伽原Pのデレステ配信はハズレ無しの良配信ばかりだからまだ見てない人は是非～。 前回のりあむ回のきゅんきゅんまっくす2Dで限界突破とか切り抜きもされてないし見逃してる人多い気がしてる。 たまーに変なおっさん混じるけどそれも良し。	2	ai ue	0
0115	神引き出来て良かったな。これからも頑張れよ！	1	K.O.M	0
0116	この動画に限らず、PUが仕事しすぎると感じる。確率操作されてるのではなかろうか。	1	ケンジントン博士	0
0117	確固たる 意志を持っての 低評価	0	もやし	0
0118	LAST   2019:アポカリプス	0	月奏-runa-	0
0119	低評価が...800...	0	たにりまゆ	0
0120	这还是人？？	0	yue wang	0
0121	限  界  オ  タ  ク  終  焉  記	0	めんたくん	0
0122	0:12 はにかみdays 29:37 Heart Voice 34:09 ラブレター 54:01 お願い！シンデレラ(1回目) 56:42 ∀NSWER 1:00:38 絶対特権主張しますっ！ 1:05:06 あんきら！？狂騒曲 1:08:41 キラッ！満開スマイル 1:14:07 おんなの道は星の道 1:17:02 2nd SIDE 1:24:21 Happy×2 Days 1:28:53 comic cosmic 1:33:08 Palette 1:38:30 無重力シャトル 1:41:35 凸凹スピードスター 1:47:00 きゅん・きゅん・まっくす 1:51:27 O-Ku-Ri-Mo-No Sunday! 1:56:17 お願い！シンデレラ(2回目)	65	不思議の国のアリ	0
0123	あれ、ここがキメセク会場であってます？	4	馬になったみかん	0
0124	GTAで燃え、雑談で燃え、コラボで燃え、遂にデレステですら燃え盛る女	0	コマド	0
0125	08:16 10:02 11:54 24:11 除 夜 の 鐘	16	きりこ	3
0126	天罰下らなくても脳の血管キレて死にそう	0	from la	0
0127	絶対曲聞いてないね(*^^*)	2	メルヘン	2
0128	ガチャ結果に低評価押してるだけでギバラが嫌いなわけじゃないんだよなぁ	1	No MuG1	0
0129	割とガチで気持ち悪いの草	1	すぎやば	0
0130	いや流石に低評価多すぎるでしょ、、 低評価芸やってんのは知ってたけど配信終わってもまんまじゃん、どっかで問題発言したのか前回の配信引きずってるのかどっちだ	9	佐々木	13
0131	後の不幸に俺ら巻き込むなよ     低評価押しときました	0	笑い袋	0
