0001	39:40 ギバラ博士、お許しください！	124	草猫	3
0001-001	親方！空から女の子が！	0	サイバーエルフブルース
0001-002	3時間ぐらいギバラ博士と語り合いたい。	1	ボルガ博士
0001-003	かわいそうなギバラ博士☆	2	コンティロマネ/イルミナたんふぁんくら部部長
0002	51:28 初めて本名がうぁぁあぁで良かったと思った	69	綾鷹	0
0003	46:38            だ い さ ん じ ここからずっとサイコパス	72	チキンぱねる	2
0003-001	ぱねるチキン ぎばら心の一句	3	Henly Regarding
0003-002	119番ちゃんと知ってて江良い	3	ナンブキョウ
0004	35:33	41	raki nyan	0
0005	48:52 サボってアーカイブを見る僕を見透かす江良	15	ノワール	0
0006	46:03 「怖いか？     あビビってるぅww     （不思議な笑い声）」  その後我に帰るのも好き  癖になる・・・	18	まと【ひなみな】	0
0007	1:13:46 遊園地デート開始	6	介川龍之芥	0
0008	1:09:17 ここから一緒にエレクトリカルパレード歌うの楽しいからみんなやって	33	Una Owen	0
0009	2:04 start of an Era  9:05 her true voice start leaking  9:24 her first abababa  15:15 my favorite 39:40 gibara scream 46:46 gibara normal talk  We love gibara today, good work gibara	22	Brando No Mokou	0
0010	デートという名の心中	21	雑食愚者	0
0011	56:56 ドラゴンアターック！(レスキューファイヤー並感)	8	ぱちむす	0
0012	二人きりのデート(開幕手配度1)(開幕暴力)(警察と鬼ごっこ)(海へ飛び込み)	17	ウリカバディ	0
0013	また君に恋してる。 今までよりも深く。 また君を好きになれる。 心から。	33	シスター・ゴリア	0
0014	50:36 彼らは溺れるでしょう? ww	5	Demoncard	0
0015	こんなデート命いくつあっても足らんわw	4	いろじろ	0
0016	毎回サムネ凝っててエラいぞ	8	トウ	0
0017	この時はまだ...	1	よんず.	0
0018	45:20 ワイバス関連会社勤務勢、バスジャックに震える	4	宮下かすみ	0
0019	ガラスのクロックスほんとすき	6	コマド	0
0020	39:58	6	Fritzumi	0
0021	デートの概念が飛行船とともに飛んでいってしまった	1	ブラウン管	0
0022	サムネかわいい	1	霜桐ヒロ	0
0023	15:26  ♪誰にも邪魔はさせないか   ラ゛ァ゛！	3	だが無意味だ	0
0024	またGTAしてくれてほんとうれしい	1	鈴白やぐら	0
0025	ギバラの配信見てたらGTAやりたくなったから久々に軍事基地に戦闘機盗みに行ったら何故か簡単に取れますた。 戦闘機は楽しくていいぞ	2	ぎーぶる	0
0026	45:23　こちら、地獄一丁目行きのバスになりまーす。片道切符ですので悪しからずー❤︎	0	サイバーエルフブルース	0
0027	この人のGTAほんとすき	1	ま	0
0028	トラックの女神 消防車のシンデレラ	0	ちゅうごくじん	0
0029	真っすぐ進めばいつかは海に辿り着くのに、左折ばっかりして迷ってるね	0	ロバテナー	0
0030	すき	3	Una Owen	0
0031	私の彼氏のお兄さんのクラスメイトの弟さんが居るんです！の流れ好き…	0	兎丸	0
0032	まだ、、、江良ちゃんの面影が、、、	0	もるん	0
0033	彼氏のお兄さんのクラスメイトの弟	0	明太子おにぎり	0
0034	45:00	7	おそろしいあくま	0
0035	ギバラには是非ウォッチドッグス2をやってほしい	0	ただのきりたんぽ	0
0036	幸子Pの鏡	0	0925ゲルマニウム温泉	0
0037	ギバラの「スパチャ」の言い方すき	0	おもちピザ	0
0038	好きなことを夢中に話す女の子は可愛いですね	0	ノワール	0
0039	是非オンラインで暴れてほしい。	1	ER34乗りのほのかの旦那 ほのちゃそ	0
0040	1:16:05 ﾈｯカリフォルニアあれ？フロリダだっけ⁇	0	軽空母瑞鳳	0
0041	I do not speak Japanese, and therefore understand almost nothing that is being said, but I am here regardless.	10	Dodge Chance	1
0041-001	I commend you	2	Honoka's Tiddies
0042	RIP boyfriend's elder brother's classmate's younger brother lol	0	Samuel Nathan	0
0043	キャプションが敬語調なところにいろいろと考えを巡らせてしまう…。	0	ジーニョ	0
0044	盗難車でデート来る女なんて嫌だw	0	砂男	0
0045	※メモ 1:09:15　エレクトリカルパレード(葬列)	0	炙りカルビ炙れや	0
0046	39:44	1	たにし	0
0047	48:19 PSYCHO-PASS	0	隣の翠さん	0
0048	14:49 エモいを完全に履き違えているのがとてもポイント高い 急な気温の変化にも負けず過去最高得点を更新です	11	れぐるす。	1
0048-001	ん？	1	MO MO
0049	開始 2:05	9	ワラビモチ	0
0050	1:09:13	1	Hige3387	0
0051	13:42 57:01 1:07:27	2	キザオ聖杜	0
0052	There has something to be said when one of the cutest and most innocent Vtubers sings while running people over or beating them to death.  GTA  brings out the BEST in all of us.😄	19	J. Green	1
0052-001	most innocent 🤔	4	physics evangelist
0053	罪状ニキが過労死する動画	4	天キノ	0
0054	Apparently the treatment for death is 30 U.S. dollars	0	A Literal Lamp	0
0055	oof	0	Rakun Buncit	0
0056	WASTEDまとめ 5:05, 11:10, 21:33, 30:12, 39:39, 43:42, 1:00:20, 1:09:18, 1:36:00	7	ポンコツ ・ラーメン	0
0057	デートする気無いだろ	1	レンタルベルマーク	0
