0001	3:55　今回の可愛いポイント	6	the poisan	0
0002	サムネの顔かわいいな	6	大塩平九郎	0
0003	2時間があっという間に そんなすばらしすばらしな配信でした	7	アヤメ	0
0004	すごいな…2時間でここまで進むとは… ランガンがニガテすぎるけども 花と城を含めて、こうも早くクリアするとは…	3	秋水エイジ	0
0005	1:18:18 lmao i did the same thing for this level LAZINESS GANG	0	Just A Dragonfly	0
0006	This girl really need to learn how to parry	0	jordy williem	0
0007	9:30 ここの敵は本当にベティをモチーフに作っているね。他にもほとんどの敵が何かしらのモチーフから作られたもんですから、検索してみると面白いですよ	0	ペイン氏	0
0008	1:29:20 可愛い、	7	ちーくん	0
0009	KNOCKOUT!っていう字が出る度にガッツポーズしてる自分がいる 鬼畜ゲーにやられても挫けずに挑んで徐々に上達してるのを見てるとこっちも楽しくなってくる😁	0	よわむしArisia	0
