0001	清楚スイッチ押した後、確かにいつもより清楚で草	181	かもめ	3
0001-001	清楚化 (物理)	0	Darkness暗夜
0001-002	草	3	。ねりてん
0001-003	草	5	カリオロス亜種
0002	ドッキリの途中なのにネタバレする馬鹿の心境がわからん	146	グーグルアカウント	5
0002-001	インキャの極みやな	5	佐々木太郎
0002-002	ADHD	4	きなこもっちー
0002-003	@林 きっしょ	30	とんとこふうた
0002-004	ザック愛好家 やってる本人は良いことしてると思ってる  俺のギバラをいじめんなよ〜みたいな	29	林
0002-005	ドッキリだから安心せぇ笑笑みたいなやついてほんと どんな神経してるのか本気で疑う	58	とんとこふうた
0003	サポーターがネタバレすんなやw 「まあそう慌てんなよw可哀想だから俺が真実を教えてやるよ‥やれやれ」って感じなんだろうけどガチモンのKYだな	90	りあか	10
0003-001	ああ キモ	0	普通の人
0003-002	笹木草　うるさい	0	Tomsan87kurkurツクカ
0003-003	ああ きしょい、いねや	1	く〜じょ〜じょ〜たろ〜
0003-004	@ああ うるさい	10	ちごいげくxd
0003-005	@ああ 草	9	ゆうゆう
0003-006	みんなの奴隷 うるさい	0	ああ
0003-007	ああ 図星つかれてるの丸わかりでかわE	27	奴隷
0003-008	呀邑緋啻 うるさい	0	ああ
0003-009	@ああ 草	21	73ななみ
0003-010	きむ うるさい	0	ああ
0004	アーカイブ見直したらネタばらしフライングしてる元気な奴多くてびびった	84	餡ころ鮟鱇	1
0004-001	ひたぎ	0	tfw no yandere
0005	1:42:54 ガチ焦りする江良ちゃんかわいい	62	やみい/朝日奈樒	0
0006	三大事件 ①25:15 教会爆破事件 ②1:00:07 セバス脱走事件 ③1:42:34 JK組ハウス爆破事件  その他の見どころ 36:59 危うく詰みかける 46:20 1:17:03 愛園との出会い・再会 56:13 愛は地球を救う  クレアさんはサイコじゃないよ！	132	まるたろー	2
0006-001	草	2	Akira&らい
0006-002	世界史の教科書の各章タイトルみたいで草	7	Sekitoセキト
0007	罠だとか言ってるやつコメント見たらどう思うとか考えてるんかな	74	ヨンアーゴ	2
0007-001	@呀邑緋啻 害悪すぎる	1	719 YATTORIC
0007-002	こいつら椎名の配信来て善人ぶって低評価押してくる厄介リスナーだからな	5	呀邑緋啻
0008	ギバラ……正直焦ってる時が一番可愛かったぞ……	40	コマド	0
0009	やり場のない怒りにクソクソ言いながらモノ壊すところが地味に可愛くてすこ	28	しなの	0
0010	あれ？焦ってる時清楚になってない？	52	ぽはすぃーな	0
0011	1:52:44 Cパート	80	原宿に行きたいイカちゃん	3
0011-001	感謝・・・！	2	ヘアピン
0011-002	・・・ん“ん”ッ“！！で草	7	電子レンジ
0011-003	気づかなかったから助かる	4	フロランタン
0012	頼む案内人間違って………なかったなw (本当に美味とこ用意してるな、椎名さん)	9	ねむのき	0
0013	1:47:10 笑顔になるの可愛い	18	Blue Berry	0
0014	1:42:58 そそくさと逃げてて草	10	ER34乗りのほのかの旦那 ほのちゃそ	0
0015	Best minecraft prank ever. This is just like a slice of life anime.	10	Phantom of Death	0
0016	※ネタバレ注意       爆発直後に「安心して、それ椎名の仕込みだからw」 とか言ってるやつやべーな、。	88	すぱとと	5
0016-001	そういう奴等は友達がいないんだろうな	9	露天風呂
0016-002	自分ではギバラを守ってあげていると思ってるんだろうな。 ほんと頭お花畑	28	餡ころ鮟鱇
0016-003	んー...	1	ヤマガラ
0016-004	マジでどんな神経してんだろね…	19	ドン・マッコリ
0016-005	しぃしぃが驚かそうとしてるのに、なんかそういうコメント見ると冷めますよね( ˊᵕˋ ;)	23	色エンピツ
0017	25:14 クリーパーの奇襲	6	ゼルビッシュ	0
0018	1:46:32 の「え…どうしよ…」がガチトーンでちょっと可哀想になった	59	からすみ	2
0018-001	普段見れないギバラ見れて最高でした	3	しゅがー
0018-002	そのちょっと前の「あれ？（やっぱり元に戻ってる？）」みたいな反応も含めておもしろい	7	くらげなす
0019	配信中にネタバレコメするような空気読めんヤツにはなりたくねえな…	51	ドン・マッコリ	2
0019-001	@メロンパン 厄介なのは自分が正しいと思い込んでるとこだよね	6	餡ころ鮟鱇
0019-002	最後のやつね	4	ドン・マッコリ
0020	25:15 ドーラ神	8	ボンゴ	0
0021	1:42:26  JKハウス()に遊びに行くところ	25	色エンピツ	0
0022	苦しめられてるギバラかわいいんじゃぁ＾〜	5	min taka	0
0023	トサキント 38:30	38	雪玉	1
0023-001	地味に似てるの草	0	もっけ。
0024	1:46:17 現実を直視してしまったギバラ	17	-ラプラスのまくら	0
0025	JKハウスのとこめっちゃ面白いなこれ笑笑	9	sugar	0
0026	目かっぴらくほど焦ってて草	3	エキノコ	0
0027	11:25 椎名「おったぁ～！」 が、かわいいよ	8	板垣	0
0028	コラボ出来てよかったな...エバラ	6	つかじゅん	0
0029	セバス脱走事件の時、私は初めてバブみを感じた。	4	SALT MAN	0
0030	25:15 事故爆発 1:41:10 にやけすぎ	13	キムワイプーSDSーペイジ	0
0031	面白い切り抜き頼むで！！	6	まるたろー	0
0032	椎名さんいい先輩だね	8	あもあも	0
0033	最高だったよ	4	vright	0
0034	今更ながらギバラのPCめっちゃ動きヌルヌルよね	8	Ro ze	0
0035	毎回置いてかれるギバラ可愛い	6	湶-いずみ-	0
0036	愛園さんとの絡みめっちゃ好き笑	0	yuri	0
0037	しぃしぃがごめんねぇ。でもギバラかわいかったわ	5	まーりゃんマーシー	0
0038	爆発現場見るまでの余裕からガチ焦りで草	11	田生	0
0039	ギバラに敬語は似合わねぇw	3	大根が嫌い	0
0040	ギバラの後輩キャラかわいくてムカつく	2	ロールパン	0
0041	きれいに清楚スイッチが決まって机叩きながら笑う椎名草	12	eli ce	0
0042	1:25:20 Cパートへの伏線	8	まるまるまいか	0
0043	しぃしぃとのコラボ面白かった！ドッキリお疲れ様ｗ	1	おもち	0
0044	かわいそうはかわいい定期	2	マッチョリーゴリゴリウス	0
0045	ドッキリがあまりに気の毒で登録しました、よろしくお願いします。	2	如月てぇ提督	0
0046	ワザップ清楚スイッチ？	4	らふてー	0
0047	待機画面でスパチャの文字に「〜さんようこそ！」って書いてメンバー偽造してる人いて草だった	9	ごてはんだ	0
0048	タ イ ト ル 詐 欺	5	麦茶	0
0049	まるで最初から最後まで台本あったかのような完璧な流れになってるんだが二人とも面白過ぎないか？	8	いろじろ	0
0050	想像以上のガチ焦りでしぃしぃの昨日の準備配信見てた者としては笑わざるを得なかった…すまん江良ちゃん！	15	海 野 [UN-NO]	0
0051	トサキントのものまねめっちゃすこ	2	ryoya	0
0052	初見です　最後の一秒まで楽しませてもらいました ありがとうございます	4	Aiq	0
0053	ギバラ ... にじさんじ に未練があるんやな ...	0	上田中栗洋	0
0054	ドーラさんスーパーマンみたいでワロタ	2	うに茶	0
0055	意外と初なんですね	2	hiromu matsumoto	0
0056	爆破時に今まで見たことない顔してて本当笑った	5	仮アサクラ	0
0057	久しぶりに御伽原を推しててよかったと思った	8	夕飯	0
0058	憧れの声優に思わぬ形で参戦することになりそうなギバラさん	0	ねる犬	0
0059	椎名さんを最初から最後までガチで楽しませられてたから、そこは誇って良いぞ！	3	kbf kbf	0
0060	舞元の家知らん間にごちゃごちゃなってて草	0	re kku	0
0061	ギバラの反応が期待通りすぎて草生えた。 これが所謂神回ってやつなんだろなあ	4	ringo Rui	0
0062	違う案内役の人見つかるといいな…	6	ポンコツ	0
0063	この配信でわかった.. しぃしぃはギバラよりやばいな..	22	星見っち	2
0063-001	ヤバさのベクトルが違うから	1	餡ころ鮟鱇
0063-002	これ見てギバラはアグロ失言だけどクズとは違って、真クズはしぃしぃだけだったと確信した	1	Setsuna
0064	ギバラ…少しは疑いなよ…	0	天キノ	0
0065	本気で焦ってる江良ちゃんちょっとかわいそうかな？って思ったけどしぃしぃのネタバラシまでの流れが完璧でめっちゃ笑った！Cパートも含めてオチが完璧だね！ 江良ちゃん先輩に愛されてんね～～～！！	19	ユリ	0
0066	爆破の後のゲーム内効果音がタイミングピッタリで草	0	CaminaSUN	0
0067	キバしぃてぇてぇ	2	Akira&らい	0
0068	すこ	3	OinK- tan	0
0069	1:07:29 こんにちはに反応してペコってするのかわいい	0	春#haru	0
0070	マジで神回やなww ww	4	どどDodo	0
0071	焦りバラ可愛	4	わたがしつちのこ	1
0071-001	遠目で見て被害少ないんじゃ時棒を持ってすぐ現実見たとこ可愛	0	わたがしつちのこ
0072	3:32 モノマネレバー(お猿) 18:30 モノマネレバー2(ピノキオ) 37:42 実質モノマネレバー(トサキント)	1	Masha	0
0073	芸人枠の本領発揮という感じでしたね…。 振り回されるギバラも正直可愛かった。	5	紳士.	0
0074	ギバラとしぃしぃ面白すぎて草生え散らかしっぱだわw またコラボ待ってる	11	Setsuna	0
0075	清楚スイッチ「清楚になれるんっすか！？」 1:42:43	0	うべー	0
0076	1:42:33	5	鈴蘭	0
0077	おつえら～！ 最後めちゃめちゃ焦る江良ちゃん可愛かったよ( ˘ω˘ )	4	はっし〜	0
0078	しぃしぃの準備配信見てなかったからしばらくギバラと一緒に騙された俺みたいなやつおる…？？	11	乃亜-	0
0079	おつえら〜！おつかれ三下〜！ すげぇ面白かった！  レバーの伏線回収マジで 神ががってた...！	3	アヲノ#調子極端	0
0080	JK組の家(仮)を誤爆して焦るギバラにコメントで、「卒業おめでとう」って送るの残酷すぎて笑う	1	ろりばばぁ	0
0081	レバー1本目 3:26 　ものまね 4:10 鉄扉 13:09 レバー2本目 18:03 　ものまね 19:33 レバー3本目 35:56 　ものまね 38:33 レバー4本目 46:10 　愛園さん 46:20 レバー5本目 54:32 レバー6本目 1:42:43	2	ゆゆ	0
0082	Just an English guy passing by	0	Omran Saeed	0
0083	にじさんじの問題児たち	1	地底人	0
0084	割れてんだよなぁ植木鉢がよォ！なぁ、割れてんだよなぁ！	0	偽三下いちご大福	0
0085	25:00	0	よぴお	0
0086	Just an English comment ...	2	Chương Nguyên	1
0086-001	IM WALKIN ERE	0	Rushia Cleavage
