0001	1:18:05 キモオタすぎて好き	315	おちんぎん	1
0001-001	まだ踏まれたカエルの方がいい声する	35	シジュウカラ住職
0002	28:56 例のリンゴ	122	きっきー	0
0003	最近御伽原さんのアーカイブ見ながら寝落ちしてます。いつもありがとうございます	19	*おむらいす	0
0004	このゲームの運営はきっと誰よりもこのゲームを愛してるな	71	ryu 1	0
0005	並木芽衣子の担当&王候です。江良ちゃん、芽衣子さんに出会ってくれて本当にありがとう。ここを見てる皆様もちょっとでも興味あれば少しでも気にかけてくれれば嬉しいです。	83	宮下かすみ	0
0006	ギバラがりあむに感情移入するの、本人と経歴も性格も業務もおなじだからでは(名推理)	83	blind touch	2
0006-001	恐らく 理想は輿水幸子 現実は夢見りあむ	17	blind touch
0006-002	君のような勘のいいガキは嫌いだよ	14	Tat Kom
0007	22:10	57	ああああ	0
0008	もはやギバラのせいでデレステが好きになった自分がいる しかもこれが基本無料で出来るんだろ？惚れるぜこんなの	40	MAD制作 manato	1
0008-001	基本無料ってなんだ？(池沼	1	ベニートムッソリーニ
0009	デレマス好きとしてはこうやって全力でデレステ楽しんでくれて 「こっちの水甘えええ！超甘えええ！」ってしてくれることはとてもとても嬉しい 宣伝として大正解なんだよな…	41	青二才	0
0010	1:51 可愛い…(震え声)	70	クロクロ	0
0011	わかりみマイスター以外の言葉が見つからない	19	* omiso	0
0012	またにじデレやってほしいなぁ あれめっちゃ好きなんだが	18	おはようあなたのばんです	0
0013	この配信で二宮飛鳥に出会ってから早いことに半年が経ちました。彼女との出会いはまるで昨日のことのように感じられます。今や立派な二宮飛鳥担当のプロデューサーですが、この配信がなければ、また、気まぐれにこの配信を見に来ていなければ二宮飛鳥にも出会っていなかったと考えるとこれは運命のようにも思えます。素敵な出会いをくれた御伽原江良に感謝します。  PS　この配信以前から佐藤心のプロデューサーをやらせていただいていましたが、双翼の独奏歌の次にしゅがーはぁと☆レボリューションという今から思えば奇跡のような曲順に感嘆しています。	31	トランプ・正恩	0
0014	もっとMVをしっかりみたいならIpadおすすめですょ	9	ギュス	0
0015	汚い声で笑うw	4	斎藤勇気	0
0016	今回のライブまとめ(推定)です！ バベル　27:15 ミラーボール・ラブ　31:59 ステップ&スキップ　35:56 Gossip Club　38:40 双翼の独奏歌(ｷﾞﾊﾞﾗ無し)　42:47 双翼の独奏歌　45:08 しゅがーはぁと☆レボリューション　48:16 ニャンと☆スペクタクル　51:56 キラッ！満開スマイル　54:53 きゅん・きゅん・まっくす　57:46 お散歩カメラ　1:02:31 EZ DO DANCE(プレイ)　1:06:27 お願い！シンデレラ(１回目)　1:16:13 お願い！シンデレラ(２回目)　1:34:10 お願い！シンデレラ(３回目)　1:46:05 Pretty Liar　1:52:33 Starry-Go-Round　1:55:42 しゅがーはぁと☆レボリューション(りあむ)　1:59:05	133	通勤特快許可局	0
0017	ありがとう…	2	いろはに	0
0018	1:42開始	15	歴戦嘔 吐龍スコヤカーナ	0
0019	しゅがはレボリューションはフルのラスサビ前の作ってない声がいいから是非聞け	2	ああ	0
0020	このアーカイブで 双葉杏に出会いました 本当にありがとう、	1	晴空てる	0
0021	ノーブラ助かる	6	32ギガバイトのUSBメモリー	0
0022	また笑っ『ｱ"!!!!!!!!!!!!!!!!!!!!!!!!!!!!!!!!!!!!』	5	すずわたり。	0
0023	二宮飛鳥はいいぞ（いいぞ） ねーほんとあすちゃ声もいいし顔もいい…どうなってんのあれ…剣になりたい…	15	青竹持 権左衛門	1
0023-001	それな？？？？	0	めんどくさがり人間
0024	エクステ食べたいはガチ	2	よもぎ	0
0025	デレステでこれでしょ。大阪行って生声聞いたら召されるんじゃね？	6	ケップリン	0
0026	かわいい🙈🍌💕	2	HIGE_iAim	0
0027	二宮飛鳥をよろしくお願いいたします。	12	北のレガリア	2
0027-001	300連だ・・・。	0	北のレガリア
0027-002	飛鳥、二宮飛鳥だ！セカイ系の魂！	0	青竹持 権左衛門
0028	すっげぇ機能追加されたのねこのゲーム…… 見てて思ったけど、エラちゃん含めやっぱみんなの愛がすごい	6	wktk丸	0
0029	1:24:37	9	zǝɯɔɹɐ	0
0030	この配信で二宮飛鳥に出会ってから1年が経ちました。速すぎる時の流れに驚愕するばかりですが、数々の偶然を経て生まれた僕と飛鳥の出会いを繋いでくれた貴女には感謝しかありません。本当にありがとうございました。	0	トランプ・正恩	0
0031	試しに最後の「また笑って♪」のところを薫ちゃんに歌わせたら、無事死亡しました	1	光乃りり	0
0032	それ、限界時の顔でもあったのか	0	anakin001	0
0033	最後のるん！の言葉が、復活！これが、終わり方ですよ！	0	中山北斗	0
0034	何が良いって、凄く好感が持てるPなんだよねぇ江良ちゃんは。ライブチケット取ってたり、デレステにまだ無いソロ２曲目なんかも知ってたり、太田優ちゃんとかの声なし組もしっかりチェックしてるのがね。最高です。どんな理由なのか分かりませんが、大阪行けると良いですね。	9	ai ue	0
0035	47:35	4	Vtuberになりたいロリ	1
0035-001	1:16:06	2	Vtuberになりたいロリ
0036	初見なんですけど、いつもこんな叫ぶの？	7	ノマネ	9
0036-001	@ノマネ 是非是非 貴方に良い担当が見つかりますよう祈ってます。	0	素直シュール
0036-002	素直シュール そんなに言われると、インストールしてしまいますわー	0	ノマネ
0036-003	@ノマネ デレステ可能だったら是非やって欲しいです。神ゲーであることは保証します。これ本当に無料？という機能が目白押しでアイドルは、メチャクチャかわいいし 曲も良くてガチャ石もたくさん配ってくれます(オタク特有の早口)	1	素直シュール
0036-004	更正しました リアム艦隊のやつですか？？ 見ましたよ 喜んでるのか、叫んでるのかわかりませんでしたw	0	ノマネ
0036-005	素直シュール 確かに本当に好きじゃないと、こんなに感情をあらわにできませんよね 私はゲームやってないですけど、これからも見ていきたいと思います	1	ノマネ
0036-006	しんみりあむのあった回とかただのビーバーだから時間があったら見てほしい	0	はーど
0036-007	@ノマネ 一番最初のデレステ配信はヤバかったですね。でも本当にデレマスが好きってことが伝わってくるので、Pとして信頼できるんですよね。	0	素直シュール
0036-008	素直シュール そうなんですか！ これでおとなしいのか…………	0	ノマネ
0036-009	むしろいつもよりか比較的大人しい方	6	素直シュール
0037	おつえら〜！ MV殺傷能力高すぎ…まじで良き… これは限界化もする てかこれが無料ってまじですげぇ！ 江良P＆運営様ありがとうございます	2	アヲノ#調子極端	0
0038	えらのデレステ見るとやりたくなるw プレイのラグ凄いから、逆に音聞かずに見てやる方が安定するかも？ 俺はよく無音でプレイしたりするけど、慣れたら安定するよ。 今ススメロードイベだからちょっとやってくるか	0	ラムゥ【元FPSプロゲーマー】	0
0039	腹パンデモニウム読んでくれ	0	おつ	0
0040	幸子pならちょっと小梅ちゃん登場するのではって思ってた…ありがとう…	1	ユピージャ	0
