0001	I can’t understand the language at all but it’s still nice to watch 😊	15	Bruh	0
0002	5:51問題シーン オシの3人がコラボをすると嬉しいな	11	はましゅう	0
0003	ギバラモデルぐう可愛くない？	8	ねむのき	0
0004	悪魔二人に教授する女。	4	現場シギ	0
0005	お疲れ様でした〜！ さすがトイレ職人えらち！ ナイスコントロール！    3週連続このコラボあるの 嬉しすぎる...	4	アヲノ#調子極端	0
0006	左から 可愛い&可愛い&可愛うぃ	2	丑寅の兄ぃ	0
0007	ギバラいつもありがとう  個人的見どころ 50:40最もトイレを連呼するライバー達	5	コマド	0
0008	推しと推しと推しがコラボしてる……	0	hoheinaba chan	0
0009	えらち、おつるるー！ 皆可愛過ぎて、ずっとにやにやしてた。 来週、再来週のコラボも楽しみなのだ！	1	どん!	0
0010	さすが案件ｗ　急にレベル５０ｗ	0	ミフヒヨ	0
0011	5月で終了だってよ	0	aoi Fuse	0
0012	5月27日でサービス終了だからなんか機会あったら再びこの三人に集まってもらってなんかやって欲しいです...	0	So Ma	0
0013	なんだこのかわいい悪のコラボは...そう思ってアーカイブ見たらすごい早く時間が流れた気がする、楽しかったよ！	0	:ホワドリ	0
0014	なんで全部バイトある日なの？(´；ω；｀) くぁw背dｒｆｔｇｙふじこｌｐ；＠：「」	0	ライバーの元によく現れる黒子の姿をした背後霊	0
0015	アーカイブ見ようと思ってきたけど、サムネがぴぴニキみたいやから見逃してた…  わかる人おる？	2	T R M	0
0016	34:01 寝言は寝て言え(辛辣)	10	きゅうゆう	1
0016-001	寝言は寝てぇてぇ...  うん、寝よ	0	Jene Doe
0017	アバターとても可愛かった！ ボスにトイレで戦うの面白かった！ 江良ちゃん投げるの上手かったねw とても面白かった！次のコラボも楽しみ！	1	アナスタシア2756	0
