0001	13:17 御伽原ｵﾗｧ! ちゃん登場	259	こんじ	1
0001-001	こんじ 元ヤン説が浮上してきましたねぇ	12	サラダ
0002	13:27 一線を画すｵﾗｧｯ	10	何か特に言いたいことなどあるわけでもないし	0
0003	6:44  8:35  ？！？！？！？！！！？？？wwwwwwwwwww	199	トウ	0
0004	27:03  あばば誕生	247	いろじろ	1
0004-001	ビヨンドライバー	15	ノギクチ
0005	16:20 誰かよろしく	326	た	3
0005-001	エッッッッッッッ       ふぅ…	5	Z O
0005-002	16:2016:2016:2016:20 16:2016:2016:2016:20 16:2016:2016:2016:20 16:2016:2016:2016:20	4	どるくろうず
0005-003	まぁぁん///	19	Lemonmilkチャンネル
0006	1:44:31 「ずきゅん💘」	147	こんじ	0
0007	16:16  最高に艶っぽい「マ？」とかいう謎のコンテンツ	115	鈍器グルーヴ	0
0008	切り抜き動画と銘打って フルで転載しても許されるレベルに 見所しかなかった	115	フルンティング	0
0009	もう何を切り抜けばいいのかわからない こんなの初めて	135	12さん	1
0009-001	若干テンポ良くしたやついくつかに切り分けてシリーズ化とかどうですかね？	3	素直シュール
0010	1:09:59 ここ「踊る赤ちゃん人間」	52	あるかでぃ	0
0011	1:39:50 喘ぎ	57	和人和人	0
0012	7:04　壺ゲーム開始	28	藍瀬叡	0
0013	1:56:55 ここすき	81	raki nyan	2
0013-001	アホの子ほどにじさんじ適合者なんやな...	0	Amizel
0013-002	わかるまん	3	もこしお
0014	女の子ライバーに前は興味なかったけど、メチャクチャ面白くて惹かれた	40	紫のバーベナ	0
0015	15:53 「よしよしよし良い子良い子良い子...オラァ！(超清楚)」 猫なで声からヤンキーボイスに変わるの若干でろーんっぽくて草。 やはりにじさんじか...()。	61	アダムス川戸道	0
0016	最近の新人さんは初期からにじさんじしてる	15	エリンギ	0
0017	デビュー1週間で勇気組に喧嘩を売ってて草	8	整地兵	0
0018	適当な時間押したら割とすぐに （・▽・💠）＜ｱﾊﾞﾊﾞﾊﾞﾊﾞﾊﾞﾊﾞﾊﾞﾊﾞﾊﾞﾊﾞﾊﾞﾊﾞﾊﾞ!!! って聞こえてくるの本当に草	18	無糖	0
0019	委員長、しぃしぃに続く大物に成長しそう	4	ぶるー#凛fam	0
0020	これは配信前にシャンプーキメてたな	9	。つけた	0
0021	もはやこれが切り抜き動画	3	Tokine	0
0022	34:17 円周率3とか言いそう ってコメントを見たなw	5	たなは	0
0023	かえって切り抜けない配信 （・▽・💠）＜やるやん	6	小豆/大豆	0
0024	このままプニキして♡ キチゲー配信者になろう！	10	カクつく画面	0
0025	（・▽・💠）＜いろいろしゅげぇ！	6	mura bito	0
0026	配信お疲れ様です 好きだからいじってしまう、あると思います🐵 明日も楽しみです  追記 目次作ろうかと思ったのですがネタの密度が濃すぎたので断念しました (・▽・💠)＜友達い”な”い”ん”だからぁ！	18	夕凪	0
0027	にじさんじの精神が形となったかのような人だ…	5	おいしいからあげ	0
0028	ウィンク可愛い	5	爆乳美少女戦士ほむらたん	0
0029	切り抜き多発注意報	3	ぱぶろ	0
0030	この頃 あまり進んでないのでは？⇒やだ〜そんな事言わないでよー() 2年後 ヘタクソ⇒お前じゃやってみろやぁぁ！！！！(激怒)	1	デンプンじゃがいも由来	0
0031	最後のため息笑	0	ソノユー	0
0032	咳払いが多いの頑張って声帯チューニングしてたんだろうな	3	ワサビーム	0
0033	失礼が服を着て歩いてる	22	miya	0
0034	各方面に喧嘩を売って燃える直前で踵を返す女	24	luv@eevee	2
0034-001	チキンレースの猛者で草	0	SANS HUWA
0034-002	luv@eevee 好き	1	。暇人
0035	ギバラが本性を現した伝説の配信	0	川崎の飛燕さん	0
0036	誰とでも似る女	8	賢い犬	0
0037	これから失言するたび失言デテラさんって呼びます	1	ナンマ	0
0038	神回すぎるw 江良ちゃんの悲鳴すき	0	やみい/朝日奈樒	0
0039	初めての配信から飛んできたけど既にキャラ崩壊してて草	4	fub	0
0040	ただいま！！！	0	鶏	0
0041	誕生日おめでとぉぉぉぉ	0	スプラトゥーン裏ワザバグCH.	0
0042	何かこの娘名取さなみたいなキャラしてる･･･	0	あるばーと・うぇすたりす	0
0043	サムネが可愛い	0	Rainel Bainder	0
0044	一応切り抜いたんだけど誰か「うるせぇな！」ってとこ見つけてくれないすか？使いたいネタがありまして	3	日向himuka8116	0
0045	サムネかわいい	0	‭‭アキュララ	0
0046	倍数って知ってますか...？	2	あるふぉむ	0
0047	ああ、この枠でギバラ爆誕したんやなって	1	きゆう	0
0048	一気に何時もの江良ちゃんに戻って一気に安堵と幸せに包まれた	0	よわむしArisia	0
0049	この子の感じ、イキリ、煽り、弄られ方がにじさんじ初期勢のテイストがあってなんか懐かしささえ感じる	2	ken K	0
0050	自分用16:20	1	Ritu	0
0051	16:19	3	なーゔぎあ	0
0052	わー、すごぉい。切り抜きの宝庫やーん。	8	暇暇ローグ	1
0052-001	草	0	richter 111
0053	1:04:06 スポーツマンシップを知らない女	2	x. gridbug	0
0054	これがスネ夫か＾＾	0	シェルヴァス	0
0055	はぁ～かわいいなぁ	0	Una Owen	0
0056	ギバラに巫女服着せる雑コラ作ったやで。どうぞお納めください…	0	Mr.師範	0
0057	壺の才能がある	0	Keys	0
0058	やっぱり頭花族なんやなって思った	0	果汁16%	0
0059	あーせいそせいそ	0	きっときっと	0
0060	まるで失言のバーゲンセールだな…	7	雑食愚者	0
0061	54:35	2	ハマち	0
0062	1:17:32 童田明治 1:52:14 マッチョ	4	イサカレミントンTM	0
0063	（・▽・💠）く髪増量だよ！	0	あc	0
0064	この時から本性出し始めたのかな？	1	Ritu	0
0065	（・▽・💠）＜あ、どーも　   すこ	1	邪教を捨てよ	0
0066	29:58 ママ	1	Una Owen	0
0067	これでまだデビュー１週間経ってないってマ？	8	ちゃんねる一号.	0
0068	かざちゃんのTwitter出た瞬間もうニッコニコやん……あっみんな知ってた？    えっちって褒め言葉なんだよ！	1	ゲーム下手なピノ太君	0
0069	初配信から1週間でこんなにギバラが出てきてたのか······。江良ちゃんが侵されてたんやなって(意味深)	0	ありきたりなスマホ	0
0070	壺おじゃる	0	世界水準	0
0071	個人的にトサキント爆笑したのに コメ欄に無くて複雑。	0	鰈の煮付け	0
0072	27:02  ビヨンドライバー	8	Utsuho	1
0072-001	これは黒ギバラですね間違いない…	0	な〇
0073	や っ ぱ り に じ さ ん じ	0	岡田佳亮	0
0074	やっぱりにじさんじライバー1人1人から色んな成分を抽出して産まれたみたいな子だな	0	けんたろ【切り抜きの人】	0
0075	フン……御伽原江良か…… おもしれー女だ   チャンネル登録しました	5	遠藤みりと	1
0075-001	遠藤みりと がこの女の中身は恐ろしいという事を気づくのはもう少しかかる	0	キャラ大好き
0076	22:12	6	ともひち	1
0076-001	助かる	0	匿名
0077	トサキントやったら落ちる呪いある？w	0	修也福田	0
0078	大型新人	4	Jレモン味	0
0079	1:25:30～　サル	4	木原和宇	0
0080	This VR-youtuber is the most positive, so there is no emoji of anger, sadness.  She emits a contagious positive, so I watch her video sometimes just to cheer up.  :)	0	Evgeniy Bazhukov	0
0081	（今更だけど）気に入ったとこ前半  16:19 マァ？ 16:32 ア“ァ” 17:18 乗って乗って？ 19:15 あ“ぁ”ぁ“ヴ... 20:17 あ“し”ょ”ま“っ”て“！ 20:59 ウーン... 21:20 あっあっあっｱｰまって！ 24:41 あうっ 25:57 あぁっあっ！ 26:16 あ“ぁ” 27:01 あばば(乱れに乱れる) 29:14 あ“ま”ま“ま” 29:30 あままま 29:34 まんまんまん！！ 30:09 お“ぉ”？ 30:40 され“ぇ”！ 32:11 お“ぉ”... 32:16 んん... 32:23 猿化 33:26 あ“ぅ” 35:06 はぶっ！ 35:12 変な声でちゃうんだけどぉ// 35:21 あぅぅ 38:07 落ちるしぃ”！ 43:03 あぅぅ、あぁ～！んんん...! 51:41 ｵ”ｪ”   ごめんね...	48	ryoma	4
0081-001	@:D ご注文承りました～	0	ryoma
0081-002	@つー "お役"に立てて光栄だ	1	ryoma
0081-003	ありがとう 抜いた	2	つー
0081-004	ryoma 半分以上あ゛で草	3	Tomsan87kurkurツクカ
0082	Goddamit she played this a year ago if only she had played this as a fully developed gibara	0	detective duck	0
0083	(でろーん＋ひまわり＋椎名)÷3	2	ほのぼのチャンネル	4
0083-001	ゆっくりブタやろう やるやん＞（・▽・💠）	0	TAI
0083-002	思いのほかボロクソに言われたのでなおしたぜ👍	2	ほのぼのチャンネル
0083-003	（   ）つけような	1	TAI
0083-004	ちゃんと3で割って	1	ウィンドピア
0084	1:06:40	2	レジェンドケチャップ	0
0085	3:48 デビューからわずか5日で芸人魂発揮してるのしゅげぇ… 6:59 貴重なウィンク 9:21 かざちゃん 11:12 カフェオレのうた 13:25 ｵﾗｯ!ｵﾗｯ!  （切り抜きたくなる箇所めっちゃ多い）	7	そこらの民衆	0
0086	ありがとう	0	世界で一番愛してる江良ちゃん	0
0087	パコライザーと同時期ってのが可愛そう	3	ハナちゃんモームス	0
0088	同期のクズが居なければ、素直に チャンネル登録出来たんだけど… まぁ、大変だと思うけど頑張って	2	超 新規	4
0088-001	多分お前の同期にも腐る程クズいるぞ。	1	わたりコウ
0088-002	関係なさすぎて草	8	【公式】だんごむし
0088-003	そんなめんどくさいこと思ってるの君だけやぞ	11	アルトカブマン
0088-004	この子のチャンネル登録云々にパコライト関係あるんか？	17	メカモ
