0001	2:49:53 「あ、セクハラです」「ｽｩ--......難しいなぁ」 がネタとして通せるのアホ程仲良いなって思ったけど後半もっと酷い話展開し出して草	108	麦茶	0
0002	御伽原江良と私の性癖グランプリ  ゲスト：花畑チャイカ	72	ニコチンロイド	0
0003	43:58 ここすき	46	ガリュード	0
0004	チャイカ大好きなんだがw	13	揚げたてコロッケ	0
0005	3:26:28　3:08:54　3:22:34ここすき	6	じひつ	0
0006	耐  久  配  信  に  ゲ  ス  ト  を  巻  き  込  む  な	25	麻神谷有栖	0
0007	飯食わずに菓子ばっかくってると40代ぐらいから脳梗塞とかになるから そろそろ気を付けたええで割とガチで（マジレス）	41	るいくん	1
0007-001	るいくん 知れてよかった、ありがとう	17	【イラストレーター】みすみ
0008	長時間耐久お疲れ様！ 後半の低俗モードむっちゃ草だった... この動画の結論：ロリ	25	アヲノ#調子極端	0
0009	チャイカがとにかくいいやつで好きになった	4	揚げたてコロッケ	0
0010	3:31:38　ショコラ様限界トーク	10	フィオナ	0
0011	チャイチャイがモテる理由が分かる配信だった (○○○先生の本は俺も持ってます)	27	ねむのき	0
0012	1:42 スタート	27	2代目ダンゴラ彼方慧	0
0013	安易に罰ゲームを決めると後悔する。教訓	7	みよし【めておふぉーる】	0
0014	ガチ過ぎて ギバラにじさんじでよかったな	16	PS4	0
0015	リズム天国の指示厨の話めっちゃ笑いました	9	やっすー/yassu	0
0016	不覚にも寝落ちしてしまった…	7	。ねりてん	0
0017	急上昇載ってて草	8	田中デーモンヨシヒコ	0
0018	がんばれ便所飯くん、僕も好きです	7	どんゆう	0
0019	伝説のど下ネタ配信 これギバラのほうのチャンネルだったの思い出して見にきた やっぱり最高でした	0	揚げたてコロッケ	0
0020	ロリ雑談おもしろかった え？スプラ？	9	キムワイプーSDSーペイジ	0
0021	後半からの深夜テンションの流れすこ。	6	超神星アポロヌス・ドラゲリオン	0
0022	チャイちゃんがドMでよかった	8	AM26:00	0
0023	後半の低俗トーク大好き	8	あくえり。	0
0024	ロリ作ってる時ﾆﾁｬｧって顔してて草生える	8	リール	0
0025	ロリビッチ良いよね	8	おいしいからあげ	0
0026	センキューギバライカ おやすみ	7	Ragult ReiReiLili	0
0027	音が二重に聞こえるの慣れると心地良いな	1	あふぇくしょん	0
0028	亀の話ずっと笑って聞いてたw耐久しながら雑談？ってなんか面白い	1	煌海麗奈	0
0029	秩序はコスモスっていうのよ(余計なお世話ならごめんです)	1	ぼっちの守護神	0
0030	えいえんになるまで終われないがえいえんに終われないに見えてビックリした	4	豆乳電動	0
0031	3:06:45~俺チャイカ	11	ベインドラゴン	0
0032	3:21:50 ストレスとチャイカの闇 3:44:00 VRoidツイートのくだり	7	レミントン	0
0033	ギバライカ見てると 男に耐性のないギバラが自分も知らないうちにどんどんチャイカに嵌まっていて ふっと気づいた時には もうどうしようもないくらいに好きになっていて 結局告るけど あくまで仕事の上での付き合いのつもりだったチャイカに振られてメンヘラに走る… という同人誌が見たくなる 誰か描いて！	76	どもども	2
0033-001	自給自足しような	7	よっしー
0033-002	メンヘラよりヤンデレ派（隙自語）	8	ねくろあくろ
