0001	42:10 コースの形に気づくシーン	84	白兎	0
0002	このゲームずっと  ブリオカート8デトックスだと思ってた	45	ピー子	0
0003	1:51 開始	39	わく	1
0003-001	ありがてぇてぇ	0	酒に溺れた吉岡
0004	KAWAYAがロゴからして完全にYAMAHAで草	9	1911 inakaotoko	0
0005	オフライン保存しようとしたら「この動画には問題があります」って出て来ました。	30	ガラパゴスささみ	4
0005-001	@かたくりこ  やっぱりな♂ ほらケツ出せぇ♂	2	ガラパゴスささみ
0005-002	色んな所に現れるアブソル  すまねぇ、問題が出るほどやべぇ動画を保存するのかと 思っただけだったんだ 伝わり辛くて申し訳ねぇ…	1	かたくりこ
0005-003	@かたくりこ  俺はプレミアム会員だけど、それだと編集とか出来ないから切り抜き師さん全滅やで。      そういうネタだったらすまん	1	ガラパゴスささみ
0005-004	保存しようとするのも問題	4	かたくりこ
0006	おつえら〜！ トイレ界期待のホープ 御伽原 江良 次のトイレースも楽しみにしてる！！	6	アヲノ#調子極端	0
0007	ネタが強すぎて言葉失ってるの臭さ	2	よわむしArisia	0
0008	サムネかわいい	1	いちごタルト	0
0009	ド直球にちんこ言ってるのクソ笑ったw	1	46兎	0
0010	この動画見てたらお腹壊しました	5	水飲み放題	0
0011	このサムネ好き。ところでここがにじさんじ杯会場ですか？っていうのも好き。あとまた男子小学生でたわね。	2	リhir	0
0012	これがマリカの新作ですか。	2	tomo兄貴	0
0013	ピー音君、冬休みなのか…………いいぞもっとやれ	0	ヒッキー	0
0014	米って言ってるのボラギノールじゃないのか	1	YM	0
0015	サムネ…… なにしてんだGYARIさん………	5	ミルキー	1
0015-001	チョコミント食わされたんでしょ	1	ただのアンテ好き
0016	キﾞーﾞモﾞーﾞーﾞーﾞイﾞ!!!	0	カモ	0
0017	これがエアライドか…	0	全肯定マン	0
0018	PS初期の頃のノリだわこれｗ インディー市場はこういうのがあるからたまらんね	0	normal	0
0019	茨城県なのは日立市があるからっしょ（HITACHIとかけて）	1	reno	0
0020	心はいつだって少年。←お前女やろ！	0	a a	0
0021	wth is this	2	Serov Vekilov	0
0022	謎の踊りモルゲッソヨダンスじゃん  タイヤは間違いなくブリッ痔ストン。燃料はバイ汚ガス　最早公害	4	よわむしArisia	0
0023	ﾁﾝｺ好きなシンデレラは あいつと引かれ合う運命なのだよ。	0	stupid noesis	0
0024	現実世界でこんなんしてたら即逮捕だな	5	シアン	5
0024-001	もう作るか	0	シアン
0024-002	ギネスブックに走る便器自体は掲載されていることを存知かな…	1	微笑みかける弦磨氏
0024-003	それは厠レースのことですか それともギバラのことですか…？	3	Nk
0024-004	千葉ビート 逆に出来たら怖いわ	1	勝又久乃
0024-005	Siro 出来ないですけどね	7	コウイカ君
0025	何故かはわからんが、最初のキャラが加藤純一って読めた    何でだろ？	10	タモツ	0
