0001	貧乏人が金を得た事によって金遣いが荒くなったように見えて、実はそうでもなくチマチマと庶民的な喜びを噛み締めてるのほんとに好き	9	コマド	0
0002	勢いが戻ってきたギバラほんまに強い	19	疲れました。	0
0003	サムネの子かわいいですね	2	砂男	0
0004	最近ギバラちゃんのコメントへのツッコミと汚いおじさん声ですら可愛く感じる自分ですが、これは病気でしょうか？     病名は愛だったなこれは。	9	無慈悲なニンジャスレイヤー	0
0005	生放送秒給100円くらいありそう	2	GanmenBB	0
0006	用事で見れなかった... アーカイブ10週するわ	4	アヲノ#調子極端	0
0007	メンバーいっぱいですごいすごい！3ヶ月で色んな人に愛されて、江良ちゃんの生活がすっごく向上したみたいで本当に良かった！！ 新衣装も進んでるみたいだし、これからもコラボがいっぱい予定されてて楽しみがいっぱい！！これからもずっとついていくよー！！ あと恥ずかしがって読み上げキャンセルはかわいすぎるのだ……。	22	ユリ	0
0008	1:58 開始	14	はんまばき	0
0009	This girl voice is a miracle of the gods	0	Fernando Monogatari_17	0
0010	配信お疲れ様です🎵	1	syamu 4946	0
0011	ギバラしゅげぇ！俺も頑張らんとなぁ	1	syurei axs	0
0012	サムネの可愛い子誰？	17	属性	1
0012-001	属性 概念	0	大根が嫌い
0013	新衣装楽しみやわ	0	えっちあーる	0
0014	急な仕事のトラブルでちょっとしか見れんかった 後でアーカイブ見直すよ〰️っ 3ヶ月間、お疲れ！ そしてこれからもヨロシク😉	4	いろじろ	0
0015	ハーゲンダッツでお金を稼いだ実感をする江良ちゃんかわいいなww でもバーゲンダッツはマジで高い！	0	貴二月	0
0016	メンバー数しゅげぇw	1	Sleepy _end	0
0017	ギバラ…色々とおめでとう	0	天キノ	0
0018	色々あったけど今が一番楽しそうじゃないか？w 🎉おめでとう㊗️	3	ねむのき	0
0019	8.6万人やらリズム天国APやら諸々おめでとう コンビニでの買い物額が上がったことで贅沢を噛みしめるのほんと庶民的でかわいいぞ 新衣装の話進行してるのが個人的には一番楽しみ！	3	クーゲルシュライバー	0
0020	愛されてんな〜	0	じゃんけん	0
0021	銭ゲバラ草	4	結城紬	0
0022	月に70万近く稼いでるのか	0	露天風呂	0
0023	ユリネキすごい	1	サウス.	0
0024	序盤のスパチャ途切れないの草	4	Sleepy _end	0
0025	大丈夫？お金いる？	1	s h	0
