0001	マリオギャラクシーが12年前のゲームということに戦慄した	53	シロトリ	2
0001-001	名前忘れたけど、Wiiで出たやつは発狂しながら楽しんでたなあ、なつかしやなつかしや	0	SOMA柿渋
0001-002	言葉にならない焦燥感が湧き出ましたね	3	プリマの興奮
0002	1:06:24　 こわいよ～ｵﾗｯ	2	イリオモテヤマネコ	0
0003	体調大丈夫ですか？( '灬' ) 動画いつも見てます！頑張ってください！	8	ハイシ	0
0004	ギバラァ！楽しそうな事やってんねぇ！	8	たわわBoing*2	0
0005	ところどころリスナーがピノキオとギバラの声区別つかなくなって混乱してんの草	5	上下左右	0
0006	キノピオのモノマネのクオリティが相変わらず高い	22	雑食愚者	0
0007	ギバラ、愛してはないけど好きだぞ	18	サトミさん	1
0007-001	俺も好きじゃないけど、メンバーシップはいるぞ	7	さたん
0008	ありがとう	0	世界で一番愛してる江良ちゃん	0
0009	10:35 上手い！と、あばばば！！ が混ざってて草	1	〆幽玄	0
0010	今と比べるとRP感満載で違和感感じるわ…	0	つきよも	0
0011	マリギャラやりすぎて麻痺してるけどこれ結構難易度高いゲームだよな	26	HAL	2
0011-001	柊木大智 軽く預言者やん	0	メロ。
0011-002	Wiiリモコンの操作とか結構難しいんだよね switchのリモコンを外して両手でやってる感	0	ネギ麻太郎
0012	応援してます	1	コマド	0
0013	面白かったぞギバラァ	6	Helloハロ	0
0014	続きをお願いします	0	k k	0
0015	48:37 へろへろでかわいい	17	raki nyan	0
0016	1:56 開始	15	黑夜暝月	0
0017	続き見たいな……	3	あずマカロン	1
0017-001	自分も	0	パラヒドロキシアゾベンゼン
0018	25:38	6	みぞの	1
0018-001	ナイスｩ	0	ネイサンフロイデンソールレオポルドII世
0019	無理しないでね	6	かしわ	0
0020	すき	35	おいしいからあげ	1
0020-001	出た、からあげﾆｷｗ	0	さたん
0021	もうやらないのかなぁ	0	さむいすもう	0
0022	喉大切にね	8	黒パンダ	0
0023	マリギャラってこんなむずいんか…	4	うに茶	0
0024	2:49 なんだこの、くっそ、なんだこれ、は、くっ…！	13	れぐるす。	0
0025	かわいいなぁギバラちゃん  最初の表情なんだよ、ほっぺぷにぷにするぞ	2	:ホワドリ	0
0026	やべぇ…多分一発で序盤のステージクリアできる………多分やりこみまくったからやろな	0	t t	3
0026-001	@桜吹雪  マリギャラできるなら64も出来る! （小学生並みの理論）	0	ジョニィツェペリ
0026-002	@桜吹雪 でもマリギャラ限定でしかうまくないっていう……	0	t t
0026-003	走り幅跳び上手く使いながらやれば秒で終わるよね… やりこみすぎてこのゲームが難しいゲームなのかわからなくなったわ…	2	桜吹雪
0027	ギバラ、俺は好きだぞ	7	Marth White	0
0028	さては今まで地声での発声練習してこなかったな？ 適していない発声法で長時間声出すと喉を痛めるんだぞ 作った声の方が配信で出し慣れてるんだから、そんな無理して地声出さないほうが良い	13	x. gridbug	0
0029	なんか声震えてない？心配だわ	7	吉村康平	0
0030	正直地声のほうがすき	6	亀亀少年	0
0031	低評価の数が結構ある、ちょっと荒れてて混沌とした中を配信してるの好きｗ	14	たなかたろう	0
0032	私は主人公アニメのように見えると言われています。 そうですか？(-^___^-) あなたの答えを知りたい	0	Ігор Кондратьєв	0
0033	地声か作り声かでここまでわいわいやれるの凄いね笑	2	はなたろう	0
0034	まああの事もあった余韻で低評価が多いって感じだし、別に深く気にすることも無いかなと思った 放送は面白かったからこれからも応援する	26	R O	4
0034-001	@さたん ギバラの地声はイケボ過ぎてヤバい。好き（愛してる）	3	サトミさん
0034-002	低評価なんて心無い人間のやる行為だから気にしなくていいよ。 むしろ嫉妬に狂う人間への最大の攻撃は、ギバラを盛り上げてみんなで幸せに楽しむこと。   あと個人的には地声ギバラはヤンキーギバラとして大好きです← 魔法がとけたとかギャップ萌えすぎて…	4	さたん
0034-003	@サトミさん  まああの配信も一応消して収集つけてるしね これからも楽しみですな	4	R O
0034-004	大丈夫、地声出す前から発言やばかったら今更気にならん やっぱギバラ最高なんだよなぁ	6	サトミさん
0035	なんかあのメタ発言の件から、純粋に動画を楽しめなくなった… ギバラの言動全部これも作り物なのかなあって	11	推名	2
0035-001	俺は作ってる方が好きだけどな	0	rut fjms
0035-002	心酔してから幻滅するのは勝手だけど、わざわざここに書くことなのか……	5	u Yu
0036	なんか今日は顔色が悪い気がする。無理せず休んでね…	1	South Big	1
0036-001	顔一緒やんけw	0	rut fjms
0037	同接落ちていっている所にファンの本音を感じるな…	36	a B	9
0037-001	みすとあたっく  ぼく擁護派のつもりだったんだけどコミュ障って言われてて草 アンチに見えたならごめんね(・ω・｀)	3	れぐるす。
0037-002	@khjhjn vhb 完全にアンチと荒らしの影響だよなぁ、多分その界隈はにじさんじ自体興味が無く荒らせればいいやって連中だからタチ悪いよね。炎上のつきものっていうか。 良識あるリスナーなら、悪乗りしない、馬鹿にされたからと言って他のリスナーさんを卑下しない。これマナー。	5	さたん
0037-003	いやそもそもそこまで同時接続多くなかったぞ。むしろ荒れて野次馬が来ただけ。 リズ天は人気あったしプレイで魅せてたから他より少し多い。 あとそもそもにじさんじライバーさんで5000繋ぐことすらかなり大変だからね？(disってはないよ) コラボやイベントで10000行くとかそんなんだしね。   さすがに短絡的過ぎるぞ、まーキミらみたいなコメントが一番つまんなくするから さっさと来なくなって欲しいと思うがｗ   あと信用を裏切ったとかいうコミュ障は大手ｖチューバー追ってどうぞ(笑)	5	さたん
0037-004	ひまちゃんや椎名ははいつの時間やっても安定してるし結局色々幻滅されることばかりで見られなくなりはじめてるかもですね。 しかもおとぎばらさんの信者さん達は他ライバーの配信でも結構暴れてますし、そこの信者のライバーは余計見たくなくなるという悪循環	3	khjhjn vhb
0037-005	みんながみんなその時間あいてるわけじゃないんだよ？	5	仮アサクラ
0037-006	一端のファンの本音が聞きたいなら、ほぼ毎配信見ている自分が結論を言わせてもらうけど『それでもギバラは必要だし応援するよ』。例の件ではギバラには普通に幻滅したし、ガチ恋勢も止めたよ。だけど、それで差し引いても自分は応援しても良いという気持ちになった。ファンの自分からすればギバラにそれだけの物があったと判断した結果だよ	9	たわわBoing*2
0037-007	信用を裏切った部分もあるからしょーがない 少なからずぼくもショック受けたし  ただボロボロの女の子が一生懸命笑ってるんだから最後まで見て拍手くらい送ってあげたいな	6	れぐるす。
0037-008	まぁ、信者が配信で誰々より同接すごい、誰より人気って内外問わず暴れてるんで他の信者も関わりたく内ですよね、  最近の配信は炎上+アンチの人達がネタで見てたからこれが本来の実力かと	11	khjhjn vhb
0037-009	荒れている状態で見るのがつらいってのもあるんじゃないかな	15	tench mix
0038	約3人に一人低評価、、	20	khjhjn vhb	8
0038-001	@ヴァーチャル大好き不健康お兄さん 自分も怒ってはいないんですけど、なんかもう可愛い声出してても、白々しい…としか感じられなくなってしまって、なぜこんな事をしたのか疑問でいっぱいなんですよね。もういっそ地声だけでやりたい！というわけでもないみたいですし…。キャラを崩壊させてまで器用さを自慢したかったんでしょうか？	3	ラシン
0038-002	@ヴァーチャル大好き不健康お兄さん ふとした時に地声が出ちゃう人はたくさん居ても、6万人までフォロワー増やしてから、その記念配信の裏でいつもの顔のまま、ネタバラシみたいに地声100％配信をするような人は居なかったね。お前らが萌えてるのはこんな作りもんなんだよと見せつけるためだけの悪意と取られかねない動画だった。消さないで限定公開にしてるだけだから、観ようとすればまだ観れますよ。ニコニコとかにも切り取り動画上がってるしね。	4	ラシン
0038-003	@ま ほんとそれ。動画でいくら可愛い事をしてても、かわい子ぶっているだけだと本人が地声ではっきり言ってしまっているから、もう今までのように楽しめない人も多いと思う。何のために地声配信したんだろうね…	3	ラシン
0038-004	@khjhjn vhb  幻滅したくなければブラウザバック推奨って言われてもその時点で声作ってることはわかっちゃうわけだしね？スパチャって形で直接お金払ってる人もいるのに	1	ま
0038-005	@ま 地声配信がヤバイ荒れたから封印するんじゃないですか？まぁ、そのやらかしでずっと低評価されてる訳だから自業自得って言ったらそれまでですが	8	khjhjn vhb
0038-006	@3 774 やらかした配信に低評価されるのはしょうがないにしても関係無い配信にまでずっとは胸くそ悪いですよね、	16	khjhjn vhb
0038-007	状況把握したけど草しかはえん 声作れるの面白いけど地声出す必要はなくなかったか？	4	ま
0038-008	そうですね 配信開始前の悪質低評価（７００個）と開始前の高評価（７００個）抜けたら現在2260:240くらいだね アンチ達本当に暇だね	16	3 774
