0001	2:42:47  ひでぇマシュマロだぁ	89	ヨシノ	2
0001-001	当たり前の如くマシュマロのモザイク貫通してくるギバラよ	5	イバマル
0001-002	言おうかどう迷っててエライ()	12	にょにょ
0002	48:35 良かったな千葉県民！特定されたぞ	67	kuro yabu	0
0003	マシュマロって文字だけなのに人物像が浮かび上がってくるの面白いな 偏見だけど❗←これ使ってるやつは大体おっさん	86	抹茶パンケーキ	8
0003-001	ゲッターアラン 気を付けなくていちから	1	immorality
0003-002	@RDアラン 20もいかないガキンチョの偏見だから気にしないでほしいな	0	抹茶パンケーキ
0003-003	❗っておっさんなのか。チャットって速さ大事だからさくっとでたら付けてたわ。気をつける	9	RDアラン
0003-004	ワンチャン舞元	3	ジャベリックはまたに
0003-005	@たかひーㅤㅤ 今日も一日頑張れよﾁｭ😙	5	抹茶パンケーキ
0003-006	@抹茶パンケーキ 思った以上にネタに乗ってくれたの素直にすこ  俺は、まだまだおっさんじゃないから❗️安心してね❗️❗️😘	31	たかひーㅤㅤ
0003-007	@たかひーㅤㅤ違うよ❗ 全く、今の子はすぐに人を疑うから、困っちゃうね❓😥 おじさんにおしおき、されたいのかな❗❓😀	73	抹茶パンケーキ
0003-008	コメ主おっさんなのか...	6	たかひーㅤㅤ
0004	1:04:56 ギバラの食いつきかたやべぇw	49	「夜中の夜明け」lover	0
0005	54:49 だかららー↘らららーらーらーらららーらーらーらー↗	38	金剛桜	0
0006	4:21:02 リスナーが求めてたブツの色	62	頭悪いギバラは	0
0007	何故か気に入られた	44	べるふぇん	0
0008	自分用 1:19:27	61	くろれむ/kurorem	0
0009	俺のも読んでたわ、 すげえなギバラさんは…  ギバラに認知されたくてしょうがないお客様目線や アンチ一歩手前みたいなのも混ざってんねえ、 他のライバーも大変なんだろうなあ…	62	ねむのき	0
0010	スタート1:44 なお女性一人と男性複数は人口減りやすいからめったに現実では許容されないぞ… ビットコインとかの仮想通貨って現実の金の総量とかリンクさせないと金本位制が壊れかけたときみたいになるので、実はない方がいい通貨。	23	古明地椛	0
0011	メモ 3:10:13	35	地蔵ングマベ	0
0012	シンデレラが12時過ぎて舌打ちしながらタバコ吸い始めたらこんな感じ	14	はーはーちゃん	0
0013	1:56:28 百合	20	リリー	0
0014	匿名性が守られてるからって踏み込んでいいラインといけないラインがあることを自覚していない人は一定数いるんだなって改めて感じる配信だった	82	てばりんちょ	5
0014-001	高橋是清 おっ、vtuber狩りの方っすか！今日もお勤めご苦労様です！	1	原吉聖
0014-002	高橋是清  それが面白いと思ってる時点でもうね…	16	らんちん
0014-003	てばりんちょ いつもの	0	immorality
0014-004	高橋是清 ？	2	immorality
0014-005	じゃないとおもんないでしょ。	3	高橋是清
0015	江良ちゃん、今日も頑張ってたな…。 クソマロの選別は大変だ。	18	どん!	0
0016	もう一生マシュマロ全部読むなんて言えないねえ…	15	お茶うけ	0
0017	深夜に見るとクソマロでも面白いと感じるな	6	爆裂魔法の申し子	0
0018	3:21:43 人畜無害スマイル	33	もち	0
0019	ライバーの気持ちがよくわかる配信でした…。 マシュマロ10000個越えてたら5時間あっても読みきれないんだよね	24	yu yu	0
0020	0.624マロ/秒でもこの時間かかるのか・・・	2	TMNR	0
0021	3:40:55	8	パイナポー竜崎	0
0022	江良ちゃんお疲れ様 大変さがよく分かったからこれからはちゃんと考えてクソマロ送るね	15	遅刻鳥	0
0023	ときどきガチ応援混じってんのてぇてぇな。これからも炎上しながら頑張れよギバラ	4	kuro yabu	0
0024	この頃からピー音の意味を疑う配信してたんですね	1	さむ	0
0025	泣きながら書いたからてが震えてて(泣)	0	*.狐火*兎楼.*	0
0026	リアタイで見れなくって アーカイブ見ようとしたら5時間で草 長時間お疲れさまです...！	17	アヲノ#調子極端	0
0027	途中の使い方のやつあれどういう意味？ P音の下には何が…	2	I R	0
0028	自分用 1:01:40	10	・ぐらめ	0
0029	気づいたら全部見てた	0	HIGE_iAim	0
0030	サブチャン開設楽しみ~ マリギャは神だから是非全クリまでやってくだせえ	0	つきよも	0
0031	2:42:47   分かるｗｗ	0	うべー	0
0032	途中で怒涛の3ヶ月無料トライアルが気になって仕方がありませんでした、アプリダウンロードしました。なかなかいい感じだったので使っていこうと思います。	45	ヌカさん	0
0033	2:22:46 ワイ登場記念	20	ほえーるV_志半ばにして殉職する系Vtuber	1
0033-001	ほんま草	1	しょ〜
0034	マシュマロってこんなに重たいんだな。 長時間お疲れ様でっす！	0	さくらもちギンタ	0
0035	福岡の質問は何時何分？	1	64 VEGA	0
0036	草生える	0	草コメbot 登録者300人目指す	0
0037	ギバラいつもありがとう。 面白いマロを拾うのは砂漠から砂糖を見つける並に難しい事なんやなって	6	コマド	0
0038	5時間！？	1	ねこ	0
0039	イタいやつがいっぱいいるねぇ^^	0	御手洗友人A	0
0040	誤字多くてごめんギヴァラ	0	*.狐火*兎楼.*	0
0041	辛辣な「は？」は、その後の「は？」で納得した	0	鵜ヒャーアヒャー	0
0042	クソ...途中で寝てしまった...	4	サバナナ	0
0043	隠語とか禁止用語とか普通に言ってて草     ふぅ…	11	うどんうどん	0
0044	57:14 ピー音を使えww	8	ha ha	2
0044-001	？る	0	tosshi
0044-002	？るるはる、はれ、る	0	tosshi
0045	自分用 3:29:25     内なるあばばばばがあるとか知らなかったよ…	11	みぃな	2
0045-001	23:35	0	みぃな
0045-002	8:13	0	みぃな
0046	3日かけて5時間配信をみました。僕は清楚マロを送りましたがさすがに1時間マロを5時間かけて読んでいたのでこれは読まれないなぁーと察しましたね。もっとセンスのあるマロを目指し勉強します。	3	しろとき	0
0047	5:06 マシュマロ読み始め	4	メイラルド	0
0048	自分用　4:20:05	5	155 P	0
0049	５時間読み上げても16時間前という王候達の脅威	2	ももくず	0
0050	え、ギバラadhdなん…	0	セン	0
0051	メモ　1:26:23までみた	3	KURA KAZU	0
0052	コメ消えてるるるる	3	aoi Fuse	0
0053	自分用 5:07:40 5:09:00 5:09:15	6	KTR IW	0
0054	出汚ち	1	高橋秀作	0
0055	ゴミ箱にゴミが集まるのはしゃーない	1	高橋秀作	0
0056	調子こきすぎだろこいつw	6	Lil' Jeffy	10
0056-001	ああ それがギバラだからな。しゃーない	2	K.O.M
0056-002	海苔 初手ニート罵倒は基本	5	雪だるま
0056-003	@ああ どこでニートって判断したねんw	3	海苔
0056-004	@Lil' Jeffy お前ニート	3	ああ
0056-005	ああ  マジレスすると 今回は視聴者(からのクソマロ)とのプロレス配信なだけだよ	5	和同駿
0056-006	ああ 我にじさんじぞ！？	5	えにあっく1946
0056-007	ギバラ、このコメント見つけたらクソマロみたいにキレてそうᴡ	7	okuyama teruki
0056-008	ただのイキった女	4	Lil' Jeffy
0056-009	！	2	ドキさんドキ
0056-010	?	3	ああ
0057	マロがつまらんのはしゃあない ファンは主に似るってよく言われてるしな それにしても、炎上からおちついてだいぶアンチ減ったようで何より。	5	ラムゥ【元FPSプロゲーマー】	11
0057-001	【ラムゥ】元プロゲーマー公式ch 176人に減ってて草	2	こんこん
0057-002	【ラムゥ】元プロゲーマー公式ch  なお元プロゲーマーを面白いと思う人は178人しかいない模様	5	らんちん
0057-003	うわぁ…（ドン引き）	2	コメで笑ったら登録しておくれ
0057-004	アンチがネタ集めに監視して、気づいたらハマってたﾊﾟﾃｨｰﾝ	7	kuro yabu
0057-005	【ラムゥ】元プロゲーマー公式ch 日本人全員がこの動画見てると思ってんの本当草	5	あうえ
0057-006	なぎもv v 正論マン	4	雪だるま
0057-007	【ラムゥ】元プロゲーマー公式ch 母数がおかしいんだよなぁ…	6	なぎもv v
0057-008	【ラムゥ】元プロゲーマー公式ch 俺が1億2600万人に該当するだけ（ドヤっ）  臭	17	Fauler Kerl
0057-009	ギバラを面白いと思う奴は13万居る。 俺がそれに入ってないだけ。       俺が1億2600万人に該当するだけ。(令和元年8月1日付)	2	ラムゥ【元FPSプロゲーマー】
0057-010	【ラムゥ】元プロゲーマー公式ch  ギバラは面白いでしょ	1	和同駿
0057-011	売名	6	ああ
