0001	声　の　作　り　方　を　忘　れ　た　。	62	みゃーもりp	0
0002	start 2:00	11	るいゆ	0
0003	GTAから。あんな赤裸々に語られたら、応援するしかないだろ！  10:20 メトロノームギバラ 45:44 げろキバラ	74	Yash I.	0
0004	1:35:37 くしゃみ	16	ノワール	0
0005	所見殺し殺しの女ってコメント好き	7	レオン	0
0006	ゲームの急上昇ランキングに入ってるのホント草なんだよなぁ……	13	cross	0
0007	新衣装結構いい感じですね	10	Re:ゼロから始めるにはもう遅い	0
0008	絶望的にスーツ似合わないw	14	きなこもっちー	0
0009	これからも無理せず頑張ってな…	11	さくらぎ、	0
0010	13:10からのギバラ可愛くてすこ ぷしゅからの笑顔すこ	1	ロペ	0
0011	ギバちゃん応援してるぞ！でもお酒は控えようかw	3	輝水「かがやくみずのひと」	0
0012	古書ガールズの合わせ絵？がピンポンとかモアイになってて懐かしさ感じた	4	ノワール	0
0013	気になって青汁珈琲飲みました 後悔しました。	11	バウト	1
0013-001	強く生きて	0	天下一ブサイク
0014	実際ギバラ可愛い	5	imoyoukan 124	0
0015	1:52:52　全部引っ掛かってるギバラすき	3	ななちー	0
0016	初見パーフェクトはもう即パーフェクト称号あっても良いだろ	1	グルメ激辛	0
0017	ちょっと声思い出しにきた	34	団子みたらし	2
0017-001	草	1	うに茶
0017-002	俺も	2	Flat Swamp
0018	ありがとう	0	世界で一番愛してる江良ちゃん	0
0019	1:22:52 「えっびおーんど♪」 まじで悠木碧	25	デミウルゴス	1
0019-001	勉強太郎  何か一回目おぉ！ってなるけど 三回目くらいからおぉ？ってなる	1	眼苔木
0020	急上昇乗っとるやんけ...！ おめでとう！！🎉🎉🎉	0	准将むじな	0
0021	この動画のガチゲロ感すき	0	インターネット初心者!	0
0022	開幕なにわろてんねん、もっと笑って  1:59:40リミックス10(かわいい)スキなんだ	15	:ホワドリ	0
0023	リスナー辛辣‪w	0	大月美弦チャンネル	0
0024	えび音頭の言い方可愛い	1	白猫で煽る弁護士	0
0025	これからも頑張ってな〜 応援してるからな〜	0	けー	0
0026	1:57 首の位置草	15	やみい/朝日奈樒	0
0027	芸人じゃんw	1	ヰそうたろう	0
0028	喋りながら初見でここまで出来るってほんと頭おかしい(褒め言葉)	0	からしまよ	0
0029	応援しているぞ	13	トウ	0
0030	待機してたら寝てたからアーカイブ残してくれてありがとう...。	5	すみれです	0
0031	自分用 1:02:24	2	かむぃ	0
0032	開始1:57	3	ぽんちゃん	0
0033	その某ひy蔵のおかげで今ここにいる	3	連鶴	1
0033-001	卑猥ぐらさん	0	眼苔木
0034	天才かぁ？	0	にぼっしー	0
0035	小心者なのわかりみ深すぎて応援したくなった。 でもリスナーの言うこと過剰に聞き入れないでねギバラｗ	10	さたん	0
0036	キバラたんほんとすき！まじすき！（好きをかわいいbotになってしまう）	6	リーオ	0
0037	ギバラ応援してるぞ	8	32ギガバイトのUSBメモリー	0
0038	2:03:52 要冷蔵	7	うに茶	1
0038-001	(ようひやぞう)	1	すーすー
0039	冒頭やっぱ緊張してたな…んでも徐々に調子を取り戻せてきてよかった これからも応援してるで！	7	開栓後要冷蔵	0
0040	初見です。罰ゲームの件は正直見てられなかったです。 が、ハイレベル連発は気持ちよかったです(*^^*) 大変だとは思いますがこれからも頑張って下さい！	5	つぶあん	0
0041	GTAでなにがあったんですかね...寝ちまってたからわからんわ	1	Hant Man	2
0041-001	ako i そうなんか...我はそんなギバラも愛するがな	4	Hant Man
0041-002	Hant Man 地声で反省会したんやで	1	かもめ
0042	今後も応援していきます！	3	東京饅頭	0
0043	1:20:27  か”わ”い”い”い”い”い”ぃ”ぃ”ぃ”ぃ”	5	早乙女喋	0
0044	最近の動画でこの人のこと知ったからこっちの声違和感以外なにもないのだが。	1	ちょむすけ	1
0044-001	同じく最近知ったがこっちの声も可愛いがやっぱ自然体の方が生き生きとしとるよな	1	田中太郎
0045	ちゃんとやりなおし顔芸するぎばら 38:00   え～びお～んど♪ 1:22:52 1:23:24 1:25:14	7	さたん	1
0045-001	助かる	0	雑食愚者
0046	御伽原応援してるからな！	4	クエリ	0
0047	怒られてテンション下がってるのきゃわうぃいー	0	COUCH SEIM	0
0048	ギバラ･･･すまねぇ･･･ ひとつだけ･･･ひとつだけなんだ･･･    ひまぐまの一人として･･･そのきったねぇ「きちゃぁ」は見逃しちゃいけねぇんだ･･･ｗ 流石に笑ってしまった	4	あるばーと・うぇすたりす	0
0049	やっぱあんたが世界一だ、これからもついていきますぜ姉貴！	4	シャベイン	0
0050	目隠ししてパフェ取れるまでやろ	2	龍神さん	0
0051	シャンプーとは、頭髪および頭皮を洗浄するための洗剤である。 シャンプーの形状には粉末、固形、ペースト、液状などがあるが、現代ではほとんどが後者のものである。原語はヒンズー語で「マッサージをして頭皮、毛髪を清潔に保つ」である。洗髪剤（せんぱつざい）と訳されることもある。また、洗髪自体を「シャンプー」「シャンプーする」と言う。シャンプーで髪と頭皮を洗浄した後は、リンス、コンディショナー、トリートメントなどで髪の保護をするのが一般的である。なお、洗髪の際にはシャンプーブラシが用いられることもある。 水を基材に、ラウリル硫酸ナトリウム・ラウレス硫酸ナトリウムといった洗浄剤、増泡剤、保湿剤、キレート剤、香料、防腐剤を成分とする。シャンプーには、アミノ酸系、高級アルコール系、石けん系がある。 近年ではグルメシャンプーの略、グルシャンが注目されていますが、上記のように酸性ナトリウムの薬剤や防腐剤等々、人体に悪影響ある成分が多量に含まれているため、グルシャンは用法容量を守って正しく行いましょう	12	クルトン_ShinShin	3
0051-001	近年グルシャンが注目されてる は草	0	俺の前世
0051-002	ちゃんとリンスとボディソープとついでに洗顔ソープも少し取れば大丈夫だよ	0	鼓膜売り
0051-003	0gが用法用量なんだよなぁ…	2	どんかとゆ
0052	バトラから	0	後鳥羽上皇	0
0053	テンションと声は演技で、意識して作ってるらしい まあ日頃からこんなノリで生きてたら頭おかしいよね	9	Tusk _	2
0053-001	@あめふらし 別にいいじゃなーい、人間だもの	7	さたん
0053-002	Tusk _ まぁ、俺らはわかっててもそれを見て元気もらえてるんだしね…多少はね？	4	馬っぽいロバ
0054	元気に話してる時が素直に魅力的に思える。 そしてやりなおしを食らった時の呆然とした表情が可愛いと思いますまる	0	道産子メガネ	0
0055	ヘラギバラシコいからこれからも定期的に不幸になってください😭	3	どすけべ太郎	0
0056	ここ数日間の物足りなさをギバロスと呼ぶのだろう、呪文かな	2	金牙神然	0
0057	やっぱりギバラひやぞーリスナーか？	0	さむいすもう	0
0058	VTuberの中でもかなり上手いと思います!　 流石先輩を煽るだけありますね！　 最後まで面白かったです。	0	結城明日奈	0
