0001	なんで女子三人って書いてあるのにギバラが混ざってるの？	699	頭剣盾パンダ	4
0001-001	正確に言うとアッキーナは性別「でたわね」です(公式設定)	14	あも
0001-002	性別 男　♂️ 女　♀️ ギバラ　🏰	45	SOMA柿渋
0001-003	流石に草	38	フルンティング
0001-004	草	46	ふるたま
0002	32:22 三枝さん清楚だなぁって	239	シロぐみさゆ	0
0003	犬(戌亥) 猿(ギバラ) 鳥頭(ギバラ) 桃太郎(アッキーナ) で桃太郎やぞ	146	tszドット	0
0004	1:22:52 ここのアッキーナの「ふふっ」すこ	26	咲	0
0005	アッキーナ女性扱いで草	200	水無月舞	1
0005-001	ギバラ女性扱いで草	82	じっぷ
0006	44:41 あまりにもギバラに女っぽさがないから女装を進められる図	110	ぐらんつ934	0
0007	2:06 開始	102	素直シュール	0
0008	アッキーナか１番年下で後輩という事実	119	ポンコツ	0
0009	12:38イジメの現場	64	Marth White	1
0009-001	犬猿合戦起きてて草	1	うに茶
0010	エラギバラ民用 28:28 1:13:29	77	私が町長です	1
0010-001	エラギバラって長い気がするしエバラに略して焼肉のタレかけようぜ	14	Hage ter
0011	Human: Fall Flatやってるはずなのに唐突にgang beasts始まるの草  この３人えぇなぁ さみしなるわ	0	枯れた宿木	0
0012	ただただアッキーナと戌亥が可愛かったです	50	福々ロウ	2
0012-001	本人のチャンネルで本人抜かれてんの草	0	山本賢治
0012-002	ん、一人足りない気がするけど気のせいか！	11	孫悟空#凛fam
0013	18:27戌亥    地獄少女かわいい	67	猫好きマスター	0
0014	終始笑いが止まらないコラボだった 表情筋と腹筋が鍛えられる	52	おいしいからあげ	0
0015	43:48 御伽原江良初配信(戌亥とこ ver.) 1:12:18 自分用	150	fantasy123g	1
0015-001	ナイスゥ	0	武士ブブブ
0016	男1女1ギバラ1	55	Li e	1
0016-001	アッキーナは女の子なんだよなぁ…	25	Joshua's Pochi
0017	仲良しコラボなだけに会話のテンポがとてもよくてすごく面白かった！ この3人でこれからも色々な企画をやってほしい！	48	雑食愚者	0
0018	56:40 シーソーで遊ぶとこ   1:06:50 戌亥ここ！！ まいねーみーず戌亥とこ！！	24	Kya C	0
0019	このコラボ好きだったんだよな	6	/。	0
0020	43:50 感極まった土屋太鳳にしか聞こえなくて草	30	eito.	0
0021	aho本当に好き。	4	ギバラ推し	0
0022	1:04:23 いぬい他人行儀からのクソザコイングリッシュ会話 1:07:00 ↑からの戌亥ココ 1:37:30 ギバラ飛ぶ	46	じゃがもち	0
0023	アッキーナお疲れ様と言いたい	22	川住百舌	0
0024	ahoよ永遠なれ	6	shiki magatama	0
0025	明那が女子扱いに！？	29	愛に飢えた愛紅-めく-	0
0026	久しぶりのコラボ前にaho振り返り中 2人といる時のギバラは本当に楽しそう	10	しょーた	0
0027	懐かしい	4	Healthy	0
0028	お疲れ様！アッキーナのパパ感好き	29	ぱんこ。	0
0029	1:28:22小声戌亥可愛い	7	quean b	0
0030	ギバラのクズムーブでアッキーナの優しさが光る	12	てっ	0
0031	エラギバラがアッキーナのこといじってアッキーナは仕返ししないのにエラギバラがアホだからいい感じにバランス取れてるっていうねwww	17	ブルージンギスカン	0
0032	なんだこのほのぼのメンバーは、チーム歌姫か(謎理解) 1:33:21ここら辺すき、煽ったり器用だったりやっぱり猿じゃないか	27	:ホワドリ	0
0033	三枝がんばったな…！	10	moti	0
0034	ホント仲良さげでこっちまでニヤニヤしてしまう	7	黒猫係	0
0035	愛園さんの時とは大違いだ… 控えめに言ってすこ	18	ららはら	0
0036	18:33 ふにゃふにゃで可愛い	0	紳士.	0
0037	プレイにそれぞれの性格で出てて草	5	カリオロス亜種	0
0038	戌亥の初期バラ好き	7	コマド	0
0039	最近ギバラの配信見返すのハマってるんだよなぁ……	4	鋳型 /IGATA	0
0040	寝落ちしてたのでもっかいアーカイブ見直した とりあえずお疲令和ぁ！	6	いろじろ	0
0041	ギバラなにしてんだ.......？仲良しさんめっ	5	千田菜月	0
0042	1:47:47 存じケルベロス！！！	20	はなはなはな	1
0042-001	違うでザウルス感	0	しいたけ。
0043	アッキーナギバラの使い方上手いなぁ	4	kiよもぎ	0
0044	こういうのでいいんだよ、こういうので	15	疲れました。	0
0045	戍亥とこの御伽原江良初配信モノマネ 44:06	3	うべー	0
0046	30:12戌亥とこによる止まるんじゃねぇぞ	0	十六夜咲夜	0
0047	14:07めちゃくちゃ飛んでて草	0	普通の人	0
0048	でたわね	2	あくれ	0
0049	最高のコラボでした！！！	8	M K	0
0050	かわいいぬいっぱい良きね	0	ぽんRR	0
0051	1:28:11 レバーを破壊し小声で助けを求め始める戌亥	1	長門茜	0
0052	毎回後ろからケツ押してくれるアッキーナ	1	扇風機仮	0
0053	koko suki #4:58 #6:06  #21:31 #46:12	9	でるふぉいDelphoi	0
0054	「大事な大事な同期の大事な大事な記念枠が～」 のところで同期いないギバラの寂しさに同情した・・・   あっちの3人組も大好きだけど、こっちの3人組も大好きだからまたコラボしてほしい	46	ニコ	2
0054-001	二人から先輩扱いされてないのが救いなのかな？w 実質同期みたいな感じでこれからもコラボしていってほしいね	18	餅ショコラ
0054-002	ギバラは怒濤の一ヶ月を一人きりで駆け抜けたからね・・・	18	アカイクス
0055	1:40:10 着地アイアンマン	0	伊藤渡辺佐藤高橋	0
0056	27:23 自分用	4	リバァイ	1
0056-001	56:40	0	リバァイ
0057	56:45 1:09:58 ここすきいにゅい	0	Lycoris /Flysta	0
0058	このトリオすごくよかったw ほんと楽しかった！	4	やみい/朝日奈樒	0
0059	開始 2:07	0	うべー	0
0060	開始  2:00	15	HAL	0
0061	令和	4	Henly Regarding	0
0062	1:14:20	0	田中たかし	0
0063	想定していたより、無難な配信だったから安心した。これを機にコラボの空気や距離感に馴染んでいければ良いですね。	9	んだんだ山脈	0
0064	改めて見るとギバラって燃えるべくして燃えた感じあるな	0	多重人格	0
0065	「エラギバラ」（28:28ぐらい）	0	煌海麗奈	0
0066	ギバラ、キャラのため姫プしてるんならいいけど、素でだとしたらちょっとアレだな	6	mevius 1	3
0066-001	MIXでの失敗を生かそうとしてるのが伝わるから多少はね？	9	フロランタン
0066-002	それが素でも笑いが起きるなら芸人枠としてはGood	15	サトミさん
0066-003	カメラギバラだけとか色んな要因あったと思うし、そこまで気にならなかった！ 俺は満足だったかなー	22	ヒュウガ
