0001	52:18あくびが笑顔になるのかわいい	17	マルソば	0
0002	しゅーって人そろそろやめなー？†悔い改めて†	9	天使	0
0003	2:20	9	x xxx	1
0003-001	助かる	0	フロランタン
0004	なんかえらキラーの時だけうまくね？	5	たちくん	0
0005	お疲れ様です！	0	にいな	0
0006	土曜日だというのに学校...... 生放送見たかた(泣	0	アヲノ#調子極端	0
0007	34:12	4	T zwcard	0
0008	だいたい叫んでて草  いつものことか	1	:ホワドリ	0
