0001	クールダウンって言った瞬間にパワーダウンして本人ヒートアップしてんの面白すぎるだろ	344	いりゅ	2
0001-001	ヒートアップまでは思いつかなかったw	4	鮭喰
0001-002	アップダウン激しいな	11	大阪難波
0002	御伽原エラーすき	262	yukinon _	3
0002-001	伸びる(確信)	1	なんでも食べるサラセニア
0002-002	このコメント伸び代がありますねぇ！	3	ちゃんこうめ
0002-003	上手いw	3	サティスん
0003	4:32 前回クールダウンしなかった御伽原 江良へのお仕置き	156	伝説の鰹	0
0004	4:23 ギバラ「あ、ばれちった(ﾃﾍﾍﾟﾛ)」 リング「…………ﾁｯ(青画面化)」	81	不屈のもなか王田中	0
0005	「この放送コスパ良すぎ」ってコメント好き	130	favorite langage	0
0006	9:08　リングに会えずヘラる  ここから好き	101	もみ爺	0
0007	11:47 ここからの勢い草	93	かいなkaina	0
0008	12:24 本編開始	80	ceythy	1
0008-001	助かる	2	紳士.
0009	まごうことなき御伽原エラーで草	65	サルモネラ菌	0
0010	12:10ブラ付けたのにゲーム付かない。笑	63	manzimaru yamato	0
0011	俺の一年より濃い15分	51	s k	0
0012	13:15 にじさんじに笹木以外の関取いて草	85	せつなとわ	2
0012-001	皇女といい。ポケルス並みに感染してて草	1	kuro yabu
0012-002	せつなとわ めっちゃ好き	2	あざらし
0013	12:10 今 日 は わ ざ わ ざ ブ ラ も つ け た の に	46	おゆかわ	0
0014	配信来た瞬間に「おつえら！ｳﾞｯ!!」って言って終わったからまじで？？？？だったけどこういうことだったんか。  いやなんでこうなるんや	54	cider sweet	0
0015	ちゃんとした日に限って何もかもがダメになるの大好き	73	田中スクエア	1
0015-001	笹木とはまた違った不憫を感じる	2	ネギ麻太郎
0016	たった14分だけなのに内容が濃すぎる	49	000asas000	0
0017	まずはお味噌汁を飲みなさい。そう焦らなくてもいいから。海に感謝しながらわかめを食べなさい。そして、落ち着いたらこの青い画面にお味噌汁をかけてやりなさい。お豆腐を投げつけてやりなさい。そしたらスッキリするから。寝なさい。	35	ああ	0
0018	3:14 ガ チ〇コとか言ってたから某任天堂から天罰が下されたんやろ(確信)	35	10000 IQ	0
0019	ｵﾂｴﾗ!ｳﾞｯ 正直好き	39	月奏-runa-	0
0020	10:38 ここ別れ話切り出されたえらちゃん	39	瀬能ナシル	1
0020-001	どこが悪いのー！？	2	にょにょ
0021	切り抜きですか？ってチャンネル確認したわ 本人で2度見したわ	48	夜桜	0
0022	13:17　おつえら～う！！　江哥牛逼！	7	ジャンヌニュビ	0
0023	最後にペットボトルを叩きつけて空であることを示すの絶妙にプロくて好き	27	パンパース	0
0024	トラブルに見舞われながらも「生で見れてよかった」感は残していくプロ意識	32	Koke	0
0025	13:18 ｵﾂｴﾗ	9	旅行・ホテルc	0
0026	この配信って、汚い声出したら配信終了の回だったっけ？	4	都会暮らしのヤマモッティー	0
0027	13:19 ｵ”ﾂ”ｴ”ﾗ”!!、ｳ”ｯ!?      ｢今日のゲームも余裕やったなw｣で草	42	Nanashino_雪	1
0027-001	Nanashino_雪 ゲームとは(哲学)	0	雪風
0028	前のしょぼんの時ばりに伝説的な配信で草	28	カニカマ	0
0029	自　分　用  6:09    僕のせいじゃないです	160	まっちょ	5
0029-001	@神戸のでっていう   ファッ？！	0	、カーリーオジサン
0029-002	に“ゃ“ん“ち“ゅ“う“だ“に“ゅ“あ“あ“あ“あ“あ“ん“	0	神戸のでっていう
0029-003	草	2	しらす
0029-004	草	2	くじらのうみとも
0029-005	草	2	穹Sora
0030	最後が絶望的に汚い	36	かいん【kain】	0
0031	下ネタとポカリの一気飲みで時給40万稼ぐ女	21	佐々木太郎	0
0032	1:41 開始（1/10終了）	20	34 mp	0
0033	最初の「こんばんわ」を聞いて風呂入って戻ってきたら終わってたｗ	4	FD3S TYPE RS-R	0
0034	8:44 ポンポンポーン←すき	18	ゼルビッシュ	0
0035	「今日のゲームも余裕やったなw」  チャット欄 1日目:余裕…？ 2日目:余裕…？ 3日目:ゲーム…？	79	竹中フィッシュ	1
0035-001	このコメは伸びる(予言)	1	クロスワ
0036	後から来ようと思ってたら終わってた	18	上山総司	0
0037	やっぱ御伽原の短い動画は全部おもしろいなぁ	3	サバナナ	0
0038	やっと見つけた王子様バグって消えちゃったね…	18	究極のカニカマ	0
0039	ヘラ芸助かる  …………芸だよね、ギバラさん？あれっ！？	22	ねむのき	0
0040	サムネが早速またのんきさんで草	6	04 sosoda	0
0041	最後の「今日のゲームも余裕やったなw」が切ないな・・・	4	yusa	0
0042	4:24 ゲーム側から攻撃を仕掛けてくる恐怖シーン	5	やみい/朝日奈樒	0
0043	全部リア充のせい	8	K-Syo	0
0044	ある意味神回	13	師匠アリクイ	0
0045	4:42 ギバラの敬語新鮮…新鮮じゃない？	6	麻婆春雨	0
0046	キャプボがクールダウンしてて草	3	暇人さん	0
0047	尺的に切り抜きかと思ったら本配信でわろてる	2	たらお	0
0048	12:24 ポカリ一気飲みRTA配信	1	Nanashino_雪	0
0049	１４分という短い時間が長く感じる不思議さ	2	tomo兄貴	0
0050	いや、もう草しか生えん笑	1	スライディングりょーちゃん	0
0051	めっちゃ笑顔で草	0	demon神奈川	0
0052	タイトルどころかサムネの対応も早くて草	1	上品な黄色	0
0053	概要欄ジョジョネタなの好き	0	L Gion	0
0054	出遅れたら終わってたんだが	2	Balsamic	0
0055	今日のゲームも余裕やったなw(してない)	1	毛糸。	0
0056	御伽原…もう一度お前と戦いたかった	1	何見てんのよ	0
0057	切り抜く必要すらない濃さで草	1	t	0
0058	ゲーム動画急上昇おめ！！！	0	ばなおれ	0
0059	俺なんかより人間の王子様を見つけろというリングの強い意志を感じる	19	しん	0
0060	このネーチャン面白すぎだろ	3	みなもちゃん	0
0061	☺「可哀想なギバラも可愛いよ！」	1	vold	0
0062	ゲーム動画の急上昇ランクなの草	1	海月シロウ	0
0063	概要欄がジョジョで草	0	渡辺じもあい曜ソロー	0
0064	一瞬切り抜きかと思ったぞ…	1	Jokerを愛し、Jokerに愛された男	0
0065	概要欄ジョジョで草	0	GGGoooddd w	0
0066	13:18 酔っ払い	1	kzm	0
0067	にじさんじポカリ一気飲みRTA暫定1位	20	gif衛門	1
0067-001	タイム:45秒	1	a l
0068	概要欄ふざけてると思ったら公式で草	1	gt 1592	0
0069	これが本当の「THEエンド」ってね	1	宮下かすみ	0
0070	えんってそういう…	2	レンタルベルマーク	0
0071	なんか…頑張ってるな… 好感持てる	1	ラオ	0
0072	この飾らない性格本当好きだわw	0	yuu !	0
0073	途中から見ようとしたら終わってて草	0	油屋	0
0074	概要欄まで草	0	トイレ	0
0075	あまりの短さにまた清楚耐久したのかと思ったはw	0	ゲート	0
0076	しろぼしコラボから見に来たらもう終わってて草	0	daiwa waga	0
0077	途中の鳴き声とペチペチ音で色々と閃きそう	1	コンドロイチンそらのはじ	0
0078	最後草	0	むらっぺ	0
0079	13:10　自分用	0	北のレガリア	0
0080	サムネ釣りに恥じない内容の濃さ タイトル通りとは恐れ入った 笑いの神に愛されたシンデレラ	2	姓名	0
0081	御伽原ヘラちゃんも好き エラ、ギバラ、ヘラで巡回配信しろ（提案）	2	acしらす	0
0082	熱烈歓迎ギバ者 やはり持ってますねえ……	0	人天地	0
0083	4:31 クール(画面ごと)ダウン	0	田中詩音	0
0084	リングに会うのを楽しみにするヤベー奴で草	0	ミカスケ	0
0085	また伝説残したなぁ〜…	0	うみうしのここ	0
0086	ブルースクリーンで金稼ぎまくってて草	0	いろはす。	0
0087	のんき先生の絵がブルーバックだったのはそういうことだったか…w	1	ゆぷにす	0
0088	本当におもしれー女	2	露天風呂	0
0089	持ってんなぁ〜w やっぱシンデレラやわ	0	Kazuki Kubo	0
0090	概要欄草	2	チリチリ	0
0091	ハッシュタグ円配信草	1	torotorop	0
0092	「わざわざブラも着けたのに！！」 普段どうしてるのこの子……	0	Kay Tea	0
0093	地声配信に次ぐレベルの神回	8	ゆうひ。	0
0094	wii「もういい・・・休め！！」	0	レイノール斉藤	0
0095	今Vtuberの中で1番好き	1	きりやまめがね	0
0096	急上昇入ってんの草	0	tyan kurome	0
0097	サムネとタイトル変えるの早すぎw	0	ファーム・フラット	0
0098	概要欄にポルナレフがいるんだが…	0	庵乃雲	0
0099	ゆきぼし見終わったらもう終わってた	0	アンチラ	0
0100	なぞの14分間を楽しんできます	1	グリム童話	0
0101	ｵﾂｴﾗ!ｳｯ	3	えすけーいー	0
0102	ペチペチタイムで草生え散らかした	0	サントリー響	0
0103	笑顔でキレる竹中直人思い出した笑顔で泣くギバラw	0	喜助	0
0104	Dear, Era I'm so sorry this happened to you! I hope it will get better, I promise! We will be here to help you through the bad times! Sorry if this is a lot. From your sweet kind American friend, Vocalover	30	Vocalover Linzel	3
0105	10:26 パンパン	1	ラミア	0
0106	ポカリ一気飲みたすからない	2	おさかな天国	0
0107	切り抜きかと思って来たらアーカイブだった件	1	パフ坊	0
0108	10:26  泣きオットセイ	1	秦哲哉	0
0109	切り抜きかと思った	1	VITA 。	0
0110	12:26 ここからポカリ一気飲み	0	リラ	0
0111	リングくんに見捨てられたのか...	0	マンタch	0
0112	神回すぎる	0	i kota	0
0113	概要欄がやしきずに似てる	0	やさぐれ紳士	0
0114	セルフ切り抜きやん	1	vivid pastel	0
0115	「今日はブラも着けた！！！」 いや毎日つけろや	0	カイスタ	0
0116	今日のゲーム(ポカリ)	0	marinba	0
0117	タイトルで何事かと思ったらこれは草	0	Assdrier Smith	0
0118	概要欄草w	0	たいたい	0
0119	ゲーム動画の急上昇ランキングに上がってるのに本編のゲーム要素ポカリ一気飲みしか無いの草草草	1	職安マン	0
0120	配信時間的に切り抜きまとめかと思ったら本人配信なの好き	0	えあえあ	0
0121	悪夢のブルースクリーン おつエラーです	0	玲華	0
0122	衝撃の結末を自分で作っていくスタイル	1	いも焼き	0
0123	最高に汚いおつえら助かる	0	戦闘型すうも	0
0124	9:20 うっ……　強く生きて、エラーくん……	0	QVATIO	0
0125	初手ポルナレフで草	0	やっちん	0
0126	一気飲みからエンディング切り替わりが編集ばりに秀逸なんだが…	0	・記憶する者	0
0127	ギバラ泣かないで～	0	てぇてぇの民	0
0128	エンディングの今日のゲームも余裕やったなwで大草原	0	アカリ	0
0129	もっとゴキュゴキュ飲むかと思ったらコク…コク…で草	0	り。	0
0130	伝説だこれは.......	0	むらやん	0
0131	概要欄草	0	あーる	0
0132	ギバラはドM極めてるからお預け喰らっても逆に喜んでそうだな	0	おいぬ	0
0133	ニコニコ大百科からポルナレフの台詞コピペできて江良い	0	Hiroshi Suzuki	0
0134	配信をクールダウンすな	1	kiri 22	0
0135	サムネの仕事はやいなぁ	0	【うるおい】ベール	0
0136	かわいそうはかわいい	0	四ツ辻くろす【星尾】	0
0137	開幕のトークそこそこ地獄でくさ	1	higasinojiya	0
0138	リングフィット買います	1	こたつ	0
0139	エラーのお姫様	0	穴あき雨傘	0
0140	エロすぎ	0	パンを食べる	0
0141	オツエラッ（ごっつぁんです）	1	長谷川	0
0142	最後の挨拶の声誰だよ	0	オニテン	0
0143	12:32 ここからそう言う音として聴くとめちゃくちゃエロぃ	0	さろる	0
0144	14分って時間みて動画作ったんか！？と思ったわ	0	ペラエン	0
0145	9:26 草	1	Nanashino_雪	0
0146	え、終わってる…	0	あん	0
0147	ホントバカだなｗｗ その調子でヨロ	0	アンスラサクス	0
0148	リングが拒絶した女	0	凡才物理学者	0
0149	12:10 普段ノーブラだと！？	0	Yilin Chen	0
0150	リングに会えなくてヘラるシンデレラって他では絶対に見れないと思う(フォロー)	0	:ホワドリ	0
0151	もう半年か。懐かしい	0	パンドラの箱	0
0152	今日のゲームも余裕やったなw  戦わずして勝つとか流石おとぎばらさんや	0	つなまよ	0
0153	どう考えてもブラつけてプレイしようとしたことが原因だろ	1	このは	0
0154	元気出して……	0	ミニ黒い鈍い美しいなんでも食べるストマック君	0
0155	「草しか生えない」のバーゲンセール配信だった	0	グラップラーバッキバキ	0
0156	だいさんじじゃねーか！	0	SFB	0
0157	なんか大泉洋みたいな感じがある	0	オーク・マコト	0
0158	申し訳ないけど滅茶苦茶笑った	0	えーきにゃん	0
0159	そういえば前回はクールダウンをしませんでしたね！ヒデオ	0	doublebooking	0
0160	撮れ高とファンに愛された女	0	ちまちま	0
0161	ポカリ飲んでおじさんになる動画	1	威怨	0
0162	こんな配信ある？何もかも完成されてるだろ	2	バリト	0
0163	リングに会えないよお😭で悲しくなってしまった	0	Prush	0
0164	アーカイブに残さんと思ってたのに残すんか	1	しのぶん	0
0165	プレイスペース以外の場所物で埋まってそう	0	、シウソム	0
0166	概要欄草 キャプボバグったの草 外にリア充いっぱいでリングに会いたかったは草 ポカリ一気飲み草  終始草しか生えない内容やったけど、それでもギバラはかわいいな	2	おさおさ	0
0167	ああ、これが俺のシンデレラだ	0	Show Ya	0
0168	ゲーム動画の急上昇って、全然ゲームやってないんですが…	0	ヌカさん	0
0169	ギバラ絶対1ゲームに1個デカイことしてくれるからいっぱいしゅき	0	らむｗｗ	0
0170	SwitchのACアダプタちゃんとさしてないとテレビにつかないとかあるけどどうなんやろか	1	ダウニー	0
0171	14分の配信で神回を作るなｗ	0	No.15野いちご	0
0172	12:24 なぜこうなる	0	ゆー	0
0173	クールダウンをしていませんでしたね では死んでもらいます	0	aie 3101	0
0174	約15分で10万稼ぐ女	25	ピーチ姫	3
0175	伝説のポカリ一気飲み配信	5	きちゃまる	0
0176	13:18誰かに需要があるかも？	0	刹那ソラン	0
0177	まあそういう日もある	1	はやお	0
0178	また吐いてる、、	0	ゴリラ焼肉	0
0179	衝撃のラストって聞いてたのに出落ちから始めるな	0	ハンディ	0
0180	2万再生は草	0	マカロニ作戦	0
0181	おつエラーってね	0	大和田常務	0
0182	4:31	2	こんるる〜	0
0183	サムネ死ぬほどすこ	0	ながしま	0
0184	ゲーム機壊すな	0	かおぷよ	0
0185	サムネまたのんき先生やな？	0	田中翔太	0
0186	さすがやわ	0	はるつ	0
0187	なんか終わってて草なんだが	0	相撲パンチ	0
0188	リングさんおこじゃん	0	あああ	0
0189	初見でこれは運がいいのか？	1	ラケットサン	0
0190	これ切り抜きにならずにそのまま転載になりそうなサイズ感	0	なっしー/nassy	0
0191	ジョジョ、、、、、	0	左半身失調	0
0192	切り抜きかと思ったら本人だった	0	眠々眠気	0
0193	前回クールダウンしなかったから、クールダウンをしろという優しさやろ（適当	0	家鴨	0
0194	ブラつけたからつかなかった可能性	0	ライとレフと	0
0195	どんまい	0	大福	0
0196	毎日じゃなくても継続して、そのうち体力つよつよギバラでトレーニング兼雑談配信とかやって欲しい	0	猫除け水大五郎	0
0197	敵は ガッテ・インコやったな… (激寒)(横暴)(マッチョの陰謀)(ｴﾗﾃﾞｽ…)(伝説)(御伽原エラー)(消失と焼失)	0	クロスワ	0
0198	任天堂様のゲームをやろうというのにハッシュタグ円とか言ってるからだ	0	32ギガバイトのUSBメモリー	0
0199	マジでなにやってんだよこの人………	0	塩見	0
0200	開始 1:40~	0	アスパラさん	0
0201	転んでもただでは起きないこのプロ根性…さすがですわ	0	たかのかずみ	0
0202	結局ゲーム始まんなくて草	0	j j	0
0203	え、もう終わったの？	0	・煌月	0
0204	4:41　普段は悪辣無比だけど性根腐ってるわけではないのが分かる一瞬	6	ひろ	0
0205	きったね で1万投げるオタク強すぎる	0	晴輪	0
0206	上手くいかないときもあるけど次は上手くいくよ	0	パンドラの箱	0
0207	久しぶりに来たけど、こんな声だっけ。もっとガサガサしてた気が	0	ルッコラ	0
0208	おつERROR	0	陽炎日和	0
0209	会社辞めようか悩んでたけどポカリ一気飲みで死ぬかと思うぐらいツボに入ってどうでもよくなった	1	不安太郎	0
0210	サムネ草 概要欄ポルナレフで草	0	B' M―TN	1
0211	この場面における選択肢は3つだ。 1超絶美少女御伽原江良はこの窮地を脱する天才的閃きをする。 2ライバー仲間が助けに来てくれる。 3どうにもならない。  答えは3現実は非常である。 元ネタだとこのあと感動シーンがあるんですけど今回は無いようですね。	6	もりやひかる	0
0212	悲しい…事件だったね… 事故ったら事故ったでサムネとタイトル変更してアーカイブ残してくれるアドリブ力素直に好き	0	ただのリン	0
0213	エンターテイナーってこういうのを言うのだろうなぁ。	0	メタル	0
0214	クールダウンしないからリング怒ったんだなこれは	0	スーモ	0
0215	何リットルなんだろうか	0	Takuan	0
0216	御  伽  原  エ  ラ  ー	0	宇宙戦艦トマト	0
0217	まさか元カノとの勝負内容がポカリ一気飲みだったとはな	0	やっしな	0
0218	ギバラのリングフィット見て買いたくなったから今日店見に行ったら品切れだった	1	あまねこ	1
0219	問題  何が悪い？ 答え  日頃の行い これ大好きw	0	ペスト医師	0
0220	今日のゲームも余裕やったなw       やったな？	1	遥風	0
0221	えんってなんや？	0	たなは	0
0222	ハッシュタグ何って言ってるのか聞き取れなかった(・・;)誰か教えてください🙇	3	極蛇	2
0223	オープニングトークなんって言ってるの？何回も聞き直しても「えん...」しか聞こえない	0	ラ〜	0
0224	いやゲーム急上昇草なんだが	0	真面目なおじさん	0
0225	ブラ関係ないやん	0	jeffin lee	0
0226	頭がどうにかなりそうとか言ってるけど元のサムネからしてもう頭がどうにかなってんだよなぁ	0	白い白い未栄	0
0227	4:28 いきなり画面がクールダウンしてて草	0	つきよも	0
0228	「今日のゲームも余裕やったなｗ」         は？	1	こうやん	0
0229	ミブリさん「クールダウンしないような人とはお別れです」	0	青い人	0
0230	御伽原の配信が…10分弱で終わるだと…！？	0	涼香	3
0231	TLざわついてたし、サムネは変わるし何事かと思った  新品届いた途端に治ったしぃしぃのキャプボもらえば……？	0	たぬジョー。	0
0232	1:42開始	13	歴戦嘔 吐龍スコヤカーナ	0
0233	機材トラブルは配信の都合上、 仕方ないと思うから早く良くなるといいね！ また、次の配信も楽しみに待ってるね～！！！	0	どん!	0
0234	ポカリ飲むだけで10万稼ぐ女	0	左門スシ郎	0
0235	リングなら他の女と遊びに行ったよ	0	鮭の塩焼き	0
0236	残念	0	岡村隆史	0
0237	江良のエラー...       なんちゃって	0	お金たこ	0
0238	今日のゲーム（ポカリ一気飲み）も余裕の模様	0	Ra ra	0
0239	ポ別10	1	ひらやん	0
0240	ポカリを一気飲みしている時の息継ぎ、漏れた声、喉の音……閃いた！	4	ボルクレイド	0
0241	やけポカリは体によくないよ	0	れとる	0
0242	天才	1	taranito超会議	0
0243	スイッチの画面写しのコードは新品でも反応が悪い。	0	toho nikol	1
0244	12:47  関取13:18	2	らむｗｗ	0
0245	この人何か悪いことしたんですか？	1	コマド	0
0246	切  り  抜  き  確  定	1	たれエバラの	2
0247	1:41 1:41 1:41 開始	0	くじらのうみとも	0
0248	1:41     開始  ポカリ一気飲み配信だった	1	推しはいつ推すのか?今でしょ!!!	0
0249	悲しい事件だったね…	1	しょーた	0
0250	泣かないで・・・マシントラブル、不意の事故と言うのはいつ起きるか予測出来ないからね・・・工場でもままあるしその時はエラー修繕に一日かけることもよくあるんよ。 というか御伽原ちゃんリア充気になるんやね・・・街に繰出せば何か出会いが有るからね。次回頑張ろう。	0	よわむしArisia	0
0251	1:42開始 13:20終了	0	あき	0
0252	ポカリ飲んでるギバラ…        閃いた	0	図書委員バァナナァ	2
0253	Ah, good old Nintendo quality...	1	UnclePutte	1
