0001	17:53　スパチャ(高速詠唱)	51	ナナシノゲエム	0
0002	サムネの右にいるバ美肉おじさんかわいい	23	服の裏側の生地	0
0003	37:15 ここからのまりちゃんの怒涛の煽り最高にすこ	24	ぱちむす	0
0004	1:43 開始	39	湶-いずみ-	1
0004-001	You-know...	2	けつころも
0005	マジで面白かった・・・ まりちゃん初見だったけど、ボイチェンだと思えないくらい自然に聞けた。 それに絶対にフラグは回収する一級フラグ建築士ギバラも最高に草。   ロリおじさんとロリコンおじさんのコラボまたやってほしい。	35	クルトン_ShinShin	0
0006	30:33ここの流れすき 何から何まで面白かったぞ	9	:ホワドリ	0
0007	40:45ここの息ぴったり	16	おいしいお水	0
0008	好きな活動者同士の邂逅！	1	shiki magatama	0
0009	おつえら〜！おつまり〜！ 終始笑ってられるコラボだった...  これからのコラボも楽しみ にしてます〜！	2	アヲノ#調子極端	0
0010	今回の放送まじで好き	8	紅音	0
0011	大分前からギバラが話に出してたから｢いつコラボするんだろ？｣と思ってたよ 良かったよギバラ	16	ポンコツ	0
0012	かわいいに溢れた良いコラボだった… 煽り合い宇宙…	6	おいしいからあげ	0
0013	おっさんよりもおっさんだった しかも最後のセクハラはサイテーwww	4	いろじろ	0
0014	24:08 今さらみたけどここゴミカスの時のあ゛あ゛みたいで草（伝わらない	1	すぎやば	0
0015	このコラボ好き。	0	LeGrimoire du Coeur	0
0016	二人の煽り合いが動物のキャラクターと相まって可愛くも面白かった～～！ 江良ちゃんからの口説きを華麗にかわしていくまりちゃんでもめっちゃ笑わせてもらった！！ まりちゃんほぼ初見だったけどかわいいですね……。これはおじさんの記憶が注入された幼女と言われてもおかしくない……。	34	ユリ	1
0016-001	おじさんが描いた漫画のかわいいキャラのセリフとバ美肉おじさんの言葉は似たようなものなので実質幼女	1	素直シュール
0017	お二人ともお疲れ様でした。ホント、仲良すぎ👩‍❤️‍💋‍👩楽しかったです。またバ美肉コラボやってくださいね🤗	6	田中浩二改め あくびネコ	0
0018	はい勝ちロリコンは幼女に負ける。これ浮世の理。	3	mi tat	0
0019	色んな意味で見てて安心するコラボでした！ またやって欲しいです	1	疲れました。	0
0020	まりちゃん………まりちゃんかわいいな???ギバラもちゃんとボイチェン使ってホラホラ	3	マッチョリーゴリゴリウス	0
0021	サムネの（）の中身逆説	0	・。・悪魔	0
0022	まりちゃんの煽りタイム 37:22	1	うべー	0
0023	神配か？	2	うに茶	0
0024	とてもよかった。またコラボ見たい。	1	Una Owen	0
0025	どっちがバ美肉？ 3:57	1	うべー	0
0026	音確認の時にサラッと流れてるギバラミュートでも大丈夫だよってコメント草	6	服の裏側の生地	0
0027	あれ？江良ちゃんがいなくなっちゃった。 どこ？どこ？どこ？どこ？ 42:08	0	うべー	0
0028	31:37 「そこはかとなくって何？」「お、おぉ……」  とまりちゃんが最初にリード取ったあと、さり気なくギバラと一緒に遊び続けてターン稼いで勝ってるの、ギバラより高い知能を感じられて流石って感じ	2	大名行列Hankai	0
0029	開始 1:44	0	うべー	0
0030	果たして２４歳が少女なのか問題	2	Takuan	0
0031	おい！粘着アンチ共いい加減にしとけよ	0	美川なかろう	0
0032	酷いと話題	3	愛してるギバラ	0
