0001	Is this Era? No, it's a Gibara.	359	ボコられたオオサンショウウオ	7
0001-001	身勝手な便意食らえ!ブッチッ波! hasや()	1	なかせい
0001-002	妖怪回線絞り　heで草	16	pig man
0001-003	Givarra	0	カブト小さい
0001-004	She have ugly voice	0	身勝手な便意食らえ!ブッチッ波!
0001-005	But,he was Era eight months ago.	11	妖怪回線絞り
0001-006	aで草	27	ぐる
0001-007	aなの好き	54	きよね
0002	31:48　ここの顔無意識になってて好き	210	つきよも	0
0003	26:35 外では(下を)履かない	265	もみ爺	0
0004	10:47 徐々にコップ磨き	321	はなねる最高	2
0004-001	キュキュットかな？	7	はげ
0004-002	ピッカピカだね	9	涼風青葉モカ
0005	安定のピー音仕事してない笑 42:10 1:00:13  48:04	309	Km K	0
0006	サムネの表情を見て、これからどんな表情になると思いますか？ ①ドン引きの表情 ②大爆笑 ①を選んだあなた、初見ですね？　これがメンタリズムです	120	かたわら	1
0006-001	DAIGOさん！？	0	羊也彩羽
0007	健全で清楚で子供から大人まで楽しめる素晴らしいチャンネルです！ 今日もピー音が貫通してたり口止めックスやお仕置きックスなんて低俗な言葉は一度も出てこない配信をありがとうございます！！	245	木星	6
0007-001	あっ(察し)	0	カイ原田あなたの隣人
0007-002	とてもシゲキックスな配信ってことがわかった（激寒）	3	玲華
0007-003	内容わかっても全部見なさい！	1	木星
0007-004	だいたい内容がわかって草	0	たなは
0007-005	土星 見なくても内容わかったさんきゅ。この動画見る分の時間でほかの動画見てくるわ。	8	すず
0007-006	このコメントだけで、だいたい内容がわかった。	55	jun tuka
0008	1:45 開始	245	kanitama soup	1
0008-001	助かる	0	ヱノ
0009	配信を快適にするために、課金して広告消してる配信者の鑑。	28	RUSI	0
0010	軍手落としは 違法ドラックの仕事の隠語 だったような気がする	64	MEU_ PANDA	0
0011	44:43　仕上げはお母さんまでの流れが好き	45	黒繭纏	0
0012	31:50からの目の見開き方が可愛いなおい	76	焼きしいたけ	0
0013	48:04 口の締まりが悪いようで	170	パン粉	5
0013-001	そふそふ 恐ろしく早い通報俺でなきゃ見逃しちゃうね	3	Mattyazuki 15
0013-002	Marty Stu 通報した	4	そふそふ
0013-003	閃いた	1	Fairy Sue [フェアリー・スー]
0013-004	ねるねるねるね中毒者 ガバまん口...      ガバまんこう......	4	えのきのすけ
0013-005	めだか ガバまん口	6	大丸水産
0014	19:52 ここのコメントの団結感好き	125	シルヴィア	0
0015	31:49　ここから可愛い	187	game master	2
0015-001	アハ体験	3	SFB
0015-002	閃いた	4	はみだすチキンバーガー
0016	55:45 大事なことに気づいたギバラ	14	赤神	0
0017	みんながポケモンをやる中頭のおかしい英文を訳す女	73	黒い悪魔プーたん	0
0018	23:49 ここすき	46	dekarucha	0
0019	チャット欄堂々と間違えてる人多くて草	76	玄和っさんkurowassan	2
0019-001	@矢澤式WINTER 正直でエライ	24	ハイラルの民
0019-002	素で間違えた勢の1人ですごめんなさい	35	矢澤式WINTER
0020	50:25ここはれときどきぶた	65	ふゃ	3
0020-001	懐かしすぎて草	3	acorn donguri
0020-002	「はれときどきぶた」っていう絵本で鉛筆を天ぷらにして食べるシーンがあって、ほぼ同じセリフを主人公が言うんですよー	8	ふゃ
0020-003	?	1	TTKK兄貴
0021	31:50 ビックリした顔凄い	115	Chezz ちぇず	0
0022	16:00謎の「ロックね笑」コメントあって草	31	ミカドトキ	0
0023	8:03 ギバラがシャンプー飲むって知ったとき俺もこういう気持ちだった	24	魚介類	0
0024	何故この女はこんなにも可愛いのか	28	サラダにょー	0
0025	隣人「今日も騒がしいなぁ」 ギバ「肛門の写真！」 隣人「肛門！？」	19	変熊	0
0026	ほんまに大学生か？とかめっちゃ言われてるけど大学4年生なんて割とこんなもんだぞ 大学1年とかが最盛期じゃね	11	ショコーラ	0
0027	P音を下敷きに使うな	37	しろがね桜	0
0028	9:32の ビネガー、マヨネー、ソイソー ってコメしたやつは5億％クロノトリガーしてる	5	‡ルー‡	0
0029	バラライカ ヤラナイカ ギバライカ	5	招き猫	0
0030	ピー音を下ネタで消すスタイル好き	8	暇人_Himativ	0
0031	醤油って致死量コップ１杯だったような...	4	Shitori Egumo	0
0032	アダムとイヴがキチガイだった世界線	4	あいおあー	0
0033	31分あたりの問題、haveのあとに動詞が来てないから普通のhaveじゃないの？	3	AFOぼっち党員	0
0034	ナチュラルに嘘教えてやるな… dawnは夜明けだぞ	8	Ghost Hound	0
0035	ピー音への信頼が厚いみたいだけどそいつ何の役にも立っとらんぞ	15	Koke	0
0036	陣内みたいな面白さ	15	UT- UT	0
0037	最後の話聞く限り忙しい中めちゃくちゃいろいろ考えてくれてるんやなぁ 応援してます	16	柔らかい鍛冶屋	0
0038	口止めックスが好きすぎる	4	剣翔	0
0039	チャット欄、草だらけで草	9	k yy	0
0040	最近忙しかっただろうしゆっくりしてね	8	アルル	0
0041	下ネタでもオープンに話し合えるギバラ好き	10	AGORA	0
0042	ギバラがどんどん好きになる〜(о´∀`о)	7	いろはに	0
0043	有識者王侯多すぎで草	3	カニカマ	0
0044	36:42 この展開は… Digital loverの 「カレと私の壊れたキズナ DLO-04」で見ました(ド直球)	15	シェイド	0
0045	胸元にテンガを入れるな(戒め)	3	不知火朧	0
0046	英検３級を取らされる？ 特定しました	4	Gumi	0
0047	秘密結社ゴールデンドーンは黄金の夜明け団って和訳すると覚えればいい。	1	鱸の丸焼き	0
0048	最近好きになったものですが、いつも面白い動画をありがとう！ 休める時はゆっくりして下さいね	2	ノウェ	0
0049	概要欄草。 大丈夫かギバラ、無理せず頑張れよ。	2	ああああ	0
0050	英検3級落ちました(ブチギレ)	1	LUNASA GISSY	0
0051	10:52ジョイくんと化したシリーズにできそう	1	コマド	0
0052	36:41 サムネ	1	いい	0
0053	英語わかるってこのお猿さん賢いね	1	Fr_ライム	0
0054	やっぱりギバラにはオレンジの削岩機が似合うかな、買ってあげようか？	7	おつ	0
0055	36:48 サムネ	1	T shineheim	0
0056	軍手の中に薬を入れて落として売買するしいですよ	1	マシュマロねこ	0
0057	俺の削岩機が似合うよ	2	name no	0
0058	自称勉強できるニキがコメントで答えてるけど所々間違ってんの草	13	オレオ	2
0058-001	@ワラビモチ ん？...今なんでもするって...？	0	ネコめし
0058-002	許してください！なんでもしますから！	0	ワラビモチ
0059	ところどころちゃんと勉強してるの草	0	牧野巻	0
0060	英会話は終始笑顔になっててすき	1	プリズンマジメ君ch	0
0061	be goingが文法上現在進行形であるのは正しい。指摘ニキ達は自分で言ってて矛盾に気付かないのか、それともわかりやすいように無視してるだけなのか。	4	ストリクス ヘルエスタス	0
0062	ピー音仕事しない定期(*´ω｀*)	0	タチコマフチコマ	0
0063	ギャグ漫画日和なっつ	1	佐々木太郎	0
0064	までだぞ～が可愛い	0	サトゥルヌス	0
0065	ちょうど高評価2000個めをゲット出来て無意味に嬉しいです！ 動画はこれから観ます！	2	また髪の毛の話してる	0
0066	子供なので見ませんでした()	0	アヲノ#調子極端	0
0067	英検3級はみんなが持っている!? そんな馬鹿な！ 持ってないんだが!?	1	Ayu 8	0
0068	ゴキブリと呼ばれている男が熟睡しているときに、削岩機女に削岩機で腹部をドドドッてされている姿が頭に浮かんだ。	1	かみかわなおし	0
0069	ピー音こんなに仕事しない見た目及び設定は清楚系Vチューバーって居るんだなぁって(^ｑ^)	0	mio ko	0
0070	チャットダメダメなやついて草	0	ゼノブレイドが好きな納豆の神様	0
0071	チャット欄・・・マウントキッズ多過ぎて萎えるわ・・・	1	rakkasei500	0
0072	31:47 ここの顔すき	1	蕣_Asagao	0
0073	なんかおすすめに出てきて久しぶりに見たけど同窓会のやつ自分の成人式の時これだったな…	0	某谷から覗くバティ	0
0074	ゴキブリのIQ云々のデマにだまされるギバラ	1	orange	0
0075	外では履かない？     閃いた ので自首します	2	たらこスパゲティ	0
0076	9:17心に刺さる	2	W5noINU ๑	0
0077	たかしはゴキブリなので触覚があるため、普通の帽子を被れません。だから、彼は帽子の代わりにパンツを被ります。	1	野獣の意思	0
0078	確か軍手落とす仕事の軍手の中身って 植物の種とかじゃなかったっけ？	1	興味ないね	0
0079	こんばんは	0	石井祐太朗	0
0080	配信楽しかったぞい お疲れさん	4	かじき	0
0081	めっちゃ清楚だった	2	本多修三	0
0082	これでも英検三級は取れてる模様  なお、タイトルに「子供は見ちゃダメ！」と入ってるにもかかわらず、横のオススメ欄に並ぶキッズ向け動画群w つべのAIは内容見てない（確信	12	DeltaWave16b	0
0083	feel,fall,fellの問題視聴者も間違えてて草、恥ずかしくないか？	0	the poisan	0
0084	42:56 男子の性事情に興味を示すギバラ	1	しいる	1
0084-001	字面えっちぃと思ったけどギバラだったわ	1	しいる
0085	Literaly Nobody Almost Nobody : Otogibara Era : What will you do if ur mom found out you read porn?	1	Flip Flop	0
0086	Heではなくthis。彼ではなく「これ」。 何したんだタカシ	2	Ryyn	1
0086-001	こちらは…　のような紹介のときはthisでよい	2	ストリクス ヘルエスタス
0087	衣服無用の男ッ！スパイダーマッ！！	1	クマムシ	0
0088	鉛筆補食は全部トッポが悪い	0	クラッシュ万事休す	0
0089	あ゛り゛の゛お゛ぉ゛ぉ゛   ま゛ま゛の゛ぉ゛お゛ぉ゛   す゛か゛た゛見゛せ゛る゛の゛よ゛ぉ゛ぉ゛！	0	閃いても通報されない上級ゆが民	0
0090	所々の英語指摘コメ間違ってるの多いし、冷めるからいらない	0	素振りをする素振り	0
0091	31:46 口丸くなるの可愛い	5	NOY	0
0092	12:37 男性がイクときのIQの100倍あるじゃん	8	マロニー	0
0093	最近見始めた気がするけど、これ地声？	0	DEM Lilac	2
0093-001	地声はめっちゃネタにされてるゾ	0	帰ってきた難民P
0093-002	裏声	0	卍x日ノ内x卍
0094	won't のとこのコメントに would notの略ってあるけどそれはwoulgn'tや	0	クルセイダーちゃん	1
0094-001	wouldn’tじゃね？誤字かな	3	カイ原田あなたの隣人
0095	この放送てギバラの視聴者にマトモなのがいないのが分かった	2	蝸牛159	1
0095-001	類は友を呼ぶって言うし仕方無いね	1	よわむしArisia
0096	Poor takashin...	0	草	0
0097	よ	2	クッキー /大喜利系	0
0098	どうしてギバラのリスナーに頭いい人がいるんだ？？？？？？？	1	御谷原伊澄	2
0098-001	@よわむしArisia 王候って何ですか？	0	Shitori Egumo
0098-002	A:陰キャ、メンヘラ、ヤンデレ、王侯の集まりだから。病んでる奴ほど賢い傾向だし	0	よわむしArisia
0099	くだらねえことしながらさっさと20万人達成しろや	16	パチコ	1
0099-001	否定してるようでいて地味に肯定してて草	7	aka ichi
0100	顔ブスだけど身体エロいからOK理論マジでわかる。むしろ俺はそっちのが飽きなくて長続きするとすら思っている。	0	みうら先輩	0
0101	ぜってー3級もってねーだろこれ	1	たらこ	0
0102	11:24秒の答え、そんなふうに初対面で聞いたら嫌われても仕方ないやん。May I have your name?って聞かないと…	7	かいたい	1
0103	give Takashi a break guys, he's not doing great after surviving the crash...	1	syaondri	0
0104	ホープならタバコ買えそう	0	demon神奈川	0
0105	チャット欄で答え言ってるイキリどもうぜぇ	0	白猫で煽る弁護士	2
