0001	「距離ガンガン詰める型」×「適当にあしらう型」のコンビは端から見る時に最強の組み合わせって分かる	281	COUCH SEIM	0
0002	50:03 ここの戌亥の答えめっちゃ好き	250	チキンぱねる	3
0002-001	がはははは	6	はすく
0002-002	草	2	風吹けば名無し
0002-003	オードリー	11	ササササキ
0003	14:50　手以外全部汚い女のくだり	84	Tan-taros_タンタロス	0
0004	ギバとこ求め彷徨うゾンビになってたけどこれ見てなんとか成仏できそう	19	ねじ	0
0005	ここに戻ってきてしまった。とこえらてぇてぇ。もっと見てたかったな…	18	ささ	0
0006	これがひとかたまりの「民」を形成したというのだな…。	9	shiki magatama	0
0007	終始頑なにオンラインでしか会おうとしなかったのほんと草	77	ノアゼ	0
0008	1:36:46　困惑の声	79	しるかれびにあ	0
0009	1:14:23 ポンポンって言い方可愛すぎか？	58	こしよ	0
0010	「噛み砕いたらいっしょ」う～んこれはケルベロス！w	37	エラディコ	0
0011	つくづく最初の家事完璧にこなせる設定覆しにくる笑	19	リア。	0
0012	戌亥を信頼しているからこそのギバラのウザ絡み最高なンだわ	31	みやび	0
0013	これ残して欲しいな。	5	べる。	0
0014	お願い、消さないで... お願い...	1	朝栗ゲンスィ	0
0015	1:15:04 ギバラ｢ローション｣	18	あるば	0
0016	ぎばとこ最高、、、、	3	つー	0
0017	自分がとこちゃんを初めて知った配信がこれ   ここからたくさんの推しが生まれた	3	メイフの蜜ぎ隊	0
0018	1:19:54	34	ノワール	0
0019	1:19:44こんなん言われたらいくらでも買ってくるわ	3	アミーゴお兄さん	0
0020	1:29:05 コメントでおはこの曲が『シャアが来る』で吹いた	15	アリムARIM	0
0021	このアーカイブで7月も生きられる、ありがとう	20	犬猫可愛すぎ侍.	0
0022	27:48新ゴミ捨てカレンダーからギバラママ	12	アルパカピバラ	0
0023	にじさんじのメンバーは汚い部屋に住みがち	3	ゆめいん	0
0024	ええなぁ 普段絡みを出せるのええなホンマに ギバとここれからも仲良くな！	17	まるこするさんてぃねす	0
0025	前に童話組にした事の仕打ちが今･･････	3	わっふぃー	0
0026	二人ともめっちゃ可愛くて最高の配信でした🎵	8	yu yu	0
0027	概要欄で泣いてるギバラ可愛い	5	arato丸	0
0028	1:59:23 2:00:00 広告剥ぎ	0	IS IS	0
0029	めっちゃ仲いいｗｗ	9	migi	0
0030	ギバラの部屋の様子俺の部屋とほとんど変わらんで草	8	さっちゃん	1
0030-001	さっちゃん 八ヶ月後だけど今は綺麗か？	1	普通の人
0031	この動画も1周年か またギバとこやってくれねーかな	4	洗濯機のカナブン	0
0032	江良ちゃんのスケルトンがギバラのベッドの下にあるという噂がある...	1	Lux el infernal	0
0033	この絶妙な空気感が最高なんだよなぁ	26	コマド	0
0034	江良ちゃん・・・おへやかたづけよ？？？	6	なかしぃ	0
0035	美しい手と顔をした女だ…	4	tia mat	1
0035-001	J〇JO…4部…同僚… うっ、頭が…	2	オワタン
0036	じゃがりこサラダ味とは分かってますねぇ！	9	牛乳	0
0037	とこちゃん可愛い	1	ななひな	0
0038	オフ会拒否は草	1	榊龍騎	0
0039	とこちゃん、江良ちゃんと同棲してあげて。生活を矯正してあげて。 このままだとVtuber活動も正常にできなくなってしまうから。	1	ニコライディミトロフ	0
0040	汚吐偽薔薇	4	ふるたま	0
0041	ピンクのモンエナ(パイプラインパンチ)この頃まだ売ってたのか😫 アレだけは本当美味しかったし、復刻して欲しい╭(°A°`)╮  売れすぎて販売中止ってなんだよもっと貢がせろ	5	あるば	0
0042	ブラキディオス捕獲しながら聴いてました。 雑談始めて見たけど面白いすね。 時間が合えば生放送行こうと思います。	4	みうら先輩	0
0043	何周もリピートしてもういいかなって思う導入も何故か飛ばせないまたコラボしてくれ	1	まるこするさんてぃねす	0
0044	今までの流れがあってからの両国でのオトモダチフィルム とこ「はじめまして特別なLADY」ギバ「今さらすぎて何コレ？」 の歌詞とパート分けがあまりにもハマりすぎてて泣きました 本当にありがとう！ギバとこ大好き！	5	r	0
0045	この仲の良さだと年内にはオフしそう	9	ふじ	5
0045-001	オムライス太郎  うわぁぁぁぁぁぁぁぁぁぁぁあ （でも最高）	2	はっしゅ
0045-002	@はっしゅ オンラインやんけ！！！！！！！！！！(でも好き)	5	ふじ
0045-003	オムライス太郎  そ、そうか...！まだわからないのか。	2	はっしゅ
0045-004	@はっしゅ まだだ…まだ信じるのは早いぞ…	2	ふじ
0045-005	予言ニキ顕現	3	はっしゅ
0046	手は綺麗でも部屋は汚い女 ぎばとこてぇてぇ	6	クーゲルシュライバー	0
0047	ギバラ     かわいいよ    ギバラ...	0	さすらいの顎	0
0048	…。王子様が部屋片付けてくれるよ。	1	たま	0
0049	いぬいと2人で喋ってる時関西弁移ってるんだなｗ	2	おりんぽす	0
0050	自分用 1:08:20	2	-D GOTO	0
0051	戌亥さんはあれかもやけど、同期がいなくて泣いていた江良をどうか宜しくお願いします…この子、根っこは寂しがり屋の純粋な子なんです…部屋は汚いけど、いい子なんです…(父より)	16	オウル	1
0051-001	オウル パコライトを許すな	8	あん
0052	自分用　5:50	6	らむｗｗ	0
0053	ワイも汚部屋には自信あるよ！ 去年、社会人1年目で一人暮らしだったけど、足の踏み場は無い、コンビニ弁当のゴミが散乱、ペットボトル、缶…etc  でもほんとにGって出ないんだよね！！  汚部屋最高！！！！！	0	寅々ゞ	0
0054	最近観てるvの者は全員朝に寝て夕方に起きてるんだけどちょっと意味わからない	0	Bear light	0
0055	部屋をとにかく汚くしがちな人はただいい加減(なのが平気)なパターンと自己肯定感が低くて自罰的な傾向が強いパターンがある。耐久配信とか見てるとギバラは…	2	不安太郎	0
0056	おつとこえら〜！ オンラインコラボよかった！ 素の2人の会話みたいなのが聴けて むっちゃてぇてぇ... そして楽しかった！     リズム天国目隠しの音無しで全曲AP とれたらオフラインコラボ出来そう()	3	アヲノ#調子極端	0
0057	改めて視聴したけど「とこ✖江良」のコンビもてぇてぇかな。凄く気が合ってそう。 江良ちゃん、にじさんじ所属の女性Vtuberの中ではマトモなほうだし、トークも (星川、郡道、鈴鹿に比べて)全然汚くないし好感持てる。	1	ニコライディミトロフ	0
0058	とこちゃんはキバラのことは好きだけど汚いのが嫌だから近くに来て欲しくなくて会いたくないんだな。	4	ちゅーたgame	0
0059	マジで戌亥はエラに会わない方がいいと思う	1	Janko	0
0060	これは言ったらいかん気がするけど...     温度差が凄い... まあギバらはいつも通りだけど戌亥っていつもこんなんだっけ  と、最初の10分で思った	9	昆布ぽん酢	2
0060-001	昆布ぽん酢 素が出せるくらい仲がいいんでしょ	26	和辛子
0060-002	これが素なんでしょ	13	yyy 2810
0061	・・・ともかくギバラ、部屋片づけーや。戌亥の素のテンション怖かったで？	1	如月てぇ提督	0
