0001	1:37:42　→江良お姉ちゃん！！！ いちごちゃんありがとう。 もう思い残すことはないよ…。 そろそろ逝くね？おつえら～！るん！	39	どん!	0
0002	1:37:42 ギバラの限界化の声ほんと笑う	24	sora	0
0003	犬山たまきじゃねぇじゃん!! 佃煮のりおは本だけにしとけよー	17	新生・ゆき姉	0
0004	17:30 本性表してて草w w w	13	新生・ゆき姉	0
0005	マタギバラ狩猟シーン  狼 36:44 1:02:11  熊 18:40 57:26  1:01:25 1:14:08 1:23:55	20	紳士.	0
0006	18:24 すこ	4	Dice K	0
0007	限界化ギバラ　1:37:39～ 頼もしすぎるいちごちゃん　1:39:55～	17	さもえど	0
0008	動画開いたらホロライブの広告出てきたから実質ホロライブ	4	むぎしゅけ	0
0009	全体を通して成長が見える素晴らしい流れでした おつえら！	2	なまえをいれてください	0
0010	面白かったー！勇敢なシンデレラ！ねるギバてぇてぇ　いちごちゃんの二面性も理解してたんだがたまきが邪魔だったな…！	3	赤井 有紀	0
0011	この配信の次からだったっけ、マタギ原江良みたいに言われ始めたの。めちゃバトル強かったなぁ	0	黒ノ識・くろのしき	0
0012	1:41:29 「ボッコボコやん」	6	Myukkie	0
0013	あれ、犬山たmおっと、誰か来たようだ。	7	Chappieeeee	0
0014	1:06:44 自分用･	2	Pick and Choose	0
0015	オイこのメンツに入れられたスバル可哀想やなぁw w w	3	新生・ゆき姉	1
0015-001	スバルっすぅ！！ 鯵鯵鯵	1	丑寅の兄ぃ
0016	1:25:20 4人てぇてぇ？	2	Fin Climax	0
0017	持ってるアイテム覚える癖ないんかな	0	人狩	0
0018	熊殺しのギバさん	1	大名行列Hankai	0
0019	1:06:16 ここからの暴言すこ	12	コー太郎	1
0019-001	ガチで本性出てて草	0	つきよも
0020	おつえら〜！ 初完全勝利もおめでとう🎊🎉 全編見どころさんばっか...！ 次こそギバライザップ成功やね	1	アヲノ#調子極端	0
0021	2:15　立ち絵変更・自己紹介 8:04　１戦目 43:08　２戦目 1:10:32　３戦目	12	じゃがいも.	1
0021-001	有能じゃがいも	2	rei
0022	era-chan i know well lulu playing bloodborne she a fine and roa psycho love chii-chan the cat?	4	The Neighborhood Kenz	0
0023	roa chan doko	0	Usagiyama 007	0
0024	そういやこれ、救援の乗り物って自動操縦とかって設定なの？ 救助乗り物の運転手、外で殺し合いしてても死にかけの人間が乗ろうとして乗れなくても 誰も降りてこないし	2	秋水エイジ	0
