0001	41:03-料理本とおかず本が一緒にあるのは草	40	short stage	0
0002	53:40 *御伽原家、魂のLINE攻防戦*	18	YuiwaShake	0
0003	16:36 自分用	17	KURA KAZU	0
0004	1:56 開始	14	MARK	0
0005	ロマンティックプリンセスさん...うちの御伽原がすみません...本当に...	13	摩擦熱	0
0006	カービィ好きに悪い子はいない(ﾐ ´꒳`)…はず	4	ミケ猫Hz	0
0007	1:08:50 電話恐怖症ってあるからねぇ、うちの家族自分含めて全員そうだから気持ちわかる	3	a Ba	0
0008	やっとメンバーなれたぁぁぁあ！！！	7	柔らかい鍛冶屋	0
0009	とこちゃんとの初オフコラボがライブなのアツい	5	マリあんヌ	0
0010	ライブ出演決定本当におめでとう。僕らにとっても悲願で本当に嬉しくてたまらなかったよ。晴れ舞台で頑張って歌って踊って、何より楽しんでくれ！見守ってるからな！	3	Una Owen	0
0011	LIVEホントにおめでとなぁ... マジで嬉しいし見守ってるね！	0	おじさんでぃあす	0
0012	御伽原家てぇてぇ	3	いろじろ	0
0013	某ソシャゲのイベントと被っててライブ行けん…。゜(´∩ω∩｀)゜。	0	すちーるはむちーず	0
0014	けだま先生とへんりいだ先生って時点でやばいんだよなぁ	1	わんわん	0
0015	-自分の中じゃ、桃色片思いははるな愛のイメージが強い。-	1	かみかわなおし	0
0016	自分用　23:44　56:38　1:11:20	0	らむｗｗ	0
0017	いっぱいおしらせ  おっぱいにみえた	1	てんちゃん	0
0018	思春期の男子生徒がエロ本を巡り母親と攻防を繰り広げる話  大人になったら、堂々とやるものさ　( ´∀`)	0	バスターバッター	0
0019	たくさん動きまくってギバラを魅せつけていけーーー	0	木ノ葉Konoha	0
0020	1:11:20 ﾗｳﾞｨ!	9	なぬ	0
0021	きのうわたしはしました。それはよかったのね……でもね空からやっぱり見てくるの。そのくせなんだよあれはよやらなくてもいいんじゃんに。まぁまた交流しましょうとねまたあの野郎がくる	1	marty elik	0
0022	23:44	1	HIGE_iAim	0
0023	すっっっっきっ…。	0	みえる	0
0024	おつえら〜！ イベント出演決定おめでとう🎊🎉 今年の冬はイベント続きだけど がんばえ！ 受験と被って(血涙) 行けないけど楽しんでね！ PC電話もがんばえー！	3	アヲノ#調子極端	0
0025	LINEの背景何なんだろ	1	_ ruki	1
0025-001	ゆき恵先生のイラストですね！	0	こめ_s
