0001	31:29 ワイの送ったサルの図鑑紹介されて草やった記念	212	しょーた	4
0001-001	しょーた そうだね内緒	1	コックカワサキの滅亡
0001-002	送る前にちらっと中身みたけど普通に良さそうで自分用にもう1冊欲しいと思ったのは内緒	17	しょーた
0001-003	お前だったのか	8	コック・カワサキ・コック
0001-004	「ヒトはどこからきて、どこにいくのか」	20	なかたな
0002	18:23 衝撃のプレゼント『◯◯こけしぃしぃ』	155	くらげなす	0
0003	28:42 明治｢童田ケーキ食べ終わったからグラブルやっとる｣ チャイカ｢ケーキ余ってるけどいる？｣ 明治｢……(グラブルに意識を飛ばす)｣ チャイカ｢……童田さん？｣	160	ああ	0
0004	52:45 見逃されてそうなCパート	114	小藤さんすけ	0
0005	21:40 ここからプロポーズ	111	俺様Jr	0
0006	36:23 かなかな乱入🎉	136	れいんb	0
0007	40:56かなかなが電動こけしぃしぃを発見 おめぇら下ネタで笑うかなかなが見てぇんだろ？	101	超強力洗剤アリエール	0
0008	女子の喜ぶプレゼントしてあげられるかなかな紳士だなぁ…見習いたい…	48	yusuke	0
0009	かなかな来てから童田のテンションの上がり具合がすこだ…	52	氷上のん	0
0010	24:09 カミソリレターを知らない世代か…。 昔は手で封筒の封を切ってたんだけど、それを利用して、嫌いなアイドルに封筒口にカミソリ仕込んだファンレターを送って指を切らせる、サイコなアンチがいたんだよね。	61	tic chopist	1
0010-001	学生だけど昔テレビで仰天ニュースかなんかで出てたから世代関係なく知ってる人もいるかも	4	くらげなす
0011	チャイチャイのプレゼント普通にいいものだったからドン引きしないであげて…	70	リール	0
0012	チャイカのプレゼント、自分で下げて上げてまた下げるスタイル嫌いじゃない	43	レインハーツ	1
0012-001	でもヴィヴィアンのピアスだからちゃんと2.3万位するんだよなぁ	2	アオノ。
0013	1:00待てぬ～😇	12	田中山君	0
0014	1:00 開始	59	おもち	2
0014-001	ありがと…///ﾁｭｯ	0	まんじゅうがにすべすべ
0014-002	助かる	0	醤油餅
0015	叶くん人喜ばせるのうまいし好きだよね	25	るれいや	0
0016	しぃしぃの角度がアンジュっぽい	11	みむむエンジョイ勢	0
0017	アーカイブ待ってた、ありがとうギバラ！	27	てんとうななほし	0
0018	この配信が1人じゃない時点でもう泣きシナリオじゃん	17	COUCH SEIM	0
0019	電動こけしぃしぃほんと草	4	紳士.	0
0020	アーカイブ残らないと思ってたから助かる	4	クロカゼ96	0
0021	すごいバランスのいい四人な希ガス	8	:D	0
0022	この動画なんか一番好き	2	Oyama	0
0023	かなかな来た時のめいじーちゃんのお菓子食べる？が友人の家遊び行った時の友人の母味がヤバイ	3	島を食べる猫	0
0024	ギバラとチャイカさん、相性かなり良さそう。 なんだろう、いい加減さがすごい似てる感じがする。	50	shou FS	5
0024-001	@しゃげなBaby ギバラ「私が上じゃなきゃやだ！」	0	揚げたてコロッケ
0024-002	@しゃげなBaby ヒント(チャイカもおる)	0	男のロマン
0024-003	北斗のかんしー どれだ！どれなんだ！無知な私に知識をくれ！頼む！	0	しゃげなBaby
0024-004	@男のロマン  見てきた。これはアリ。	0	shou FS
0024-005	ピクシブでギバラで調べてったら面白いr18画像あるぞ	5	男のロマン
0025	電動こけしぃしぃでウケてる叶の笑い声めっちゃつられて笑っちゃう	14	温暖ヘルエスタイフーン	0
0026	カミソリピアスめちゃくちゃいいじゃん メタリカの能力で鉄分をカミソリにされたみたい	10	もやし	0
0027	オフの時のチャイカほんとすこ	25	Sylphy18	0
0028	初手タンバリンで草	3	ただのつな	0
0029	やっと来たか	5	ねたろう	0
0030	40:15	12	Mi-suke	0
0031	今日誕生日だわ	5	アラミくん	0
0032	カミソリピアスってパンクなファッションでは真面目にオシャレらしいんだけどね・・・	3	zumasama	0
0033	チャイカほんといい人そうで好き	1	揚げたてコロッケ	0
0034	ちなみにビビアンのカミソリピアス 結構高いからなw	1	やんぷーのゲーム部屋	0
0035	待機BGMはホント清楚やなぁ…  初手、タンバリンは草	14	ぽんRR	0
0036	本当におめでとう……………㊗️ 仲のいいメンバーが集まった感じがたまらなく嬉しい  カッコいいパンクな女の子がカミソリピアスしてたっけ、 かっこいいんだよね	15	ねむのき	0
0037	チャイカぁ！！！！        良くやった👍	32	右打V打取U-REI.	0
0038	江良ちゃんお誕生日おめでとう🎉✨ アーカイブも感謝😊	5	もんぬサマー	0
0039	マジックのインクで汚れちゃうよ...	1	リプトンスキー	0
0040	エロ同人にはきゃっきゃはしゃいでマッサージ器にブチ切れるオタクくんさあ…	22	エラディコ	0
0041	ヴィヴィアンのピアスくれるとか普通にチャイチャイしっかり選んで買ってくれてるやん！ いい友達をもったな！ギバラ！	1	たろう。。	0
0042	チャイちゃん白目むいてんの草  一時色々叩かれてた時はこの子つぶれてしまうんじゃないかと心配したけど、最近は本間に楽しそうで嬉しいわ。 よかったなーギバラ。 おめでとうやよー🎉🎊🎉	55	おさおさ	1
0042-001	本間…！？     ござござ…ござござ…(・ヮ・🌻)	6	笑い袋
0043	これってリスナーのプレゼントもあるん？ 結構プレゼントの規制厳しいらしいけど、通ったのがダンボール4箱もあるんかな	0	yusuke	0
0044	同人誌の右上のヤツはパチュリーかな？	11	藤村	2
0044-001	サークル毛玉牛乳、玉之けだま先生の「けだまとめ」っていう東方総集本ですね。こんなところで持ち物が推しとお揃いになるとは思わなかった(隙自語)	2	エコネズミ
0044-002	おそらく毛玉牛乳さんの	1	摩擦熱
0045	アーカイブたすかる	2	ベインドラゴン	0
0046	過敏な人たちがいて大変だなぁ (遠い目)	6	プッチ神父	0
0047	ら	0	ドーピングドピオ	0
0048	こけしぃしぃあかんやろ…	17	ノアゼ	7
0048-001	電動マッサージ機をえろいと思ってるのがまずやばい	0	冷凍みかん
0048-002	実際めちゃかわだし欲しい	1	はぐれメタル誠
0048-003	正直電動こけしぃしぃの語感が良すぎて爆笑してる	10	はーど
0048-004	ただの医療機器なのでセーフ	2	Topaz
0048-005	長時間ゲームとかすると、肩凝るからね、、、、？	7	こんどるる
0048-006	え？ただの電気マッサージ器ですよ？(威圧)	12	りょーさんァ!
0048-007	あっ初めてコメント読まれましたやったぜ	1	ノアゼ
0049	ぬいぐるみにつけるにはもったいない凄くいい、ピアスやからいつか付けてやってや、、	3	minarai c	0
0050	実は今パソコンで高画質で見ているのだが、 みんな恐ろしく高画質で非常にリアルだぜ。   素晴らしい。	4	柔らかくなった脳	0
0051	生放送中のコメントが見れんくなってるのが 妙にリアル… どこの事言ってるかについては発言しません	3	ただのねこ	2
0051-001	検非違使  あーなるほど それは仕方ないな ガチ情報助かる	0	ただのねこ
0051-002	めっちゃ邪推してるとこ悪いんやけど、手紙紹介したときに視聴者の住所が映ってしまったのでそこ編集したからコメントも消えてるんですよ	19	検非違使
0052	カミソリレターを知らないのは多分「世代」なんだろうねぇ。 ギバラにそういうのがいた事を汲んだチャイカ氏のシャレなのだろうけど、通じないと意味ないという悲しみ。	2	新田はず/壱岐てる	0
