0001	46:52 ここの｢はうぅん｣って声めっちゃすき	256	霧雨ユナイテッド	4
0001-001	ふぅ…	1	陰陽
0001-002	@キーハロ ヴッッ！！！	3	霧雨ユナイテッド
0001-003	この直後の壺おじの声草	14	キーハロ
0001-004	46:53	32	ネフライトを崇める民
0002	9:34:49 不覚にもエロいと思っちまった… よくがんばった！！	128	佐々木玲	0
0003	9:28:58  ｢え、これつみ？？つみ！？！？｣ 壺おじ｢ｳﾝｯ｣	16	さんぷりん	0
0004	5:29:07   〈〈変  身〉〉	179	りそくー	0
0005	耐久＆クリアお疲れ様！おめでとう！ バグ回避本当に面白すぎて最高だった！感動をありがとう！  9:34:30	195	もやもや	0
0006	ギバラ「お”ね”か”い”、た”れ”か”た”す”け”て”！！！！」  ？？？「神は言っている……全てを救えと……」	49	はーてぃ	0
0007	人生絶望しても諦めなければ報われると教えられた神配信	88	buna bondo	0
0008	魔法がなくても頑張れば奇跡は起こせるんやなって	64	紳士.	0
0009	15:41 ここの「待ってください！？」は素材臭がする	5	にゃんた	0
0010	3:14:50 ｾｯｶｲｯﾆ゛ｯ…… ｷﾁｬｯｯ ｱﾞｱﾞ……	6	赤井ココロ	0
0011	2:38:16 この配信でおそらく一番意味のわからないワード「老け老けザウルス」	58	チキンぱねる	1
0011-001	チキンぱねる たすかる	6	Una Owen
0012	9:28:15	47	ハンディ	0
0013	動画全部消すって事はこの9時間の努力も消えるってことやもんな、 俺らも悲しいけどギバラも悲しいやろな…	0	みるくめぐ	0
0014	最後まで完璧な神回をありがとう	27	ニア	0
0015	神配信ありがとうございます！ まさかクリアするとは思ってなかった...尊敬するわ	24	zawa yu	0
0016	このシンデレラには魔法なんて必要ないんだ	61	柳ユウ	2
0016-001	自力で何とかするシンデレラですね	5	こにし。
0016-002	必要ない ❌ 出来ない ⭕	3	甘茶かも
0017	江良ちゃんって魔法がなくても輝いてるなぁ	12	街屋	0
0018	ラストの奇跡はガチで感動したわw	7	ズバイモモ	0
0019	体力もそうだけどメンタルもつよつよやな……おめでとう！	4	ムーミンMr.	0
0020	本当に本当に本当に本当におめでとう…	21	姓名	0
0021	お疲れ様です。 途中寝ましたが朝起きたらまだ続いてた事に衝撃。クリアした御伽原メンタルに拍手を。最初から最後まで観てた人、おやすみなさい。	31	しろとき	0
0022	9時間40分越え…… 夜行バスで最初から最後まで視聴しよう…	8	みねたり .	0
0023	あそこから復帰してるところ初めて見た…本当にしゅげえ！！長いこと本当にお疲れ様！！感動をありがとう！！！	9	はいかんこー	0
0024	感動と神回のギバラ	10	*ですきまり	0
0025	鉄塔から抜け出して拍手してる時顔の表情筋全部動いててワロタ マジでおめでとう	6	あおい	0
0026	1時間半くらい見たとこで再生時間見て泣いた	8	えむ	0
0027	完走おめー！頑張るぎばらちゃん大好きだよー！	2	おいぬ	0
0028	ガチ泣きギバラにつられて泣きそうになったｗ でも最後の最後に奇跡的に脱出できるあたり持ってんねぇd('ω'`)	14	さとさん	0
0029	お疲れ様でした、相当疲れたと思うのでちゃんと寝てくださいね👍	18	極蛇	0
0030	9時間40分もやってたのかよw すげぇなw	21	yusuke	0
0031	普通に感動しましたww クリアおめでとうございます！	5	ドン・ルフィオーネ	0
0032	ギバラの動画で一番再生数伸びてるの草	1	松松	0
0033	最後は奇跡でございます！！！！！！！！	1	douglas leon	0
0034	9時間40分もの奮闘本当にお疲れさまでした（俺は最期の方ちょっとしか居られなかったけど） 終盤の引っかかりで詰んだかと思ったけど、諦めなかった強さが勝利を呼び込んだ！感動した！	16	ぜっトンインパルス	0
0035	マジで、本当に、よく頑張った！！！	1	如月てぇ提督	0
0036	魅せますねぇ！ やっぱギバラの最大の長所は他のゲーマーズには無い根性なんだよなぁ	4	白黒	0
0037	リスナーの諦めた雰囲気すら超えていった・・・	17	魔竜院 光牙	0
0038	おめでとうございます！本当にタフですね...	1	KURA KAZU	0
0039	すごく不謹慎だけど・・・泣いてるギバラの声聞いてて・・・萌えた	5	ミュウちゃん	0
0040	垂直ジャンプと水平ジャンプするの好き	0	TARUHI CH	0
0041	こいつ毎回クリアしたら猿になってんな	6	ランサーが死んだ! ゆりとら	0
0042	魔法が無くてもギバラはシンデレラだ！ 奇跡をありがとう！クリアおめでとう！	4	ぺったんぺったん	0
0043	無事でよかったよ…	2	なまえをいれてください	0
0044	普通に投げると思ってました 根性あるじゃん	6	たいあきAA	0
0045	壺配信で一番感動したわ	1	baja vw	0
0046	奇跡の姫 御伽原江良	9	天キノ	0
0047	最後感動してしまった	0	モニカMonika	0
0048	耐久おつかれ様……!!!	2	すがっち	0
0049	10時間配信は草	16	* omiso	0
0050	本当によく頑張りました。（集中モード入ると口が半開きの江良ちゃんがキュート過ぎるｗ	2	MAX KzP	0
0051	終わりがないのが終わりッ！になるかと思った	2	Red PIum	0
0052	たまにキノピオ出るの笑う	0	KINAKO 04	0
0053	可愛くて面白くて感動をくれる。本当に最高に動画。	0	s. m.	0
0054	ギバラが10時間近くかかったやつを1分30秒台でクリアしてる化け物いて草	9	強炭酸なお茶	1
0054-001	そら何千回と練習してるからな しかも失敗したら録りなおしてるし	1	霧雨ユナイテッド
0055	42:08あたりのSOkaranoみたいなとこ好き	0	タイラカイト	0
0056	最近すげぇ頑張ってるな	1	ぐりあお。	0
0057	蛇に助けたどころ見たい…誰が教えてー	0	Beating Storm	0
0058	尊敬します！	0	Heinz V	0
0059	めっちゃ再生されてるじゃん しゅげぇ！	0	ヌカさん	0
0060	お，御伽原さん動画出してる！ 何分かな~？         ＿人人人人人人＿ ＞　9時間41分　＜ ￣^Y^Y^YY^Y￣	2	ぷっちょ	0
0061	おめでとう！！！！！！！！！ あとはプニキだけやな()	0	うにちゃん	0
0062	詰んでた世界線のギバラ見てみたい	0	マッチョgogogo	0
0063	ラスト詰んでおっさんから無慈悲な言葉を受けてキーボードクラッシャーするギバラも見たかった	2	0000	0
0064	まさかあんな予想外のハプニングになったにも関わらずクリアできるとは………  これは長時間に及ぶ努力と信念があってこその結果ですね 素晴らしいです	6	・羅生門の老婆	0
0065	ゆゆうたに近ずいた女	0	・慈悲深じゃーじ狸・	0
0066	えらちゃんおめでとう！ いまは達成感をあじわってね！	0	aoi Fuse	0
0067	奇跡（バグ）の生還おめでとう	0	Yilin Chen	0
0068	動画の長さで草	0	PKFLASH	0
0069	ギバラってゆゆ式のゆずこに似てるよね…。すこ	0	ポン太寺沢	0
0070	見たけりゃ魅せてやるよ…（同じ景色を何度でも）	1	ちょむすけ	0
0071	10時間きりましたね！ クリアおめでとう🎊	0	かなパン	0
0072	やはり持っているな彼女は	0	とむ	0
0073	やっぱこいつドMだろ ご褒美もらえ	8	ミルちゃん。	0
0074	5:29:07 シンデレラフォーム　 本当のお姫様になっちゃった…かわいい…	0	satsuki miyashita	0
0075	ゲーム急上昇7位おめでとう	1	deco	0
0076	次は金壺達成だね！	0	左慈鷹三蔵	0
0077	約10時間もよく耐えたよ。おつかれ…	1	にどろん。-Nidoron.-	0
0078	急上昇9位おめでとう	0	更木HEROgE0	0
0079	頻繁に産卵するのはやめてほしい	1	katudo2nn	0
0080	全然関係ないけど最初の餃子トークすこ	1	爺惨事	0
0081	たまにおっさんの声と聞き間違うわ	0	【もーぐーらー】2021冬春モデル	0
0082	めっちゃやってたんやな	0	抹茶	0
0083	クリアおめでとう！ 耐久本当にお疲れ様！  たくさん寝て、ゆっくり休んでね	6	ガリュード	0
0084	まさかの9時間越えw	0	【】葉陽【】	0
0085	明日っていつってコメントがあったので ⁇「明日って今さ！」	2	太郎田中	0
0086	普通にすげぇw ゲームに9時間没頭できるのはスゴすぎるwおめでとぉー！	0	滑って転んだソクラテス	0
0087	すげえ まさかやりきるとは	0	さいえん	0
0088	寝落ちぇ…	0	黒死ペスト	0
0089	添い寝したい。	0	LVT mogu	0
0090	1:23:08 自分用	0	ねこかみ	0
0091	ちゅき	0	つきみと	0
0092	本当に神だったぁぁぁぁぁ‼️	3	ももはる	0
0093	ほんとすげぇよギバラ	7	ハンパさん	0
0094	いやいっそ居てくれたほうが安心するわ彼氏	0	クラッシュ万事休す	0
0095	こんなに長時間配信とかやっぱり根性あるな… えらちゃんのそういう所が普通に人として好き	1	みぃな	0
0096	お疲れ様	0	ささ	0
0097	ギバラはこの手のナーレーションは苦手なんだなあ	0	naari3名有りさん	0
0098	フケフケサウルスのとこＡＩＲの観鈴のおかあさんと声似てて泣いた	0	金星人	0
0099	感動した。これが神配信と言うのだな。	0	Lambda	0
0100	9:34:34	6	浅海	0
0101	さすぎばら	0	りんごアメ	0
0102	最後の最後にすごいドラマが待っていた	0	たぬジョー。	0
0103	5:29:07 変身	1	ウッチー	0
0104	クリアおめでとう！これで調子付いた今ならロビカスも倒せるかも！	0	整地兵	0
0105	ほんと何時間も…   お疲れ様！	0	白濁色のほんだし	0
0106	このひと色々と神がかってるなあ。背後霊に平将門でもいるのかな	1	John Doe	0
0107	这是利用无重力环境和永不放弃的韧性共同创造的极限脱出奇迹	1	shadow zerozaki	0
0108	こんばんは	0	石井祐太朗	0
0109	｢地獄の｣って書いてあって気になったから視聴時間見たら長すぎて114514回見直したわ     編集済みだっさ	0	橋宮結弦	0
0110	よぉ レシラム	0	reとーあ	0
0111	ギバラがクリアしたよりも9時間腕力使いまくってる壺男の方がすごい‪w	1	shone basket	0
0112	にじさんじのどの先輩よりすげぇよ	4	バウト	0
0113	ギバラー！感動をありがとー！ やっぱり最後まで諦めなかったから、 奇跡が起きたんやな！流石シンデレラや！ 今日はしっかり休んでくれな！	3	どん!	0
0114	9時間あたりで寝落ちしてしまったので 生で最後まで見れなくてちょっと残念 でも初めてコメント拾ってもらえて感激しました 本当におつえら様でした	0	紅茶コロネ	0
0115	ラストの奇跡に感動の嵐!	2	kazunn777	0
0116	落下シーン 27:14 46:51 1:18:02 1:55:12 2:10:49 2:34:28 3:07:02 3:08:37 3:56:45 4:16:30 3:55:29 コウモリ 9:34:36 クリアの瞬間  まじですごかった。ほんとにおめでとう！	19	やみい/朝日奈樒	0
0117	神回	0	しゅわこ	0
0118	登頂時間は11時間54分54秒438かな いいタイムだ…	0	じゃがもち	0
0119	江良ちゃんお疲れ様 所々進捗みては、実家やんwとかあれ？景色変わってるやん（降下）とか煽ってしまったけど、無事完走おめでとうです…！  御伽噺のように結末が綺麗に収まってよかったです！	10	影無kagenashi	0
0120	初見です。声がキャラと会ってなさすぎて笑いましたw	3	Yuu	0
0121	自分用　27:00　3:08:44　3:16:57　8:24:44	0	らむｗｗ	0
0122	すげえな… 9時間配信ですか… 目撃者になりたかったあ… おめでとう！！！！！！！！！！！！！！！！！！！！！！！！！	0	尊テhad	0
0123	これ全部見てた人いるのかな？笑 何はともあれ乙かれ	0	正夢	0
0124	9 hours off stream...naaaaaaaahhhh	0	Danchou Ai	0
0125	2:54:06 平泉成	0	ハク	0
0126	エモイ．．．	0	しせ魚	0
0127	2:16:18 俺のおじさん構文拾われたぜーーーー！！！！    お疲れ様です。途中で寝ましたが楽しい配信でした。	6	アインス	0
0128	1:57 開始	8	東郷	1
0129	何回も最後のところを再生してしまう自分がいる。これは涙なしには見れないからなぁ！あれだけ頑張ってきたんだから報われてよかった…    きちゃゃゃぁぁぁ！！！の声うっさ	1	コットン	0
0130	老け老けザウルス…？	0	あくえり。	0
0131	9時間！？	0	motto205	0
0132	信じてたよ。	0	Una Owen	0
0133	3時間で終わる？ ん？ん～？ん～～？ くぅじぃかぁん？ んんんんん？	0	TO DO	0
0134	初見でしたがめちゃくちゃ楽しかったああ	4	アテ	1
0135	1:30:30 VTEC	1	ソーストンカツ	0
0136	朝起きたらまだやってて｢お、まだ頑張ってんな｣って思って開いたら 9:31:00 で｢あ…｣ってなった。その後クリアしたのは流石にビビったわ。諦めないってだいじなんやな。おめでとー!!!	0	パン人間 YYSK	0
0137	作った萌え声よりラストの喜んでる声の方が万倍かわいいのなんなんだ　本当におめでとうございます	5	Janko	0
0138	途中体調崩して寝ちゃったけど、クリアする瞬間を見に来た。ほんとにおめでとう	2	緋花めう	0
0139	前は結構早く終わったからなー 何分くらいかかるかなー 9時間かー………9時間！？ってなった	0	わんわんランド	0
0140	惚れ直した	1	アルヨウバン	0
0141	誰かぎばらのエロ同人描かないかなぁ	0	まりも	0
0142	無理かと思っても諦めなければいけるって教えてくれてありがとうギバラ お疲れ様	3	DEO m	0
0143	Almost 10 hour??? Nani	2	Bonkiru	0
0144	8:41:55 かつてのライバル ロビンくんも応援に駆けつけて来たぞ	6	よっしー	0
0145	お疲れ様でしたー	1	Jokerを愛し、Jokerに愛された男	0
0146	0:27:00 ナイスゥ！違うのぉ！ナイスゥ！違うのぉ！ナイの... 1:36:48 もう一回遊べるドン！ 1:50:19 落ちる→にゃぁ→時差号泣 2:38:16 怒ると老けるフケフケザウルス 2:49:39 投げキッス → 2:50:09 初めてのチュウ（キノピオ） 2:54:06 イケボ 2:58:15 殺助 3:16:57 ギバえもん  ギバラ落下コレクション 0:27:15 0:46:50 1:08:15 1:18:02 1:23:08 1:36:39 1:48:29 1:50:19 1:55:12 2:10:49 2:34:29  3:07:02 3:08:36 3:20:34 3:22:12 3:56:45 4:04:16 4:10:07 4:16:29 8:24:44	403	モーフィアス2世	5
0147	9時間頑張ったんやなぁ でも見る時間ないからポチッ(半分ぐらいまで飛ばし  こいつ…シンデレラ衣装持ってたんか… くっそ可愛すぎてびびった しかしずっと右を向いてるのはなんでやww	0	やまだたろう	1
0148	1:50	0	かわくん	0
0149	最後寝落ちして見れませんでしたがおつえら〜	0	ノアゼ	0
0150	まさか最後の最後にあんなドラマが待ち受けていようとは・・・ おめでとうギバラちゃん！！　君こそ最高に壺に愛された女だ！！！	1	かえる	0
0151	ん？壺男ってこんな感動するゲームだったっけ？？ あれ？おかしいなぁ…( இ﹏இ )	5	光❨こう❩	0
0152	52:24	0	そうけんびちゃ	0
0153	一から全部見て感情移入して没頭してみてた(つд`) 最後クリアできてホントによかった⤵誰か助けてーの所からずっと泣いてたわ(ToT) ギバラさんの事これからも応援してます！	1	いよてん	0
0154	散々に言われながらも挫けずに、 自分の足(？)で、意地で登ったシンデレラ。 最後の最後にはシンデレラの奇跡を見せてくれて、 本当に感動しました…！ 完走できてよかった！本当におめでとう！	4	んとんと	0
0155	おつえら。 最初から最後までぶっ通しで観てたけど頑張ったね。 最後の奴はマジで江良ちゃんの頑張りが起こした奇跡だと思う。 楽しい配信をありがとう  7:42:16　ここすき	7	コマド	0
0156	1:34:26	0	さか	0
0157	時間が経つほど疲れて可愛い声しか出なくなるの草	1	ナツメグ	0
0158	これだからシンデレラとか言われるんだよ  いつも勇気をありがとう	1	-ラプラスのまくら	0
0159	声ひっくw	0	asoh	0
0160	10時間もの長配信お疲れ様！ ほんとクリアおめでとう🎊🎉!!!!!! 色んな所で詰まりながら、確実に 成長していって、ほんと凄かった...！ 最後ほんとドラマが生まれたね... 抜け出せるとは...努力が報われて ほんとよかった！！！！    連続(？)で耐久あったし、ゆっくり休んでね！ ほんとお疲れ様、おめでとう！	4	アヲノ#調子極端	0
0161	泣いてもわめいてもいいんだよ 自分の筋を通せるなら ダサくても不細工でもいいんだよ 自分の目指すものが先にあるのなら それでも君は一番輝いただろう？   あんな終わりかたでは理不尽すぎる　最後まで諦めずに頑張った君に最大限の称賛をおくりたい おめでとうそしてお疲れ様。	1	いろじろ	0
0162	ここまで辿り着いたあなたに、このゲームを捧げます。  いらない	1	Nk	0
