0001	40:03 からのギバラの顔の変化がマジで可愛いすぎて	28	South Big	0
0002	まだギリギリ江良ちゃんだった頃	11	イビルジョー	0
0003	37:50 急に叫ぶ出すのずるいわ	26	マッチョリーゴリゴリウス	0
0004	1:47 ほんへ＆開幕数秒清楚	25	モーフィアス2世	0
0005	1:13:00 かわいい	8	Prush	0
0006	ゲームに奮闘してるときの江良ちゃんの声めっちゃかわいくて好き 「あばばばばば」は個人的に一番しゅき…	14	雑食愚者	0
0007	ギバちゃんはやべぇ所が凄いけどちゃんと可愛い所もあるからすこ	3	けんたろ【切り抜きの人】	0
0008	12:08 ボボボボボボボボ…	2	Bob A Linx	0
0009	フラフープが可愛すぎてむかつく	10	クルトン_ShinShin	0
0010	アーカイブでもかわいい	3	raki nyan	0
0011	あぁぶねぇぇ！が好きすぎる	1	Dice K	0
0012	江良、愛してるぞ	3	アジフライ	0
0013	ギバラの叫び声好きなんじゃ	2	魚介類	0
0014	かわいい	1	いわのりch	0
0015	You’re one of the best V-Tubers that YouTube has to offer!	0	Bob A Linx	0
0016	ここのラストボスやってほしかったな	1	shiryu mika	0
0017	楽しそうで好き。よきよきか？	1	Una Owen	0
0018	焦ったときのギバラホントすこ あとホウキ瞬殺RTA	0	あぁ	0
0019	これ僕の知ってるギバラですか？	0	かずきち君	0
0020	27:40  29:21 34:50 35:30	8	z n	0
0021	32:23 39:12 51:50 1:15:52 本日の横揺れ 43:32 ちょんまげ 1:20:23 かわいい駄々っ子	0	そこらの民衆	0
0022	29:42	0	くろばら	0
0023	焦ったときの「あばばばばばば」すこ ゆらゆら江良ちゃん可愛すぎ問題 フラフープ毎回可愛い	1	んとんと	0
0024	1:13:44 1:16:15 1:19:10 パスタまとめ	1	浅村ゆうき	0
0025	ありがとう	0	世界で一番愛してる江良ちゃん	0
