0001	雑談枠無限に聴いていられて好き	23	おいしいからあげ	0
0002	1:54 開始(初手銭ゲバラ)	35	雑食愚者	0
0003	待機画面で （我）（るん！）（ば）（ぞ）って言ったセンスの塊のようなメンバーがいて草生えた	41	ごてはんだ	1
0003-001	我ばばあぞも草	2	頭脳明晰な億泰
0004	27:38 😢	16	touyu	0
0005	20:55 自分用	15	KURA KAZU	0
0006	2mあったんか……	11	どこでもウィンドウ	0
0007	7万人おめでとう〜！(・▽・💠)	2	やみい/朝日奈樒	0
0008	ツイッターで先に開幕知ってたけど笑ったわ	4	らいく	0
0009	ギバラ新衣装で男装やって欲しいわ ジバラクッソイケボだし 後アウターサイエンスのコメ拾ってくれてありがとう	5	グラブル大好きマーン	0
0010	深夜にピザポテチは肥えるぞ	3	露天風呂	0
0011	配信おつかれさんっ！ どーやったら鼻から石油出せるか 試行錯誤中.....         7万人おめでとう　頑張ったねっ😁	5	いろじろ	0
0012	32:40 シャンプーバーの話。 33:30 飲　み　放　題　な　の　か　な　？     何でこうお前はシャンプーを飲む事しか考えれねぇんだよ・・・ッッッ！！！！	5	クルトン_ShinShin	0
0013	最近ギバラディアの配信見れなくてすまない、7万人おめでとうございます！	4	さたん	0
0014	ここまでの激動のニヶ月間を走り抜けてきたギバラは本当に凄いよ	7	コマド	0
0015	ほんと現金な女やで	3	てん	0
0016	おめでとう！！🎊	6	A7sta4a _	0
0017	茶番本当好き。	3	Una Owen	0
0018	どんどんコラボして欲しいぜぇ	3	なんでもわかるニキ	0
0019	初手草  7万人おめでとう、御伽原	4	あなたに寄り添う卵	0
0020	楽しそうでなによりです	4	仮アサクラ	0
0021	ギバらさんって顔の大きさ60cmもあるんですね！流石っす！	1	四郎	0
0022	開幕で笑わせるのやめてください、口からギバラ（みたいな笑い声）がでました。	1	とりちゅん	0
0023	思えばとんでもない一ヶ月だった	2	わがし	0
0024	童貞奪われたニキ羨ましい 僕のも奪ってくれよな〜頼むよ〜	0	宮代優一	0
0025	27:00 ポテチ食いながら間を置いての独白がバーチャルを突き抜けてあまりにもリアル	1	不安太郎	0
0026	初手ほんまに草、 配信見たけどやっぱりアーカイブでも面白いの草 記念配信なのに銭ゲバするＶがいるってマ〜〜？？？	2	cross	0
0027	めでたい記念なのにヘラってるのワロタ	0	a a	0
0028	($∇$💠)＜スパチャありがとう！	6	たなは	1
0028-001	7万人おめでとう。 アーカイブですまんな。	3	たなは
0029	「バーニラ バニラ バーニラ 求人！」 41:17	0	うべー	0
0030	めでたいおめ、後にじさんじの女子身長小さい人多いな	1	カンテラ	0
0031	7万回愛してる	1	咲祈	0
0032	初手wこいつほんと好きだわwwwおめでとうなー😄	1	さぶ二郎	0
0033	また、始まる直前に寝落ちしちゃって辛かったけど、初手のギバラが頭おかしすぎてクソ笑ったら辛さ吹っ飛んだわ。はぁーマジすき。	4	パン人間 YYSK	1
0033-001	アーカイブだったけどその場にいたくらい楽しめたよ	1	パン人間 YYSK
0034	開始 2:00	0	うべー	0
0035	もう7万2000人になった めでてぇ！おめでとう！ これからも応援します	3	迫真のねっとり	0
0036	あの件のおかげって訳でもないけど少なからず注目集まったり新規追い勢がギバラに集中したから悪いことばかりではなかったと前向きに考えよう。応援してるぞ	16	あべし	1
0036-001	停滞してる界隈に新しい人を運んでくるのは意外とこういうタイプなのかもしれないね	6	P青空
0037	アンジュに300万回誘ってて断られてるってま？	2	ｙｙ Y	0
0038	聞けば聞くほど面接受かった理由がワカラナイ……。	3	ヤマノシン!	0
