0001	2:14「我12万人のシンデレラぞ？」（ボゴッ）	159	アリムARIM	0
0002	文字通り  1 2 時 過 ぎ の シ ン デ レ ラ（ギバラ       略してシン・ギバラ	214	ノアゼ	5
0002-001	混沌(ロスサントス)対狂気(ギバラ)｡	0	隣の翠さん
0002-002	シン٠ゴジラ	0	HebiTathu
0002-003	@121 8000 いや sin(シン)は罪とか意味あった気がするし もしかしたら……	0	バウト
0002-004	最強呪文やんけ	1	。ぞじ
0002-005	怪獣だったからGTAやってたのかぁ･･･(納得)	9	121 8000
0003	38:34 好きです。	10	聖なるバリアミラーフォース	0
0004	自ら王子を探しに行く武闘派シンデレラ	87	こめじるし	2
0004-001	継母達を爆殺するシンデレラ｡まさに(殺した相手の)灰被りのレラ｡	0	隣の翠さん
0004-002	物理的に王子様を落とす	5	やばみざわ
0005	1:01:27 さんざんネタにされていた「地固め」という行為が、道なき道を切り開くための鍵だったということが不覚にも証明されてしまった瞬間	72	目次	0
0006	1:33:09（ほっこりした話の後）We are にじさんじ→対向車ドゴォ	23	モーフィアス2世	0
0007	このシンデレラ暴力めっちゃ似合う  はじめて貰った新衣装は喧嘩でボロボロにしちゃいました、ロッカーなんてそれでいいんだよってなんかマンガで読んだ	40	つなまよ	0
0008	御伽原江良　地面がないと道は切り開けないという現実を知るw	27	いろじろ	0
0009	16:26   ここスタープラチナ	26	under山	0
0010	なんか俺だけかもしれないけど、結婚式前夜か後ドレス着ての最後のはっちゃけって感じがした…好き	84	どれっど	2
0010-001	バチェラーパーティのテンションやね	0	魔竜院 光牙
0010-002	DLEAD 。   それだ	3	ねむのき
0011	18:40可哀想は可愛い	4	ヴァルキリー大好きバンバン	0
0012	思い出に強く残った配信を見直している	1	アルル	0
0013	シンデレラすぎて....いい意味で辛い...	10	アヲノ#調子極端	0
0014	1:14:40 ヘラピン委員長と萌え声でろーん　雪山にて	10	ララバイ	0
0015	これが魔法がかかったシンデレラですか！！！とても清楚ですね！！	12	まんまるマルシロ:FCL	0
0016	きっとギバラの次の衣装は、髪の色が紅く染っていそうだな... え？なんで赤色かだって？そりゃt...おっと誰か来たようだ...	4	じゃんけん	0
0017	初っぱなから魔法溶けてて草 かわいい見た目に対して行為が男らしすぎる  だからこそすき	16	:ホワドリ	1
0017-001	この猛暑じゃお前のアイコンの氷も溶けちまうな！HAHAHAHAHA	1	めろん
0018	やっぱギバラは推せるな…	3	銀色たぬき	0
0019	おめかしした江良ちゃんと久しぶりのアメリカンなデート、楽しくないわけがなく。	8	夜月蓮	0
0020	魔法がかかってこれかぁ……	8	バウト	0
0021	47:51  「あばばばばばば！」	3	名鉄太田川	0
0022	スニーカーが恋しくなったのか	5	コマド	0
0023	初手から魔法解けてて草	2	パピポポピペ	0
0024	ギバラのGTAほんとすこ	2	にゃんめる将軍	0
0025	なんか列車の上で話すギバラ凄くエモくて泣いちゃった	6	大物姉貴	0
0026	自虐ネタのくだりわかりみが深すぎてやばかった	2	きこゆう	0
0027	魔法がかかった(過去形)	2	グリーンピース	0
0028	ギバラはこうじゃないとな！！！	2	the -ta	0
0029	さすがのギバラでも地面が無いと道は作れないということが証明された配信	4	あくえり。	0
0030	ギバラはやっぱこうでなくちゃ	2	天キノ	0
0031	雪山人狼リハとかなかなのくだりクソ笑った リアタイは出来なかったけど思い出話聞けてよかったよ 地声GTA懐かしいなぁ、辛辛魚とあれで応援するって決めたんだ俺	6	クーゲルシュライバー	0
0032	49:50かんだんさんアレルギー	15	gnu ?	2
0032-001	@ノンケと化した美少女先輩  ﾃﾞｰﾃﾞｰﾃﾞｰﾃﾞｰﾃﾞﾚﾚ(幻聴)	0	めろん
0032-002	神田ァ！？	0	ノンケと化した美少女先輩
0033	死ンデレラになっとるやないか…	2	ぺったんぺったん	0
0034	まじで開始早々大爆笑した	1	n-acetyl-5	0
0035	魔法とは	3	コック・カワサキ・コック	0
0036	やっぱギバラの方が好きだな僕は	1	島を食べる猫	0
0037	これでこそギバラだ本当可愛いつら過ぎんよ〜	4	ねくろあくろ	0
0038	ギバラって胸結構あったんだな	0	属性	0
0039	最後、貨物列車に乗って「魔法が解けた」配信を振り返っているとき、 そのしんみりした感じが黄昏時の風景と相まっていい感じになってた やっぱり江良さんはVtuberが会っていると確信した瞬間だった	6	新しい季節	0
0040	これだからえらちゃん大好きなんだよなあ	1	やつはし	0
0041	やっぱギバラすごいわ	0	猫アレルギー詰んだわ	0
0042	金、暴力までは備えているのか...w	0	佐藤彩人	0
0043	引きこもりは外でないから肌白いゾ	0	kyuri	0
0044	チェ・ゲバラ	0	ちゃんうんち	0
0045	姫ぇ！遊園地で暴れるのはおやめ下さい(T_T)　(執事目線)	2	栃木健	0
0046	47:14 ここ	1	ノワール	0
0047	鳥取コメントした俺も鳥取県民 つまり自虐ネタ でも自虐ネタはあまり伝わらない はっきりわかんだね	6	マカロニ作戦	1
0047-001	そうだよ()	1	Akira&らい
0048	天使の皮を被った悪魔とは貴公のことですな。	0	サイバーエルフブルース	0
0049	馬車が欲しいなら、是非RDR2をプレイしていただきたい。	0	ER34乗りのほのかの旦那 ほのちゃそ	0
0050	狂　気　に　か　け　ら　れ　て	0	dreik fire	0
0051	ガラスの靴を踏み壊した女	4	佐藤孝政	1
0051-001	伸びろ!	0	隣の翠さん
0052	似合ってるぞ、江良	2	露天風呂	0
0053	母   親  に  甘  や  か  さ  れ  育  っ  た  シ  ン  デ  レ  ラ	0	イビルジョー	0
0054	1:01:25	32	きっきー	4
0054-001	@dead low 死ぬほど痛いぞ	1	乃亜-
0054-002	特技が自爆のお兄さん ギバラ・ギバーナ	2	dead low
0054-003	道はッ！！自分で"切り開く"ものなんだよッ！！ あぁ〜ッ！なんにもなァ〜い！	10	きっきー
0054-004	"覚悟"とはッ！暗闇の荒野に進むべき道を切り開くことだッ！！   でもやってることは吐き気を催す邪悪の模様	2	レヲンゲ
0055	I see Gibara plays GTAV the way it's meant to be. Beating up on men and women with extreme prejudice.  Thug waifu, thug laifu.	1	KaiserTrigger	0
0056	シンデレラ。 開始早々。 死んでんな。	2	その日暮らしのヒグラシ	0
0057	かわいくて清楚なシンデレラがいると聞いて来たんですが？ アーカイブ間違えたかな？	3	おさおさ	2
0057-001	@a l 可愛いのも清楚()なのもギバラの魅力やからね	2	おさおさ
0057-002	魔法が解けちゃったからね、0時前のアーカイブは可愛いかったよ	1	a l
0058	ガラスの靴を落としたのわ誰だ？	0	ねこざかな	4
0058-001	日本語難C	0	ヴァルキリー大好きバンバン
0058-002	そこではなくてだなww	0	ゆっくり日暮
0058-003	？つけた	0	ねこざかな
0058-004	編集済みなのに直ってなくて草	0	ゆっくり日暮
0059	1:12:07	2	zǝɯɔɹɐ	0
0060	衣装用意した絵師可哀想。仕事とはいえもっとマシなライバー担当したかったろうな('-'  ).........。	0	Samantha	11
0060-001	@Samantha あ　　　　　ほ	1	ああ
0060-002	たとえ立ち絵がチンパンジーでもこの声このキャラならずっと見てられるから関係ないな()	0	農耕
0060-003	X0o…HINA…o0X  掌返ししてて草。流石に無理があるぞ	2	仮面戦隊レンジャーウルトライダーマン
0060-004	@てこてこ いやいやアンチじゃないよ。江良ちゃんでシコるくらい大好きだよ。	0	Samantha
0060-005	@ai ue ええ、見てるよ。昨日の雪山も見たよ。トレイターになって、力也やいいんちょ等の先輩との絡みや、ひまちゃんにだけはトレイターなのを打ち明けてる展開〜とか妄想してましたね。結局トレイター役回ってこなかったのは残念でした。ギバラこそ「先輩との友情ごっこ楽しかったです〜！」台詞似合うと思うんだ...(   ˙-˙   )	2	Samantha
0060-006	この手の発言してる人って絶対初期の頃の印象を未だに引きずってるよな。そして最近の配信は一切見てない。正直ギバラという呼び方もあまり合わなくなってきてるくらいなんだがなぁ・・・。つーかＧＴＡ５やる時点でこういう遊び方になるのは仕方ないだろう。清楚にやったら正直つまらんで。	5	ai ue
0060-007	X0oARIKAo0X  お前は知らないだろうがちゃんとギバラ用の意味がある新衣装なんだよ 新衣装のエモからグラセフとかまさにギバラらしくていいわ あとマシってなんだよ、はちゃめちゃだけどこんなファンに愛されてるライバーほかにいないだろ	7	和同駿
0060-008	萌木知らないのか	3	はるかさん
0060-009	X0oARIKAo0X まだギバラに、めんどくさいアンチ居たんだ(脳死)	12	じゃんけん
0060-010	まぁ人気にならないよりは全然マシだろうな	3	どくろ0925
0060-011	12万人越えでマシじゃないライバーとかハードル高いな	16	よっしー
