0001	46:48 軽率に書いた「ほまーに？」が配信終了までさらされ続ける	138	よっしー	1
0001-001	よっしー 草	1	Gudērian Führer 079
0002	1:29:25 有り金全部スって荒れまくるギバラ。	61	アダムス川戸道	0
0003	52:35 〜 あ”あ”もう！ ﾁｯ クソが！！ 53:41 〜 あ”あ”もうやってらんね！マジでやってらんね！	55	sazanka *	0
0004	1:09:41 ここほんと好き	50	ER34乗りのほのかの旦那 ほのちゃそ	0
0005	1:36:50 ここから好き	26	バナナワニ園	0
0006	GTA5でこんなに性格が悪くなるとはなぁ...ｗ	11	sazanka *	0
0007	1:29:00この辺から本編	5	だれ！？	0
0008	ガチャ運はあってもギャンブル運はないギバラ	10	露天風呂	0
0009	落砥散獲羅でち！ キレてるよ！キレてるよ！ 頭に奇人が宿ってる！ 仕上がってるよ！仕上がってるよ！ 頑張るギバラは美しい！！！！	22	ぺったんぺったん	0
0010	夢が覚めた瞬間　1:26:23	4	d k	0
0011	ギバラの演出はまさにギャンブラーの末路、おつえらー Thanks for Gibara's show of the tragedy of a gambler.	11	George Chen	0
0012	敗北からの強盗の流れで草	2	グラフギア	0
0013	やだこの子可愛くない…怖いよ…	2	砂男	0
0014	競馬の時の異常な口の悪さ好き	6	34ユウ	0
0015	1:20:00　んピー	2	綿豆腐	0
0016	1:29:50 1:37:20 2:01:10 マジですこ	5	みぃな	0
0017	これは社長にたかるしかねえな	3	うじうじ	0
0018	人がギャンブルで狂っていくのを見るのは楽しいなあ！	0	ネコスフ	0
0019	次は前の4人で強盗やってほしい	0	ポンデリング	0
0020	エクバ2やってる時のワイやん	0	水撫瀬椿夢	0
0021	ギバラはちょっと口が悪いけど、 とてもチャーミングな可愛い女の子です。	22	どん!	2
0021-001	ちょっと(ゴリ押し)	0	パンコッペ
0021-002	ちょっと…？	2	ゆーゆーアルフォンソ
0022	社長逃げて、超逃げて	6	づす	0
0023	おつおつ！るん！	1	いろはに	0
0024	5:23 ここキンタロス	1	ぴよぴよ	0
0025	3:18      スタート	3	A学生	0
0026	る、るん・・・	7	うりょ	1
0026-001	引いてて草	1	砂男
0027	1:01:28	6	ー薙ー	0
0028	あ^〜癒されるんじゃぁ〜^	1	ちんあなご	0
0029	＿人人人人人人人＿  ＞ 健全チャンネル＜  ￣Y^Y^Y^Y^Y^Y^Y^￣	1	原点O	0
0030	御伽原江良！今すぐギバラの電源を切って純真な女の子に戻るんだ！これは命令だ！OVER！	0	Ayu Mieux	0
0031	え？流石にブラックジャック知ってるのかと思ったけど	0	アサック声真似主	0
0032	おつえら〜！ 今宵は馬刺しパーティーだ〜 キレ芸(？)ほんと好き笑  ギャンブルに堕ちたシンデレラって こんなんになるんや...	6	アヲノ#調子極端	1
0032-001	アヲノセナ  シンデレラは江良ちゃん、ギバラではない。	3	づす
0033	反面教師、	1	いろじろ	0
0034	Cute girls in beautiful getups shouldn't be out there gambling in casinos 😆	0	Aprendiz Loqtuber	0
0035	カジノ襲撃すりゃええのに･･･	1	煌雅拓人	0
0036	1:30:25	3	パイナポー竜崎	0
0037	これだから戌亥どんどん需要あがってく	0	梅本心真	0
0038	立派じゃなかったけど、後半語らなくなったね・・・	1	幻場琴月	0
0039	*[my best funny moments of gibara-chan in gta V casino]* game start in 03:27 06:38 free spin of the chips coin / 12:16 gibara-chan good lucky roulette 25:54 unfortunately horse racing / 40:33 horse racing cursed lost money yourself 49:57 roulette get for gibara-chan is 12 / 51:12 *sakura miko's 35P intensifies* 56:57 gibara's professional gambling played / 1:01:38 downfall of professional blackjack 1:04:41 2,500 lost coin anytimes / 1:15:27 BJ21 is coming right now 1:18:43 black cold saliy roulette / 1:25:50 never trust unfortunate racing 1:28:20 second change racing it's not work / 1:35:25 gibara's robbery in supermarket 1:36:25 gibara-chan baddest crazy town / 1:41:25 returned to diamond casino 1:54:04 gibara's horse racing money comeback / 1:59:23 *sakura miko's duck mistake gambling intensifies* 2:01:15 gibara-chan gambling rage quit and being crazy / 2:02:55 keisatsu shutdown waster gibara-chan Report: otogibara era her lost money lots in diamond casino and got arrested to los santos police station?	53	The Neighborhood Kenz	2
0039-001	@リhir thank you no problem friend	1	The Neighborhood Kenz
0039-002	nice👍	1	リhir
