0001	この動画見てまだ学生で受けれないけど将来絶対にじさんじ受けようと思った。	2	ギバラ推し	0
0002	駆け抜けてったねー、一瞬だったけどギバラを知れて良かった、ライブほんとに感動したよ 今後行く道でも、楽しく押し進んで行ってくれるんだろうなと思ってます どうか元気でね！	3	えでんしー	0
0003	無理して演技していたものがなくなっていった結果、シンデレラのキャラクターがあらわになってきたのに感動した	16	t3	0
0004	この配信でさらに江良ちゃん好きになったし救われてた。本当にありがとうね	1	Kつきえ	0
0005	配信リアタイしてないやつが何をと思われようが伝えなきゃと思ったのでここに書きます ギバラ好きだぞ	41	くすみン	0
0006	ギバラ、健康で居てくれ。もうそれだけでいい。いつもありがとう。	23	なこるる	0
0007	なんかBGM聞いたことあるなーって思ってなんか好きな曲でめっちゃ聞いたことあるなーって思って歌ってたらそういや『はかない壁』じゃねーか！ 懐かしいな！(関係ない)	19	龍使響希	0
0008	この配信みて、よりギバラのこと好きになったし自分が何したいかちゃんと考えるきっかけになったよ。本当にありがとう、お疲れさま、江良ちゃん。	2	堕るま	0
0009	30:28～ 御伽原江良のいい話。	10	わいさん	0
0010	ギバラがにじさんじになれたのは シンデレラだからだと思うよ…  ていうか配信始めて3ヶ月ってマ？	15	碧井かえる	0
0011	1:02:50 この配信での個人的パンチライン もし自分が採用担当の人だったら、自己肯定感の低かった時の江良と比較して泣きそう。 ちなみに俺は泣いた。	9	あかつのP	0
0012	30:28　から江良ちゃんの面接当時の話やエモの話をしていく中、 40:13　に学生という身分が崩れかかるが、 41:15　に一応矛盾なく復帰させてくるの笑うｗｗ 最近配信明るめだもんね、このまんま良いライバー人生を送って欲しいですね…。（是非最初からか30:28から見てね）	53	翌桧-あすなろ-	0
0013	いちからってマジでやべぇ会社だよなw 話に聞く限りじゃギバラどう考えても受からなそうだけど、採用してしまうのがいちから。 nice！	14	大根が嫌い	0
0014	江良ちゃんを推してて良かったって思える配信だった	4	栄養ドリンク#non-caffein	0
0015	知らない間に好きになってたしほんと意味わかんない	12	こむぎ	0
0016	前にも言ってたけど面接で人生相談したのほんと草生える	5	あじぇあじぇ	0
0017	3ヶ月で約9万人はすごいな！ 江良ちゃん好き！	2	おーぴーぴーえーあい。	0
0018	なんだ、いつもよりギバラが可愛く見えるぞ	9	天キノ	0
0019	BGMに聞き覚えが……………	7	愛に飢えた愛紅-めく-	0
0020	あなたの生き方がすきです。 応援しています。	7	おでん大明神	0
0021	最近ムダに可愛くてムカつく	40	ソウキ吉田	2
0021-001	ツンデレで草	6	chase
0021-002	それはギバラが可愛くなったんじゃなくて、ギバラが持つえぐみに適応してきただけだよ	16	sirokuma 8823
0022	初手BGMはかない壁で笑ってしまった	9	てぃあ	0
0023	やっぱ可愛いんやなって	5	とみとみとみ	0
0024	開始　2:06	13	ぽんちゃん	0
0025	なんか自分のあり方について考えさせられた。寝れんくなるほどに。なんとなく生きてきて今に至ってるからこれからもっと将来について考えることにするよ。 それと名前呼んでくれてありがと！  消えてしまう前にまた見てたらチャットしたくて指か疼くんだが！	11	いろじろ	0
0026	萌木姉妹で一番好きやぞ	2	ヤマガラ	0
0027	34:24 Q.なにがしんどかったの？  わかる	0	松原N	0
0028	エモい…！ギバラ好き	0	ゆのみ	0
0029	かわいいなぁ初期の頃の私(三ヶ月前)	1	らいく	0
0030	更に好きになった…スパチャでいきいきするギバラが見たいから４年後待っててくれ	0	レンタルベルマーク	0
0031	ほんとずるい子🥺	1	咲祈	0
0032	御伽原という人物の多層性を了察するに吝かではない放送回であった。もしかして王候諸賢の放送者への忠義は多くは此所を以て確立されたのではなかろうか。	0	shiki magatama	0
0033	今のギバラに出会えて良かったぞ。	1	S A	0
0034	ギバラかわいいなぁぁぁ アーカイブありがとう	1	渡辺曜推し	0
0035	これからも江良の皮を被りながら内なるギバラを解放してほしい。	3	_nm str	0
0036	人間味強くて親近感めっちゃ沸く 好きだぞギバラ	1	サトミさん	0
0037	清楚だった(初回配信30分以内)	0	フルンティング	0
0038	ギバラ好きだぞ	0	32ギガバイトのUSBメモリー	0
0039	コミュニティ更新されてるから、メンバーは忘れずに見てね～。	0	Ryu Windy	0
0040	江良ちゃん、ライバーになってくれて本当にありがとう。	0	ハナモゲラ危機一髪	0
0041	メンヘラフレシアやって欲しい	0	普通の人	0
0042	20万人いった江良ちゃんをみたあとに、この配信見直すとエモくて……	0	宮木城繭彌	0
0043	御伽原お前は僕にとってのシンデレラガールや	0	サラダにょー	0
0044	今の江良ちゃんが幸せで良かったよ。 雑談配信楽しかったわ。	0	しまだ	0
0045	一度しか言わないけど、御伽原江良さんありがとう。	1	今田喜碩/imada_kiseki	0
0046	最近見始めたけど本当に江良ちゃん好きになりました！これからも楽しい配信待ってます！にじさんじでデビューしてくれてありがとう	0	なつみかん	0
0047	大変なこともあったけど江良ちゃんが幸せそうでこっちも嬉しい 雑談内容のほぼ全てがエモな配信だった	1	アムカン	0
0048	ありがとう	0	曲八	0
0049	改めて思うけど、ギバラ可愛いなぁ	0	one- circus:吟醸騎士団軍師	0
0050	ギバラ愛してる	0	なかのざわ	0
0051	江良は俺が守る	1	どすけべ太郎	0
0052	ギバラもそうだけどいちからの株も爆上がりした。ブイの運営なんてクソブラックなとこばかりかと思ってた	3	ごたんだくん	0
0053	江良ちゃんすき。	0	久我山菜々	0
0054	BGMの効果も合わさってエモが過ぎるわ	0	ベギンレイム	0
0055	ありがとう。本当にありがとう。	0	Una Owen	0
0056	ギバラ、ちゃんとシンデレラだったんだよな、出会えてよかった	0	レオンヌ	0
0057	1:17:35 ﾋｴｯ	0	ゼルビッシュ	0
0058	1:16:45 あたりから メンヘラえらちゃんしゅつげんす	0	なっちゃん69!!!!!!	0
0059	エモい話をありがとう、色々と励みになったよ これからも応援していくね	0	薄氷/うすらい	0
0060	採用担当者の方は有能すぎる ギバラに会わせてくれて本当にありがとう	0	露天風呂	0
0061	俺のギバラがこんなに可愛い	3	じゃんけん	1
0061-001	いや、、、俺たち、だな、！	2	じゃんけん
0062	フォースと共に	0	イシソイ	0
0063	ギバラが幸せそうでなにより	0	うに茶	0
0064	42:44	0	だんちょーへーちょー	0
0065	今から十万人が楽しみだな、、、	0	りゅうひめ。	0
0066	江良ちゃんの考え方にすごく共感できました。少し心が軽くなって安心できて、自分でも日の目を見られる場所があるかもしれないと少し期待出来ました。ありがとうございます。	0	みゃみゃこはむむ	0
0067	彼女が生きている事を感じられるだけで幸せだから、もしかして私は御伽原江良のファンなのかもしれない。	1	コマド	0
0068	ギバラ音姫ボイスのせいでカレーを吹き出してしまった。リアルにこんなことあるもんなんだねー	1	黒ノ識・くろのしき	0
0069	今回の配信で改めて御伽原江良がどんな人間かよくわかった。 正直、御伽原江良のような人間は沢山いるけど、明確に自分で決断できたからこそ今ここにいるのかと思う。	3	くみちょっ	0
0070	幼児退行癖とか飲シャンでドン引きしたのが第一印象だったけど、彼女なりの生き方が見つかった瞬間だったのかもしれないと思うと良かったなって。これからは芸人キャラも無理しない範囲で楽しんで欲しいね。まぁ初見のイメージが狂人だからこれからもちょっとは暴れて欲しいけどw	3	club-warszawa	0
0071	最近リアルで観れてないけどこの配信をアーカイブで見てますますギバラが好きになった！	0	竹	0
0072	愛してるよギバラ。 エモ過ぎてダムが決壊してしまったよ…    ジョボジョボジョボジョボ…ジョボッ…ジョボッ…	23	Blue Berry	2
0072-001	放尿すんな	4	ヤマガラ
0072-002	膀胱が決壊してて草	9	ネラニラ
0073	風邪ひいて見れなかったことを これ程後悔したことはない...  これからも元気で楽しく頑張って 下さい...!!!	0	アヲノ#調子極端	0
0074	これからも人生楽しんでいこうな	0	こーひー	0
0075	伝えたいことは沢山あるけど一言だけ   ギバラ大好きだ。ありがとう。	1	もみ爺	0
0076	江良ちゃんを追ってきた人ほど心に響く「これぞ記念枠！」って感じの配信だったよ………  10万人記念は銭ギバラ解放しような…	0	おゆかわ	0
0077	あたまにヒトデついてますよ	0	ラプラスの悪魔	0
0078	「私は、シンデレラなんだ。」ほんといいな。 エモいってこういう時に使うんやなって…	1	ドッカー	0
0079	スパチャはひとを可愛くする	2	pushy wang	0
0080	1:16:26 ついに認めたな？ 言質は取ったぞ	0	死神パフェ	0
0081	雑談配信で涙が出たのは初めてだ...。 なんかパワーを貰った気がする、ありがとうギバラ。 そして、これからも頑張れギバラ！	0	okuyama teruki	0
0082	自己肯定感低くてつらい時期あったと聞いて遠い存在じゃなくて意外と近い存在なのかもしれないって思った。	0	daibotti 。	0
0083	江良ちゃん大好きだよ、名前を呼ばれるだけでこんなにも嬉しい気持ちになるなんて思ってもいなかったよ 自分用　1:48:21	0	ブラウン管	0
0084	ブイに出会えてよかったな…。言葉にするの苦手って言ってたけど、十分伝わってるから大丈夫。聞き取る側の理解力の問題もあるし好きに話せばいいんだよ	1	ぶるぶる	0
0085	1コメー、えらちゃんよかったよ！！	1	なっちゃん69!!!!!!	0
0086	ギバラを採用してくれてありがとう。 ギバラがいてくれてありがとう。 これからもよろしく	5	aoi Fuse	0
0087	自分の選択肢以外で後悔するの嫌じゃない？  だからギバラは炎上しても見たいと思えるんだよなあ。腹の据わり方が違う	1	DEMODORI	0
0088	曲w	0	だんちょーへーちょー	0
0089	九万人おめでとうございます 江良ちゃんを好きだと言って登録してくれたりメンバーになってくれる人が増えていくのを見るととても幸せです 何よりも江良ちゃんが楽しそうに話している姿を見れるとこちらも元気になれます	0	つな728	0
0090	悲しい事や思い通りにならない事とかいっぱいあったけどさ、 でも結局振り返ってみると、あれがあったから今ここにいるんだなってよく思う  だからと言って全部の経験を 肯定的に受け止められる訳じゃないんだけど、 今楽しかったり夢叶ったりした時とか、 生きてきて良かったーってなる。 過去の事とかどうでも良くなるんだよね。  だからギバラが今幸せなら それはとっても嬉しいなぁって思う！	6	佐久間えいけん	0
0091	9万飛んで2千人おめでとうございます(もう3千人近いけど) やっぱり記念配信はリアタイしたかったけどアーカイブでもホロリと来てずっと応援してきてよかったなぁという気持ちになった	0	クーゲルシュライバー	0
0092	この配信内容は、今悩んでいる人達にとって大切な話なので アーカイブは残しておいたほうがいいです。はい。	4	short stage	0
0093	最近推し始めたばっかりで今更このこと知ったからあれだけど、やっぱり今までのVtuberとは違うなんか感じた どうしても企業所属のVtuberって楽しく楽しくって感じになるとは思うしそれでいいと思うんだけど、ギバラはそういう面でもちょっと違うような感じするし、ほんとに楽しんでるなって思えて こういう所だとライバーっていうよりは一人の人間として話してくれるのも好きだし、コラボ相手との絡みとかもこれ聴きながら思い出すとほんとにすごいなって  ごめん、泣きながら書いてるから文変かもしれん。ギバラ、好きやで。	1	もりぃ	0
0094	採用担当者は、よくギバラを採用したよな。他の人だったら普通じゃ落としそうだけど、採用した結果、メンバーの数もチャンネル登録者数の伸びも半端ないもんな。着眼点が絶対他の人と違うんだろうなぁ。すげえわ。	13	ER34乗りのほのかの旦那 ほのちゃそ	0
0095	『今までの人生で、自分で決めた事ってあんま無かったんだよね』 ほんと、これは後悔しかない……。しかも、ずっとこんな人生だと新たな一歩が踏み出せなくて自己嫌悪しかないんだよなぁ…。	0	。ひなたマル	0
0096	ある意味サムネ詐欺 ただそんなえらちゃんもよきやよ~	0	不倫相手はVtuber	0
0097	Otogibara-sama❤❤❤❤❤😄	2	J. Green	0
0098	まともな人なんだかめんどくさい人なんだか よく分からん人だなぁ..	0	とらとん	0
