0001	江良様お誕生日おめでとうございます(/・ω・)/ 素敵な一年になるように 願っておりますわ( *´艸｀)	101	Choco Ch. 癒月ちょこ	0
0002	51:42  とこちゃん	91	しーちきん	0
0003	1年で何があったんや...	7	1ポン酢	0
0004	いろいろあったと思うけど今日まで生きられててえらい	24	* omiso	0
0005	全世界80億人の人間のうちベスト5まで入ったvtuberが居ると聞いて	12	COUCH SEIM	0
0006	1時間で数十万稼いだ清楚系女	8	ひのあらし	0
0007	29:32 自分用  江良ちゃんお誕生日おめでとう！！！！アーカイブだけどカウントダウンすると思って見てたよ！！！！！いつも元気で、オタクのツボわかっちゃってる江良ちゃんが大好き！！！！！御伽原江良として、僕たちの前に登場してくれてありがとう！！！！！！これからも、可愛い江良ちゃんを見せてね！！！！！！	6	トランプ・正恩	0
0008	口下手なので多くは語りません 誕生日おめでとう🎁🎂	8	もみ爺	0
0009	今まで22歳だったから今日から22歳やな(?)	9	zawa yu	0
0010	本当におめでとう！ 色んな人に愛されて...う、羨ましくなんかないぞ！	2	suimin	0
0011	江良ちゃん本当におめでとう！！！ 来年もこの日を迎えられますように	3	キムワイプーSDSーペイジ	0
0012	この1年で何があった！？	2	ひととせ	0
0013	誕生日おめでとう！ 江良ちゃんにとって素晴らしい1年になりますように！ 愛してるぞ！！！！！！	2	コー太郎	0
0014	これが江良ちゃんか… 喜び方がダントツかわいい	6	田中デーモンヨシヒコ	0
0015	24歳おめでとう！！	2	緋鳭アカツキ。	0
0016	江良ちゃん、誕生日おめでとう！ いつも楽しい配信ありがとう これからもずっと応援するからな！	2	ビール瓶	0
0017	おめでとうギバラァ！ これからも頑張ってなぁ！	2	ぺったんぺったん	0
0018	誕生日おめでとうございます！ いつも可愛い御伽原さんありがとうw	1	黒服	0
0019	誕生日おめでとう🎊 いつも心の底から笑える楽しい配信ありがとう	1	チベットスナギツネ	0
0020	誕生日おめでとう！ これからもずっと応援していきます！	1	やまもん	0
0021	なお現在	2	R136 a1	0
0022	誕生日おめでとうございます これからも楽しそうな姿が見られますように	1	ドラピック	0
0023	誕生日おめでとー！えらちゃんもギバラも	1	大福	0
0024	お誕生日おめでとうございます❗	1	芋ケンピ	0
0025	誕生日おめでとう!! これからも応援してます！頑張って！	0	浜波海都	0
0026	おめっとうさん	2	KI NG	0
0027	ギバラおめでとう🎉 スパチャとかツイートで喜んでくれるの見てて嬉しくなった これからも応援するからな	2	リール	0
0028	38:18 ここえっち	1	Daniel名前が決まらない	0
0029	江良ちゃん誕生日おめでとう！トレンド1位本当にすごい！江良ちゃんほんとみんなから愛されてるなぁ〜。これからも応援してます！本当におめでとう！	3	やみい/朝日奈樒	0
0030	ギバラ、好きだ	3	黒山羊	0
0031	おめでとう、愛してるぞ江良ちゃん	1	姓名	0
0032	御伽原さんお誕生日おめでとうございます！ これからも頑張って下さい！	0	カズK	0
0033	誕生日おめでとうございます	1	霧島トンカチ	0
0034	本当に誕生日おめでとう、ずっと幸せでいてください	1	*ゆず	0
0035	誕生日と世界5位おめでとう！	1	ノアゼ	0
0036	誕生日おめでとう！🎉🎉🎉 トレンドとRT達成するのもしゅげえ	0	おじさんでぃあす	0
0037	誕生日おめでとう！ 今日からの一年が素敵な日々になることを祈ってます。 願わくばわたし達リスナーが貴女の楽しい一年の一助となることを。	1	十五夜会長	0
0038	バイトで生放送これなかったんで今見ました 誕生日おめでとうございます！ 御伽原さんにとって良い一年になりますように	1	ねこです	0
0039	おめでとう！	1	くろのみか	0
0040	誕生日おめでとう！これからもロリロリなギバちゃんで楽しませてね❤	0	見返りミミロップ	0
0041	誕生日おめでとう！ あいしてる	0	社畜	0
0042	お誕生日おめでとうございます！貴方にとってこれからの1年が素敵なものでありますように！	0	しょうゆ	0
0043	この頃のギバラ破壊力やばい	0	かか	0
0044	お誕生日おめでとうございますにゃっ	0	ミケ猫Hz	0
0045	1年後なぁ…w	0	レイチー	0
0046	おめでとう🎊	1	ヨンアーゴ	0
0047	誕生日おめでとう🎉🎉🎉	0	れいんb	0
0048	スパチャの量に、ちょっと引いちゃった！ えへっ☆	0	上田中栗洋	0
0049	誕生日おめでとう！ いつも沢山の幸せをおすそ分けしてくれてありがとう また素敵な1年になることを祈っています。	1	ざっしー	0
0050	誕生日おめでとう🎊 スパチャでニヤニヤするの素直な反応でかわいかった これからもやりたい様にやってってよー	1	おさおさ	0
0051	誕生日おめでとうございました！ 来年こそは祝いに行くからな覚悟しろよ！！！	1	エトシル	0
0052	自分に素直なギバラが大好きです	0	サンチャ	0
0053	誕生日おめでとう すきだ…幸せになれよ	0	てぇてぇ豚	0
0054	お！め！で！と！う！	0	Seanwing Clouder	0
0055	ギバラ本当に配信するの楽しそうで見てるこっちが幸せになるわ おめでとう🎉	0	sora	0
0056	えらちゃん、誕生日おめでとう🎂 たくさんのファンにお祝いされて、素敵な誕生日だったね🎵	0	yu yu	0
0057	江良ちゃんおめでとう‼️ あったけぇ配信だったな…  これからもずっと応援していくからな！	1	深淵新緑[しんえんしんりょく]	0
0058	24歳おめでとう㊗️🎉🎂	1	ねむのき	0
0059	誕生日同じやんけ！	0	* Yoshi	0
0060	おめでとう江良ちゃん	0	天キノ	0
0061	江良ちゃん誕生日おめでとう！ 江良ちゃんにとってこの一年が善き一年となりますように。 来年もまた祝わせてね！	0	うたかたの夢	0
0062	江良ちゃんは可愛くてずっとか好きだったからなんの問題もないんだけど ギバラも好きになって来た私はもう限界民？？	4	ぶるぶる	0
0063	おめでとう	0	脱ぎチョコ	0
0064	Oh, she sounds pretty cute.	0	UnclePutte	0
0065	誕生日🎂ほんとにおめでとう🎊！ 🎉江良ちゃん🎉 この一日が楽しい一日に なりますように！ この一年が人生で素晴らしい一年に なりますように！ ほんと生まれてきてくれて ありがとう！誕生日とことん楽しんで下さい！	1	アヲノ#調子極端	0
0066	誕生日おめでとう！！来年も再来年も死ぬまで毎年言わせてくれ！	2	小鳥遊	0
0067	来年も祝わせてくれよなシンデレラ	0	超神星アポロヌス・ドラゲリオン	0
0068	万華鏡のようにキラキラと変幻し、視聴者も巻き込んで楽しい空間を創る貴女に惹かれここまで来ました。 あらためて誕生日おめでとうございます。 また来年もこうして一緒に皆さんと祝えるといね	2	幻場琴月	0
0069	配信来れなくてごめん…！ 誕生日おめでとう！！！	1	わたる	0
0070	1コメ ギバラお誕生日おめでとう！！	1	Lynx fS	0
0071	来年ギバラが1周年記念振り返り配信とかしたら それまでにあった楽しかったこと辛かったこと色々こみあげてきて号泣してそう	3	ニコ	1
0071-001	っていう想像してたらもらい泣きしそうになったｱﾌﾞﾈｰ(´;ω;｀)	0	ニコ
0072	愛してる	0	nizi saigen	0
0073	トレンド世界5位だか世界で１番「ありがとう」を言った日ではなかろうか。 ありがとうは幸せの証拠なんだな	0	いろじろ	0
0074	誕生日おめでとうございます！  これからも応援させていただきます。	1	シバドッグ	0
0075	25:11  キモ助かる	0	和辛子	0
0076	お前がお姫様だ。	1	ウリカバディ	0
0077	ギバラを最推しにしてる人はかなり多いんだな	0	むみゅううどん	0
0078	from 22 to 22	0	28dot6	0
0079	ギバラ、おめでとうな。	0	アップル	0
0080	すこだよ	0	海乃森,	0
0081	なお一年後、、	2	そりわ	0
