0001	この人何か悪いことしたの？というコメントで草生え散らかした	204	悲しき寄生植物	0
0002	がんばれがんばれ！ BEST出せてて偉いぞ！	525	【にじさんじ】神田笑一	11
0002-001	こんな辛いことさせてたらアカンだろ ……神田！？	2	〇ゆでたまご
0002-002	トレーニングトレーナーの人かな？	4	ろむ
0002-003	にじさんじ公式筋肉ライバー	9	A Blue.
0002-004	神田君すこ	4	レッド
0002-005	流石隠れ筋トレお兄さん	5	ナンなんだよ
0002-006	郡道が全力でそっちに行ったぞ神田ァ!　女心分かってやれよ!	4	よわむしArisia
0002-007	神田ァ！？	5	お料理に詳しいヴォルデモート
0002-008	見に来てたのか...	5	わらびもち
0002-009	本人で草	4	青井林檎
0002-010	本人かよ！！	5	せいや
0002-011	本人じゃねーか！	10	しろあたま
0003	17:29 ここの声最高にエロくて好き😊😊😊	44	TAMAFun	0
0004	19:31 オオオｵｵｵｵｵｳｵｵｵｵｵ！ 『ぺちん』	163	岸田卓也	3
0004-001	無慈悲すぎる	0	からし
0004-002	笑った	4	No name
0004-003	＿人人人＿ ＞　3　＜ ￣Y^Y^Y￣	18	しめ鯖とらっきょう
0005	13:26  ギバラ｢何を着ているか！ブラジャーで～す( ´∀` )｣  えっっっっっっっっっ     …？	191	ヨナギケイ	5
0005-001	俺は抜いたよ	7	マッチョリーゴリゴリウス
0005-002	Alicia Wolf リングとベットインしようとしてんの？	9	蟹江西
0005-003	@よわむしArisia ギバラだからなんか興奮しない()	12	_ Lie
0005-004	ギバラの普段着はパンイチTシャツ。それがパンイチブラジャーやぞお前ら。   要するに彼氏とベッドインする手前状態、下着しか付けてねえ状況やぞ	18	よわむしArisia
0005-005	一瞬脊髄反射的に「エッッッッ」ってなるけどギバラであることに気付くよね	34	パピーキリン
0006	34:56 エ"ッ"エッ"エ" 3"人"イッキッキ！？	233	Yamanura ・_	5
0006-001	前世の猿が出てきちゃったんでしょ	3	大津剛剛剛
0006-002	丁度穴の数で草	6	パンを食べる
0006-003	お〇んこ！	4	ながしま
0006-004	いっきっきの～き～ｗ	8	CureBluck
0006-005	Yamanura _ 悪意しかなくて草	9	momonga des
0007	26:12「もっとよしよししてぇ！」	184	年光	0
0008	割と真面目に御伽原から勇気をちょっと貰ってる。入院中でな。筋肉がゴッソリ落ちた。  どう見ても運動オンチな御伽原がこうして頑張ってたら自分もまだまだやれそうだし社会復帰も大丈夫な気がする	173	よわむしArisia	8
0008-001	@よわむしArisia ちゃんと治療プログラムに参加して偉いと思います！ 頑張ってください!!(何様)	7	水無月リノ
0008-002	Alicia Wolf  細かい事情は知らないけど俺は味方だぞ	7	ラオ
0008-003	@酒ヤクザ_cassis orange 俺のことかな？	6	ポキちゃん
0008-004	性欲爆発アロエ兄貴は取り敢えず適当なエチチ絵で性欲散らして落ち着かせて(´・ω・`)	13	よわむしArisia
0008-005	頑張って……	8	涼木
0008-006	元々は鉄鋼業やってて30tのクレーン部材を自力のみでひっくり返すなど筋肉解決系鉄鋼マンだったのが、重度の精神衰弱と自傷行為に走って鬱病で入院。長期の入院期間で筋肉が落ち切って今や机すら持ち上げるのに一苦労で腰痛も酷いと全くこれまででは有り得なかった世界になってる 鬱病自体は治ったから社会復帰の為の治療プログラムに参加してリハビリしてる。筋トレで挫けそうになったら休憩中に御伽原の動画を見るのが最近の日課になってる	40	よわむしArisia
0008-007	がんばれ....がんばれ...	15	すけ
0008-008	入院ニキ強く生きて	20	夢見るタコペッティ
0009	59:40からの元カノに対する今カノムーブすこ	18	reno	0
0010	24:17 26:30 34:49 腹筋ガードのシーンすき。 「早く来い!!!はやくしろ!!!!!!」	44	Tan-taros_タンタロス	0
0011	個人的草ポイント  26:13 もっとよしよしｼﾃｪｯ！！！！！	125	トイレ	1
0011-001	ﾖｼﾖｼが1番好きｯｯｯ!!	5	。ろまるーん
0012	19:33 ここマリオの落下した時	91	きっきー	1
0012-001	ぺちっ	2	びじょびじょに濡れた美女
0013	48:20 ここ名言	28	菊池渉	0
0014	全部面白いんですけど個人的にめちゃくちゃ笑ったとこ 11:54 59:22	99	Sankaku -Sikaku	0
0015	59:22リア充にブチ切れるギバラ	26	大塩平九郎	0
0016	19:31 対魔忍ギバラの渾身の一撃	30	ゆー	1
0016-001	3	0	コメ専の暇人H
0017	26:42 個人的に一番笑ったところ	71	kotaro	1
0017-001	ここ笹木にそっくり笑	5	酒ヤクザ_cassis orange
0018	1:46開始	23	歴戦嘔 吐龍スコヤカーナ	0
0019	配信観ながら同じ動きしてみたら死んだ。やっぱお前マジすげえよ。 でも筋肉はちゃんと休めろマジで体壊すぞ。	16	パンパース	0
0020	おつえら〜！！ゆっくり休みな！ 筋肉痛でこれはきついw てかほんとすげぇ… ギバラ大統領の貴重な産卵シーン 助か……る？   あ、間違えた江良垣 結衣さんだった	31	アヲノ#調子極端	0
0021	出産配信に同接17000人って凄まじ過ぎる	19	daiwa waga	0
0022	何回長編調教エロ漫画の最終話をやる気だ	9	左門スシ郎	0
0023	えっっな声がことごとく賛否両論なのが草	13	りょっとこりょりょたろう	0
0024	ギバラ辛そうだけどたかがゲームだろwと思って買ったら本当に辛かった…爆笑しててごめんなギバラ…	13	とりまる	1
0024-001	運動にもなるしちょっと欲しくなったｗ	2	さたん
0025	前回もギバラのリングフィットで寝落ちして今回も寝落ちしたんだけどどういうこと？？ そこらのASMRよりも効く	10	百獣のカイドウ	0
0026	苦しそうな声がえっちだし汚いしもうわけわからん	6	トイレ	0
0027	27:31	25	ゆーすけ	1
0027-001	よくやった	1	くえばこ,
0028	これは過去最高の当たり企画やなぁ	9	岡村隆史	0
0029	流石に江良垣に直したか　おつえら～！頑張ったね！よしよし！輝いてるよ！……………………	8	ステラ	0
0030	すっげえ力んでたけど子供何人出来たの？	12	かおぷよ	0
0031	8:50 アヘ顔w	4	Hudson Kung	0
0032	13:28	10	SOU ,	1
0032-001	少しリゼ感が出てるね	0	びじょびじょに濡れた美女
0033	３カ月くらい頑張ってほしい	11	猫除け水大五郎	0
0034	オーバーワークには気をつけましょう。やり過ぎると体を壊しかねません。毎配信2～3ステージとミニゲームやるくらいがちょうどよさそう。	5	師匠アリクイ	0
0035	ほんとにマジでお疲れ様 もう止めたりしないけど限界点だけはちゃんと見極めてね....	13	サバナナ	0
0036	休憩も大事だからちゃんと休んでね おつえら！	3	月奏-runa-	0
0037	これだけ負荷かけてると、どこか痛めないかとか 筋肉モリモリマッチョマンの変態にならないか心配になるな	13	IO KE	0
0038	面白くて笑い止まらなかった！ 今まで全然興味なかったけど一番好きになった！	8	ゆめ咲	0
0039	57:13 もうこれで終わりにしてやる…！	30	チキンぱねる	2
0039-001	必殺の椅子のポーズ	0	れと
0039-002	怯えてるカニが少し可愛くみえた	0	びじょびじょに濡れた美女
0040	おにあい思い出した	3	かいちょー	0
0041	こんゆい～で無理だった…ｗ	3	tukuedusk	0
0042	江ロ垣さん頑張ってますね！！	5	卍x日ノ内x卍	0
0043	モチベーション維持の鬼	4	トライバル	0
0044	腹筋ガードで笑いそうになる でも泣いちゃう、笑えない…    まあ嘘なんですけど	15	クロスワ	0
0045	うぅえ！！からの「今日のゲームも余裕やったなw」は笑うわ	0	Kids Gakincho	0
0046	こいつと相性良すぎやろこのゲーム	4	佐々木太郎	0
0047	ギバラって最初は冷たいけど、好きなったらすぐデレデレしてきそうだよね。	2	恋珠[れんじゅ]	0
0048	配信では言わなかったが え…６円…あれだけやって6円…の所が半ば強引に売春させられた挙げく、６円ポイッて投げ渡されたみたいであやうく使いそうになった。	6	サイパン	1
0048-001	通報しませんでした	0	喰狼/クロウ
0049	笑えるけどマジでキツそうだから心配になる…運動は適度なものでしよう！	3	Jokerを愛し、Jokerに愛された男	0
0050	めちめちえらいぞ御伽原 江良！！！俺は毎日はできなかった！！	1	おおつか	0
0051	断末魔にしか聞こえない	3	たける	0
0052	御伽原ヘラすき	0	まじこ	0
0053	にじさんじにえっちな声を出す娘がいるって言うからせっかく見にきたのに、普通に笑いながら視聴して下半身裸で2時間半もベッドの上に拘束されてしまった。	39	クソ雑魚狩人	1
0053-001	クソ雑魚狩人  抜きに来てんじゃねえよw	0	AFOぼっち党員
0054	※この後ガチ吐きしました   ポカリスエットといった生理食塩水はしっかり取りましょう	2	よわむしArisia	0
0055	6:02　810で草	1	陰陽	0
0056	スクワットの時えっちぃ	0	バジバジリスク	0
0057	急上昇おめでてー	0	みゃーもりp	0
0058	リア充の名前がどう考えてもリア充で草	0	中田	0
0059	仕上がってるよ！仕上がってるよ！  頑張るあなたは美しい！	1	オペレーターつうほ	0
0060	筋肉痛中って響き可愛いな	0	bridge contract	0
0061	声イカツくて草	1	Ja va	0
0062	可愛い(脳死)	0	霧猫	0
0063	汚い声の方が興奮するようになってきた	1	ピ	0
0064	配信してるからこそ続いてる感	0	。 daibotti	0
0065	ギバラらしさも出てて、可愛らしさも出てて、色気まで出ている需要がありすぎる配信	5	大塩平九郎	0
0066	サムネのギバラがかわいい	1	くれそん	0
0067	新たな扉が開きました。 感謝します	0	つかた	0
0068	クソガッキーと裁判したら負けるぞで吹いたw	1	けーおー	0
0069	19:33 ここ必死にやって3ダメージしか出てないの草生える	76	凡才物理学者	3
0069-001	ここまじで笑った大好きポイントです	3	ああ
0069-002	オットセイかな？	3	SCP- 444-jp
0069-003	あーあぅあぅあぅあぅあぅあぅあぅあぅ ペちっ	9	びじょびじょに濡れた美女
0070	リングフィット女子実況の需要ハンパくて草 これはある程度続けてもろて	1	陰者ななまる	0
0071	新垣結衣っつーかバラガキ結衣	0	薄暗バット	0
0072	アデデデデデーーー！ってなんか半分涙にじみながら力振り絞ってる感じがする	0	猫屋敷	0
0073	チャンネル登録しました。これからも汚産がんばってください。	0	あひる戦車	0
0074	この配信の声素材だけでMAD作れそう（小並感）	1	たけのこ	0
0075	腹パンしたい	0	ひつじ	0
0076	真面目によしよししてあげたい	0	ゼルビッシュ	0
0077	筋トレで1万7千人を釘付けにした女	1	はーてぃ	0
0078	凄く配信に向いたゲームだな ライバーの頑張りが伝わってくる	0	Prush	0
0079	15:03シアーハートアタック	0	しらたけSiratake	0
0080	「強い痛みや異常を感じたら すぐにプレイをやめてください」 って言われてて草	1	マカ摩訶	0
0081	ネタじゃなくマジで裏で泣くほど吐いてそう	1	コマド	0
0082	14:04	2	Pi Sushi	0
0083	サムネかわいい	2	たま	1
0083-001	Vtuber基本サムネ可愛い	0	滑って転んだソクラテス
0084	※この動画を見る際はイヤホンをするか、周りに人がいないことを確認しましょう。	1	ゆぷにす	0
0085	ちょくちょくハードめのAVの喘ぎ声みたいなの聞こえてくる	0	ほら、消臭力だ	0
0086	24:17 敵に怒鳴るのすき	3	柔らかい鍛冶屋	0
0087	正直とても性的に興奮する	0	末期	0
0088	なんだ、可愛いじゃあないか	0	ノウェ	0
0089	ゴリゴリの出落ち	0	//なむ	0
0090	ギバラもいいな	0	どらごん	0
0091	毎日アーカイブ流しながら一緒にトレーニングしてます！結構しんどいコントローラーないから２Lペットボトルで代用してます	0	ふぁんだめんたる	0
0092	このゲーム1時間も続けてプレイできるの、普通に褒められるべきだと思う。 よしよしすべき	0	happy mail	0
0093	苦しんでる声聞いて何かに目覚めそうなのだが	0	追い焚きのお布団	0
0094	毎日プレイすれば刺激に慣れて筋肉痛も消えていくから…	4	dango azuki	0
0095	荒垣呼びすき	0	ゴリラゴリラゴリラ	0
0096	かわいそうはかわいいを体現する女	0	ニヤニヤが止まらないにゃんちゅう	0
0097	ほう……やっぱりギバラのアエギはエッッッッッッッッッッッ    ッッッッ🤮	7	豚	0
0098	このガッキー汚くなぁい？	11	JET玉ねぎさん	2
0098-001	@琥珀丸 どこぞの歴史を改変する連中に時計を押し込まれてそう(こなみ)	0	ayoui44
0098-002	アナザー新垣結衣やぞ	0	琥珀丸
0099	触発されて今日買ってきたけどこんな声も出るわそりゃって感じのゲーム 休憩ほぼ挟まず出来てるの偉すぎる	0	みほの	0
0100	いやほんと人としてどうかと思うけどかわいいと思ってしまった すまぬすまぬ	0	おでん大明神	0
0101	輝いてるよ！	0	高菜四皿	0
0102	ギバラの気軽に話せる女友達感いいよな      女友達とかできたことないけど	2	クリオネまみれ堀木	0
0103	ギバラはゲームで、自分は笑いすぎて腹筋が鍛えられるのでお互いwinwinのとても素晴らしい配信だと思いました。これからも筋肉痛に負けず続けてくださいね。	0	ray ray	0
0104	一緒に1人でやってたら一緒に死にかけてた	0	GuMiniumu	0
0105	18:55 ここ好き	3	薄氷	1
0106	前回からゲーム動画のランキングに載ってるの普通に草 こんな出産配信みたいのを1.5万人が見てたのか…	0	つきよも	0
0107	流石に筋肉痛治ってないのにリングフィット配信するのはペース早くなぁい？	0	パピーキリン	0
0108	喘ぎ原江口さんお疲れ様です	0	レッスボン	0
0109	壺男をクリアしてるからこのゲームもなんだかんだ投げ出さず全クリを望んでるよ	1	Sugar Plus	0
0110	しょぼんの人だ	0	Medu yusa	0
0111	ところで君のお腹の筋肉いったい何個に割れてんだい？	0	ときたまご	0
0112	ニートゥーチェストって伸ばしてる時も足浮かすんじゃなかった？	0	ベルヌーイ	1
0113	ガチンコに理解（わか）らせられ、AVみたいな声をだして、ラマーズ法して出産するとか……なに……？	0	おおつか	0
0114	えちち	0	MK KOMi	0
0115	で、俺が産まれたってわけ	6	マッチョリーゴリゴリウス	3
0116	認めるよ、ガッキーだって。	1	マツイさん	0
0117	見てるだけでこっちの腹筋もきたえられる…    新しい！	0	keicha K	0
0118	ブラジャーのくだりで揺れる程ねえだろって言われてんの草	0	猗窩座	1
0119	ろくろ回し気になるやろが!	1	岡村隆史	1
0120	これだけ辛そうだと逆に馴れたら、ハマってゴリゴリのマッチョになるまでやりそうで怖い (´・ω・`)	1	・記憶する者	1
0121	ギバラの運動後の心電図、p波もQRS波も形めちゃくちゃでヤバくね？運動直後ってこんな乱れてるもん？	0	Taka. K	0
0122	ブラジャー着用たすかる      ふぅ…	7	HEAD PHONEへっどほん。	0
0123	この後見事に口からゲロを出産した模様	0	天キノ	0
0124	腹筋ガード 15:50 17:38 24:18 26:34 34:49 37:26 45:58 47:28 ニートゥーチェスト 16:26 37:41 52:54 サゲプ 21:14 バンプ 49:12	1	ニッチ	0
0125	これギバラだから笑ってられるけど、筋肉痛なのにハードな運動してて筋肉傷つかないか心配。 体張ってるのなかなかすごいことだけど無理に動かして壊さないで欲しいところだな。 爆笑しながら見てたので説得力はありません🙄	6	じゃむ	0
0126	ほんとにお疲れ様、筋肉痛の時変に動いたら余計悪化するけどこれ明日大丈夫か…？とにかくちゃんと休んでね！	10	閃いたニキ	2
0127	33:19	0	ミルクティーのあれ	0
0128	このゲーム近くの店にないんだよねぇ	0	バイキルト	0
0129	なんかもう色々言いたいけど一言で言うと…       好きです	4	赤鼻ピエロ	0
0130	ここでとある説が生まれた、運動をするとブラジャーをする ＝ギバラって割と巨乳？  まぁ、のんのんのイラストではまったいらだったけど	3	死神パフェ	0
0131	あの江良ちゃんがフィットネスしながら出している「声」…あれ……初めて聞いた時…なんていうか……その…下品なんですが…フフ…………新たな性癖に目覚めて……しまいましてね…………「声」だけ切り抜いてしばらく……聞いていました。今回のも……切り抜きたい…。   訳：江良ちゃんメッチャ頑張ってるしゅげぇ！！無理しないでね！！！	4	もみ爺	2
0132	あ゛ぁ゛ぁ゛ぁ゛あ゛ぁ゛ぁ゛あ゛途゛中゛寝゛落゛ち゛し゛た゛ぁ゛！	0	えすのじとぱーず	0
0133	手っ取り早く使いやすいところだけ切り抜いて欲しい	2	エピジェネティクス	1
0134	(4:52)(5:02) 5:07 5:29 13:56 14:03 14:40 16:57 17:11 17:50　←単品でもいいかも　20:35~20:42 (21:02) 23:27 23:56 26:13~   26:32 29:00 30:57 31:11 31:57 36:02 38:16 38:20 38:27 38:33 41:26 43:47 45:04 45:31 47:10 47:15 47:19 53:40 54:00 54:19 (1:00:00)	0	らむｗｗ	0
0135	i'm not saying that seeing gibara suffering and making funny noises is the best thing ever......i'm just saying seeing gibara suffering and making funny noises is the best thing ever.	0	Matsun	0
0136	これくそキツイって言う人多いけど、そういう人は無理せず運動負荷を下げよう！ガチンコじゃなければそこまでキツくないぞ！そこまで！ ギバラの身体も普通に心配になってきたから下げてええんやで	4	favorite langage	0
0137	おかしい…あのギバラをエロいと感じるはずがない…     エッッッッ！ エッッッッッッッッ！ エッッッッッッッッッッッッ！！！	13	抹茶抹茶	1
0138	ガッキーなんか比べ物にならないくらいお前最高にいい女だよ	0	おいぬ	0
0139	ギバラァ！筋トレとかの基礎知識として超回復ってヤツがあるんだァ！ 筋肉痛になったらタンパク質多めにとって７２時間くらい休みなさい。 それで筋肉量が増えて代謝があがって痩せやすい身体になるんだ！ 逆効果や怪我の元だからしっかり休んで身体大事にしなッ！	2	coinman9039	0
0140	本人は二度と言わないだろうけれど「清楚です」て言ったら、今までの奇声と地声を疲労困憊になるまでバンバン叩きつけたい	0	なん何	0
0141	お疲れ クソ垣ユイ 無理すんなよ 抗き原江良	1	パン人間 YYSK	0
