0001	3:28:39 江良ちゃんからギバラへ	149	めたる。	0
0002	7:38:46  そしてこの顔である	155	。ぞじ	2
0002-001	わからせてやりたいよね	1	。ぞじ
0002-002	このED苦戦してたくせに余裕かましてるからすこ	3	ラー丸太郎
0003	随分長いトイレでしたね	77	まな	0
0004	昼夜逆転してるだろ	57	まるふが	0
0005	御　伽　の　国　の　舞　踏　会	2	Y H	0
0006	手が綺麗で可愛い。。。今、便座のうえに座っているか？	24	石原雅晴まさはる	0
0007	ちょうど俺の睡眠時間と被ってて草	11	過酷な運命に立ち向かう焼き栗	0
0008	7時間は頭おかしい(褒め言葉)	4	ro ro	0
0009	最初の1時間だけはすごく可愛かったんだけどやっぱギバラやったか	3	・煌月	0
0010	じゃ！オレ学校いってくるわ！	17	木星	0
0011	仕事もあるから流石に朝まで追いかけれないが、ギバラ本人が楽しめてるようで何よりだ	13	一人ちくわ祭り	0
0012	激しいママみを感じた場所があったがメモるのを忘れた...もう一回見直す...!	3	けい	0
0013	そのうち12時間配信もコンスタントにやり出しそうな勢い 無理せんでね	12	ai nii	0
0014	視る前「2~3時間ぐらいやろ」 視た後「夜が明けてるんやが…？」	38	そこらの民衆	0
0015	長時間おつえら〜！！ 全クリ(？)おめでとう！！🎊🎉 待機中に寝落ちして、 見逃したぁ…って YouTube開いたらまだ やってて草だった 見逃した所見てきます ほんとに長時間お疲れ様！！	22	アヲノ#調子極端	0
0016	集中して見てたからめっちゃ目乾いたわw クリアおめ🎉	2	バファロ	0
0017	起きたらまだやってて草だったんだ	2	溝	0
0018	悪堕ちエンドやんけ！	2	くらいすと	0
0019	トイレ耐久・・・!? 本当にお疲れ様・・・	2	竜舞積んだ漆黒	0
0020	やりすぎだろwなぁ？ww	2	Yuki	0
0021	1時間前に配信済み？！	4	ゆにおん	0
0022	配信お疲れ様でした、おとちゃんが無事にクリア？出来て良かったです、お身体に気をつけて下さいね！	2	神城アキラ	0
0023	7時間もトイレしたのか...	2	虚像‐Kyozo	0
0024	トイレ長くね？	5	デフ太K	0
0025	タイトルの酷さw	0	てぃふぁある	0
0026	盛大なサムネ釣り	2	ヨンアーゴ	0
0027	改めて見直すとカール博士のロボットを40分で倒したのすごくね？	1	ラー丸太郎	0
0028	おつエラ！	1	ちんぞう	0
0029	寝てから配信が始まってて 起きたら配信まだやってたんだけど…… 生活リズムで差をつけろ	1	ゆゆ	0
0030	ちゃんと寝て欲しい	0	ウィルキンソンソーダ	0
0031	説明欄激ウマ爆笑必須やな	0	人類最弱のTOMOさん	0
0032	今までトイレからじゃなかったのか...	0	クラッシュ万事休す	0
0033	配信してくれるのありがたいけど 絶対一回生活リズム整えたほうがいいと思う 心配になってくる	0	積雪なのめーとる	0
0034	5:46:11  「要らん💢💢」 「…ありがと♡」	0	蠍媛	0
0035	サムネとタイトルだけだったら、Vtuberの動画だなんて思わんよな	0	ソーニャ	0
0036	久々に耐久配信やってくれて俺はうれしいよ御伽原江良．．．．   体長に気を使って毎秒兆時間配信やってくれよな	9	浦田	2
0036-001	御伽原江良はバーチャルだからセーフ	1	浦田
0036-002	兆時間なら寿命超えてて草	0	佐々木匠磨
0037	お？エンコ早くなった？またpcでは数日2時間状態かと思ってた。	0	crown fellows	0
0038	動画開く。 あっ...カプへクリアしたんですね！おめでとー！   と思ったらバットエンドやないかーい！！	3	しろとき	0
0039	4:34:28  ギバラ｢避けたんだが？当たったんだが？｣ 俺｢知らないんだが？｣	1	みぃな	0
0040	全クリおめでとう！  トイレェ...	3	:ホワドリ	0
0041	1:23:01	3	ぬかづけ	0
0042	目が覚めて声がするから見たらまだやってて、二度寝した後起きたらまだやってた配信…でも今回の江良ちゃんいつもより声かわいいからみんな見て…落ち着いた声(体感)まじでガチ恋するから…みんなさくっと見てね…(7時間半)	1	ゆたろん	0
0043	お花摘みだからね、７時間でもしょうがないね。	0	炭竹	0
0044	7:15:14  ここめっちゃ可愛い	2	h＠もんぬす子	1
0044-001	ホラーマン ギバラらしい	0	ラー丸太郎
0045	朝から夜までとかならわかるけど夜から朝までは草	2	takara	0
0046	14:03 パリィやるやん	0	EZ PZ	1
0046-001	15:04	0	EZ PZ
0047	働き過ぎじゃない？ 心配になるんやが…	2	タクタクブサイクへの膝蹴り	0
0048	９　5:05:45 5:38:30 5:48:00 6:03:25 6:11:20 ふりだし　5:44:45 6:20:40 最後のオチといい笑わせてもらいました。好きなゲームなので嬉しかったです！	0	里	0
0049	ざっくりまとめ 0:11　でち  3:16 ～蜂の巣新聞社 　　　 撃破　54:59  56:45 ～デコボコ山脈 　　　   クリア　1:22:30  1:23:28 ～踊る廃品工場 　　　　  撃破　2:03:14  2:05:13 ～チュウ兵隊 　　　　   撃破　2:31:46  2:33:33 ～霊廟 　　　　  クリア　2:35:06  2:36:07 ～劇場の激情 　　　　  撃破　2:57:38  2:58:35 ～怒りのレイルロード 　　　　  撃破　3:22:23  3:23:37 ～トイレ 　　　       クリア(おかえり)　3:25:15  3:26:56 ～潮騒ぎ空騒ぎ 　　　　  撃破　4:46:30  4:48:14 ～賭けの行方 　　　　  撃破　7:12:54  7:14:00 ～ワン・ヘル・オブ・ア・タイム                    クリア　7:15:01	54	柳ユウ	2
0049-001	有能ニキ助かる｡	0	隣の翠さん
0049-002	有能助かるありがとう	1	酒に溺れた吉岡
0050	Congratz on your victory~	3	Uesugi Sen	0
0051	ぎばー	1	らず	0
0052	つまり垂れ流しやねじゃないぞ	0	ああああ	0
0053	にじさんじのアプリが3D対応したのかな？	0	ガラパゴスささみ	0
0054	?　何これ??!?	1	長市公枝	0
