0001	2:16:40～2:20:40 神がかってる初見フルコンボ	169	クワトロ・1993	2
0001-001	無理だ！って諦め発言した上での1発フルコンでめっちゃかっこよかった、27初見フルコンとかまじゴリラ！！！！	12	なこ
0001-002	素直に褒められないニキが所々に湧いてるのほんまおもろいww	22	wktk丸
0002	自分も始めようかと思った。今日この頃	71	デンプンじゃがいも由来	2
0002-001	8月に始めた無課金勢やけどクソ楽しいからやってみる価値はあるぞ	2	あ
0002-002	陰キャマリオネットダンサー改名  始めましょう！	0	瑪瑙めのう
0003	2:02:13 自分用	84	ott	0
0004	フェス飛鳥羨ましすぎて3回心停止した。	36	なこ	0
0005	ギバラのこの配信きっかけでデレステ始めましためちゃ楽しい	27	どなるどのおしり	0
0006	こんなに楽しそうにしてると始めたくなっちゃうよなぁ… てことで入れちゃいました。(音ゲ初心者だからめちゃくちゃ大変)    追記:音ゲーなんてしたこと無かったけど10ヶ月続けたらlv26のフルコンくらいなら安定するようになったよ。やっぱり何事も継続だね。	118	コロン	7
0006-001	担当決まりましたか？	0	matsu kazu
0006-002	ようこそアイマスの世界へ！！	0	ふわふわぱんやさん
0006-003	盛大に歓迎しよう (スタドリ持ちながら)	1	イブ
0006-004	ここのコメ欄優しい奴らばっかでいいな	4	めこな
0006-005	いいよ、来いよ！	0	02 hamo
0006-006	歓迎しよう、盛大にな!	4	粉末状バナナ
0006-007	よ う こ そ	10	えにしだ
0007	配信お疲れ様でした、SSRの数に驚きでした、ちひろさんに幾ら渡したの？	16	神城アキラ	0
0008	静かにおとなしく清楚にデレステしてると思ったら、フルコン取った時とかやっぱうるさくて草	28	unn nunn	0
0009	サ胸の破壊力、真ん中は防御力ありそう	9	影 ーExー	0
0010	他の実況者見てもやる気にならんかったけどギバラ見て楽しそうだったからやる	9	イムズimuzu	0
0011	楽しいは伝染すると私は思う💮	16	でれでれでーだら	0
0012	デレステ好きやし他のデレ実況も観てたけどギバラさんの配信はやっぱり楽しくて1番すこ	7	naru naru	0
0013	りあむ可愛い('ω')ｽｯ	4	りず	0
0014	TOKIMEKIの縦連の成功率やべえ	9	ai ue	0
0015	18:20 アイコンの動き速いなと思ってたらリズムアイコンの速度9.2だった ギバラちゃん速い//	7	arukanY	0
0016	19:21	9	焼き鳥	0
0017	初手首ｺﾞｷｯからの画面の色合いきつくて草	0	C D	0
0018	リズム感あっても手が追いつかんと辛え	1	シンゴウアックス	0
0019	まだ、御伽原 江良	1	らしょうくん	0
0020	竹達彩奈さんは美人人妻声優さん😍😻	2	種田未来	0
0021	一昨日デレステ始めたんですが難しいですね。 ガチャ十連目で限定の新田美波さんでて嬉しかったです。 私は日本人です。	3	本物の鍾離	0
0022	27:45	7	キョン	0
0023	いや普通に上手い タッチパネル＋CN＋スマフォ音ゲーできない自分からすれば十分上手レベルだわ	2	焔神崎	0
0024	何気にうまくて草	0	Rozlia	0
0025	初見フルコンボまじですごかった	0	やみい/朝日奈樒	0
0026	御伽原の親指でフリックされ続けたいだけの人生だった…	6	肉食ゴリラ	0
0027	Arcaeaやってほしいな()	0	Senka HssR	0
0028	ロボキバラからの始まり	1	イムズimuzu	0
0029	アンチコメに対する最善の対処はスルー	16	ゆー	0
0030	叫ぶたびに耳がぶっ壊れた	0	いろじろ	0
0031	速度なににしてるのやろ…	0	でゅふ	0
0032	みくはいいぞ	0	三日月凌牙	0
0033	1:12:15のとこから音が聞こえなく なったんだけど？(半ギレ)     音量MAXでギバラの動画は見るもんじゃねぇな	2	興味ないね	0
0034	喘ギバラエテ公	2	ポテト男爵	0
0035	きらりの声真似普通に上手くね？	0	頑張れって感じの	0
0036	マスプラから逃げるな	1	二階堂真紅	0
0037	ワイもそろそろFC埋めしよ	1	岩沢蘭	0
0038	ほんと江良ちゃんのデレステ配信いい・・・ どのゲームよりもほんとに心の底から楽しんでる感あってこっちまで楽しくなってくる 江良ちゃんの過去の配信見て去年の11月から始めたしどっぷり沼に浸かっちゃったよ・・・	0	フォル	0
0039	ギバラってミリシタとかはやんないの？	0	ぼおろたまご	0
0040	配信お疲れ様です！ リアタイで見れなかった(泣) 江良ちゃんが楽しく実況してるのを見て、私も受験が終わったらやってみようかと思ってます。 次回の配信も楽しみにしてます！	7	涼風青葉モカ	0
0041	ぎばー	7	らず	2
0041-001	ぎばー	1	Int
0041-002	ギバー	1	イムズimuzu
0042	最早面白可笑しくプロディースするまでも有りません!!  江良Pの運の高さと腕前をご覧下さい。彼女のリズム感覚はリズ天で鍛えた修行の成果なのかはたまた才覚があるのか大変素晴らしいのです デレステの面白さも合わせて大波に乗った気分でじっくりお楽しみ下さい...	0	よわむしArisia	0
0043	この人って○ミ○スの人ですか？	2	ポジポジ	0
0044	サムネの娘だれ？	0	男脊髄	1
0044-001	紫髪っぽいのが輿水 幸子、巨乳の方は夢見 りあむ。どちらもデレステのキャラ	2	光乃りり
0045	んふふふ…分かるよ〜アンチ君 見た目と中身が合ってないんだろう？ 初見の印象は一緒だぁ ワシも最初そうだった(班長感)  それが今じゃメンバーのガチ恋勢になっちゃうんだからおかしな話だよなあ🙃	29	佐々木太郎	1
0045-001	佐々木太郎  ギバラはガチ恋勢に堕ちる要素が豊富ですからねぇ…。  見た目の可愛らしさと設定を裏切る中身に最初はドン引きし、面白さに気づき、そして配信の節々から現れる意外とピュアな一面。 ホラーがダメだったり、歌が意外と上手だったり…。  最初の配信とはまっっっったくの別人格ギバラだけど、クラスの下ネタもいけるひょんなところから可愛さを出す女友達みたいなそんな愛らしさというか、ギャップにやられるんですよね。  ただの美少女ではなく、かといって自堕落すぎるわけでもなく、根がいいからこそファンをつかんで離さない。  ギバラ≒夢見りあむだと自分は思ってます。胸はないけど。	4	天気雨
0046	めっちゃ楽しそうデレステ始めようかな	3	ゆー	0
0047	Kurinai	0	vens 99	0
0048	2:39:22	0	キスショット	0
0049	2:18:57 🐵	0	すずれ	0
0050	40:26～ 音ゲーっぽい音ゲーをやる流れ 41:18 TOKIMEKIエスカレート 45:18 秘密のトワレ 49:00 M＠GIC☆ 52:26 紅	3	arukanY	0
0051	自分用 学園天国のくだり 1:01:20～1:05:45	3	ねこじま	0
0052	フル○ン	4	射精RTA世界記録	0
0053	今始めると200連できるからみんな軽率に始めてくれ	0	大体眠い	0
0054	デレステは判定甘すぎるから特殊な譜面(エイプリルプール限定など)以外は初見フルコン取れて当たり前	4	おわたゃんねる(チャンネルではない)	20
0054-001	@おわたゃんねる(チャンネルではない) 自慢したくて嘘ついちゃったねぇ^^	0	いあ
0054-002	コメントで褒められてるのが羨ましかったんだねよしよし☺️☺️☺️	0	山本
0054-003	おわたゃんねる(チャンネルではない) マウントキッッッッッショ！ 玄人アピするならせめて動画upして証拠でもみせろな^^	2	Bring me the coldrain
0054-004	おわたゃんねる(チャンネルではない)  横からだがそこまで凄いのなら動画か何かで見せてくれませんか？ 疑っているわけではありませんがコメントだけならいくらでも書けるので。	0	アクア
0054-005	おわたゃんねる(チャンネルではない)  素直にゲーム楽しんでる人に対しての玄人アピール楽しい？	7	A r k
0054-006	kacのファイナリストは凄すぎですね 迷惑でなければkacのアーカイブ見せていただきませんか、私もコナミの音ゲープレイヤーで、貴方ほど凄い成績の人を知らなかったのがかなり悔やまれます、また現役に戻ってプレイして頂けることを願っております	0	あああさ
0054-007	@あああさ 一応O2JamやDJMAXの世界大会やKACのファイナリストにはいたことあるがもう表立ってはやらずに家でのんびり遊んでるから全盛期ほどではないです…	0	おわたゃんねる(チャンネルではない)
0054-008	初見フルコン取れて当たり前な時点であなたの方が8eeさんよりうまいですよ、何かの音ゲーとかの大会で優勝してる方ですか？	0	あああさ
0054-009	@あああさ 腕前としては同程度だから参考にしてるところもある 最近の動向は知らんけどね	0	おわたゃんねる(チャンネルではない)
0054-010	8eeさんなの？	0	あああさ
0054-011	@ああ 参考に出来るなら8eeで検索して、どうぞ	0	おわたゃんねる(チャンネルではない)
0054-012	@ずき 緩い	0	おわたゃんねる(チャンネルではない)
0054-013	釣られてる方がいるので  タップ(単押し)のコンボ継続判定は4f(4.5f説あり)で、他の音ゲーと比べても割と厳しめ定期 ロングとフリックは10f以上はあるからガバガバなんだけど、フリックは判定の仕様を理解してないと普通に抜けてmiss判定になる	5	ずき
0054-014	@ああ そう思うならどうぞ	0	おわたゃんねる(チャンネルではない)
0054-015	おわたゃんねる(チャンネルではない) 皆が皆君みたいに上手いわけではないんだよね。マウントにしか見えないぞ	5	ああ
0054-016	@あんぱんま 勝手にマウント扱いされるのは困るよ 認識して判断し操作すればいいだけのゲームでしょ どこぞの人間やめてるゲームとは別	1	おわたゃんねる(チャンネルではない)
0054-017	@東雲ゆた そもそも普通の定義は？持ちプレイでも普通に出来ないか？	0	おわたゃんねる(チャンネルではない)
0054-018	それは経験者から見てでしょ、、 初めて見た人たちとかからするとすごいんだから良くね？マウントとんなくてどぞ	8	あんぱんま
0054-019	普通の人間って親指で凸凹スピードスターとかフルコンできるん？	2	東雲ゆた
0054-020	人間辞めてて草	6	。テスター
