0001	「あれはギバラですか？」 「いいえ　あれはチンパンジーです」 　 「じゃあそこのチンパンジーは何ですか？」 「あっその人がギバラです」	678	めんちかつ	7
0001-001	陣内のネタで草	0	煌読
0001-002	これでも本家よりもマシなの草	4	メタミミm-m
0001-003	@/// kazu ｼﾞﾝﾅｲﾄﾓﾉﾘｨｨ	12	レッドテールかげろう
0001-004	ナンシー	11	梨が好きな人
0001-005	和～オ	2	Dolphin[ヤス]
0001-006	笑いのニューウェーブ	43	/// kazu
0001-007	その’’人’’	25	出川哲朗
0002	動画にすることで指示厨からの指示を無くすという高等テク	307	府菜シゲル	3
0002-001	我が道を突っ走ってほしい	1	ね子
0002-002	しかし彼女の理解力ではこのゲームをプレイすることは出来なかった為指示厨の指示を聞くことになるんだよね...	9	御伽草子
0002-003	何が見えてるんですかねぇ…	0	木枯らし〜kogarashi〜
0003	ツイステで有り金全部溶かしてそうな顔だなぁ…	407	誠ひで	6
0003-001	誠とひでだと...？      どっちも死ね(理不尽)	2	ヌベスコさん
0003-002	言おうと思ってたらやっぱり言われてて草だけどひでも誠も死ね(豹変)	4	結城鈴凛
0003-003	ぬとねの区別がつかなさそう	5	シャロきり
0003-004	ShigematsU ドンピシャで笑う	1	初世晴嵐
0003-005	うわぁ……なんだかデレステでも有り金溶かしてそうな顔に見えてきた…()	24	ShigematsU
0003-006	誠ひで ドンピシャ過ぎて草	35	ラーメンbot燃堂力
0004	マンカラ見た時の反応がツイステ民過ぎて笑った 4章の余韻引きづりまくりやんw	86	ShigematsU	0
0005	理解力皆無で可愛いかったです(脳死)	237	てつ	0
0006	1:38　　こいついつも口説かれんてんな　 34:18〜37:46 こっからの流れ完璧すぎて草	253	ころたま	0
0007	18:31 ワイ「マンカラって知ってる？」 友達「いや知らん」                                       fin	306	ドスマッカォ	5
0007-001	マンコカラオケ🎤だと思ってた	0	ギバラ
0007-002	NHKにしろ	1	安藤田中
0007-003	アザックスaioot 草	0	extreme Lightning
0007-004	こ　れ　が　マ　ン　カ　ラ	13	あざっくす
0007-005	知ってるぅ	1	最弱王PDK
0008	20:38 分かった！嘘、分かってないよ、全然！の手のひらドリル好きよ	217	情報お届け屋	0
0009	以前は動物園によく行ったのですが　 今はなかなか行けないので助かります。	194	ころたま	2
0009-001	猿扱いで草	6	B- HANA
0009-002	でも少し臭すぎますね、、、	9	通りすがりのハスター
0010	アソビ大全であそびたいぜ～（激寒）	146	ああ	11
0010-001	名前伏せなよ	0	め
0010-002	あああああ それはいろいろめんどい事になる	1	んひ
0010-003	もしやキヨがギバラなのでは？	0	あああああ
0010-004	はる エンドカードにもリスペストを感じたw	3	餅麦
0010-005	寒　波　到　来	0	いや新大久保で草ァ!!
0010-006	キヨの概要欄丸パクリでびっくりしたww もうこれは実質コラボでは？？？	10	はる
0010-007	んなこと言ってっから一生二番手なんだよお前は	1	Ｋ ＨＲ
0010-008	アル中カラカラ〜	6	からし
0010-009	@龍神 火星かも～	6	げんまいチャーハン
0010-010	ここが南極か	14	龍神
0010-011	お前の米のせいで凍死したじゃねぇかどうしてくれんだよ (概要欄見てなかった奴)	15	おいしいDHA
0011	36:45 ここから何回ガチャを回してもピックアップ対象にすり抜けられるギバラの暗喩	94	さんしょうお	0
0012	プレミアのライブコメ指示厨やばすぎて草	28	あきとしです!	0
0013	4:15 怒涛のは？コメで草	100	奈良県民	0
0014	概要欄でエアコン代削減してくれてるんですねわかります	81	241 7575	0
0015	動画も面白いんだけど正直生放送そろそろみたい…	43	かか	0
0016	ギバラって昔懐かしの駄菓子屋のおばちゃんみたいなことたまに言うから好きだわ	52	kram masaki	0
0017	プレミア公開やのに指示厨いるのまじで草	11	人狩	0
0018	「天才的な頭脳、持ってるからな〜!」 ………いまなんて？	10	Sa Yama	0
0019	この人絶対ネットで伝説になる気がする	5	水嶋周	0
0020	サムネにリスペクトを感じた	44	千沼ヶ原	0
0021	4:34 ギバラ氏それ愛やなくて命や………ってなりました ギバラ氏今日も最高かわいい〜〜〜‪（Ｔ＿Ｔ）‬♡♡	12	R N	0
0022	ここ好き クソザコウサギ 34:20	6	白い白い未栄	0
0023	おつえら〜 楽しそうでなにより!!  4:50 ここの声すこすこのすこ	7	あいん	0
0024	コインを全部溶かした御伽原江良	40	らむｗｗ	0
0025	0:19 「よーし、やってくかー」(幻聴)	5	kento 。	0
0026	チンパンジーの知能テスト	25	けもモン	0
0027	8:12 ここギハラの笑い方可愛い	1	いちごみるく	0
0028	江良ちゃん地頭はいいからセオリー理解すればボドゲもかなり上手くなると思うんだよな  …でも、わかんない！なんで！？って言ってるの可愛いから何にも教えずにそのままずっと見ていたい	6	安藤トロワ	0
0029	ギバラが超苦手なボンバーマンに関してもルールがどうこうってとこで詰まってたもんな……	5	コンティロマネ/イルミナたんふぁんくら部部長	0
0030	あんまり言われてる気がしないけどギバラってかなりのにじ2D適合者じゃな。	5	ろりばばぁ	0
0031	もっと観たかった…… ウサギと猟犬笑っちゃったけど初見だと普通にむずかしそう	2	薩摩のひかっち	0
0032	ここの無邪気感かわいくてすき 18:00	2	サネアツ	0
0033	お母さんの手料理好きなの可愛すぎるだろ	7	特製かふぇおれ【ゆっくり実況】	0
0034	マンカラってたしか      はぴぴスカラァビアででてたよな？？？	3	ありがとうございましたさようなら	0
0035	配信やってるんか！ と思ったら動画やんけw 面白いけどもw	6	きりちゃん	0
0036	12:03　マンカラ 19:59　ヒット＆ブロー 32:57　ウサギと猟犬	2	Maki	0
0037	13:20 ここからの流れ草	6	ShuviL	0
0038	やっぱりマンカラに反応してにっこり	2	さーちゃん	0
0039	最後最高にかわいい！	1	サンシャイン藤原	0
0040	ラスト負け続けた小学生で草	2	おんみょーん	0
0041	0:00 〜チューニング開始	1	三度のメシよりリオネル・メッシ	0
0042	チンパンジーがいることを予想します	3	リア。	0
0043	初めて見たんですけどめっちゃ面白かったです！また見に来ます！！	1	チャーシューあ	0
0044	サムネが舞踏会で魔法全部解かした顔	0	Tohr-とーる-	0
0045	サムネ草	5	布	0
0046	明日仕事のせいで寝る時間だから見れない、泣きたい	15	清楚担当 辛子山葵	0
0047	ギバラ姉貴今日もカッコ可愛いですね	0	タンパク質のプリン	0
0048	32:51 ウサギと猟犬楽しいね	1	ゅぅゃょゎぃ	0
0049	好きな料理のくだり、本当にいい娘で素敵やん。	1	なかそう	0
0050	サムネからもう面白い	1	Lumen Caelestis	0
0051	35:02 反復横跳びギバラ	1	虫という生命体がいなくなれと思っている	0
0052	私もツイステでマンカラ知ったからテンション上がった民🙋‍♀️マンカラ理解したら楽しいから頑張って！	4	牛山しぃ【座員】	0
0053	5:30 テリーい島発見	0	光竹:かぐや	0
0054	4:33 永遠の命(永遠の愛)	0	あさくさ	0
0055	ギバラってゲームシステムの細かいとこまで気付けるから好き	1	うゆしやばこ	0
0056	最初クッソ咳き込んでて草	0	大和しゃん	0
0057	江良ちゃんにASMRめっちゃやって欲しい！	0	どら焼き	0
0058	27:04 赤がもしかして違うもしかしてからのチンパンジー草	0	お茶漬け	0
0059	途中クレヨンしんちゃんで草	0	わさびもち	0
0060	やっぱりギバラは笑顔でいて欲しいから、余り無理しないで下さい、皆さんもお身体に気を付けて下さいね。	13	神城アキラ	0
0061	ｳﾞｧｧｧｧｧｧｧｧ！！！！！ 通知が来ぬ！ 最近本当にyoutube…… 配信はあんまり止まらなくなってきたけど通知は来ないしコメント欄は見づらくなったし……	10	コンティロマネ/イルミナたんふぁんくら部部長	0
0062	概要欄のおかげで地球温暖化に少しだけ歯止めがかかりました。ありがとうございます	1	お子様ランチャー	0
0063	兎耐久待ってます	1	ひさひで	0
0064	冒頭のチューニング長いw	0	Stmi	0
0065	ギバラは2度刺す(概要欄)	0	ごまプリン	0
0066	今日はなかなか大人しくて可愛かったが、やはり脳内モンギバラだった… えらちゃんには少し早かったようだ	1	西瓜りゅう	0
0067	最後閃いた	0	いや新大久保で草ァ!!	0
0068	わかった！って言いながら理解してないの草	0	ましり	0
0069	生放送のアーカイブかと思ったら動画だった	1	ルレロライン	0
0070	大体先行有利の先行ゲー^_^	0	どこにでも沸く一人ぼっちの増G	0
0071	可愛いっす❤️	0	薄野颯	0
0072	0:13 世界のアソビぜn	0	kuro鴉りんりん	0
0073	楽しそうにプレイしてておじさん嬉しい（後方保護者面）	0	お米大臣	0
0074	7:14 ミーハーとは元々は低俗な趣味や流行に夢中になっている低学歴で教養の低い者や、そのような人を軽蔑して言う蔑称で、特に若い女性のことを指していた。現在では男性にも使われる言葉である。	3	ネロミル	0
0075	地球儀で選んだ場所は多分イースター島(モアイ像があるとこ)	0	tux0817	0
0076	もう辞める！！は草	0	姓名	0
0077	30:48　ここ悔しいけどめっちゃよわよわで可愛い	3	フォル	0
0078	イサベラ島にポーン置くのは草	0	白栗	0
0079	まじでなんもわかってない江良ちゃんかわいい	0	芽雨くん	0
0080	永遠の愛(命)	0	龍骸のイレーネ	0
0081	ルール理解して無さすぎて可愛い	0	桜豆腐	0
0082	サムネのあいまいみーに釣られました	0	トライン	0
0083	動画はけっこう気軽に見れるから学生には嬉しい	1	はすく	0
0084	( ・∇・)ふぁ	0	朱、	0
0085	概要欄草	0	ああああ	0
0086	これ見ながらビール飲んでそう（適当）	1	胡桃沢三郎	0
0087	2人でやって欲しい	0	Trom be	0
0088	もうこの時点でボコボコにされて泣いてるギバラが見える	3	ノブりん	1
0088-001	もこうの時点でに見えた俺は末期	4	lycopene_12
0089	初手イースター島はあまりにも草	0	むみゅううどん	0
0090	考えてるのにギバラが喋るから分からんｗ	0	点P	0
0091	頭がちょっと弱々な君が好き	5	月城光明	0
0092	江良ちゃん大好きだよ	0	まさとし	0
0093	ゲームの急上昇ランキング47位おめでとう	0	最弱王PDK	0
0094	可愛すぎて液晶が白く濁りました!!	0	匿名ものぐさボーイ	1
0094-001	ふぅ…………	0	初世晴嵐
0095	プレミア公開中のコメント見たらプレミア公開の理由が分かるな	8	コマド	2
0095-001	でもそれだとスパチャがないよな…俺が何万円でも貢ぐから安心しな！	0	いっち
0095-002	チャットなしでいいから御伽原江良ちゃんの配信が見たい…	0	いっち
0096	生放送だと思ってた自分が誰よりも理解力が皆無	1	ケプラー	0
0097	お母さんの手料理が一番美味しいわかるよ 可愛いねギバラ	0	もちだのひと	0
0098	せ か い の あ そ び た い z	3	げんまいチャーハン	0
0099	0:01 ここthe dirty of loudness	0	NIKE rounds	0
0100	唯一キャラと運営に抗った女	0	喜にょこ	0
0101	ハリムがカリムにしか聞こえない（末期）	0	JUN	0
0102	概要欄キクゥゥゥゥ!! ふぅ	8	百合推進委員会一途純愛両片想い愛好課	0
0103	ウサギと猟犬のウサギ側で負けるのマジでヤバいな	0	頑張れ金太郎	0
0104	とにかく可愛い	0	CHポケカとデュエマとにわかあめ	0
0105	0:17 ここ汚いドラえもん	0	とある仮面の天才物理学者	0
0106	カリムくん無料SSR引きなんて凄かったです(白目)	0	食パンミリリム	0
0107	ヒット&ブローで男が説明の最後に「もう一回」と言っていたのを小馬鹿にしていたギバラだったが……w	1	ながしま。	0
0108	ルール説明してる時のリアクションが陣内智則みたい	0	氷ガキ	0
0109	かしこい江良ちゃん(比較的)を見たい方は過去のPortal2の配信がオススメぞ。今回もヒット&ブローは良かったけども	1	紳士.	0
0110	5:30 ガラパゴス諸島	1	mather314	0
0111	今更なんだけど概要のCD予約の内容もう発売してるから変えたほうがよくない...？	0	塩分大好き	0
0112	あと少しで40万人だね。ファイト	9	パンドラの箱	0
0113	猟犬のやつボッコボコにされてて草	0	でよろん	0
0114	南米の近く選んだんすね	0	Ular	0
0115	37:09  お前らが見たいとこ	0	ひまうら	0
0116	さすが箱推し	0	ジェッ	0
0117	バ　ー　チ　ャ　ル　動　物　園	1	絶対に結婚するライナー【登録者1000人で結婚】	0
0118	うさぎと犬のやつ犬が真ん中とったらほぼ勝ちじゃんw	0	Times Square	0
0119	いや...やっぱいいわ	0	こたつ戦士	0
0120	だって...そういうルールだから...	0	安藤田中	0
0121	うさぎと猟犬弱っ	0	。よつば	0
0122	デレステに大金ぶち込んで猿化してた人が開幕からなんか言ってて草	1	ああ	0
0123	アホすぎて可愛いけどもどかしくてちょっとイラってするけど可愛いからノーカンどころかとりあえず可愛い(可愛い))	0	りんおっちんとぅん	0
0124	良いねえ！	1	x伊東	0
0125	twst民「マンカラだ～!!」	1	ゆう347	0
0126	最後のゲームはいかにうさぎ側は真ん中を取りに行くかそして猟犬側は真ん中を取れせないかの勝負だから。	0	阿部さん	0
0127	0:14ｾｶｲﾉｱｿﾋﾞﾀｲs	2	mark.06	0
0128	かわいい	0	チャンネル登録者100人目指す!	0
0129	終わり方雑すぎて草	3	カブレラ井上	0
0130	兎と猟犬とチンパン	0	電気x	0
0131	私の場所ガラパゴス諸島じゃん	0	nazunaMOMO	0
0132	ヒットアンドブローわりと楽しそうにやってるの意外やなw ヨットとかにはハマりそうなイメージあるけどw	0	SCP- 040-JP	0
0133	ウサギ耳のギバラが犬に追いつめられるイラストが明日には投稿されてそう	0	ロキノンタイムス	0
0134	ガ ラ パ ゴ ス 諸 島 ギバラはこれで誰かと遊んで欲しい	0	死なない不死者	0
0135	0:01 The Dirty Of Loudness	0	506 J	0
0136	サムネの理解が皆無で来ました。	0	96 Raven	0
0137	人がチンパンジーを口説いている 映像.......     貴重だ！！	1	ひじき豆	0
0138	ギバラって知ってるのはあっても、やった事無いないやつばっかりなの見るとやっぱり友達が……	1	リア。	0
0139	マンカラからから…アル中カラカラ～	0	ふららぎ	0
0140	偏差値2	0	しんそくゆうた	0
0141	終始ギバラと同じようなリアクションしながら見てた 俺も理解力ないのか……	0	イワノフイワン	0
0142	もはやyoutuber	1	mouth dicky	0
0143	This is impossible!	0	Gren tree m	0
0144	数字を当てるゲームはヌメロンやね	0	はち%ポケ	0
0145	あのーおすすめに最初の生配信でてきて見に来たんですけど,,,          ﾊﾊｯ↑((理解	2	コアラよっ	0
0146	猿には出来んわな	0	k K	0
0147	リベンジを待つ。	0	ニノこ	0
0148	＿人人人人人人＿ ＞　本体帰還　＜ ￣Y^Y^Y^Y^Y￣	0	スマイリーシエラ	0
0149	小一の頃にやってたマンカラはルール若干違うけど、大富豪も定型ルール無いし同じようなもんか	0	巧	0
0150	最近配信少なくて寂しいけど動画も楽しみにしてるぞ	16	Gumi	0
0151	命と書いて愛と読む。	0	ぬおん	0
0152	草はえる	0	草コメbot 登録者300人目指す	0
0153	リバーシ普通の難易度でやってもどう足掻いても勝てないのキツいまぢ病んだ......ﾏﾝｶﾗｼｮ......	0	甲村	0
0154	天才的な頭脳を持っているがマダガスカルがどこか分からないギバラ	0	お団子	0
0155	うさぎと猟犬ってやつ猟犬が一体真ん中陣取っとけば勝ちな気がするんだけど…	0	スケベニンゲンちゃん	0
0156	俺もうさぎと猟犬勝てないんだけど…	0	なおくん	0
0157	どうしたよギバラ、そんなFXで金溶かしたような目をして	1	イルアis GOD	0
0158	ギバラの口調って妹にクリソツで親近感わく	0	Swim Sou	0
0159	女の子 どっち？	0	午前の紅茶	0
0160	うｐ乙です。18:00「よくわかんないけどかったわ」可愛い。 comにボコボコにされる江良さん可愛い。	0	ゼロキ	0
0161	ギバラは本能のままに生きてるから仕方ないね	0	ポムポム	0
0162	色当ては運ゲー 兎犬は詰め手だから必勝があるから面倒	0	一騎当千	0
0163	マンカラ助かる	0	大名行列Hankai	0
0164	普通に動画助かる  配信だとリアルタイムで見れなくてなんか申し訳ない気持ちになるからな(´・ω・｀)	0	スカーレットフランドール	0
0165	概要欄のセンスがやっぱどこかの黒猫に似てるの好き	1	ゆずれもん	0
0166	超忙しい人向け 12:14　マンカラ（種まきゲーム） 20:00　ヒット＆ブロー（色版ヌメロン） 33:05　ウサギと猟犬（戦略パズル）	1	歯車	0
0167	7:25 江良ちゃん出てきてるよ(予言)	4	ぴのぴの	1
0168	0:13 せ　か　い　の　あ　そ　び　た　い　     z(以下略）	0	ダウスダウス	0
0169	兎はとりあえず真ん中に行かないと勝ち筋が見えにくい(極端に見えない) 最後の猟犬は後ろに下がれない以上、1番後ろの猟犬と兎が横並びになったらもう勝てない。	0	『ああああ』	0
0170	うさぎのやつは先に真ん中取んなきゃ勝てない気がす	0	シーフードナポリピッツァ	0
0171	12:52 素のトーンの「えっ？」すき 素で分からなかったり理解量がいっぱいっぱいだったりと反応がおもしろかったです。 ゆっくりゲームしながらのトークを聞けてよかったので続きを楽しみにして待ってます。	1	里	0
0172	野良猫とコラボするしかねぇな	0	サラダにょー	0
0173	You just found the English comment. Now, we talk about how we should revive Era-chan.	0	Not Yawa	0
0174	9:37 墓穴掘ってて草	0	うちなーぐち	0
0175	🐰🐶🐶🐶あれ…🤔	0	Desert Fox	0
0176	永遠の命が尿道の命に見えた...       ...ふぅ	0	こますか	0
0177	うさギバラかわいい！         餌としては	0	化け犬-Spirit Dog-	0
0178	アソビ大全であそびたいぜ〜つってな‪w   寒い	2	とっとまと	0
0179	「プレミア公開だったんか！」ってなった笑	0	English Nijisanji	0
0180	5:40 エクアドル領ガラパゴス諸島、ガラパゴスとはスペイン語でゾウガメの意。チャールズダーウィンが1835年に訪れ進化論の着想を得る。	6	kd k	1
0181	アソビ大全であそびたいぜぇ〜	21	せるあちゃん!	2
0182	4:20 公式設定どおりだぁ・・・（恍惚）	8	佐々木太郎	1
0183	今日予言できへんかった(ToT)     元ガチ予言ニキだったのにぃ(自慢ではない)	5	記憶喪失ニキ	0
0184	かわいいね、(脳死) うん、(脳死) わかるわかる(脳死) マジでそれな(脳死)	2	YouTube廃人受験生	0
0185	3ブローする確率は別に低くないぞ	0	JTR	0
0186	ヒットアンドブローわかんねぇ。 正解だと思って「は？ギバラ下手わらわら」みたいに思ってたら全く違った。草	0	山崎	0
0187	動くギバラが見たい…見たくない？？？	1	MEGA TON Newton WashingtonD.C	1
0188	0:00 The Dirty of Loudness	31	かっしーkashikare	1
0189	猟犬とウサギは真ん中ゲーって事でヨロシ？	0	ボロンちゃん	0
0190	猟犬に捕まりウサギに遊ばれる	0	ターニャ	0
0191	マンカラ、あの説明でわからんの草	0	人狩	0
0192	ギバxママで結婚すれば全て解決すると思わんか？	0	芳乃ことり	0
0193	課金にねぇ･･･  ところで、カリムくんのために6万溶かしたうえ、ガチャ配信中知能が低下して猿のような奇声を発し、そのあまりの猟奇性から｢6万円の人｣、｢仮天井すり抜け｣、｢カリムは6万円の価値のある男なんだ｣など、SNSを騒がせたヤベぇやつがいた気がしたなぁ･･････  どこの方だったかなぁ･･････？？	0	美味い純米酒	0
0194	生放送かと思ったわ。	2	にっしー	0
0195	ギバラさんのツイステガチャ動画見すぎてハリムがカリムに聞こえた(重症)	0	aina	0
0196	病院に行くことをおすすめします	0	MARI GOLD	0
0197	兎と犬のヤツって兎側どうやって勝つの？	0	*パナの間	0
0198	Lmao	0	Hinazuki Kayo	0
0199	概要欄、思いっきりキヨと同じで草	32	りゅー	2
0200	32:36	0	TheCizm	0
0201	初コメですー。御伽原さんの声好きです！	7	モルっとゆー	3
0202	バーチャルは取り戻したけど字幕は捨てたか	0	琥珀-cohak-	0
0203	毎秒タイトル回収している +2434	0	ENJOY	0
0204	おとぎばらプロフィール 好きな食べ物コオロギ🦗 欲しいものスパチャ、高収入💰	2	ラーメンbot燃堂力	0
0205	最近配信してないけど大丈夫か？もう自分だけの体じゃないんだからさ。体調には気を付けろよ？おやすみ、ギバラ	13	じゃがいも	2
0206	Vtuberとしての階段を僅か30分で踏み外し、にじさんじライバーの高みへ登りさらにゲーム実況者の階段を上り始める女	5	T K G	1
0207	相変わらずキヨってんねぇ！！	5	みゅうと	1
0208	動画も好きなんだけどギバラの配信がみたい グダグダになってもかまわんからみたい って思ってるのは自分だけなのかなぁにじさんじ側に止められてるとかないよな？社と夢追とのリングフィットとかやってたし	3	牙狼ニ乃牙太刀	0
0209	なんか反応がキ〇さんに似てるなw	2	範馬勇次郎	0
0210	0:14 めっちゃキヨ感ある	2	キノリル	0
0211	反面教師	0	ふうきChannel	0
0212	途中からきて、ずっとライブだと思ってそこ違くね？？みたいなこと言ってたｗｗ。	1	ごーちゃ	0
0213	ギーバラギバラギーバラ🎶ドアホ🎶 ギーバラギバラ🎶超〜低〜脳🎶 （どっかの高収入Vtuberの歌のリズム）	0	「麒麟」	0
0214	おっ、今日はVtuberしてるじゃん	1	冷凍食品	0
0215	2手先どころか１手先すら考えられない女	0	青汁	0
0216	ヒット&ブロー見ててイライラしてしまったw	0	グリーン	0
0217	サムネのこの顔の元ってなんなの？	0	オルガ・イツカ	3
0218	正直この手のゲームは配信だと指示厨が多くて ギバラも視聴者側も面白くなくなるから このゲームはプレミア公開の方が良いのかな？ ヒット&ブローは特に指示厨多くなりそう…	7	ミルクティーのあれ	0
0219	知育ゲームによって知能指数も類人猿とさして変わらないことが証明されたギバギーバ…	0	せつなとわ	0
0220	マンカラで同じく湧き散らかしまくって死んだスカラビア推しの女です。	0	えみ	0
0221	この動画ミュートなってるん?音聞こえへん	0	ちくわ	0
0222	4:03 多分うるさすぎて草	3	よそらφ	5
0223	予想以上におバカだった	0	無名	0
0224	パゴス諸島選ぶとか、マジで思考一緒でビックリしました。やめてください（）	0	Ant Eater	0
0225	「スーツでその髪色やばくない？」緑色や青色などなら分かるけど、赤毛は自然と生える人いますよ。	0	UbuntuJackson	0
0226	アソビ大全であそびたいぜ、そりゃきついぜー言うてな	0	きっきー	0
0227	もう誰とは言わんが似すぎww いつかコラボしてくれ…マジで………     ◯ッチマンがコラボしてるからキモ猫もノリでしてくれそうだし。	0	カゲロウデイズ	1
0228	ギバラここまで頭弱かったんか…	0	黒猫タイツ	0
0229	これ、録画なん？生放送なん？どっちなんやろ	0	機動センシティブガンダムK-Fc	1
0230	ボケとかやってるやつとか某最終兵器が俺達なキ○と似てて笑った	2	Rqrim いるまぁにǑ	2
0231	サムネの元ネタなんやっけ	0	幽斗	1
0232	ルール説明がそんなに詳しくやってくれないからもうちょい教えろよ！ってキレる江良ちゃんを予想します。 (追記)ルール説明には気づけたけど頭がよわよわすぎて結局何も理解出来てない江良ちゃん可愛すぎる。	2	ちゃんぬ	0
0233	なんか最近ギバラキヨっぽくね？	3	ねむねむ	0
0234	IQが...	0	さしみ〜	0
0235	この長さなら10分×4とか15分×3の動画にした方が良かったのでは？	0	零籠	0
0236	やっぱり最初ら辺キヨのに真似てる	0	まろに	0
0237	実況の仕方がキヨっぽい...w	0	Ali cia	0
0238	猿に出来るかな～？	0	龍神	0
0239	キヨ意識しすぎで草	1	ゴムゴム	0
0240	見ててイライラするんだがw	0	π 3ねんど	0
0241	笹木？	0	HeyHe-y Y	0
0242	いつから実況者になったねん	0	燻羅匕厶117	1
0243	立ち絵と声が一致してないなぁ	0	GIAT	0
0244	キヨのパクリ	0	あいしる	0
