0001	5:00 「ギバラ、不参戦！」は流石に草	226	大名行列Hankai	5
0001-001	あまちゃペービー2世 キモ。	1	Prinkだ
0001-002	インフィニティ マリパのアーカイブの下の方でこいつ暴れてんぞ、ほうこくほうこくぅ！	5	おれさま
0001-003	ハの大名行列hankai そうでしたか... 教えてくれてありがとうございます	0	のっちゃん
0001-004	@のっちゃん 多分ネタじゃないと思うんで既に無言スパム報告済だゾ	16	大名行列Hankai
0001-005	あまちゃペービー2世 そういうコメ、勘違いしやすいからやめた方がいい	7	のっちゃん
0002	1:22:22 でかいけつゾロリ	119	KAGOME	3
0002-001	よかった。これ「でかいけつ」ですね！(シュルク感)	3	ゆきぐまy.d
0002-002	でかいケツで解決(ﾄﾞﾔｯ)	3	矢印
0002-003	呼ばれた	2	ウ ン チーコ ン グ
0003	「初心者ギバラに手加減しない痛いガチ勢」と 「気遣いすぎてギバラを相手にしてくれない勢」で 分かれてんの草  加減が難しいのかなやっぱ	106	7ヵ月前・ 3日前	10
0003-001	KR Drawcia まぁここのコメ欄の人達は平和に話してるから…	0	7ヵ月前・ 3日前
0003-002	ギリギリ当たらない接待プレーを相手側に求めているのでは？	0	who am I
0003-003	手加減するぐらいならアイテム有りで楽しくやった方が良いよね。	1	雑学くん
0003-004	そこはもうガード回避なし縛りとかで加減するしか…と思ったけどジャンプも無しにしてもいい勝負になるかわからんな…	1	る銀のエンゼ
0003-005	ネットでスマブラの話見ると 「お手軽！」「煽り！」「ラグ！」 「陰キャ！」「○○はクソキャラ！」「政治！贔屓！」 こんなのばっかで嫌になるね  だからもう他人の発言は100割に薄めて聞かないとだめだぞ	6	KR Drawcia
0003-006	何かと理由につけて文句を言う奴は何をやっても楽しめないのさ…。	1	Mr. Guardim
0003-007	7ヵ月前・ 3日前  にゃ…にゃるほど。一理ある。もうそれが答えでいいよ。	4	リア充キラーELへんなの
0003-008	＠リア充キラーELへんなの  出来ることをしないってのは舐めプじゃない？相手からしたら正々堂々と闘ってないんだから。  これを相手に認識させてあるとハンデになると思う	5	7ヵ月前・ 3日前
0003-009	舐めプには煽りが入ってんじゃね？手加減は接待とも言える感じで初心者から見たら良い戦いに見えるけどガチ勢からしたら手を抜いてるって見抜かれる的な。スキル使用出来るのにしてないとかが手加減。煽りが舐めプ。	10	リア充キラーELへんなの
0003-010	単純に質問なんだけど、「手加減」と「舐めプ」の違いを教えてほしいなって。自分自身よくわかってないのよね。	12	ソラうた
0004	38:21 筋肉ムキムキワイ絶望	84	金の上の雲	3
0004-001	@大名神ちくわ 夢見させてあげて	4	らぷニキ
0004-002	アイアント! そうはならんやろ	14	大名神ちくわ
0004-003	ゴリラちくわぶ ヒョロガリワイ大勝利	18	アイアント!
0005	52:00から数分間つかの間の清楚	26	リア。	0
0006	(自分用)  50:37 名言 56:13	13	8 世紀前・7 年前・6 か月前・5 週間前	0
0007	46:10無言になってから、ちらっとこっち見るのやめいw	17	MoJi MoJi	0
0008	1:43:00ここギバラのためにファルパンチ使うのとそれを食らう相手優しすぎる	46	シー	1
0008-001	耐えれるかと思ったけど割れちゃったのかな？	0	ゼロツー
0009	56:13 僕は1日30回しますってコメしてる猛者いて草	52	タクマセンロウ	1
0009-001	友達にもいたよ‪w   ぶっ倒れたらしいけど…	3	なす
0010	1:44:54 対戦できて嬉しかった！ありがとう〜！	2	やみい/朝日奈樒	0
0011	ウ   ン   チ   ー   コ   ン  グで出演してるで草  あれほんとすき	18	:ホワドリ	0
0012	リスナーどうしの戦いを実況するスタイル	16	あんず	0
0013	56:13 オナ伽原江良	120	坂崎了	4
0013-001	7:47	14	ヌベじょん
0013-002	抜いた	4	ウイスキー、
0013-003	まだ始まって間もないのにこれは強い	21	イケメンクス
0013-004	「もう3回もしちゃったよ」 ﾌｧ?|дﾟ)	38	はなまるピッピ
0014	1:40:40　デイジーに対するギバラの思い(偏見)、そしてギバラのファルコンランチの一部始終	47	山の翁	0
0015	概要欄、手加減して下さい、ド直球で草	18	BLUE 350	0
0016	パスワードが完全に男子中学生なんだよなぁ...	21	木星	0
0017	大乱闘してる時のギバラ楽しそうで何より スマブラは本来これよね	3	ランターン大好きなショウジ	0
0018	16頭身で腹筋死んだわww	1	ゆう航璃	0
0019	1:08:17くらいのメタナイトです！対ありでした！バンジョー＆カズーイの人強かった・・・	16	Serafせらふ	0
0020	ゼノブレ実況待ってます	9	小谷津槍折	1
0020-001	やったら絶対見るわあ…	0	ゼロツー
0021	楽しそうなギバラじゃない。これが全て。	2	そんなの絶対おかしいよ	0
0022	12:24 花畑ギバラ	27	ヒデ	0
0023	ガノンお兄さん強いと思うんですけどね…(´・ω・`) 初見なんですけどとっても可愛いですね！（白目）	1	暇人の極み	0
0024	オナギバラ	3	揚げたてコロッケ	0
0025	普通に勝ってるのに｢煽り？｣は草 逆に煽ってるの草	9	KINAKO 04	0
0026	1:22:15 俺	0	猿.マシラ	0
0027	ドンキー×抱え落ち ｻｲｷｮｳ	0	AoI 【雪民】【ガチ愛限凸勢2号】	0
0028	ギバラさんは深夜に生放送されるんですね リアルタイムで拝見できたらとても嬉しいです 次生放送されるときは少し夜更かししちゃおうかと思います  入眠音声に使わせていただきます いつも素敵な声ありがとうございます	3	とれーにーたつお	0
0029	私にはギバラを見ながらのO721は難しかったです。	18	咀嚼髭	1
0029-001	できますねぇ！	2	揚げたてコロッケ
0030	柔道とかと一緒で、投げられて投げるタイミングとか覚えるんやよ～ 初心者こそ同キャラの上手い人に遊んでもらうのが良いと思います。       声だけ聴いてると元ヤン薄い本が好きな自分はとっても捗ります。感謝。	1	阿辺山優一郎	0
0031	ギバラほんと好き！	1	32ギガバイトのUSBメモリー	0
0032	何故初心者に限ってアイテム無し終点ストック1on1を選ぶのか…… 普通にアイテムありステージありタイム制4人乱闘にすればいいのに ガチルールでボコられて楽しくなさそうなギバラ見るのも申し訳ない気分になるぞ	2	青二才	0
0033	O721ツイートの真相がわかりませぬ。誰か親切な方教えてくれませぬか。	24	ツァーリ	2
0033-001	@獄門堂. ありがとうございますッッッッ！！！！	1	ツァーリ
0033-002	ひまちゃんのひまわりa.k.a.58  O721はパスワード 2時間で4回したは2時間で4回部屋を作った	11	獄門堂.
0034	1:05:16 対ありでち これで受験も頑張れる	14	そのざき	0
0035	1:23:41の試合にて対ありでした！ 対人戦初で緊張したけど楽しかった！	10	コリエンテ	0
0036	ｱﾞｱﾞｱﾞｱﾞｱﾞ寝過ごしたｱﾞｱﾞｱﾞｱﾞｱﾞ	2	ワシャーシーク	0
0037	おつえら〜！ ボコボコのボコやったねぇ でも格段に初めの時より 戦えてた希ガス でもずっと回線落ちしてる 人がいたから 少しかわいそうだったね	5	アヲノ#調子極端	0
0038	ゲーム動画急上昇最近、頻繁にのってるよね	2	クリームチーズ	0
0039	ぐんかんてえてえです、オールキル目指していましたが最後まけました！	7	そそそぷら	0
0040	笹木って実況上手いんやな	10	0oキリっとキリ切嗣っ o0	0
0041	26:37	0	キモQ	0
0042	1:13:34 松本　戦います。      （4Pが毎回ギバラに見えてしまう）	11	そこらの民衆	0
0043	ギバラの生のコメ欄平和で好き。	5	岩沢蘭	3
0043-001	対戦相手下手くそ呼ばわりしてるキッズもいるけどねw	1	飲むヨーグルト
0043-002	生ハメに見えました 現場からは以上です	6	cherry *
0043-003	岩沢蘭/旧名輝夜姫 スコスコ族一緒に撲滅しないか？	1	--マサオ
0044	腕が無い内は見て学ぶ、チームデスマッチが良いかなぁと	2	よわむしArisia	0
0045	タイマンでも一応勝ててる試合はあるしところどころセンスはある場面が見えるから鍛えたらつよそう スマブラは特にやりこみがものをいうからなぁ その前に飽きるのがギバラだけど真面目に努力したら笹よりは強くなれそうな感じがする 自分も買い直そうかなぁ	9	牙狼ニ乃牙太刀	0
0046	ぎばー	2	らず	0
0047	1:08:00あたりから、対ありでした～！WW使いすぎな気がしますが乱闘だから許して・・・ バンカズは、いいぞ。	4	ただのワタナベ	4
0047-001	@Serafせらふ 推しキャラがベレスゼルダイカちゃんだったんですが他の王后にビビってバンカズ出しちゃいました……w はい！是非お願いします！	1	ただのワタナベ
0047-002	@ただのワタナベありがとうございます！メタナイト推しキャラなので使いました！また機会があればぜひ！	1	Serafせらふ
0047-003	@Serafせらふ ありがとうございます！メタナイト使いの人かっこよくて尊敬します	0	ただのワタナベ
0047-004	メタナイトで参加しました！対戦ありがとうございました！色違いバンカズ強かったです！	1	Serafせらふ
0048	1:00:57 リュウです １スト目でジャンプが潰れて死んだのが痛かった…あとリュウじゃないのにすればよかった…コマンドが…とか思ったけどギバラのかわいいﾀﾂﾏｷｯが聞けたので良かったです（＾ω＾） 対ありでした！	2	漱凪/スズナ	0
0049	1:29:36	8	クラッシュ万事休す	0
0050	たろうはガチで尺無駄遣いしてるだけでおもんない	0	岸部仗助	0
0051	7:46 56:13	3	ひかる	0
0052	ガチ勢良いなあ……　私は「遊べない勢」だし。	0	ちべすな	6
0052-001	@癒裏 それができたら希望はあるのだが……	0	ちべすな
0052-002	@ちべすな あるあるですね… それなら相手の読んできた事に合わせてカウンター等を置いてみては？	0	癒裏
0052-003	@癒裏 私も動画出していますが、最近は見るに堪えない試合が殆どですね。反復練習しても相手は私の行動の百手先まで読んでくる事が多いです。	0	ちべすな
0052-004	@ちべすな あ、なるほど… 反復練習は成果出ますよー	0	癒裏
0052-005	@癒裏 あまりに私が弱すぎて3ストック制だと1分を超える事が殆ど無いから。なので全く遊べない。タイム制だと技を出せずに相手の一方的な攻撃で試合が終わり、遊べない。	0	ちべすな
0052-006	環境がない勢かな？ そうなら仲間として…下Bをします…(ﾀﾞﾝﾀﾞﾝﾊﾞﾝﾊﾞﾝ)	0	癒裏
0053	1:52:42	0	はりー	0
0054	最後のルキナです ギバラとみんなとの0721負けられませんね  対ありでした！	2	ぐ。	0
0055	概要欄 手加減してください リスナー ダメです。	1	欲しいname	0
0056	自分用で申し訳ないです！ 24:05 めちゃくちゃ楽しかった！対あり！！	12	かむ!	1
0056-001	カービィ戦おもしろかったです！ 空N連打最高でした	0	出口颯人
0057	八頭身キャラが強いと言う風習が伝わっていることにリドリー使いの俺はちょっとイラッときた。	0	もてもてもて	1
0057-001	もてもてもて 知らんがなw	0	12 clotioC
0058	格闘ゲームはFPSやらレースゲームみたいに大勢で対戦しないからどうしても初心者だとゲームにならないね マリカで言う所のゴール前忖度が毎回発生してる状態 格げーはハードル高いよな、過去にガチでやってないなら身につくのに数ヶ月かかる事もざらだし	9	やまだきたない	5
0058-001	やまだきたない   上手い人とやるとコンボとかで全く動けなくてしょうもなーってなるから言ってる意味わかる	1	なごみ
0058-002	@キッコロ こちらも変に刺激したならごめん 自分語り何て必要ないだろうけど格ｹﾞｰ勢だよ、そして業界でよく言われてるあるある話だね、間口が狭いのが廃れた原因 スマブラは間口広めだから流行ったけどそれでも格差があればって感じだね	1	やまだきたない
0058-003	@キッコロ 話が逸れてる初心者が負けてる事を把握できた事がゲームとして成立してる事なのか 格ゲーは腕が離れた人とやるのが双方に取って益が無いと言われるのは上でも言った通り完全な忖度でしか成立しない点、ガチでやる場合は初心者側が何をされてるのかすらわからず負ける点   単純にｆｐｓ勢かレース勢がこっちのがゲーム性が難しいって怒ってるなら別にそういう話をしてる訳ではないからね	1	やまだきたない
0058-004	@キッコロ 上の人もそうだけどゲーム性の話をしてるだけだよ例えばレースなら相手と差が出てもレース事態は出来る訳で、FPSもしかり 格ゲーは相手がガチだと何も出来ないんだよね・・・そういう事	1	やまだきたない
0058-005	FPS、レースゲーもガチでやっとる人相手だとゲームにならないで。	0	早打
0059	1:36:20 からのカービィです。たいありでしたが江良ちゃん吹っ飛ばしたのごめんなさい！	8	おかるちゃん	0
0060	最後戦わせて頂いたデデデの者です、江良ちゃんもデデデ使おう！たのしいゾイ	2	mo hu	0
0061	1:55:37から戦わせて頂いたヨッシーです！ ぜひ、ヨッシー使ってみてください！ あと、切り抜きさせて頂きます また機会があったらよろしくお願いします！	6	【VTuber切り抜き】涼風青葉モカ	0
0062	笹木って実況上手いんやな	15	さんた	0
0063	2:03:43 クラウドアイコンです。せっかく入れたのに丁度終わってしまって悲しかった( ᵕ̩̩ㅅᵕ̩̩ )	5	虹色の白亜	1
0063-001	奇遇ですね！次は頑張りましょう！✨	0	Una Owen
0064	1:16:00 辺りにクロムで参加させて頂いたポりんです。楽しかったですありがとうございました。	1	ポりん	0
