0001	切り抜きは短いから見やすいし知名度もアップしやすいけどやっぱり本人の動画見た方がいいから公式切り抜きは1番いい。 難しいのはわかるけど公式切り抜きはもっと増えて欲しい。	2254	ぺんぎん	11
0001-001	そう考えると、｢3分でわかるばあちゃるおばあちゃん｣は天才か……	0	鉄魚
0001-002	ねこさくら それをしたのが本間さん	0	後藤サラリーマンになったゴリラ
0001-003	両者の意見を汲んだ凄まじき動画	1	ブックオフなのに魔導書ねーじゃん
0001-004	いいね777 コメント7 草	1	1275 abab
0001-005	takara ファッ！？見所さん！？まずいですよ！	3	はすく
0001-006	嶺上開花 そしてにじさんじの人気が出てきたのも委員長からだから10分まとめがにじさんじの人気を作り上げたと言っても過言	5	ヘムヘム
0001-007	配信のアーカイブのコメント欄に見所さんの時間書いていけば、実質切り抜き	16	takara
0001-008	nekosakura393939 概要欄を見るといちからが作ったそうなのでもうスカウトされてるかも	2	ブラッドオレンジジュース
0001-009	そういう話もなくも無いけど、ビジネスになってくるのと個人の価値観で趣味の延長のような切り抜きでは質が変わってくる。良し悪しじゃなくて、どこだったかなぁ大手がそんな話をしていてそれぞれに良さがあるんだなって。 切り抜きを禁止したり、奨励したりいろいろありますね。 動画勢が生を多くしたり、それが切り抜かれたり、公式が生放送まとめとして短くしたり、いろいろ試行錯誤があって、その中で非公式切り抜きもこの業界に大きく寄与している存在だと思います。  私はたくさん好きな方がいるので、公式非公式問わず切り抜きは非常に助かってます(*´∀｀)	80	ソフィアヴェルマー
0001-010	公式が切り抜き氏をスカウトすればいいんじゃないかな。にじさんじ監修とか公認の切り抜き氏みたいにするとか。	43	ねこさくら
0001-011	ぺんぎん 委員長がバズったのも自分の配信の10分まとめからだもんね	78	嶺上開花
0002	マリカやって人格変わったように暴言吐く人いるけどここまでいつも通りな人はあまりいないと思う	1890	図書委員	9
0002-001	キヨがいる	1	shii l
0002-002	キ○がいる	21	ああ
0002-003	通常運転草	5	避けるチーズ
0002-004	マイナスはいくら下がってもマイナスなんだよなぁ	5	ほんあーる
0002-005	ギバらにマリメ2のバトルモードＳ＋なるまでやって欲しい^ ^	4	ワイの神槍は13キロや
0002-006	常に口悪くしておけば変化ない説	22	ユニバース月光蝶
0002-007	ちゃんとも○うとかいるの踏まえてあまりいないって言ってるの好き	53	からあげ男爵
0002-008	wiiのマリカーだと順位低いとレート－200ぐらい落ちるからもっと性格悪くなる（経験談）	31	かの
0002-009	グウェルがいる	26	しばさん
0003	まとめとか見ても、キ○さん好きなのかなぁ…って思う編集多々あるな‪w	231	たたたぬき	0
0004	サムネ:◯ヨ 内容　:(⌒,_ゝ⌒)	538	カゲロウデイズ	5
0004-001	Miiもヨ〇キー 意識してるな	8	ゆっくりG9
0004-002	@ruru ruruki  それって馬場豊だろ もこう先生は違うよ	2	ゆっくりG9
0004-003	しばくぞぉゴルァァ！	5	しらたけSiratake
0004-004	まだも◯うには届かない。笹木ぐらいにはキレて台パンしなきゃ	39	空き缶
0004-005	組み合わせが最高	13	しらたけSiratake
0005	3:40 ここのどんどん口悪くなってくの好き	997	すぎ	4
0005-001	今のはミス           今のはボケ                      ボケクソが  〜ギバラ、怒りの俳句〜	2	指厨
0005-002	わかる、好き	4	生たまご
0005-003	たかせまる 強気なのに弱気	18	すぎ
0005-004	たんぽぽ 個人的にはその後の「すいませんでした」が超すき	43	ゾーン
0006	4:42ここの字幕は秀逸	215	。アスパラギン。	0
0007	サムネが○ヨのそれで草	815	破壊神おおきづち	9
0007-001	破壊神おおきづち  ヨーキー(可愛い) ギバギーバ(可愛い) ヨキ子(可愛い)	8	進撃のカタッツ'
0007-002	同じこと思ってる人結構いたw	3	たかみかん
0007-003	Twitterでキ○さんのツイートに反応してましたし確実にサムネ意識してますねw	11	コマゴマとしたゴマ
0007-004	やっぱり皆キ○だと思うのか	2	わらび餅。
0007-005	及川あゆみ  参考にしちゃダメな人で草	60	クレイジー炊飯器
0007-006	たしかにw	1	エビオ構文【非公式】
0007-007	本人某キ○さんみてるらしいし多分参考にしているのかなって思います！(多分)	80	及川あゆみ
0007-008	それ思ったわ‪w	3	Shisu
0007-009	わかりみ深すぎピーナッツだわ	35	MARSY FM
0008	3:24 「好きなの？好きなんでしょあたしの事」  はい好きです😳	729	夢月**	17
0008-001	少しは？って打ってるツンデレ君いるの好きw	0	たかみかん
0008-002	好きです 自分に正直な性格が大好きです	1	Vりゅ龍 :XX
0008-003	@noll 好きな子をいじめたくなる思春期のそれやん	2	ジュン氏
0008-004	ギバラの配信で汚いとか言ってるけど結局みんなギバラのこと好き	1	noll
0008-005	@クソザコ分身おじさん あのにじさんじコラボを2回もした、あの！…WIXOSSですか！？	1	ジュン氏
0008-006	@ジュン氏 え！？WIXOSS！？あのWIXOSSですか！？	1	クソザコ分身おじさん
0008-007	ギバラァ！一緒にマクロスしようぜェ！！	2	兎丸
0008-008	@コンティロマネ/イルミナたんふぁんくら部部長 ガチ恋だ！だから○クロスさせろ！！	2	ジュン氏
0008-009	ギバラ「お？ガチ恋かぁ？」	1	コンティロマネ/イルミナたんふぁんくら部部長
0008-010	@Omochi Works ここでギバラを選ぶ俺は末期どころか既に死んでいる	7	ジュン氏
0008-011	あなたが好きなのは 御伽原 江良ですか それともギバラですか？	8	Omochi Works
0008-012	@No Janome こう言うのもいいじゃないか(悟り)	12	名前を人力
0008-013	Vtuberとしては好きだけど女としてはちょっと…	18	No Janome
0008-014	同じく	3	key Sa
0008-015	夢月** 待てまずいこれは本人のチャンネルだからギバラ に捕捉される可能性があるぞ	18	mao tow
0008-016	でも好きだからしょうがない。	17	微笑みかける弦磨氏
0008-017	コメントの急なデレ好き	58	ざきしの
0009	4:42 ギギギバラからのトゲピー草	304	T A	4
0009-001	ギギギバラ・ザ・ファイナル  カミングスーン...	0	おめぇもゲェジかぁ!?オラもなんだぁ!!!
0009-002	ギギネブラみたいな言い方w	0	赤砂の/サソリ
0009-003	ギアチェンジやめろ	1	エーミール
0009-004	ギギギバラクッソ笑った	1	からし
0010	0:48 切実で草	446	えすあーる	0
0011	0:25ゴミカス出かかってて草	204	アルプスの少女廃人	5
0011-001	カエル 草	5	カモミール
0011-002	@カモミール ゆるキャンみたいで草	7	カエル
0011-003	ゴミキャン…	13	カモミール
0011-004	ゴミカスキャンセル草	25	あもぽぺ
0011-005	ｱﾞｱﾞｱﾞｱﾞｱﾞｺﾞﾐｶｽ-！ｼﾈｪｪｪｴｴ！	19	音割れいちご大福
0012	3:38 キレる→ミスを認める→自分に暴言→暴言で再燃焼　　　この流れすこ	224	たまハウス	3
0012-001	LUЙA ファイナルアンサー？？・・・・・・・・正解！！十万円獲得おめでとう	0	たまハウス
0012-002	草‪w  (๑╹ω╹๑)…  ( ﾟдﾟ)ﾊｯ!  貴様のアイコンはkh bbsのパッケージ画像やな！	0	LUЙA M4LMGの人
0012-003	ボケクソが！の語感好き	7	てぃ
0013	もう…抑え…きれないよ…ギバラちゃん…///     🖕ゴミカスゥゥゥゥゥゥ！！！！4ねぇぇぇぇぇぇぇぇ！！！！！！！！！！！！🖕	405	Blacky __sao	5
0013-001	Blacky/ブラッキー 2:12	1	あかねこどぅふ
0013-002	@バウト 深淵を覗く時、深淵を覗いているのだ……	2	とぶいちゅっぱが好きな生命体りくメンのお寿司
0013-003	@かごもぐら112358 これが深淵…	1	バウト
0013-004	かごもぐら112358  ？『ギバラは……誰の中にもあるわ……』	7	蜜柑猫
0013-005	内なるギバラが己に絡み付けられた鎖を強引にひきちぎる様がありありと目に浮かぶ これが闇の力か…	17	かごもぐら112358
0014	4:53昔ののび太くんで草	553	T,I aoirama	7
0014-001	オトナ帝国の時かな	0	ドク.
0014-002	からのマサオくん	3	Hey gays!!!! We have a gift for you!!!!!
0014-003	マジで似てて草	0	生たまご
0014-004	@ふかふか座布団 メガネザルとか呼ばれてたししゃーない	2	みやちゃん
0014-005	ギバラ＝サル ギバラ＝初期のび太 つまり初期のび太＝サル…？	6	ふかふか座布団
0014-006	言われてみたら確かにめっちゃ古いのび太で草	7	田中カカロット
0014-007	おかしいよ〜が想像以上にのび太くんしてた	37	ゴリゴリゴリラ
0015	02:08:こっからの感情の変化好き　 03:42:こっからの疾走感も好き　　 04:12きたねえ幼女	262	ころたま	8
0015-001	アンジュ味がある	1	聖なる祟り神
0015-002	汚えマサオ	3	コズミック害鳥
0015-003	おぞましさの委員長 汚さのギバラ	1	りょ
0015-004	幼女って事で汚ねぇは免除	1	リン
0015-005	後輩 クロネ  幼女は国宝だからな。なんでも許せるぜ	1	もっちー
0015-006	ちーちゃんオルタ	1	ダウスダウス
0015-007	汚い幼女でも幼女ならおk	11	くろね
0015-008	汚ぇ幼女で笑ったんやけど	8	ブレイブリ【ASMRの徘徊者】
0016	新しい世界でもあなたなら 羽ばたけると思います どうかお元気で	3	バルス	0
0017	最初 は？江良ちゃん編集上手くね？？ 天才かぁ？？  概要欄見た後 でしょうね(納得)	680	えるぷりあ	3
0017-001	ネイマラー臭いbot 申し訳ないが暴言ダイパーン繋がりはいいぞもっとやれ	10	小川清美
0017-002	(⌒,_ゝ⌒)他人に作らせて搾取するのが1番なんですわぁ	20	urination
0017-003	えるぷりあ ［公式切り抜き］だからねー…	7	ああ
0018	前半：〇ヨっぽくて好き 後半：御伽原へら	192	MrDeaf	2
0018-001	キ〇が女性になったらこうなる	5	てぃ
0018-002	サムネだけ見たら少しMiiの見た目変えた     キ〇	22	しらたけSiratake
0019	0:48 そしてこの顔である。	111	風吹けばガンキン	0
0020	1:31 公式の切り抜きなのに堕ちるの漢字わろた	129	ひひ	6
0020-001	@Among us楽しい それむしろ浄化されてる気が…	8	とぼく
0020-002	ギバラから江良ちゃんに堕ちるところだったんだよきっと	1	Among us楽しい
0020-003	めちゃくちゃ同じこと思った...w	0	ネズミ
0020-004	即堕ちギバラ	1	238_Fumiya
0020-005	一体何が堕ちたんだ	0	リクルート
0020-006	き、きっと誤変換だよ...	0	くろね
0021	0:48 2:11 公式からの素材配布たすかる	119	Itsuki S	0
0022	過去の動画見直して色々とコメントしてたけど、改めて見るといつまでも悲しんでないで、笑って面白おかしくさよならした方がギバラっぽいと思った。	1	ワンダフル	0
0023	4:14 マサオ君誕生	60	Rainy	0
0024	2:11 ここの一瞬で顔変わるとこ好き	34	フエナムネ	0
0025	4:35からの流れおもしろすぎw	66	ハピ1228	2
0025-001	ｷｭｱｧｧｧｧｧｧｧﾝｯ!	1	ポテトマン.
0025-002	ﾔｧｧｧﾋﾞｭｴｴｴオカァァァァァン！！	1	レッドブルRB16B
0026	最近配信見れる時間が少なくなってるから、こう言った切り抜きは短くかわいいギバラが見れるから本当助かる。  4:15　の「なんでっ！」好き　 まぁ、ゴミカス4ねぇを越えることは無いけど。	119	ふとせい_しがんし	3
0026-001	@在日地球人 草	1	めんどくさがり人間
0026-002	マサオくんやんけ	2	在日地球人
0026-003	可愛みはある	3	てぃ
0027	2:28 笹木先輩と同じ徹だけは踏まないギバラ	27	荒らしの松潤	0
0028	最後にかわいい立ち絵出しても相殺できてないぞ	20	佐藤カズマ	0
0029	サムネで某実況者の動画かと思ったww	53	あさり	2
0029-001	トマトサラダ  キ〇ヨじゃね？	13	創英角ポップ体
0029-002	女版もこう(⌒,_ゝ⌒)	1	トマトサラダ
0030	配信ですら怒涛の暴言の嵐なのに、それを5分に濃縮きたらもうね…    新しい扉、開いちゃいますよね💗💪	48	佐々木太郎	1
0030-001	元が原液だからカルピス200%レベル	0	レッドブルRB16B
0031	2:36 ここキ〇風	53	ゆっくりG9	1
0031-001	クロのゆっくりG9辛味噌の人  名前を出すのはやめた方がいいかと…	4	ソーニャ
0032	1:31　本人は「落ちる」って言ってるだけなのに編集で「堕ちる」にされて意味変わってるの草	7	ぜんぽう	0
0033	3:24 お前のことが好きだったんだよ！（迫真）	42	やふみ	1
0033-001	ちょ先輩！ホントまずいですよ！	5	人間インゲン
0034	サムネが完全にキヨで草	28	だいふく	0
0035	サムネがキ⚫ヨにしか見えんかった	84	ぷーさん	4
0035-001	草	0	天海はるるん
0035-002	●が仕事出来てなくて草	2	朝倉未来Mikuru no nisemono
0035-003	ぷーさん  おいおい、まるでヨロ凜子菊池凛子だぜ。	10	進撃のカタッツ'
0035-004	隠れてねぇぞ	5	O-jiccu _D
0036	最後御伽原の画像無断転載してて草	3	MURえもん	0
0037	にじさんじ界のもOう	3	スライムで何が悪い!	0
0038	サムネ絶対キヨ意識してるやん	24	松井一代	0
0039	マリオカート配信実況者の宿命かな　酒の人を見てるようだ　あと汚い声は需要しかないからもっと出してどうぞ	11	綿津子	0
0040	1:32 江良ちゃんのギバラ堕ち	2	点滴ライフガード	0
0041	自分の失態を晒していくシンデレラ………？	24	フジ通	1
0041-001	もうシンデレラですらないヤンキー	4	山崎退
0042	4:09 雷打たれた後の幼児退行可愛くて助かる	3	紫[むらさき]ではない	0
0043	4:42 ギギギバラのギアチェンジ	59	原ノ園マッハ	0
0044	4:20で幼児化してて草	28	ネオン	1
0044-001	どう聞いてもマサオな件	1	ْ ْ
0045	久しぶりに見たら暴言より声の汚さに磨きがかかってて草	4	ぬ〜すい	0
0046	切り抜きチャンネルには通知設定してないのになんで通知来たんだ？って思ったら公式だったw	39	Rn-らどん	0
0047	1:56 公式も字幕いれるのに苦労してるぞ！！？    何て言ってるんだこれ…	2	そこらの民衆	0
0048	好きじゃなかったらこんなん参加しないだろ	5	ぷじい	0
0049	サムネで某最終兵器の人かと思った…	33	零-ZERO-	1
0049-001	ギバラ自身その方々のファンだしサムネ作ったスタッフの方がリスペクトしたのじゃろか タイトルもMiiの雰囲気もちょっと似てるし	6	爆走高齢者講習
0050	「忖度真剣」の発音が「ハンムラビ法典」と一緒で草	2	かっしーkashikare	0
0051	いちからの人に感謝。	8	きりやまめがね	0
0052	4:38 パニックになってオカーンは草	16	カニカマ	1
0052-001	アカーーーン！	0	光乃りり
0053	この頃はまだ少しキャラ守ってたんやなって…	2	コズミック害鳥	0
0054	ギバラが元気なのが最近めちゃくちゃ嬉しい。	10	YH jー	0
0055	どっかの黒い猫と同じ匂いを感じる	4	伊藤誠	0
0056	サムネに惹かれた	3	透。	0
0057	3:24 Vtuber見てると時々、クッキー☆声優たちもクッキー☆界じゃなくVtuberという世界に足を踏み入れていればもっと違う未来があったんだろうなぁと思ってしまう時がある まぁ、そもそも時代が違うからありえないもしも話だけど	6	ロマネch	0
0058	何時もの配信見てると まだ「暴言」レベルではない気がするけど。。 ＭＡＸギバラは更に深い！	4	lukystarchannel	0
0059	切り抜きは初見でも見やすいからもっとあげろ！(過激派)	3	たぬぽん	0
0060	ヨーキーやヨキ子に次ぐマリカ実叫者	2	進撃のカタッツ'	0
0061	3:40 自分のミスを認めてるのに急に声汚くなるの好き	2	はるさめ	0
0062	公式切り抜き助かる	13	ほんのり薄ら笑っている味噌汁	0
0063	サムネ某実況者の動画に見えました（）	20	か。	0
0064	0:06 ムッチャイカ・オル・ガール	6	タニーtk	1
0064-001	ロリ鉄火ロール(バイオの空耳) みたいに言わないでw	0	KILLER1412 scp職員Cクラス
0065	1:31「落ちる」が「堕ちる」で草	3	柊	0
0066	3:13ここ(⌒,_ゝ⌒)	1	Subサブ	0
0067	1:30 のとこの「おちる」が落ちるじゃなくて堕ちるなのワロタ	1	老猿	0
0068	ご本人による暴言集で草	4	ゴリチキ	0
0069	切り抜き助かる〜リアクションが好き過ぎる笑	0	くろにか	0
0070	4:54 からまさおくんの声に聞こえてきた	0	やすけ	0
0071	てか結構前から登録者30万人いつてるけどお祝い配信みたいなのしないのかな？	1	世界を代表するロリコン	0
0072	1:30 落ちるじゃなくて堕ちるで草	0	uo	0
0073	1:30 堕ちるで草	0	Job_Channel.じょぶ	0
0074	3:42 5:11 派生語	3	鋳型 /IGATA	0
0075	いちからの人が作ってくれたって言ってるけどどんな気持ちでつくったんやろ...	2	歴戦嘔 吐龍スコヤカーナ	0
0076	ところで最後のび♡ってしてる子可愛いですね	0	まりも野郎	0
0077	5:14 ここからが最高	0	美少女錬金術師	0
0078	4:15の「なんでぇ！」あたりからの幼児化可愛い好き	0	ひじさん	0
0079	4:10からの1分ぐらいめっちゃ面白い	0	YK	0
0080	4:41 高速回転するギアほんとすき	0	さじゅぽん	0
0081	一番最初の数本見たあとこれ見たら声違いすぎて草しか生えねえ。	0	ボブJr	0
0082	4:15 マサオくん	1	流れ星	0
0083	3:11 何でぶつかってきたの！わかりませ〜ん ここ好き	9	Una Owen	0
0084	3:57 オタク特有の早口	0	かっくー	0
0085	4:10 不憫からの可愛い 死んでまうで	0	チュッチュ	0
0086	4:12こっから面白すぎw ｺﾞﾎｯ...ｳﾞ...ｹﾞﾎｯｺﾞﾎｯｺﾞﾎｯ...…😇	1	。まっつー	0
0087	4:37 負の連鎖	0	はる	0
0088	これほんとにタイミングいいヒット多すぎてすごい笑った。	0	八梛さん	0
0089	わー！！動画嬉しい！！編集うまい(いちから)！！	0	ぜんざい	0
0090	Even I got angry watching this	0	Minimo	0
0091	暴言の中に少し清楚ポイントあって草	1	ぱんくん	0
0092	最後のイラストの御伽原江良ちゃんにガチ恋	0	魔王龍神	0
0093	4:01すげぇ分かるww	0	かぼちゃん	0
0094	「好きなの？好きなんでしょアタシの事」 悪いが大好きやで	3	ikuhiko!	0
0095	最後の運悪すぎて笑笑	0	らいす	0
0096	3:46からと4:12からのカスカス声すき	0	sit	0
0097	あー、これは…編集技術〇ですねぇ…	0	すすきしょう	0
0098	これのおかげでﾄｹﾞﾄｹﾞした心が癒されました。ありがとうございます。	0	一ノ宮康	0
0099	後半めっちゃ好き	0	つなそー	0
0100	4:27配信を見てるからこそのカミナリ(確信)	0	音落ちハッピー	0
0101	最後のくそざこがあああ！ってギバラの叫びの後の江良ちゃん登場わろた	0	アキ	0
0102	ギバ虐かよ… 最高！ 推しの姿はどれも良い	0	黒い腹	0
0103	2:21 なんでだろう、閃かない……	0	くーたらいあ	0
0104	美味しいところ詰め合わせてんねぇ！！！	0	rondon _blue	0
0105	4:42 ギギギバラで草	0	Masha	0
0106	ギバラ久しぶりに見たらアンジュ化してきてて笑う	0	高坂京介	0
0107	4:10から踏んだり蹴ったりで笑いが止まらない	0	いろじろ	0
0108	公式切り抜き好きだわーww	0	ひで	0
0109	0:05 メッチャイカ・オル・ガール	0	ぬまくろ〜numakuro	0
0110	4:12ここからドラえもん混入	2	どれみー	0
0111	にじさんじ公式切り抜きの切り抜きとか出てきそう(予言)	0	天聖剣王にゃえて	0
0112	公式切り抜きたすかる	1	リボルティ	0
0113	面白すぎるw	0	nozumi nozumi	0
0114	5分で更に好きになる御伽原江良	0	Altair	0
0115	3:42　緑仙みたい	0	パワプロくん	0
0116	これがこのチャンネルの2つ目の動画か...	0	摩擦熱	0
0117	概要欄のほんへで草	0	毅犬養	0
0118	概要欄見た感想  お前が作ったんちゃうんかいw	0	黑齣	0
0119	今日も最高応援しとる	0	ikuhiko!	0
0120	公式にとっての御伽原の公式見解	0	パチコ	0
0121	受注生産じゃなく自家生産か…(困惑)	0	Mazin bu	0
0122	｢公式切り抜き｣という神動画	0	たっく	0
0123	最初割と大人しめやんって思ってたら二周め特にやばくて草	0	ひろ	0
0124	サンダータイミング完璧すぎて草	0	おののっきー	0
0125	公式だ！動画助かるが、ライブも頼むでー！	0	リhir	0
0126	ギバラ、江良ちゃん返して	1	そると	0
0127	公式切り抜きは流石に草	0	Kaibun	0
0128	公式切り抜き好き	0	ヨッシー愛護団体会長やしゃまる	0
0129	いちからスタッフさんが切り抜いてくれたんかw	0	マンタch	0
0130	もう公式が切り抜きする時代に来たかぁ…。	0	電脳鉄道 / Virtual Railway	0
0131	やっぱマリオカートは教育に悪いんやなって…	1	とおの	0
0132	(⌒,_ゝ⌒)の女バージョンで草	0	Cider Mitsuya	0
0133	4:44 ここトゲピー	23	ガバ穴レディ	8
0134	これから寝る時にこの動画見ながら寝ます	0	はらたん	0
0135	0:48字幕つけるとドM女は十分って出てくるゾ	0	考察するマン	0
0136	この編集者、ギバラを「理解って」やがるぜ・・・	0	地底の妖怪うつほ	0
0137	1:31 落ちるじゃなくて堕ちるなのがえっちでいいっすねぇ	0	みかんを剥いて歩こう	0
0138	最後に自分の名前言うの草	0	一色ユキ	0
0139	0:52 「Fuckin’まで1位だったのに」めっちゃすき	0	サンニッケル	0
0140	GTA5を思い出す	1	なっさーTV	0
0141	御伽原…江良でぇす！っはぁ！ って言ってた健気さ(？)は一体どこへ	0	佐藤唯史	0
0142	1位と言った後に抜かれた相手に緑甲羅投げる序盤のシーンが好き	0	ヤーーーーシ	0
0143	サムネ見たとき、某クロネコの佐々木希が大好きな実況者かと思った	0	れい	0
0144	公式切り抜きで草	0	コアラス	0
0145	公式切り抜きがこれでいいのかにじさんじ	0	ドグラマグラ	0
0146	公式切り抜きめちゃんこ見やすいっす。	0	マツイさん	0
0147	4:10ここからが本番	0	_-_ neko	0
0148	急に来て驚いたけど感謝	0	仮アサクラ	0
0149	喋り方めっちゃ好き	0	HA RU	0
0150	ギアが高回転する音でマジで笑った	0	さじゅぽん	0
0151	4:42ここミニ四駆のハイパーなんとかモーター	0	へにゃん	0
0152	これは…酷い（可愛い）	0	逆張り珈琲	0
0153	これどんな気持ちで編集したんやろ…	0	うゆっと	0
0154	こんなに腹抱えて笑ったの久しぶりだ‪w	0	猫屋敷ねこ丸	0
0155	カット編集してるかのように喋るやん	1	/ Z-Ro	0
0156	4:42 ギアの音...w  ギアの音！？	0	山秋	0
0157	後半もう中学生みたいw	0	黒猫の休日はいかがですか?	0
0158	まさかの本人切り抜き！？	0	アニオタ多分野な	0
0159	江良さんの凄さが伝わってくる動画でした(;^ω^)	0	Exiler(R.M)	0
0160	最後の黒ヨッシーはなにがあったんだ	0	伊藤龍吾	0
0161	公式切り抜きは草	0	お米大臣	0
0162	1:59 ここ藤原拓海	0	Fragrance Ocean	0
0163	字幕とかサブタイトルとかめっちゃ良かった！センスあるね社員さん！	0	たっくる	0
0164	切り抜きお疲れ様です	0	ケイ	0
0165	「もう炎上は十分です」は草	0	たけどーら	0
0166	1年で30万人ってはやすぎ	0	トレノバ強すぎ	0
0167	0:41 4:38 5:11 First game 1st → 5th Second game 1st → 11th This is why i love watching gibara	66	SHAUNA VAYNE	2
0168	後半所々光浦靖子みたいで草	0	ドングコンキー	0
0169	後半マサオ君すぎて草	0	,凩	0
0170	ちなみに私は御伽原江良さんがすきです。だからイジメます。	0	御華槻瀬那/Mikatuki Sena	0
0171	待ってた！！！！！！！	0	門星江萎自慰桃色組	0
0172	公式暴言切り抜きはさすがに草	0	やみい/朝日奈樒	0
0173	ギバラの暴言って 爽快感?がある気がする	0	みやれい	0
0174	2:20 雑魚たすかる	0	七里[スプラ配信]	0
0175	公式が切り抜いてんの草	1	ホモから産まれた漢の娘【動画投稿者】	0
0176	なんか微笑ましい	0	クロエ	0
0177	この切り抜きは助かるの結晶体。これを待っていた	0	アレックス	0
0178	公式が切り抜いてるの草	0	かみゅ	0
0179	女子大生感がすごい	1	ボトムズ	0
0180	4:58からクレしんのキレ気味おにぎりじゃん	0	3 KAN	0
0181	4:12 まさおくん	0	福良小島	0
0182	1:31 ナニに墜ちるんですかねぇ	0	つきよも	0
0183	すまん、サムネ見て最初もこうの動画かと思った	0	L Gion	0
0184	なんか段々ガキっぽくなってくの好き	0	しがないクソコラ職人	0
0185	4:12 ここからの泣きコメントの話し方かわいくて草	0	焔神崎	0
0186	4:48 ここマサオくん	0	電車の上のU.S.M.C	0
0187	やっぱいい声かわいい声	0	ニャンちゅう大好き	0
0188	サムネといい溢れ出る暴言といいキ○。で草	0	ヒロ	0
0189	落ちるが堕ちるで草	0	Lilues Ch.リルエス・アルティナ	0
0190	ふう…やっぱりギバラはかわいいな	0	志村の拳	0
0191	見たことあるサムネだなー	0	ガチャロー2	0
0192	今日もにじさんじは平和です😄	0	ただのまぐろF	0
0193	めちゃくちゃ面白いし見やすいのにあまりにもサムネバイバイがすぎる	0	介川龍之芥	0
0194	4:42 歯医者のアレ	0	骨皮筋衛門	0
0195	公式切り抜きすこ	0	わらびわらびぃぃ	0
0196	アップになる所かわいい(^^)	0	極蛇	0
0197	イライラしてるけど けっこう 楽しんでる	0	けいけい	0
0198	も○う先生バ美肉してたんか	0	まりも野郎	0
0199	「堕ちる」の漢字に社員のセンスを感じた(あと社員からのギバラのイメージ)	5	シャルノワール	1
0200	時々マサオくん出るの草	0	ちゃんさく	0
0201	公式切り抜き…だと！？	0	ルイルル	0
0202	公式の切り抜き助かる！ オカ～ン！！！(？)すき	0	ぐだのすけ	0
0203	本人が切り抜いてて草	0	小夜啼鳥	0
0204	2レース目の途中からしょぼんのそれに近い暴言で安心したわ	0	もりぃ	0
0205	1:31落ちるの字が堕ちるの所に運営の悪意を感じた	0	ナギサだーよ	0
0206	公式切り抜きたすかる	0	伊丙ラヂヲ	0
0207	おかしいよ〜って言ってる時まさおくんの声に聞こえるw	0	G	0
0208	4:12 ここ完全にドラえもん	0	にぁりー	0
0209	自分で切り抜くのかよww	0	kite k.	0
0210	ギバラの「ボケクソがぁ！」はそのうち病気に効くようになる	0	サンチャ	0
0211	そのうち大概にsayよとか言いそう(小並感)	0	虹6の人	0
0212	3:24  3:38 好きなので取りました♡	2	tukapen	0
0213	はよ配信復活しろ(して💜)	0	夏凜	0
0214	5:11 自己紹介	0	ひっちゃん。	0
0215	もこうとコラボして欲しいYouTuber 第1位	0	太田の神主	0
0216	流石ギバラ。本人の切り抜きめっちゃ助かる。これからも頑張れ！！	0	パンドラの箱	0
0217	流石ギバラ。本人の切り抜きめっちゃ助かる。これからも頑張れ！！	0	パンドラの箱	0
0218	公式切り抜き練習台	0	Lumen Caelestis	0
0219	サムネが某暴言系実況者みたいで草	2	レモンパピコ	2
0220	そーら妹さんも暴言感染るわ	0	かざぐるま	0
0221	ついに公式さんが切り抜きを作るとは……	0	ジュン	0
0222	めちゃ編集うまとおもったらいちからでした	0	ヒカキンの偽物で草	0
0223	堕ちる…？ あ、江良ちゃんがギバラに堕ちたって事ね理解	0	えすえふ	0
0224	当たり屋露骨すぎw	0	リクルート	0
0225	gg(カオスすぎて言うことが……w)	0	おいどん	0
0226	公式に暴言をまとめられるの草	0	tak	0
0227	この暴言はまだ可愛いレベル	0	jun jun	0
0228	かわいい///	0	芳乃ことり	0
0229	ギバラオトギバラ 御伽原江良御伽原江良	0	そーるSor	0
0230	江良ちゃん…こんなにも無惨な姿になってしまって…	0	つっちー	0
0231	腹消えて笑った	0	伊藤滉平	0
0232	動画の内容とエンドカードの可愛さの高低差で風邪ひいた	0	リコリコ	0
0233	1:45 ここすき	0	おいしいからあげ	0
0234	スタッフちょくちょく字幕で遊んでて草	0	赤原ぶい	0
0235	公式切り抜き助かる🙏 本編も実質暴言集みたいなもんだったから是非	0	百合推進委員会一途純愛両片想い愛好課	0
0236	サムネ見ても○うだとおもったら合ってた	0	くわけん	0
0237	公式切り抜き助かるんじゃ～	0	宮下かすみ	0
0238	誰の切り抜き隊のやt...！？	0	ユウチノ	0
0239	暴言のエンジン性能高くて草	0	富岡ハヤトン	0
0240	(編集)お上手ですね。	0	はらっけ3128	0
0241	可愛いのも良いけどこうやって暴言吐きまくってくれる方が親近感湧いてきて見やすい	0	ご注文はシャロですか?	0
0242	4:11 マサオ憑依	0	Sea	0
0243	うｐ乙です。公式暴言切り抜きは草。 泣き叫ぶ江良さん可愛い。	0	ゼロキ	0
0244	ね”え”え”え”え”え”え”え”え”の泣き方かわいい	0	みかづき雪之丞	0
0245	やっぱりこの人は暴言吐いてるときと下ネタ言ってる時が輝いてるわ	1	M I	0
0246	界隈一を争うレベルで外見と魂の乖離が激しい女	1	ヒーラー	0
0247	とても陽気な配信をされているんですね！	0	カワウソくん。	0
0248	4:18 ここマサオ君	0	はぐれぼっち	0
0249	サムネのキ○感草	6	堕天したやつ	0
0250	可愛い子❤️😍	0	こころーあなたの	0
0251	ところどころマサオくんポイントあって好き	0	takkumin	0
0252	公式がギバラ肯定してて草	0	24.寝てぇーよ	0
0253	タイトルから草	0	Ωハリテヤマサイクロン	0
0254	動画投稿とは珍しい 登録者30万人記念配信もお待ちしております。	11	コンティロマネ/イルミナたんふぁんくら部部長	0
0255	うぃーすって挨拶してそうなサムネ好き	0	ひろてぃー	0
0256	どっかで見たサムネ	0	Noe:L/のえる	0
0257	公式(迫真)	0	海戦都市オマンティス	0
0258	(⌒,_ゝ⌒)＜ワイの弟子	0	-まるがめ	0
0259	他所で無闇に関係ない実況者や配信者の名前を出すのはあまり良くないことだけど このサムネはそれでもなお名前を出したくなるぐらいあの人物を想起させるわw	23	ふくちゃん	5
0260	可愛いと怖いの間それがギバラだ	0	シュガー	0
0261	ウルァ好き	0	おかしの	0
0262	3:40  ジョジョキャラみたいなキレかたなの草	0	フラすこ	0
0263	これが御伽の国の武闘会ですか	0	出雲棗	0
0264	サムネキヨみたいで草	52	000asas000	4
0265	公式疑問に思いながら作ってそう()	0	ガイル-gair-	0
0266	オルァ本当に好きもっと言って	0	ふるぐぐ	0
0267	サムネ一瞬見た時絶対キ〇の動画だと思ったw	7	図屏風唐獅子	1
0268	えっ、ギバラ見てたのに急に江良ちゃんが現れたんだけど？？？なにこれ5:16	0	kariyuカリュ	0
0269	4:17ここマサオくん	0	Claris *	0
0270	公式は流石に草	0	リクエ 2	0
0271	久しぶりに声聞いたけどまた声変わりした？	0	ふらのY	0
0272	一番最後の画面に映ってる人は誰ですか？	5	あいうえおかき	1
0273	公式から暴言の切り取り動画出すってある意味凄いな()	0	ブマー変態さん	0
0274	見やすくて助かる～	0	黒ノ識・くろのしき	0
0275	江良ちゃんはかわいいなぁ	0	馬神嘔吐	0
0276	切り抜き助かる〜	0	ゆきC299	0
0277	自らネタを作るにじさんじの鏡	4	ガバ穴レディ	0
0278	暴言シリーズ100くらいできそう！	0	あああいいい	0
0279	お互いに目標達成に励みましょう！	0	そーるSor	0
0280	マジでダミ声なってる時にゃんこスターにしか聞こえん	0	BOSS BIG	0
0281	好き	0	ねむ。	0
0282	公式。   暴言集。 設定は何処へやら	7	Elsie感	0
0283	御伽の国の罵倒会	0	もどきーん	0
0284	御伽の国の罵倒会	0	金正恩の力でチャンネル登録500人目指す	0
0285	本人が切り抜くのか…	0	しきょー	0
0286	1:30　堕ちたな（確信） 4:40　音ギアラ江良 4:11　ここすき	0	Serafせらふ	0
0287	女版もこう(⌒,_ゝ⌒)	4	ガバ穴レディ	0
0288	切り抜きたすかる	0	アルトん	0
0289	マジで当たりに来るのは寒いと思う	0	ゆうやけ	0
0290	思春期的なあれではないが好き	0	K OT	0
0291	途中からマサオくん出てきてて草	0	驟雨の紫亜	0
0292	公式切り抜き助かる偉い	0	孫の孫のひ孫ちゃん。	0
0293	3:26 え？そうだけど？	0	みみらー	0
0294	一瞬でろーんかと思った	0	ろむむん	0
0295	いちからやりますね！草	0	そのぴー	0
0296	ギバラ可愛いなぁ	0	Z O	0
0297	これでも一応シンデレラって設定らしいよ……‪w	0	白チャン	0
0298	まさかの公式	0	NaCl	0
0299	3:24そうだよお前の事好きだから意地悪したくなっちまうんだよ(急な告白)	0	ユウキ【幼糖】	0
0300	公式切り抜きは助かる	0	ポンpon	0
0301	ちょっと待って!? 概要欄"ほんへ"は不味いですよ!?	0	luv@eevee	0
0302	たまに声がギャル曽根に聴こえる	0	すがすが	0
0303	公式で草	0	めーたん	0
0304	🔥ギバラ🔥	0	No BattleField No Life	0
0305	公式だったーw	0	あきなか	0
0306	どんどん心折れてくギバラちゃんカワイイ♡	0	けぎ【AFU】あふぅ	0
0307	暴言のエンジンは加速するとかいうパワーワード	0	りゅにき	0
0308	終始暴走族で草	0	メルちゃんEX	0
0309	ほぼマサオくんで草	0	さぴお	0
0310	サムネのキ○感がすごい	0	K K.	0
0311	流石にじさんじのも〇う	0	_ sasa	0
0312	編集の人、即落ち二コマとか好きそう	0	らせ庵ななめ	0
0313	2:08 coreすき	0	霧谷kiriyaミライ	0
0314	4:49  ここ糖質アルパカ・スリ	0	Canned Tunny	0
0315	2:10 coreって何なんだよ…(困惑)	0	あぶしんす	0
0316	公式切り抜き助かる	0	alun -アルン-	0
0317	公式切り抜きはわろたw スナイプが居る状態で5位は立派です、うん。	0	たなは	0
0318	まだ比較的清楚	0	きりは	0
0319	ミュートにしても声が聞こえてくる	0	徳川家康	0
0320	あ、30万人おめでち	0	しょーまん二頭筋	0
0321	最後自己紹介	0	リョウタ	0
0322	4:13からマサオくん	0	ちぇ	0
0323	自分もゲームでガチ切れしてる時ってこんな感じだなって思ったけど、我が振り直します…	0	/ライ/	0
0324	右上のコメントが秀逸	0	ラザラス	0
0325	チンパンすぎる	0	meimei	0
0326	若干滲み出てるマサオくん感	0	みら	0
0327	女版もこう	1	3 k	0
0328	にじさんじ公式切り抜き...だと...？	0	Masha	0
0329	これは妹も口が悪くなるわ…(；ω；｀)	0	ハーフプライス半額神	0
0330	2分前で草	0	叶SIM	0
0331	クソザコがぁ！って言いながら自分殴るの草	0	よこ	0
0332	ギバラが淫夢に汚染されているのがチラホラ見える見える…     やったぜ。	0	オーダイル	0
0333	前の1周年記念でチャンネル登録して最初の動画がこんな暴言だらけだった…     いつもか	0	とおりゃんせ	0
0334	こりゃ妹も真似するわ	0	げんこつメンチ	0
0335	いちからありがとう 公式ビーバー助かる	0	森	0
0336	くそ！不憫可愛いと思っちまう 江良ちゃんじゃないのに！	0	ソニトム	0
0337	ギバラには今度ソニックレーシングもやって欲しい。 チームにじさんじレーシング	0	七宮武生	0
0338	暴言を聞き続け切り抜いたいちからの人お疲れ様です ありがとうございます	0	金盞花_キンセンカ	0
0339	本家切り抜き助かる	1	記憶喪失ニキ	0
0340	えらち成分切らしてたからたすかる	0	ねこ	0
0341	右上のキャッチコピーがイカしてるぜ	0	Red PIum	0
0342	公式で切り抜き助かる	0	月宮。	0
0343	体がギバラの暴言を求めている	0	サラダにょー	0
0344	スタッフさんありがと	0	コロン	0
0345	ミー、似てますね！	0	OvOさとし	0
0346	自分で切り抜くんかい	0	首を振る例の鳥 ヨルイヌ	0
0347	御伽原江良のグッズのグッズのグッズのグッズのグッズのグッズのグッズのグッズのグッズのグッズのグッズの御伽原江良さん	0	そーるSor	0
0348	これがにじさんじの代表としてメジャーデビューする選ばれし者です・・・	0	Yサイルスト	0
0349	I may not understand you but this is still funny and good content 😂	1	sonic gaming104	0
0350	ギバラってなんか可愛いって思う	0	追い焚きのお布団	0
0351	にじさんじ界のも○う	0	Ruel	0
0352	1レース目笹木なら机に穴開けてた	0	FIRE RITON	0
0353	息するように暴言すな！	0	まめえだ	0
0354	これ聞いて寝ることにした	0	キャサリン	0
0355	配信切り抜き上手だね！いいやん！こうゆうんでも出してくれるギバラの配慮好きやぞ	0	わたぽん	0
0356	何か安心する(^^♪	0	いちのき	0
0357	第五人格やってくれたら暴言と悲鳴どっちも楽しめるんじゃないかなって…	0	Daiyan Keyda	0
0358	公式の切り抜きええなぁ	0	てつ	0
0359	おい公式！ まだ綺麗なところを選んで切り抜くな！ もっと汚いところも切り抜け！ 偏向報道反対！	0	どすこい山下	0
0360	不憫（単下手）可愛い	0	piyo piyo	0
0361	もうすでに堕ちてるよなぁ 1:30	0	レイン	0
0362	思っていたよりは綺麗だった	0	Rこってぃー	0
0363	江良ちゃんが作ったんちゃうんかーい	0	Maki	0
0364	ちょくちょくまさおくんになるのほんとすき	0	aie 3101	0
0365	4:15 マサオ君やん	0	ドン兵衛	0
0366	最後の子誰？(・・?)	0	音割れポッター	0
0367	公式暴言マリカで草	0	わっきー	0
0368	名切り抜き師おつ〜	0	うたそ	0
0369	エレキテル連合の白い方ですか	0	大五郎	0
0370	公式に素材扱いされたのか…	0	Kids Gakincho	0
0371	ギバラはこうでなくっちゃな！	0	ちずまる	0
0372	いちからスタッフをこき使わないで でも字幕のセンスあるからいっか	1	トランプ・正恩	0
0373	スターをつかっといてさいかいわないわ〜	0	koumei1o8ky310	0
0374	サムネがキヨに似ているのは最近ギバラがキヨにハマっているから？w	0	J/じぇい	0
0375	台パンしてそう…	0	楓音	0
0376	動画投稿もう始めたの？って思ったら公式やった	0	白桃	0
0377	ギバラとドライブデートしたら、助手席から暴言吐かれまくるのかな。 ちょっと興奮。	0	_るるゴールド	0
0378	どんどんまさおくんなるの草	0	demon神奈川	0
0379	4:12 ここからマサオくん	0	音部まり	0
0380	もこう思い出すわ	0	ヨガフレイム	0
0381	コースくん陰湿すぎるよ.....	0	研は入院中	0
0382	あっ、これ公式か	0	ポンジュース	0
0383	切り抜きの癖に公式みたいに色んなURL貼ってんな	0	タコ焼き	0
0384	これが通常です	0	あっち?こっち?そっち?どっち!	0
0385	いたずらして江良ちゃんに嫌われたら立ち直れないんで、優しくします    江良ちゃんすき	0	白猫	0
0386	逆忖度がすごいですね	0	ファスカキララ	0
0387	本編の切り抜きめちゃめちゃクオリティ高いのにサムネだけスマホで5分で作ったみたいな出来で草	0	ピポ岡	0
0388	1:01ここゴレイヌ	0	がみ	0
0389	マリカーは暴言製造機	0	佐藤太郎	0
0390	切り抜き助かる	0	山羊座	0
0391	スタッフニッコニコで作ってそう	0	竜舞積んだ漆黒	0
0392	えぇ...（困惑）	0	チャンネル登録者が1人増えると1回死ぬ伊藤誠	0
0393	周囲の四角が、初代マリカの周回を表してるんかなと最初思ってしまった	0	軍医	0
0394	もこうより暴言吐けてる	0	じか	0
0395	キヨみのあるサムネですね	0	強いコーヒー	0
0396	サムネが怖い	0	まりえる	0
0397	公式助かる	0	野菜生活	0
0398	字幕にセンスを感じる。 運営さん、切り抜きありがとうございます。	0	次世代型桃ジュース	0
0399	＼暴言のエンジンは加速する／	0	ニコチンロイド	0
0400	ギビラの中の邪が時間が進むにつれて滲み出てきてて草	0	・ uepon	0
0401	また声変わった？	0	Nony	0
0402	バーチャルもこう	0	Y0shikage Kira	0
0403	3:24それはない	0	ベニートムッソリーニ	0
0404	公式切り抜き自分のチャンネルで上げてるのなんか、ケ〇ンみたいw	0	かわヒロ	0
0405	公式有能かな	0	概念礼装Vを推してく者	0
0406	ギ虐助かる	0	紳士.	0
0407	いや草	0	欲しいname	0
0408	あれギバラってこんなに可愛いっけ  あ、いつもか（洗脳）	0	ほたるん	0
0409	ギバラ供給助かる (いちから仕事早すぎん？)	0	らむｗｗ	0
0410	すき^ ^	0	memo	0
0411	どっかの最終兵器の赤い人に似てる気がするなぁ	0	可燃ゴミ	0
0412	マサオくん感がチラチラ出ていてよかった	0	見上げ川伏郎	0
0413	ギバラの編集とか解釈違いかと思ったらそんなことなかった	0	めも.-	0
0414	1:55もう暴言でもないよ…	0	如月梁	0
0415	あーこれは、2秒以上黙ったら即終了マリカ配信だったけか？	0	えっすん	0
0416	あばばばばばばばばばば！	0	がりがり	0
0417	公式だと！？	0	眠りぬこ	0
0418	編集さすがやな	0	咀嚼髭	0
0419	シンデレラどこ…？どこ…？	0	aaa aaa	0
0420	こうしきりぬき助かる	0	サラミ	0
0421	なんか...可愛いな	0	深夜	0
0422	御伽原が編集できるとか解釈違いだったから概要欄見て安心した	1	佐藤太郎	1
0423	可愛い	0	しゅら	0
0424	よりにもよってこれの切り抜きを作られたのか・・・	0	一人ちくわ祭り	0
0425	公式さんはどんな心境でこの切り抜きを作っていたんだろう…	0	かいん【kain】	0
0426	自分の扱い方を分かってきたなギバラ	0	アバシ**	0
0427	サンキューいちから	0	1234ポルンガ	0
0428	4:11 ここから汚いマサオくん	0	そこら辺のオタク	0
0429	にじさんじのもこう枠	0	so	0
0430	何かが高速回転する音で草を禁じ得ない	1	前花しずく ポケモン/鉄道/ゲーム	0
0431	サムネがすげーキ〇に似てる	0	うほうほ	0
0432	5:11	1	春巻	0
0433	女版も○う	0	yuu A	0
0434	時が進むにつれうるさくなるの草	0	ヨッシー	0
0435	4:12からどこぞの双子の妹より声汚くなってて草。 とりあえず、サンダーでアイテム消える仕様はクソ。	0	罷免ライダー	0
0436	暴言助かる	0	シンデレラ親衛隊員	0
0437	やっぱり公式の切り抜きは見やすくていいな これ見てからアーカイブもう一回見てきます	0	パンコッペ	0
0438	普通に落ちるじゃなく この堕ちる使うあたりセンスを感じる笑	0	貴二月	0
0439	アイテム取れないの全部自分のせいなの草	0	犬山?	0
0440	黒歴史配信の切り抜きまだですか？？	1	バフォメット先輩	0
0441	ちょっとパフォーマンスっぽいな	1	orucan aqua	0
0442	これくらいの見やすいな	0	たいこま	0
0443	さりげなく書かれてる｢暴言のエンジンは加速する｣に格の違いを感じた	0	-ミナモ-水面	0
0444	＞＞＞いちからの人が作ってくれました＜＜＜	0	T zwcard	0
0445	油るラルnBBAじゅーな に字幕ついてるのに、ボボボボッボッボッボボボーボボーボボ に字幕ついてないのなんか草	0	おゆかわ	0
0446	公式が病気	0	納豆腐れ	0
0447	かわいい	0	ショウ	0
0448	委員長の公式切り抜きの流れをギバラが受け継いでるのいいね 切り抜きでもすぐいつものギバラだとわかる丁寧な編集ありがとう	0	新しい季節	0
0449	本当にMii怖くて見る度にギョッとする。	0	YouRe 0953	0
0450	この被弾はも○う顔負け...	0	たた	0
0451	あーゴミカスゥゥゥゥ！！	0	ガノン様	0
0452	I have a question,did you have fight with Suzuhara lulu?	0	DarkCryo	0
0453	これぞギバラ	0	正体不明のUnknownX	0
0454	基本草	0	チュッチュ	0
0455	いちからの人がつくってくれましたでわろた	1	くろもっちー	0
0456	捨てた性格を公式が秘密裏に回収して別のvtuberに植え付けてる説	0	田代誠一	0
0457	？？？「るしあの邪魔した奴コロス！」	1	勇剛加藤	0
0458	エンディングの可愛い子誰ですか？	0	うそつき	0
0459	ヤーさん	0	poppo hato	0
0460	自分で切り抜き作るは草	0	餌を盗られたモルモット	0
0461	いや、まぁ好きだよ	0	アホの狐	0
0462	この人精神年齢コロコロ変わるな。	1	アオリさん。	0
0463	本家の切り抜き助かる	0	和辛子	0
0464	2:21	0	天キノ	0
0465	も○う並の被弾率やな	1	ああ	0
0466	途中からあんまりものまねされてない方のしんちゃんの友達に似てて草	0	おおくぼ。	0
0467	編集のクオリティ高いね。	0	ぜんぽう	0
0468	なんでだろう、この動画見てたら...     眠くなってた	1	西のお暇	0
0469	暴言のエンジンは加速するとかうまいこと言ったつもりなんだろうけどうまい	0	すぎやば	0
0470	切り抜きおじさんかと思ったら本人でした。	0	ベクターヘクター	0
0471	青甲羅が後ろの人に当たってて、草。	0	つ!む「人生もゲームもソロプレイ」	0
0472	プロによる切り抜き、いいっすね	0	〜本物〜Mike	0
0473	いちからスタッフが作ったんかこれ.....	0	門星江萎自慰桃色組	0
0474	おねがいダーリン見て聞いて	0	オレンジ	0
0475	キヨといい勝負だ	0	リリノノ	0
0476	平常運転で草	0	KINAKO 04	0
0477	公式切り抜き助かる！ 作ってくださったいちからの方と動画上げてくれたギバラに感謝！	0	みぃな	0
0478	サムネを見て俺の頭にあの人がよぎった (  °∀°)「雑魚がよォォォォおお！！」	0	ミルクテイッ	0
0479	誰に編集してもらったん？	0	ぷぃ	0
0480	もこうと同じ能力持ち	0	とりまる	0
0481	キノピオがゲームやってるように見えてきた	0	A me	0
0482	公式の切り抜きが面白い 天才かぁ?   いちから社員の編集の力ｽｺﾞｲﾅｰ	0	よわむしArisia	0
0483	いやーキレッキレですね	0	りょくちゃ	0
0484	いちからの人が作ってて草	0	浜波海都	0
0485	ギバラは、えらちゃんには戻れない。 清楚の欠片もないよ！	0	あるふとなんだが	0
0486	暴言マリオカートのタイトル付くのがにじさんじ	0	東條成二	0
0487	けたたましく吠える猛獣の様。ここにありけり。	1	まっつー	0
0488	いちからの人しゅげぇ！	0	きららき	0
0489	闇落ちしたにしおかすみこ	0	神。	0
0490	このレベルのVなら切り抜き師雇ってもその動画で余裕で元取れそう	0	彼方田中	0
0491	運営の切り抜きなのに「高速回転するギアのような音」とか出されてるのか	0	茂木有紀	0
0492	多少まさお君	0	ちょーくまん	0
0493	俺は待ってるぞギバラ	0	ああ	0
0494	ギバラ色々あると思うけど頑張ってね  私たちはずっとついてるからね	0	はる	0
0495	笹木とかいうにじさんじのも◯うがいるからそこまで暴言と感じないわ。だからもっとキレて	0	空き缶	0
0496	誰かさんみたくしばくぞとか言い出しそうですね	0	BKWあき	0
0497	投稿して1分で高評価100もついてて草	0	アッキー	0
0498	なんか声変わったなギバラ。	1	ハヤト	0
0499	修羅の国の武道会やん	0	すすづ	0
0500	ハンドル握ると人って変わるんやなって	0	赤司凌大	0
0501	いやー、これはどう見てもギバラやわ	0	H S	0
0502	V界のもこう	0	鈴鹿レベル32	0
0503	地産地消	0	RAIMU 4265	0
0504	途中からスーパー三助	0	ーアオロー	0
0505	いちからが作ったのか……。	0	だいすき侍	0
0506	5分じゃ収まりきりませんよね	0	ER34乗りのほのかの旦那 ほのちゃそ	0
0507	動画上げてえらい	0	ifris 845	0
0508	高速回転するギアみたいな音でセンスを感じた	0	かたみみ太郎	0
0509	にじさんじの女もこう	0	パル春	0
0510	大丈夫か？心配ぞ？我心配ぞ？	0	崩ღ	0
0511	どうだどうだどヴだど5位…	0	アンパーン	0
0512	字幕付けすごい大変そう	0	サバナナ	0
0513	このシンデレラ不憫属性値カンストしてんな	0	ノブりん	0
0514	愛されてるなぁ～。	0	4869	0
0515	サムネが完璧あの人のパクリw ギバラ見てるって言ってたもんねw	0	ポテトサァン	0
0516	切り抜き！？ありがとう…     いちからかーい！	0	ゅぅゃょゎぃ	0
0517	VTuberの中で一番切り抜きが難しい (ずっと叫んでてクリップをカットするタイミングが難しいから。) VTuberなのに上手くまとめてあって感動した…	0	SAS-サス	0
0518	いつもの	0	蝸牛159。	0
0519	いちからの人ありがとう	0	矢澤式WINTER	0
0520	クレヨンしんちゃんのマサオくんみたいな声出しながら可愛い娘がゆらゆら揺れてる様を見ている自分に萎えてチャック上げた(悟り)	0	美味しいポンデリング	0
0521	も こ う の 上 位 交 換	0	るりり	0
0522	4:42  （何か高速回転するギアのような音）	0	もっちー	0
0523	この暴言、守りたい	0	幽斗	0
0524	I know this is english and pretty much an old question but what happened to the villager girl 2 years ago? What happened to her?	0	Lugh Tuatha De'Dannan	0
0525	1:32秒。普段何検索してんだか	0	トマト撲滅委員会委員長	0
0526	"いちから"の人が作ってくれました。  笑うしかないんだけどw	0	LVT mogu	0
0527	ギバラ、江良ちゃんはどこ？	0	__ silycuz__	0
0528	自分で作ったのに活躍したところだけ切り抜く訳じゃないんだな     概要欄後 知ってた	0	西瓜りゅう	0
0529	これがチンパンジーにマリカをやらせた社会実験ですか。	0	天塚-Amaduka	0
0530	もこうより上手い	0	ベニーチャンネル	0
0531	別の某実況者ならSwitch壊してますよ	0	ぺぺろんちーの	0
0532	何だこのシンデレラ	0	ko. ko.	0
0533	サムネが完全に例の〇〇さんリスペクト	1	あ、	0
0534	高速回転するギアのような音で草	0	煮干しぼしぼし	0
0535	公式感なくて危うく見逃すとこだった、編集上手い！しゅげぇ！	0	林檎りんご	1
0536	なんなぐっとくるものがあるな…	0	猫じゃい	0
0537	マリカやってる時の言いたいことを全て代弁してくれてる	0	色違いレシラム	0
0538	女グループにいる面白いやつ	0	Eykerz	0
0539	なんか最初からもう声潰れてません？()	0	Red PIum	0
0540	正直興奮した	0	・ぴっぴのありす	0
0541	デビュー間もなく堕ちてますよあなた	0	発光ダイオード	0
0542	高速回転するギアのような音は草	0	ジュズ	0
0543	平常運転で安心した	0	AL Channelアルチャンネル	0
0544	優しい運営さん、他の切り抜きも作って欲しいです、ギバラと一緒に身体に気をつけて頑張って下さい。	0	神城アキラ	0
0545	？？？「雑魚がよぉ！！」	0	わたし	0
0546	ピネガキかと思ったわ	0	NagayamaRyo	0
0547	御  伽  の  国  の  舞  踏  会	1	ムーニーマン	0
0548	こう聞くとめっちゃ汚い声やな         かわいい(悟り)	2	SOMA柿渋	0
0549	ギバラ。。。バラバラ。。。	0	Simon Sultan	0
0550	叫び声にマサオくん補正がのっていてマサオくんの声にしか聞こえねぇ	0	きいと	0
0551	あったなぁｗ　公式にも落ちるじゃなくて堕ちるってかかれてるあたり草まみれやｗ	0	いぷしお	0
0552	皆ギバラのこと好きなんだな。俺もギバラのこと大好き💓♥️❤️。	0	拓馬たくま	0
0553	1戦目なんとも言えない微妙な順位で草と思ったら本人も言及して草	0	クーゲルシュライバー	0
0554	芸人力高い	0	ユリオ・リスキー	0
0555	サムネ見てキヨだと思った。	0	サタ	0
0556	一龍斎貞友	0	ふくば!	0
0557	フルスロットルの時以外がないなこのシンデレラ	0	棚音	0
0558	結局このゲームってラストのアイテムしだい？(マリカやったことない)	0	NAMU	0
0559	喉壊しそうであたし怖いわ	0	頭文字R	0
0560	いちからスタッフたすかる これからも俺たちのシンデレラのこと頼むわ…(後方彼氏面)	0	ぺったんぺったん	0
0561	こいつヤバいな	0	あんころもち	0
0562	女体化したもこう	0	クロト	0
0563	完全に某黒猫w	0	メイフの蜜ぎ隊	0
0564	公式切り抜きってもはやダイジェストなのでは？🤔→🤩→😱→🚓→🧨⚰	0	sky Ver.08	0
0565	声の言葉も汚いのに顔だけは常にかわいいのにいちからの慈悲を感じる	0	肌がケバブみたい	0
0566	公   式   が   狂   気  これがギバラなんだよなぁ(安心感)	0	:ホワドリ	0
0567	高速回転するギアのような音でダメだった	0	エリック	0
0568	自分に素直なのはいいことだと思う。	0	佐々木裕希	0
0569	3:25 ここ自分で「好きなんでしょ？」って言っておきながら正面から好きって言われると照れるタイプのチョロイン    好きです	0	Snt	0
0570	暴言マリオカートって言ってるけど 暴言が出なかった事あったっけ？？	0	1000人に1人の視聴者ぴぴ	0
0571	何か高速回転するギアのような音で草	0	にи	0
0572	も◯うさんの切り抜きはここですか？	0	タッキー	0
0573	通常運転	0	予備校2年生の限界オタク	0
0574	ギアの高速回転する音すき	0	つな728	0
0575	公式公認やん。	0	しをん	0
0576	何か高速回転するギアのような音で草生え散らかした	0	マギクス	0
0577	高評価せざるを得ない(最大級の褒め言葉) 何かが弾けて終始楽しいもおおおゔあああああああ！！！！！(発狂)	0	Shoh123	0
0578	高速回転ギアすこ	0	Pandora Box	0
0579	（・▽・💠）＜人に作らせて搾取するのが1番なんですわぁ	1	くいーんりばぁ	0
0580	いつも通りのギバラ運転、安全だね	0	S, kanta	0
0581	GJ部	0	ただのゲーム好き	0
0582	小2の時の自分ですらマリカでこんなに暴言吐いたことないぞ……さすがとしか言いようがない……	0	杉並	0
0583	声が枯れっかれやけど大丈夫？	0	ヤドンの化身!	0
0584	もはや公式側も初期の家庭的な女性の設定忘れてる説	0	ヒラモト	0
0585	いちからのひとへんしゅうかんしゃ	0	93 ____	0
0586	いちからの人、ありがとう	0	【敗者】	0
0587	御伽原江良 アンジュ・カトリーナ 葛葉 ー 月ノ美兎 リゼ・ヘルエスタ 叶 ー 剣持刀也 戌亥とこ 加賀美ハヤト ー アルス・アルマル 鈴原るる 本間ひまわり	0	そーるSor	0
0588	Core ぶつかってくんなっ 2:10 コースぐるみでわたしを貶めようとしてくるぅ 4:49	0	おーでころん	0
0589	人人人人人人人人人人人人人人人人 ＞信じられるかよこれ公式なんだぜ＜    ^Y^Y^Y^Y^Y^Y^Y^Y^Y^Y^Y^Y^Y^Y^Y^	0	ゆと。	0
0590	mii顔怖すぎやろ	0	野獣先輩	0
0591	公式が病気ってこういうことなのか？	0	ゆきみん	0
0592	じゃがいもの芽をくり抜いて、芽を食わせる悪魔の所業	0	23 BvB	0
0593	某実況者みたいなMiiのふざけ方してて草	0	Yuki３００５	0
0594	サムネ見たとき◯ヨかと思いました笑笑	0	ケンタ	0
0595	ギバラと一緒にゲームしてみたい  友達とゲームやるならこんぐらいやかましい方が絶対楽しい	0	アキ	0
0596	いち	0	さ.	0
0597	クラスにギバラがいてもヤベー奴だと思って近づかないと思うわ	0	寝取り寝取られ振り振られ	0
0598	やんじゃん	0	ねこ	0
0599	堕ちるに編集者の人に悪意を感じる	0	アリムARIM	0
0600	うん、字幕付いてもわかんないや…	0	天春月夜	0
0601	柳原可奈子の声に似てる人だ	0	0oキリっとキリ切嗣っ o0	0
0602	この調子で自分の過去と闘ってほしい	0	あるかな藩主	0
0603	無断転載みたい(小並感)	0	レモンサイダー	0
0604	この人初めて見たけど、マリカやって人格変わってんやん	0	あ!これ進研ゼミでやった所だ!	0
0605	いちからに任せるな	0	安部水木	0
0606	こういうリアクションやばいけい必ずオンラインでわざと怒らせておもちゃにされるのが多いからねぇ	0	超絶大爆死神アホクズ	0
0607	なんか女版令和チャンネルみたい	0	伏黒甚爾	0
0608	Just an usual vtuber rage and cursing onto mariK	0	Kuunibyou	0
0609	い ち か ら 公 認 暴 言	0	ワシャーシーク	0
0610	い つ も 通 り の 暴 言 吐 く こ と	0	りお	0
0611	舌の巻き方がプロ（何とは言わない）	0	FuziPro	0
0612	これを公式があげてることが最大の問題だと思いませんか？     僕はそう思います(ささやかな抵抗)	0	24歳、学生です。	0
0613	4:42VTEC	0	シャアアズナブル	0
0614	可愛い女の子が暴言吐きちらかすのってたまんないよね。	0	おかもっチャーハン	0
0615	カボチャの馬車じゃないからこうなるんだよ。	0	炙りカルビ炙りカルビ バスガス爆発	0
0616	サムネがキ○やんけ	0	PEACH TEA	0
0617	でもなんかちょっとかわいいなって	0	けみか	0
0618	落ちるじゃなくて堕ちるんやな	0	鬼沢龍	0
0619	だんだん怪獣になってきてるな？	0	コンポタシマウマ	0
0620	助かる	0	けい	0
0621	そういうところだぞいちからぁ！！！！     べ、べつに珍しく有能だからって、い、いちからのこと好きになったとかじゃないんだからね！	0	ちごいげくxd	0
0622	gggggggg瀬戸みやこVS瀬戸みやこVS雨宮試	0	そーるSor	0
0623	.....ふぅ。	0	luv@eevee	0
0624	よう俺	0	アキー	0
0625	サムネイルが完全にキ◯	0	内和	0
0626	堕ちるな	0	寝てるとき以外眠い	0
0627	ほんへ・・・？	0	2108	0
0628	いや、そら好きだよ？	0	/Yuzu Suko/柚子スコ	0
0629	ギバラ失踪ってま？	0	Tomsan87kurkurツクカ	0
0630	男やん	0	MQeq 1	0
0631	これ公式で良いのかよ!!      江良ァ!!	0	帰ってきた魔法少女捜査1課ライダーのグルメ	0
0632	公式かよ笑笑	0	藍夏	0
0633	息を吐くように暴言を吐く女	0	な〇	0
0634	何かギアが高速で回転するような音で無理だった	0	緋花めう	0
0635	DS以来マリカーやってなかったけどチクタクロック？(チックタックロックだったかも)めっちゃ進化してるんやな…	0	ポンコツマン三郎	0
0636	(何か高速回転するギアのような音)	0	sora ninn	0
0637	運営に王侯いるわ。	0	カブト小さい	0
0638	ちょいちょいもこうレベルの叫び方になってて草	0	トト	0
0639	自声？	0	あおい君、	0
0640	サムネめっちゃ某実況者に寄せてて草だ	1	ひなた	2
0641	マリカーはその人の本性を暴くってそれ1番言われてるから	0	ハッシー	0
0642	ギバラ普通にマリカ上手くね？	0	ぱさら	0
0643	珍しい	0	社畜あいしゅん	0
0644	に  じ  さ  ん  じ 公  式  暴  言  ラ  イ  バ  ー	0	えくせる	0
0645	もこう？	0	かさたなあ	0
0646	も◯うレベルで不運だなw	0	ガチγ	0
0647	プレイ中うるさい人大抵下手くそだけど 見てて楽しい	0	イガ忍	0
0648	動画だ	0	ちっぷチョコ	0
0649	なんだろう、もうギバラで定着してたから忘れてたけど、この人シンデレラだったね、忘れてたわ	0	秋春	0
0650	???「シバくぞゴルァ」	0	暇人意思マエ	0
0651	地  産  地  消	0	しゃむねこ	0
0652	「公式切り抜きも見る」「ファンの切り抜きも見る」 「両方」やらなくっちゃあならないってのが「王子様候補」のつらいところだな 覚悟はいいか？オレはできてる	0	Bakkii	0
0653	ぼかしのワイプいらんくね	0	こぼし	0
0654	サムネがキヨさんに近いw	1	アジの開きになりました	0
0655	腐はえる	0	草コメbot 登録者300人目指す	0
0656	素材提供ですか？  音ギバラで助かりそう	0	トロピカルせんべい	0
0657	いちからが作ってくれたの？やさしいね。	0	ぜんぽう	0
0658	サムネ見て、某クロネコ実況者思い出した	2	れい	0
0659	アイコンキヨだと思った…     ？？？ 「ザコがよぉぉぉおおおおおぉぉぉぉぉ！！！！」	0	どんちゃんの運動会	0
0660	申し訳ないがくそワロタ	0	古川昇	0
0661	そりゃもう配信見てる人なら暴言やらメンヘラムーブやら失言やら全部含めてギバラが好きですよ。	0	タチバナ	0
0662	スーファミのマリカーしかしたことないから、マリカーの進化に驚きを隠せない	0	あきぽん	0
0663	ここ最近サボってない？	0	The Notorious	0
0664	これは・・・マリカにおいてギバラは     女版もこうなんか？	0	ルーン	0
0665	立ち絵じゃギバラみを相殺しきれなかったか	0	駄犬	0
0666	概要欄｢いちからの人が作ってくれました。｣   ＿人人人人人人人人人人人人人人人＿ ＞いちからの人が作ってくれました＜ ￣^Y^Y^Y^Y^Y^Y^Y^Y^Y^Y^Y^Y^Y^Y￣	0	御崎*	0
0667	妹の口が悪くなってきた原因	0	Amizel	0
0668	この人の運転する車の助手席にだけは乗りたくない	0	二ヴァン仙次	0
0669	どこが暴言なのだ？	0	アラウディ	0
0670	声クレヨンしんちゃんのマサオくんに似てないですか？。	0	霧島美心	0
0671	マサオくん	0	かなた!	0
0672	なんでこんなにおもろいん？	0	やみぃちゃん	0
0673	濁点率95%	0	Xicor-ざいこー[わたあめ]	0
0674	気付いているだろうけど黙っているお前ら　　 1分31秒	0	つゅえつゅえ	0
0675	ギバラは暴言ばっかで公式も手に負えんよな         俺氏動きます	0	龍神	0
0676	平   常   運    転	0	さんまる	0
0677	マサオくんやん	0	でびるまんドリル	0
0678	コロコロコミックの紹介文に偽りなしだな。これはキッズにも大人気間違いなし	0	愛の歌	0
0679	動画の最後のかわいい女の子は誰ですか？	0	8color	0
0680	＿人人 人人 人人人人 人人 人人人人 ＿ ＞何か高速回転するギアのような音＜ ￣Y^Y^Y^Y^Y^Y^YY^Y^Y^Y^Y^Y^YY^Y￣	0	田中カカオ豆	0
0681	サムネがキ〇では………	2	M MM	0
0682	これがシンデレラモチーフかぁとお思いの皆様 シンデレラは大公の息女でありながら下女のような扱いをされる屈辱を受けるも耐え忍んだ逆境に強い鋼の女なので合ってます	0	左門スシ郎	0
0683	So gibara is a metallist?	0	Yuzu	0
0684	ギバラどんどん口悪くなる	0	マイナハム	0
0685	所々マサオくん	0	ねろねる	0
0686	サムネの雰囲気、キャラの奇抜さといい言葉選びといい某実況者を連想してしまう、、、	1	ワサビたね	0
0687	トークをとめないで無言状態をひとつも作ろうとしないように頑張ってるようにみえてすごいこの人は頑張り屋なんだなと思った	0	GarageBand JPN Boy__バンド男子	0
0688	ごめん、初配信しか見てないんだよね。    つまり誰？	0	猫田三毛	0
0689	いちからさんの愛を感じずにはいられない     …ホントに嫌われてない？ 運営さんと仲良くやれてる？	0	ギグにぃ	0
0690	七原	0	赤いセールスマン	0
0691	マサオくんいない？	0	自宅警備員派遣会社	0
0692	1	0	オーレ・ウェルギウス	0
0693	この人面白いですね、何て名前の芸人さんですか？あと全然関係ないけど画面左下の可愛い子誰ですか？	0	蒼チャート	0
0694	にじさんじにも新しい風を呼び込むべき その点でこの動画を投稿するスタイルが認められていけば良いなと思う(認められていなかった訳ではないが、主流が配信だけでは多様性に欠けるので) それにおいてゲーム実況の文化を取り入れるのはにじさんじの中では革新的でいいインパクトだと思う	0	チョコ甘くね?	0
0695	なんか口の汚さに磨きかかってない？w	0	彼氏持ちは彼氏の脳を破壊するチャンス	0
0696	ギバラのマリカ、想像の0.5倍くらいうまかったわ	0	りーりー	1
0697	0:44 痛い痛い痛い！熱い///          さぁ目を閉じてごらん？       大して抜けなかったわ	0	御伽の国のデュエリストぱくぴぃ	1
0698	キヨで草	0	【公式】自殺投票	0
0699	(⌒,_ゝ⌒)	0	幽閉	0
0700	女版(⌒,_ゝ⌒)	0	y y	0
0701	コイン1つに付き0.1%早くなりますよ。10枚で1%早くなるので1との差がつまらないときはコイン取った方がいいですよ！	1	エイ	0
0702	マスオくん？	0	オーク	0
0703	あれ？この動画○○さんの実況チャンネルじゃなかったの！？ あ、あなたは誰ですか！？	2	チャンシン	0
0704	サムネと内容がも○うで草	0	ザルビア	0
0705	30万人おめでとう。 最近グループで切り抜き多いけど、そんなに配信まともにする時間もとれないのか。 忙しいんやな。 切り抜きって過去を見せるだけの時間稼ぎだから半年ももたないと思うけど、まぁ頑張れ。 リオンともっとコラボしてくれよ。 リオンぐんみちえらでマリカコラボが一番俺得なんじゃが。 まぁそんな未来は無いだろうけどw	0	ラムゥ【元FPSプロゲーマー】	0
0706	公式が作ってるのは草	1	Fの人	0
0707	サムネのキヨ感	1	maimai帝国	0
0708	あれ？なんかえらちゃんの声変わった？	0	両面宿儺ファン	0
0709	サムネ見た感じキ⚫さんかと思った	0	すずかす	0
0710	初見です！しょぼんのアクション好きそうな超えるとしてますね！	0	エンドロール	0
0711	キ○かと思った🤣	0	もさもさ	0
0712	も○うには勝てんよw	0	帆船108	0
0713	サムネ見てキヨかと思ってきたらギバラだった	0	ろむ	0
0714	サムネ見た瞬間お、キヨマリカあげてんじゃんって思ったけどギバラだったんで抜いた	1	Happy全能神	0
0715	サムネ見て某アイコン黒猫実況者かと思った	1	Naolium-繰り返すナオリズム	0
0716	サムネ見てキヨかと思って開いたらギバラだったわ	1	kyon kyon	0
0717	なんかFacebookの動画でめちゃ再生数増えて海外勢の収益になってそうなページあったけどアレはそのまま放置でいいの？英語字幕や動画途中くりぬきだったけどデレマスガチャ動画や１年記念の初配信見てみるの動画も再生数凄かった てかFacebookで収益化出来るなんて最近知った	0	援護射撃	0
0718	もこう＋小学生＋汚い女の声 これなんだ	0	りょーちゃん	1
0719	サムネがキヨだ…	0	RISE	0
0720	サムネ　キヨ意識しただろww	0	Shotaro M	0
0721	こんな笑ったマリカー動画はじめて ツイステでぎばらちゃん知ったんですがめっちゃファンになりました…主に口の悪さに…	0	k	0
0722	キヨのサムネじゃん	1	アウグすとぅす	0
0723	3:25 「好きなの？」 大好きだよ江良ちゃん(ｲｹｳﾞｫ	0	マホイップすこ	0
0724	キヨかとおもた	0	Ru Mu	0
0725	キ○モさんかと思ったら違かった	0	ピノ	0
0726	サムネがキヨそのもの	0	ふらぺまっちゃ	0
0727	サムネが完全にキ〇で草	0	エクスシーア[ELS]	0
0728	若干キヨ	0	さしすせそ	0
0729	すまん、サムネだけ見てキヨかと思った	0	ぴーす	0
0730	名前隠せばいいと思ってるのか知らないけど普通に不愉快(^_^;)ギバちゃんはギバちゃんだし意識してるとか似てても言わないでよパクリみたいに言われてるの見てて辛い	0	め	0
0731	なんかサムネ誰かのと似てる気がするけど触れないでおこう…	0	エリスん	0
0732	サムネの感じとかMiiの顔のパーツとかキヨに似てんなw	0	みず	0
0733	声きたな	0	ああ	0
0734	Bosnaさんの動画を見て己の態度を改めてほしいですね！	0	ユウユウ	0
0735	某黒い猫アイコンの人意識してそう	0	さいか	0
0736	ﾌﾞﾝﾌﾞﾝﾌﾞﾝ ﾊﾛﾕｯﾁｭﾌﾞ どーもgibakinです Gibaki〇ntamaです	0	- noz -- 望 -	0
0737	Miiもサムネもどこかの黒猫に似てるw	0	コースクゥー	1
0738	Miiが若干キ〇に似ててもうそれにしか見えなくなった	1	たくみ	0
0739	なにこれ	0	きよね	0
0740	もこうの劣化版 （⌒,_ゝ⌒）	0	神様	0
0741	こんなシンデレラいるかよ。かぼちゃの馬車も願い下げだろこれ。	1	ピッグマン	0
0742	ギバラ運転免許取らんでな。	0	WAVE HAKUTO	0
0743	品がない	1	のthumb	0
0744	サムネ完全にキ〇	0	せっきー	0
0745	サムネが〇よにしかみぇねぇよ	0	カムラヲ	0
0746	御伽原さん……      よくこれで引退させられないね……人気の方が上回ってるのかな。	0	M S	0
0747	マリカやってるせいなんだろうけど3Dの時の声が普段より一層汚いから2Dの時の声が若干清楚に聞こえる	0	ああ	0
0748	口の悪さだけは(⌒,_ゝ⌒)	0	かあ	0
0749	いえーーーーーーーーーーーーーーーい YouTubeアカウント名　ガブガブ　って人見ってるー？？？？？	0	a a	0
0750	怖いです 初見なんですが、これを見て楽しめる人の気が知れません	0	Mt P	0
0751	運転が下手な◯ヨ	0	イクタ	0
0752	ガブガブ　　って人が他の人の配信荒らしてました❗️よくここのチャンネルに遊びにくる人らしいので気を付けてください❗️	0	a a	0
0753	もこう先生とコラボせんかなぁ〜	1	新羅	0
0754	皆がキ〇ヨキ〇ヨ言うから見に行ったら 本当にキ〇ヨに似てたわ        毎回動画みとるはずなんやけどな…	1	電茶知蘭〈デンティ·チラン〉	0
0755	完全に劣化版も〇うで草     しょぼんの時は上位互換になってたのに…	1	オルミエントちゃんねる	0
0756	これ何が面白いんだ？二番煎じじゃん	0	さんかぼ	0
0757	＿人人人人人人人人人人人人人人人人＿ ＞ *いちからの人が作ってくれました* ＜ ￣Y^Y^Y^Y^Y^Y^Y^Y^Y^Y^Y^Y^Y^Y^Y^￣	1	不屈のもなか王田中	0
0758	何故絵を使って実況してるのでしょうか？カクカク動く絵を使って何がしたいのでしょうか？笑 そして、女性実況者はどうして声を作るのか、自然な声だともっと面白くなりそうなんですけどね…。まぁバチャ豚供から可愛い可愛い言われたいのでしょうけど笑	0	純白ちゃん	4
