0001	13:22 ここのギバラのリアクションマジで草	138	アフォガード	1
0001-001	卑猥じゃん...!(目を見開く)	4	マタタビットX
0002	43:36　キノピオ出演	80	田中一郎	1
0002-001	田中一郎 これはキノピオコラボ期待	0	海腹
0003	偶然にもえるさんとコラボしたのにほとんど同じ画面に映らないの草 しかもギバラ本人はえるさんに気付いてないのもっと草	69	えるぷりあ	1
0003-001	えるちゃんスタート地点あたりで積んでて行けなかった	1	アキ
0004	51:39 兄に殺されたルイージです。 次にマリメをする時はマリオを狙おうと思います。ありがとうございました。	88	戦闘力5のカス	0
0005	13:20キノピコで抜くニキいて草 ギバラもびっくりしてる	90	しばさん	0
0006	53:48 愉悦	60	dekarucha	0
0007	1:43スタート	33	。アスパラギン。	0
0008	1:23:13 †マリメのかみ†	90	そこらの民衆	3
0008-001	悔い改めろ	0	きよね
0008-002	十字架…風	1	lemon・T・ドフラミンゴ
0008-003	＋マリメのかみ＋	3	陽炎日和
0009	11:26 なんか偶然のコラボ？してて草 それにえるえるもマリメ2の生放送してて、えるえるはギバラに気付いてた	57	あんさんだー	2
0009-001	えるえる「コラボ不成立！」	1	田中翔太
0009-002	えるえるだ、気づかなかった…	6	そこらの民衆
0010	1:23:49 オレっ娘イキりギバラ(+マリメのかみ+) かわいすぎひん？	24	牙狼ニ乃牙太刀	1
0010-001	わかる。	1	寝牟田/紅月
0011	キノピオの真似とくそぉがめっちゃ好き	11	しょう	0
0012	今日もかわいいギバラ💕	5	神城アキラ	0
0013	27:50 あーいからのギバラがかわいくてすき 58:00 自分用 配信みててはじめてコメント読まれてビックリした	17	牙狼ニ乃牙太刀	0
0014	兄さんバイバーイ😎	7	星空泉	0
0015	13:51もはや存在がきのこ野郎d…  卑猥じゃん(迫真)	1	じわじわくるやつ	0
0016	ｸｿｫ…の くそ雑魚感	0	お化けちゃん	0
0017	久しぶりのマリメ助かる❗ あとリスナーから送ってきたコースに挑戦する企画やってほしいね。	1	リクエ 2	0
0018	ギバラのマリメほんまいつまでも見てられる	10	佐々木太郎	0
0019	キノピオめっちゃ似てて草	0	4 YAMA	0
0020	ガチギレが前提で草	0	駆逐艦が主力のT督	0
0021	ぎばー	3	らず	0
0022	無線いて草	0	天性の弱虫.	0
0023	ぎばら可愛い	0	Yuu Shal	0
0024	マインクラフトで逃走中もどきできそう。（小並感）	1	Satoimono Ch.	0
0025	ギバラって自分に正直で好き()	0	ピー太郎	0
0026	御伽原えらでーち集誰か作って下さい	0	たなかまさい	0
0027	これが卑猥なキノコさん御本人ですか	0	海洋生物	0
0028	うｐ乙です。キノピオの声真似上手いですね。	0	ゼロキ	0
0029	儀バラの叫び声あたまにささる	0	草製造機	0
0030	13:22 キノピコヌキニキ	8	ハルHAL	0
0031	キノピオ　CV:ギバラ	0	亀眼鏡	0
0032	キノピコは普通に抜くでしょ	0	AB BB	0
0033	ギバラの叫びとキノピオの声似てる…似てない？	0	ジジ	0
0034	失敗続きで元気出無かったし、無感情状態だったけど、江良さんのお陰で笑えて元気が出ました。  今日もありがとう...😌	1	よわむしArisia	0
0035	正直な話ルイージって作品内での扱いも酷いし、視聴者からも嫌われているから不幸以外何でもないでしょ。	0	ヨネ	0
0036	ケリンの騒音見て思ったけど、 マジで防音には気をつけてくれよ  ギバラの実況も、防音なけりゃ隣人からしたら迷惑でしかないレベルのうるささだから	1	南眞平	0
0037	I understand nothing. However, these streams are still fun to watch	2	Basic Raincloud	1
0037-001	Same.	1	SharinganSakura
0038	そろそろロビカス倒す動画が欲しい	0	ベクター	0
0039	参考までに マリメのレート戦でゴールが旗のコースの場合、一人がゴールしてもしばらくの猶予があり複数人でゴールすることが可能です 2位以下になってしまってもゴールしていればほとんどレートが下がらず、そのため高レート帯では自分が勝ち確になった場合は待ってあげる場合があります(あくまで一部のプレイヤーにとってのマナーでありまだ浸透しているものではありませんが)	1	ちっぴー	0
0040	Does anyone speak English?	0	N _00	0
0041	忖度のどこが優しいんだ？ 自分がされたら萎えるけどなあ	13	工藤新一	0
0042	キノコ野郎より抜けないギバラ	1	Mw Mw	0
0043	土管がTENNGAにしか見えない	1	堕ちん歩党の大逆襲インポテンツ、イマラ.ターザンの気筒包茎炎完治までの奇跡の一週間	0
0044	20:33 猫クッパ二体倒すステージのルイージことじゃまなざっそうです ギバラとマッチングして邪魔を出来て満足してる！！ありがとうギバラ！！ あの後もう一回マッチングをしようと狙ったけど諦めてランクBにしたけど また今度放送があったら邪魔をしてやる😤	3	そこら辺のざっそう	0
