0001	1:21:44　ここアンパンマンの叫び声そっくりなんだけど  アンパンマンがばいきんまんに性転換の薬打たれる回の叫び声そっくり	11	るこう	1
0001-001	え…？？ なんじゃその回…	0	fingers Butter
0002	最近配信多くて嬉しいよ……	159	ふぐ	3
0002-001	もう引退してしまうね... 寂しいねぇ	1	ぼっちー
0002-002	@、ぽてち ツイ〇テ動画も好きだけどこういうゲーム実況配信してくれるとちゃんと仕事してる…って思えて生きる糧になる……	3	ふぐ
0002-003	わいもや...	2	、ぽてち
0003	まだ学生でメン限入れないから最近普通の配信してくれてうれしいです！	166	塩川豪鬼	0
0004	実　家　の　よ　う　な　安　心　感	163	いや新大久保で草ァ!!	2
0004-001	ギバラが俺達の実家だもんな	4	絶対に結婚するライナー【登録者数1000人で結婚】
0004-002	めっちゃわかる〜	2	登録しないとミサイルが飛んで来ます【1500人目標】
0005	通常配信ほぼしなくなって心配だったけど急に配信するようになるとそれはそれで心配になるな…………	96	醤油	0
0006	50:25 この江良ちゃんの顔が好きすぎる	42	ムラカミ	0
0007	🐸が目を合わせなくなったのを見た時の｢ごめんね…｣が可愛い過ぎる	7	氷宮霧佳	0
0008	50:23 57:26 顔	18	ひなぎくhinaggik	0
0009	手足渡した後動けるのはカノウセイというゲームを思い出しました	2	波風	0
0010	魔女の家はギバラを知るきっかけやったから嬉しい	12	oliwell 81	0
0011	ギバラの普通の配信、しかもホラゲ配信を見れる幸せよ	36	あんずもちもち	0
0012	魔女の家初めて見たけどめっちゃビビったw(ギバラの声に)	0	D Koki	0
0013	ネタバレカスは半年ROMれ	25	なかせい	0
0014	深夜に見るの怖くて見れなかったから今見てる	2	たま	0
0015	日記の×××に朕を当てはめて読むととても愉快	8	垂直右足	0
0016	家の意思ですよ	1	nkpkrn	0
0017	ありえんくらい冴えてて泣いた	1	ソルティライチそるてぃらいちSalt&Litchi	0
0018	2回動作御伽原 健康的な生活は素晴らしいです 明日救われます！	0	福井雄一郎	0
0019	落ち着く､､､､､	3	鼓舞沙羅堕	0
0020	ツイステ（ガチャ）でも理不尽な目に遭ってるのにホラゲでも理不尽な目に遭いたいなんて俺の推しが不憫すぎる😍件について	2	サラダにょー	1
0020-001	ラノベタイトルとして読むとちょっとおもろい	2	ストンストン
0021	おつえら〜 何回もの場面あったから楽しかった	4	黒い腹	0
0022	親B消失事件	0	ヒムさん3号	0
0023	12:35 ここRFAの伏線回収(腕取れるのやつです)	38	コンティロマネ/イルミナたんふぁんくら部部長	1
0023-001	そのためのシャンクス	0	絶対に結婚するライナー【登録者数1000人で結婚】
0024	今回も楽しかった	0	Gサブカライト	0
0025	ありがたい....!!!!	3	雑魚のひまじん	0
0026	疲れてバイトから帰って来て、ギバラの配信が見れる幸せ	20	Y T	0
0027	最近配信多くてうれしい！ 無理せず、頑張ってください	1	みずき	0
0028	魔女の家実況助かる	0	takoyaki	0
0029	楽しかった	1	risore	0
0030	もうVtuberのサムネじゃなくて草	28	LeyUfErth	0
0031	この雰囲気なんかすごい安心する	0	Hiraki	0
0032	2回行動 健康的な生活送れてて 明日もあるの助かります！	3	コンティロマネ/イルミナたんふぁんくら部部長	0
0033	長めの配信ありがとう……これで年内は頑張れるよえらぢ……！！！	3	15パエリア	0
0034	たまげた	1	暁の蛇拳士ショオツィオ	0
0035	46:07 神回避	7	ヨァ	0
0036	えらちゃん叫び散らかさないのに成長を感じる大きくなったね(誰？)	11	うぇいうぇいあたおか	0
0037	57:31 57:42	0	ひかり	0
0038	江良ちゃんほんま好き	1	ゴミ	0
0039	すき	3	。純全断幺九	0
0040	ギバラ復活してくれて嬉しい	3	えびふらい	0
0041	配信多くて嬉しいです！ けど、急に多くなったので少し心配…	1	無題	0
0042	コメントの​「お願いダーリンからきて初見なんですが、同一人物ですか？」は草	4	絶対に切れないミサンガ	0
0043	本当頑張ってるね 	6	牙狼ニ乃牙太刀	0
0044	ギバラちゃんって、こう、昔からの幼馴染みで昔は男の子っぽかったけど成長して滅茶苦茶可愛くなったんだけど、中身は変わらずみたいな感じ。結論としては、可愛い	5	氷宮霧佳	0
0045	最近配信再開しだしたのかあ、また見に来るか	0	ちくわLia	0
0046	ギバラの配信しゅき	4	けーよ	0
0047	このゲームたまに理不尽な死を迎えるから好き	10	すしわ	0
0048	前回の魔女の森配信見に行ったら別人やったｗ	1	[編集済]	0
0049	初めてやった魔女の家のエンディングで泣いちゃう江良ちゃん可愛かった まさかエクストラもやってくれるとは思ってなかったです…嬉しい( *´ω`* )	3	小坂はる	0
0050	配信リアタイできなかったけど面白かった！他にも「霧雨が降る森」「殺戮の天使」とかやってみてほしい	1	x toom	0
0051	配信うれしー	3	ヤドヤドク	0
0052	喋り方変わった気がする	1	トイレ	0
0053	序盤超えてからは結構サクサクだったね。ゲーム的カンの良さはやっぱりあるんよ江良ちゃん  ボンバーマンを除けば	14	紳士.	0
0054	だいぶ難しくなってるねぇ 所々マジで天才だった	3	ゅぅゃょゎぃ	0
0055	俺ノーマルのスマホ版、死亡シーン全回収したの懐かしい	1	奈落神扇	0
0056	カンニングして配信見ながら食う米は美味しいです、ビビってお椀落として割った破片が喉に刺さって死んだ	8	清楚担当 辛子山葵	1
0056-001	成仏して、どうぞ	3	暁の蛇拳士ショオツィオ
0057	配信頻度どうしたwwいやめっちゃ嬉しいけど逆に心配なるわww	0	名前は	0
0058	頻度高すぎて心配。叫ばなくなったし。道端に落ちてるものでも食べた？	2	天宮	0
0059	去年の魔女の家のアーカイブ見に行ったら知らない女の子がいた	2	ずち	0
0060	最近配信が多いけど…ガチャに金使いすぎたもしくはこれから使うんかな…	1	平成	0
0061	ちゅぱちゅぱ	0	ずっと真夜中でいいのか?	0
