0001	6:03　NHKの集金	328	かたみみ太郎	3
0001-001	至近距離で上目遣いからの唐突な笑顔で心臓をやられた	1	青のり豚
0001-002	マジでそれだわww	1	lemon・T・ドフラミンゴ
0001-003	センスの塊すぎて···w	5	fo g
0002	1:38 は？可愛いなこいつ	181	こたぶーぶー	2
0002-001	キレながら褒めるの草	1	白猫で煽る弁護士
0002-002	Thank you for the time stamp!	4	Gamersbile
0003	1:20:34 さすがにごめん	126	ko. ko.	0
0004	1:29:04そういうとこやぞギバラ、好きだ。	79	ねこきゅうり	1
0004-001	そういうとこやぞ…そういうとこやぞ？そーーーレ！！ココ！！戌亥ココ！！	2	ねっこ
0005	1:42:35～  今までなら｢ガチ捕食距離｣とかいじれたのに普通に可愛いじゃねえか…	116	ヨナギケイ	1
0005-001	ガチ捕獲距離………いじりのセンスいいな。        天才かぁ？？？	7	おくすり
0006	1:06:37 ウーパールーパーコメ拾ってくれてありがとう	77	Miroir Egg	2
0006-001	ありがとう・・・	2	3 hage
0006-002	あなたは神か  胸に戦艦大和の46cm砲弾を受けたよ	3	よわむしArisia
0007	タイトルとサムネ何だよって文句言いにきたら 更に変な背景が出て来て困惑した	45	黒猫	0
0008	かわいすぎるだろ…優勝だよこんなの 観測できてなかった手の動きとかつくだけで無限にかわいい	51	柳ユウ	0
0009	Google 翻訳を使用して英語を話す人が来て、あなたの動画が大好きだと言いたいだけです！ <3	62	BeanieBabie	2
0009-001	plushibunni  This word harms the human body	0	取扱説明書になるはずだった人
0009-002	She knows what you want to say for sure!	1	Tackmyn Y.
0010	最近、本格的にギバラにガチ恋してきた自分が怖い。   最後の素材は助かるしクッソ可愛い。	86	タクト道産子	1
0010-001	タクト道産子 分かる。最初は可愛い江良ちゃん、ネタのギバラって感じで見てたけど今はギバラも可愛くて仕方がない	7	_ sasa
0011	背景の魚もbgmもシュールだけど江良ちゃん本当に超絶かわいい。	23	蛇屋	0
0012	1:45:28落差がやばい	10	二流ペロリスト	0
0013	手を叩く 1:55 57:40  (おすすめ) かわいいな(*´v`*)	30	KNBLADE	0
0014	21:04 のニヤケ(に見える)タイピングめっちゃ好き	13	いの	0
0015	1:39:30 めっちゃかわいい	19	カニカマ	0
0016	5:40 可愛い😭😭💖💖	16	Pupseus	0
0017	いきなり掌返しして可愛い可愛いって連発するリスナーのみんな～！！！！！！！！ 私もだ～！！！！！！！！！！	8	Tackmyn Y.	0
0018	48:30 タイピング	45	カブト小さい	1
0018-001	21:04も	4	O-jiccu _D
0019	1:17:30 ここらへんちゅきちゅき	13	ノラネコ	0
0020	1:20  自分用 ここの顔好きすぎる	5	-Kido-キド	0
0021	11:54 ちゃんと見られてたの笑う	31	モブの人	0
0022	昨日8時に寝ちゃったせいで配信行けなかったわ…	3	マイナハム	0
0023	ギバラもニシキハゼもエラの呼吸の使い手じゃん	5	jixi jixi	0
0024	配信お疲れ様！ ギバラ姉貴の可愛さに満足しながらも内心はＢＧＭが気になってたのはすまん。	4	tomo兄貴	0
0025	手首がおかしいことになってて何か恐くなってくる笑	5	しばさん	0
0026	ツイッターで検索するときは｢petit fleurs lang:ja｣ってやれば日本語のツイートしか出てこない	3	Xtasis	0
0027	タイトルあれじゃん 荒川アンダーザブリッジのマリア様の曲名じゃん	9	変態紳士杮の種	0
0028	身振り手振りで説明してるのほんとかわいい	2	ふるぐぐ	0
0029	3D江良ちゃんかわいいなぁ	10	いっちー	0
0030	え、何この可愛い生き物。え、めっちゃ声とリンクして可愛いやん…え、…江良ちゃん…？	5	抹茶のあまさき	0
0031	最初の数分メンバーしかコメントしてなくてメンバー限かと思った	4	okayu	0
0032	ぱ  が好きすぎる	3	kou113197	0
0033	笹木の上目遣い習得してて草	4	UT- UT	0
0034	3Dになってから意外と動きが可愛いことが判明したギバラ	3	とろ	0
0035	唐突に満面の笑みで笑い声出す度に心臓を突き刺される 可愛すぎだろ	0	青のり豚	0
0036	あざと可愛い	1	わたがし	0
0037	手を叩く動きとか凄いリアルで、とにかく可愛い(語彙力) そのうちにじさんでー使ってリズ天とか如何っすか	7	蒼樹リアラ	0
0038	黙ってれば可愛い...	0	たなかブライアン	0
0039	3Dのいい所、身振り手振りが可愛い	1	五月雨メイヨ	0
0040	俺くらいになるとタイトルの方からやって来る	1	のこぎりそう	0
0041	しっかりコロナに対して考えてて偉い😍	0	CAR S	0
0042	タイトルが完全に荒川のソレで草	0	あきゅう	0
0043	3Dモデル可愛すぎるやろ…	1	るのじょ	0
0044	にじ3dギバラめっちゃかわいい	0	積雪なのめーとる	0
0045	最初の、ｽﾞｽﾞｽﾞｽﾞｽﾞ…ﾁﾗｯ が可愛いすぎて笑えない	6	takuty 000	0
0046	ギバラankoROCKの服買ってそう	1	出口颯人	0
0047	ｳ”ｯｯ	4	伊豆半島	1
0047-001	...i...  遺灰は渋谷に撒いてくれ...	0	よわむしArisia
0048	サムネが強いなぁ	1	Altair	0
0049	タイトルがAUTBで草	0	阿部ランチ	0
0050	0:20 声	3	素直シュール	0
0051	コロナウイルス、北海道でも発症のニュース出てたし本当に気を付けてね・・・	0	職安マン	0
0052	16:21 好きなシーン	2	獄門堂.	0
0053	ばちくそ可愛くて吐血して失血死しそう	0	ユウキ【幼糖】	0
0054	リンクを探すも、CDの予約方法わからなかった(´･ω･`)店舗でするタイプのことなのかな？アマゾンじゃ見つけられなかった。	0	騎士タマネギ	0
0055	あまりにも可愛いすぎたので､チャンネル登録しますた(´ω`　)	6	tyoku jin	0
0056	3Dほんとクオリティ高いな	0	KINAKO 04	0
0057	カワイイ以上の言葉は無いのか	0	shige yama	0
0058	るー	1	らず	0
0059	ちくしょう　かわいい顔しやがって・・・	0	A/Z	0
0060	立体だとおもくそかわいいな	0	幼女	0
0061	ファミマとコラボして欲しい笑	2	えいじゅ	0
0062	全部エンコードに時間がかかって、アーカイブを見せないようつべって奴が悪いんだ(丸2日も)と落胆する中、江良ちゃんがそっと手を差し伸べてくれた。そんな配信  マジで助かった...ずっと枕濡らしてたし江良さんの声が恋しくて恋しくて...	3	よわむしArisia	0
0063	小泉構文すこ	0	マジカルJK・クリスマス ロゼッタ	0
0064	常に手首折れてるの草だったぞ	0	霧雨ユナイテッド	0
0065	配信お疲れ様でした、おとちゃんが凄く楽しそうで可愛いかったです。	1	神城アキラ	0
0066	46:48 S-24ニキについて詳細キボンヌ	11	イシイさん	3
0066-001	キボンヌってもう死語なんだな… 元ネタがイボンヌ選手だっけ？	0	Vりゅ龍 :XX
0066-002	ありがとナス！	0	イシイさん
0066-003	イシイさん  ぷちふる株主総会での企画でサイン入りグッズが当たる抽選会があって、ギバラが試しに一回引いたときに当たってしまった可哀想ニキ	1	ゆうり
0067	キーボードで入力してる姿、なんか可愛いな	4	サンチャ	0
0068	ねむそうな顔してんなあ	1	demon神奈川	0
0069	BGMどーなってんだよww	7	パンダヒーロー	2
0069-001	@So Far Away 笑っちまったじゃねえか	1	ねこきゅうり
0069-002	全部屁だぞ？	2	So Far Away
0070	逆張りホントわかる。 みんなが同じことしてたら何故かやりたくなくなるんだよなぁ。	0	ナツメグ	0
0071	頭おかしくなるBgm	0	ハル	0
0072	ホラゲと雑談連続で可愛いギバラ見せちゃったら汚さが足りなくてギバラとしてのバランスが崩れるじゃん(？)	0	SCP―198マッカンを一杯	0
0073	3Dギバラ、俺には少し刺激が強すぎるみたいだ…	3	おつ	0
0074	19:46 première fleurs アクサン・グラーヴ【è・È・à・À・ù・Ù】アクサン・グラーヴはアクサン・テギュと向きが逆です。母音の「a」「e」「u」 の3つの文字につく記号です。「e」につくときは発音記号では[ɛ]。[e]とは区別されます。[ɛ]は舌が下のほうにあり、口をやや開けて〔エ〕と発音します。口をやや狭くして〔エ〕と発音するのがコツです。(ここまで引用) 間違えちゃっちーてへっ☆(嘘教えちゃってスマソ…)  横顔が綺麗すぎて「う"わ"び"じ"ん"！！！」って夜中に絶叫しちゃった。ただの雑談配信でも3Dいっぱい使って欲しい	15	らぎ	0
0075	気にしなくていいと言っても中々難しいだろうけどギバラのASMRが俺は聞いてみたい！	0	ベルギーチョコ	0
0076	手を叩くのかわぃぃ	0	やみぃちゃん	0
0077	ゲーマーズ案件の可能性が消えた配信動画	5	蒼の旅人	1
0077-001	ゲマズも一ミリ小さいってツイートしてたよね ギバラ大慌てで弁解しててクソワロタ	2	タクタクブサイクへの膝蹴り
0078	5:53 ドヤ顔可愛い	3	つん。	0
0079	はゆくコメント見れるようにしてくれ 頼むぞYouTube	3	bad松	0
0080	So darn cute	1	Marty's random art	0
0081	2Dも当然可愛い！！ でも、3Dによって動きがついて彼女の個性も感じられるようになってもっと可愛くなった！	3	もみ爺	0
0082	笑う時におばちゃんみたいに手叩くのも全部反映されてるやん	0	しだかす	0
0083	結局タイトルわからなかったぜ。！！！	1	テペサンサイドチェスト	0
0084	もうね、前まで我慢してた人が耐えきれなくなってるのを見るとね…楽になってもいいかな？って思えてくるんだ。  前のLive2Dも良かったけど、3Dになってギバラなのに…お歌を歌ってるわけでもないのに…ホラーをして泣いてるわけでもないのに…本当に可愛い。目を瞑った時にしか可愛いとか言わなかったけどガチで可愛い。  可愛いだけじゃついてこなかっただろうけど、着いてきてさらに可愛くなったら惚れるよね	3	天気雨	0
0085	24:00 1:35:21　新素材！	19	そこらの民衆	0
0086	株主総会のs24ニキ何があったの？	0	さんだーじょん	0
0087	にじ3Dによって可愛さがギバラを上回ってつらい... かわいい...	1	木星	0
0088	何？乳首でも弄ってるの？	5	ふぐメガネ	0
0089	ガワは絶世の美女なのに仕草は絶世のギバラ	2	パチコ	0
0090	3Dギバラ可愛い過ぎて仕事行きたくない	2	タクタクブサイクへの膝蹴り	3
0090-001	@タクタクブサイクへの膝蹴り そうだよな…仕事なんかに負けるな👍	1	夜空
0090-002	@夜空 辞めたらスパチャ投げられんやろ…	0	タクタクブサイクへの膝蹴り
0090-003	辞めちまえ	2	夜空
0091	コメ欄を見ると江良ちゃんをイジり倒してる人がかわいいけど...!ギバラなんだよ...!って必死の抵抗をしてる...素直になれば楽になるのに...まるで底なし沼で藻掻いてるみたいだ... これがつんでれか... 私は早々に頭までどっぷり浸かって堂々とエラ呼吸をして江良ちゃんの食前に並んでるのに...ｵｲﾃﾞ...ｵｲﾃﾞ...ｼｱﾜｾﾆ ﾅﾚﾙﾖ...	3	よわむしArisia	0
0092	Bgmがおっとぎばら～♪おっとぎばら～♪に聴こえる。 手の動きかわいい。 58:55コープスパーティーを勧められて検索するも、ガチびびりしちゃう御伽原江良ちゃん。 見ちゃった！見ちゃった～！がかわいい。笑	3	和也	1
0092-001	それにしか聞こえなくなりました ありがとうございます	0	田中ポタチ
0093	31:20　ここのゲーム実況者さんって誰だろ？　カルロス・ゴーン？	0	ぜんぽう	0
0094	1:15:15 「声作ってるんですか？地声ですか」のコメント拾ってもらえて嬉しいモン	2	くまモンnagi	0
0095	1:42  この声で｢あ、ギバラだ｣ってなった人ノ	3	キノコの愛	4
0095-001	一人でなにしてんだろ	0	キノコの愛
0095-002	会釈かわよか？	0	キノコの愛
0095-003	めたかわ	0	キノコの愛
0095-004	寝起きだからか	0	キノコの愛
0096	ただの無能で草	0	欲しいname	0
