0001	2:03:34 確変	70	アマキサ	0
0002	BGMが笹キッズ、笹木笹木、笹キッズにしか聞こえなくて草	27	BBレメン	0
0003	1:54:08 ゼロシステム	78	1911 inakaotoko	2
0003-001	1911 inakaotoko 口ちゃんと反応してるのすごくね	12	マカロニ
0003-002	1911 inakaotoko  ppppppppp	4	クリオネ
0004	1:54:02 ﾔﾊﾞｲﾔﾊﾞｲﾔﾊﾞｲ	45	そこらの民衆	0
0005	1:06:57 短くて早い･･･？ｳｯ	109	くりりん	5
0005-001	短くて遅いやつの方がきつくない？	2	tata ta
0005-002	ワイトもそう思います	1	ずんどこきよし
0005-003	遅漏よりかは出た方が良いのではと個人的に思う今日この頃	8	はちみつ
0005-004	ダメージ受けてて草	13	ああああ
0005-005	早漏...	4	11 SANPEI
0006	22:28 役立・・・たない	36	あおなぎ	0
0007	55:50 Instant Karma	55	Simon Sultan	0
0008	sasakidsyayoがしつこすぎた	45	ああ	0
0009	1:29:07のとき口が悪くなってたww	23	Yui Kawasaki	0
0010	54:05Googleplayの言い方好き	20	いろじろ	0
0011	1:07:00 ごめん	34	黒影	0
0012	1:41 スタート	8	桐間りん	0
0013	01:07:25 風評被害がすぎる	15	ああああ	0
0014	*42:46* Lol, triple streamsniper trap xD	1	Evgeniy Bazhukov	0
0015	キバラさんの動画を見る時は音量下げなきゃw	7	kimu 0717	0
0016	普段虫を潰せる程の肝っ玉なのにきもいって言うのは何でだろう🤔💭 後、江良ちゃん一体幾つ声帯有るんだろう	7	よわむしArisia	0
0017	笹キッズは怖い、覚えました近づかないようにします	6	おつ	0
0018	オレンジのやつまじでヤベーな	4	おしゅう	0
0019	急上昇のってて草	16	なうろーでぃんぐ	0
0020	急上昇乗ってるやん	5	BLUE 350	0
0021	スナイプ勢きっしょいわ	2	イワナ	0
0022	スリザリオeスポーツは正直見てみたい リベンジ待ってます	3	遅刻アザラシ	0
0023	おつえら〜！ Theギバラっていう配信だったねぇ あっという間の2時間半だった！ 次は耐久でお待ちしております。	5	アヲノ#調子極端	0
0024	2 hours for slither. io?.......damn....	12	GyuGyu	0
0025	ギバラがスリザリオやったから自分もやって今日やっと1位なったった	4	テレビ	0
0026	最近ギバラガチ恋勢になったんだけどなんでこんなやつ好きなんだろ、でも大好き	44	собака блин	10
0026-001	限界化してきた	2	собака блин
0026-002	保護欲が寿古寿古の寿古	3	堕ちん歩党の大逆襲インポテンツ、イマラ.ターザンの気筒包茎炎完治までの奇跡の一週間
0026-003	メン限に入るとあまりのエモさで戻れなくなるぞ メン限は…いいぞ	5	佐々木太郎
0026-004	うまく言語化出来ない可愛さがある	4	32ギガバイトのUSBメモリー
0026-005	ろうど たまに会うくらいならね	5	RB26 DETT
0026-006	@собака блин 親戚にいたら絶対楽しそうだなとか感じる。お姉ちゃんだと仲良いけどよく愚痴聞かされるとか、すごく有り	5	ねこきゅうり
0026-007	たまに江良お姉ちゃんって感じがする時がホントに大好き	8	собака блин
0026-008	わかる。なんだかんだ好きになっちゃうよね。見た目すごくいいのに口くっそ悪いし陰キャっぽいけど必死に生きようとしてるそんな感じがしてすごく好き。守ってあげたい。でも俺は傍観者でいたい。そんな気持ち。	13	ねこきゅうり
0026-009	@堕ちん歩党の大逆襲インポテンツ、イマラ.ターザンの気筒包茎炎完治までの奇跡の一週間 なんて言うか江良ちゃんの家事全部させて欲しい	11	собака блин
0026-010	何処が好きと言うより 好きだから好きという感じですよね	12	堕ちん歩党の大逆襲インポテンツ、イマラ.ターザンの気筒包茎炎完治までの奇跡の一週間
0027	アーカイブ昼間見ててさ､2時間くらい経って眠くなるとさ､ギバラの発狂で目が覚めるの繰り返し この生活楽しい	3	りー	0
0028	アガリオやろうずぇぇ？？	3	語彙力は無い	0
0029	リアクション面白すぎィイ	0	マツイさん	0
0030	1:21:40 でもふにゃちんじゃん。覚醒したら固い	11	くまモンnagi	0
0031	ぎばー	3	らず	0
0032	かわいいよギバラ	0	もちだのひと	0
0033	56:36 きもきもギバラ	0	メタナスト	0
0034	単純なゲームだけど、ゲームを交えた話しを聞いているうちに 結局最後まで見てしまった	2	mandarinorangemikan	0
0035	さっき　gibaraさん　発見した　本人かどうかわからないけども　10000点越えてた	4	ぐらも	1
0035-001	ぐらも バイオの死に直面しながら書き遺した言葉見たいな書き方草	4	Air
0036	笹kidsって何回言ってるんだ…？	8	ゆっくりG9	0
0037	私が御伽原江良を知って初めて見た配信 1:39:09の黄色いミミズが私でスナイプしようとしたらラグで江良ちゃんの体に当たったのは思い出	3	ミルクティーのあれ	0
0038	自分は最高で8位になったことがありますが、操作ミスをした時の絶望感が半端なかったです笑	6	Yawa naro	1
0038-001	数万ポイント台いったら、ちっこいのが1番邪魔だよなw	1	アッキー
0039	ちゃんとした社会人は、なめてんのか？とか言わない(笑)	0	音羽べろにか	0
0040	イキって返り討ちに遭ういつものギバラであった…  やっぱりゲームであたふたしてるギバラ好きだな～可愛い	13	half realistic	0
0041	1:13:29gibarataberu	2	Original Sentiment	0
0042	粘着してるファンがうざいなー	9	belyt	0
0043	agarioやってほしい	7	おるたー	0
0044	22:30 1:12:35  ふぅ...  どうして俺はこんなものでしてしまったのだ...	42	木星	3
0044-001	ｴｧ~ﾝﾃﾞｶｲ..ﾃﾞｶｲﾖｫ~	3	〜〜
0044-002	22:30は素直にエロし	1	高性能キューカンバー
0044-003	土星 1:12:35めっちゃ懇願されてて草	6	RB26 DETT
0045	笹キッズ正直おもんなかった	35	わらびもち	1
0045-001	わらびもち  ほんとにそれ  すげぇ迷惑	0	〇〇〇
0046	今回汚い声も多かったけど、それと同時に何時もより可愛い江良ちゃんボイスも聞けたな 素材大量回だった	9	やまだきたない	2
0046-001	掘れば掘るほど出るからなこの鉱脈 気付けば深淵やぞ	0	ずんどこきよし
0046-002	【ギバラ＝素材】っていう目で見てんの草	3	アッキー
0047	ゲームでストーカーみたいな人多いwe	3	Yui Kawasaki	0
0048	2:31:56           新年一発、かわいいひとこと♪	6	上田中栗洋	0
0049	オレンジというか、土色	0	堕ちん歩党の大逆襲インポテンツ、イマラ.ターザンの気筒包茎炎完治までの奇跡の一週間	0
0050	このゲームってさ、小さくてもテクがあればでかいやつにも勝てるけどさ、でかいやつがテクあれば小さいやつは終わりなんだよね。まるで男みたい。何がとは言わないけど。	1	いるか	0
0051	56:42 ギ↓モ゛オ゛↑	7	5H4P3	1
0051-001	すき	0	ん
0052	長いモノに巻かれたくない。荒い奴に絡まれたくない。そんな江良ちゃんが提示したモノは熱々のアスファルトをのたうち回るミミズゲーである。...ギ虐に目覚めてるリスナーと笹キッズだらけである 今日も可愛く健気で元気な姿を見れてリスナー一同元気を沢山貰えております。私は相変わらず江良さんにガチ惚れして以来日々悶々としつつ磨いていますが 作業も大事だけど体も大事にしろ。15時まで徹夜とか...多分3D、札幌、企業のプロモーション、レーベル関連だろうけど	4	よわむしArisia	0
0053	Sounds noisy.	0	りんちゃま	0
0054	笹キッズだるすぎ しつこすぎておもんない	18	きりくん	0
0055	笹キッズ流石につまらんわ	6	んこう	0
0056	スナイプってかずっとくっついて来るやつマジでおもんないわ	7	ソウキ吉田	0
0057	王侯が大量の部屋だったのになぜ姫プではなくガチスナイプと化してしまうのか、これが分からない…	10	佐々木太郎	2
0057-001	そう考えるとめっちゃむさ苦しいなw	0	木星
0057-002	いつから王候が仲間だと錯覚していた‥..？	2	こーーち
0058	21:35 姫プ出来て良かった...(尚その後マップが隠されたためギバラちゃんと再び相まみえることは無かったのであった(´;ω;｀))	17	ryoma	0
0059	スナイプ勢きっつ	18	sisq	0
0060	43分くらいの死に方下手すぎん？笑	3	DJ Zerosan	1
0060-001	DJ Zerosan ほならね、自分がやって見ろって話ですよ	0	K.O.M
0061	1:10:45	4	尻キャッツ	0
0062	空気読まない粘着笹キッズマジでうざい	14	とがくし富士葵歌劇団	0
0063	開始 1:40	5	Min AMi	0
0064	新年早々インフルエンザにかかってしまいました。  お見舞いに来てください。	6	雄叫び怪獣ギバギーバ	4
0064-001	@雄叫び怪獣ギバギーバ メン限入れば治るよ(ゲス顔)	1	タクタクブサイクへの膝蹴り
0064-002	ヌケニン  まぁ僕がみてるのはギバラの動画なんですけどね	0	雄叫び怪獣ギバギーバ
0064-003	ロアちゃんの切り抜きみたらすぐ治るよ、エラちゃんみたら悪化するぞ	1	ヌケニン
0064-004	それでも二乃が好き おだいじにどうぞ	0	あかさたなはまやらわ
0065	スナイプやめて欲しい… なんで、自分が見る配信なのにわざわざつまらなくするのか	4	れいれい	0
