0001	42:28 ギバラやんけ 43:03 ほなギバラとちゃうか〜	197	レインWith その他多数	1
0001-001	「御伽原さんが言うには、ゴリラらしいんですよ」 「そらギバラやがな」 「けどお淑やからしいんすよ」 「ほなギバラとちゃうか〜」	17	238_Fumiya
0002	ちゃちゃまるを後回しにする後悔より1号とさよならした時の後悔のが確実にでかいから 1号をお迎えした選択は正解だと思うぞギバラ・・・	152	一人ちくわ祭り	0
0003	2:42:56 運命の瞬間 はっきり言って1号はかなりレアだし、ギバラも心から欲しがってたからこの選択は間違ってなかったと思う。ちゃちゃまるもきっと許してくれるよ。	405	けもモン	22
0003-001	🥺	0	おまめさん
0003-002	ここハウルの動く城	0	最弱
0003-003	🤮	1	けもモン
0003-004	@ゆうり jajajaja concuerdo con vos :v	0	Axel canizalez
0003-005	けもモン 🥺	1	ゆうり
0003-006	;v ;v ._. :')	0	Axel canizalez
0003-007	🥺	4	佐藤幸靖
0003-008	けもモン 流れ全部壊すけど僕は二号がほしいです	0	オタクになれなかった者
0003-009	🥺	5	ちゅーこ
0003-010	🥺	5	クラパンダ
0003-011	🥺	5	Azurite
0003-012	🥺	5	かるろじ
0003-013	🥺	5	いろはす
0003-014	🥺	6	ばなぁなぁ
0003-015	🥺	6	ほあほあのポメ
0003-016	🥺	6	〆Sakuya
0003-017	🥺	6	ミルクティーのあれ
0003-018	🥺	6	陰陽
0003-019	🥺	6	勝手にお前のアイコンを特定します。
0003-020	🥺	6	わさびのり二郎
0003-021	🥺	6	ぴぃぃ
0003-022	🥺	14	ちゃちゃまる
0004	1号以外にもそれまでたくさんの人気住民を引いてるのに即切りしてて、なんなら1号でもこれほど悩んでて、本当にちゃちゃまるのこと好きなんやなぁって感じました。	101	やの	0
0005	1ごう可愛いもんな、仕方ない	50	くじらのくーちゃん	0
0006	この人の話している言語、日本語に似ていますね。	47	Hisashi Takabe	0
0007	推しの推しが推しの次の推しにNTRれたのをただ眺めていた配信でしたね…	58	佐々木太郎	0
0008	どう森で住民について揺らぐのも、かといって時間操作したくないのもめっちゃ分かる	41	えりさ/ ELisq	0
0009	1ごうにNTRれるちゃちゃまる可哀そう…	14	はむしく	0
0010	一号と出会った瞬間の表情が良い	17	ウエシン	0
0011	凄まじいちゃちゃまる愛に好感持てた！	2	yuki	0
0012	1:19:23 自分用	32	kento 。	0
0013	それははちょっとちゃちゃまるは許してくれやせんよ	24	あきら	0
0014	23:28 流石にキレた	19	Ophe lia	0
0015	キャンディ可愛い！ 麻生さんそっくり！	1	安倍晋三	0
0016	服装の配布装備で固めました感w	1	うどん_	0
0017	アルベルト映画で見てからずっと好きなんだけどなぁ。	4	[リアン]Rian	0
0018	23:00 いじられる御伽原といじり返される人達	31	riborn 3	1
0018-001	興奮した	2	おはたか
0019	ええんやで。1ごうとか数多のどう森プレイヤーが村、島に呼びたい住民だし。自分だって狙った子出そうとしてる途中に出たら絶対呼んじゃう。	15	やみい/朝日奈樒	0
0020	リベンジがんばろ…！ 次こそはちゃちゃまるゲット！	1	ゅぅゃょゎぃ	0
0021	ちゃちゃまるぅ…何が正解とかはないけどギバラが自分で選んだ道、いいと思うゾ	20	パソコン	0
0022	１号でめちゃくちゃ葛藤してるギバラちゃんは最高に可愛かった	0	たぬジョー。	0
0023	1:54:28直前までの話よく聞いてなかったからまじでビビった	22	こおり	0
0024	ギバラ好き	6	K U	0
0025	デデドン！(絶望)	0	ジオン軍の技術者	0
0026	上には上がいた…600とか集めるのめちゃくちゃ大変やったやろうに…	0	まっちゃパフェ	0
0027	ちゃちゃまる最初からいた俺、高みの見物	5	こたつ	0
0028	江良第一 江又贏	0	陳俊智	0
0029	終わってた……	0	Well High	0
0030	よくここまで浮気をしなかった。すげえよ。	1	あげちゃん	0
0031	魚肉ソーセージのヘタみたいでいいですね	0	うにやろう無課金系	0
0032	ちゃちゃまる「...」	0	しろとき	0
0033	2:21:59 初コメントで読まれた記念	38	よつぐぅ	0
0034	コメントが…………消えた……？	1	コンティロマネ/イルミナたんふぁんくら部部長	0
0035	あつ森は闇(適当)	1	ミルクティーのあれ	0
0036	2:36:26かわよ	9	YouTube廃人受験生	0
0037	1ごうお持ち帰り　2:36:23 人気キャラやししゃーない 可愛いよ	0	ぽんちゃん	0
0038	2:37:12 (・ω・)待って！この子は揺らぐお！！！ 何故か内藤ホライゾンになるギバラ	0	鰻滝右近次	0
0039	初期ちゃちゃまるの僕、高みの見物	3	kyooo kyooo	0
0040	2:42:56 NTRギーバラ	0	ザルビア	0
0041	物欲センサーが反応してないからか引き強いな	0	_ ninf	0
0042	ギバラ星川とかニュイとかいろんなライバーの推しスルーしすぎてそのうち刺されそう(小並感)	11	238_Fumiya	0
0043	…	2	バナナの皮	0
0044	猿で人気キャラ……？  シェリーとか普通に可愛いと思うんやけどうちだけか？？？	8	甘小豆	0
0045	厳選は別に良いと思うんだけど、人身売買はちょっとなぁ…。	0	骨はどうせ砂と化して消えるのに	0
0046	8:49 島メロ	0	そこらの民衆	1
0046-001	ﾃｨﾛﾘﾃｨﾛﾘﾃｨﾛﾘﾃｨﾛﾘ	0	やばみざわ
0047	これはしゃーない	0	しじみちゃん	0
0048	ぴえん	0	球審の白井	0
0049	特に意識しないキャンプサイトで出たとか言えない	0	鈴鹿レベル32	0
0050	37:56 初コメで読まれた記念	1	パラパラ	0
0051	この動画みたらキャンプにちゃちゃまるきました！友達にマウント取っときました！	0	カルーアあるふぉ	0
0052	58:20 おはようござい🍆	1	クルル・フルール	0
0053	品のない女やな	5	reとーあ	0
0054	1:40:15 自分用	4	えーい	0
0055	2:39:34  時をかけるギバラw	0	コアラくん	0
0056	2:45:44コメ読まれた記念👍	3	やんゆー	0
0057	2:29:35 初めてコメント読まれた記念	0	マンダの流星群は強い	0
0058	Chachamaru...	1	SHAUNA VAYNE	0
0059	8:49🍔 🍟 🍹	1	あめふらし	0
0060	2:26:25 コメ読んでくれてありがとう！	0	むぎたおちゃこ	0
0061	初期からちゃちゃまる来て 次にジュンが…これは俺運がいいな？	3	やばみざわ	4
0061-001	チョココロネ 頑張ってキャンプサイト厳選しよう！	0	やばたに【スズ民】
0061-002	さんやばみ 欲しいどうぶつがいても大量のマイルかamiiboカードがないとむずかしいので私はamiiboカードの再販待ちですね	0	活動休止中チョココロネ
0061-003	今はジャックを探しております	0	やばみざわ
0061-004	さんやばみ  奇遇ですね、私もです	1	活動休止中チョココロネ
0062	今日ちゃちゃまる出ていったんだけどww	1	のろん	0
0063	何でも島に放り投げる!散らかるなこれは	0	木村たけし	0
0064	22:55 43:25 45:07	1	15パエリア	0
0065	1:38 開始  5:46 ちょろきちの家紹介  8:49 島メロ変えたこと  14:47 住民ガチャ開始  24:35 マーサ遭遇  32:00 タランチュラ島到着  46:00 エスメラルダ遭遇  47:40 アイソトープ遭遇  49:40 59:20 銭ゲバギバラ  1:05:20 カモミ遭遇  1:08:50 ちゃちゃまる亜種遭遇  1:17:40 1:53:40 2:03:50 ハムスケ遭遇  1:21:27 家紹介  1:39:10 茶々まる遭遇  1:43:30 ナタリー遭遇  1:44:30 ナタリーの部屋がラブホな話  1:52:00 めーぷる遭遇  2:02:00 オーロラ遭遇  2:07:30 ヒュージ遭遇  2:16:50 アリゲッティ遭遇  2:23:50 タコリーナ遭遇  2:36:19 1 号 遭 遇  2:45:40 ちょろきち出てけコール  初コメなので変な所は大目に見てください                                                                       m(_ _)m	131	ばなぁなぁ	2
0065-001	刑部弾正 そう言ってもらえると嬉しいです	4	ばなぁなぁ
0065-002	見やすいありがとう	6	刑部弾正チャンネル
0066	このくずさ　くせになるぜ	0	sdafaf asdfa	0
0067	1ごうだし迷うのは仕方ない..	1	dotism	0
0068	2:03:40  コメ記念🎉	1	さな	1
0068-001	あじゃがりこ おめでとう！！	0	nanairo7749
