0001	※ 彼女は王子様を待っております。	435	けふと	2
0001-001	魔王ウルティア 勢いで草	4	WEI HUA
0001-002	けふと ダウトォー！	5	魔王ウルティア
0002	最初から御伽原エラーになるの草	838	サバ	14
0002-001	音割れギバラエラー	1	絢辻セロリ
0002-002	で、アーマード・コアの新作が発売する	0	アホファインダー
0002-003	人類ギバラ計画が始まっちゃうんだよね… しんあな	3	パトロン•ポトフ
0002-004	ロンギヌスの槍(破滅)とカシウスの槍(創造)がロンギヌスとロンギヌスになっちゃうあれですね	0	Fの人
0002-005	で、俺が産まれたって わ♡け♡	1	やきにく
0002-006	ギバラにだけは...ギバラにだけは乗らんで下さい!!	6	いちごジャブ
0002-007	おかしい、御伽原江良と江良ちゃん2対の槍が必要なのにここには同じ槍が二つしかない..	5	ドスゲネポスの頭
0002-008	発想が天才すぎる	0	H R
0002-009	誰か槍を…！槍があれば全部やりなおせる…！	5	アバラ
0002-010	その後ギバラとエラーでフォースインパクト起きるんだよね…	4	とっペけ
0002-011	で、サードインパクトが起こるんだよね…	7	チョビ
0002-012	二次惨事←その先の未来	24	Sata nael
0002-013	にじ惨事←未来	24	アンダーテール
0002-014	御伽原江良 江良ちゃん ギバラ 御伽原エラー←今ここ	48	箸置き
0003	ギバラがヨーキー好きなのがよく分かる動画構成	92	こんこん	0
0004	3:51 ほんとキノピオの真似上手すぎる	631	林檎りんご	10
0004-001	もこうもキノピオの物真似うまいんだよな	1	サディワパドレス
0004-002	5:25 してんじゃんw	0	ををををあ
0004-003	○ヨ氏と共演を望むレベル	6	にゃんまお
0004-004	絶対にキ○のマリオブラザーズ見てる。 ちなみに僕のコナンの好きなキャラは      バーボン！	1	ヌベスコ
0004-005	星川のは個性も完全にキノピオ	0	Darkness暗夜
0004-006	そのうちトゲこん棒とか言い始めるのかなぁ...	0	たくあん
0004-007	宮崎文夫 そのレンガブロック壊した時の一つの欠片しまえよ	6	ミジンコ
0004-008	林檎りんご  星川より上手いかも	1	パンドラの箱
0004-009	僕のキノピオも喜んでます(^^)	22	暗黒微笑
0004-010	0.3秒ぐらいの間隔で押すと珍獣の鳴き声になる	11	みそすーぷ
0005	冒頭で「よぉ〜みんな〜」って聞こえた気がした	133	sugarblossom 0827	8
0005-001	@I am ね	0	ーーーー
0005-002	鎖国状態だからな	1	プラチナメダル
0005-003	まじんこ言ってたしな	4	あああulmvm
0005-004	いつかコラボしてほしい	7	I am
0005-005	ギバラ自体がキ○さん好きらしいからね	16	旨塩キャベツ
0005-006	???「違うだろ〜！すみません、俺の中の豊田議員が出てしまいました。」	16	メロスの弟子
0005-007	???「マリオカートはちでぃーえっくすの時間だぁ」	23	アロンマロン
0005-008	何となく波動を感じた	22	てぃ
0006	0:36 何故36秒前にしたことを忘れたのか	328	林檎りんご	0
0007	冒頭がまんまキヨで草	82	へーゆー	0
0008	0:03 ﾏ°ｯ!!!ﾏ""ﾘ""ｵ""ｶ""ｰ""ｯ""ｴ""ｲ""ｨ""ｯ""!!!	509	J M	10
0008-001	@はは ほんとにそれ	0	ぱんめが
0008-002	静かなマリオカートとは？	0	syota #0
0008-003	HK 416 人間やめないで	0	ああ
0008-004	@HK 416 きたない	0	コンティロマネ/イルミナたんふぁんくら部部長
0008-005	キヨ○を感じた。	6	はは
0008-006	ンンッ・・・マ゜ッ ア“ァ“ッ	2	HK 416
0008-007	トクなみ 誰が上手いこと言えと	1	ああ
0008-008	J Mark 視聴者のキノピオは反応しない…	11	トクなみ
0008-009	電気の人 ギバラの心の中のキノピコも騒いでる	1	J M
0008-010	J Mark 完全にキノピコ化してて笑った	23	電気の人
0009	音割れギバラは絶対に流行らせろ	247	コンティロマネ/イルミナたんふぁんくら部部長	10
0009-001	まずは名乗れよサルゥ！	0	ハク
0009-002	初手鼓膜破壊草	0	ライトゲーマー〈ジョブ:赤魔道士〉
0009-003	全細胞破壊されました。謝罪してください	1	zeroゆっくり
0009-004	ざなえよえち 細胞全部破壊されてそう(小並感)	0	contruction 46
0009-005	初手全膜破壊不回避	1	ざなえよえち
0009-006	処女膜先に破っといたから大丈夫だったぞ	3	ミジンコ
0009-007	鼓膜先に破っといたから大丈夫だったぞ	4	ライく
0009-008	@おじさんみみみ 鼓膜破壊ニキ強く生きて	5	コンティロマネ/イルミナたんふぁんくら部部長
0009-009	まずこの動画最初のところ以外音無いんだけどバグかな？	14	おじさんみみみ
0009-010	普通に心臓に悪いから絶対に阻止する	11	ろりばばぁ
0010	17:22 緑甲羅上手すぎて草	381	ぱぺてぃあー	4
0010-001	@タクタクブサイクへの膝蹴り ミラクルが抜けてますよ(小声)	5	turtle
0010-002	スーパーウルトラハイパーショット(命名ギバラ)	6	タクタクブサイクへの膝蹴り
0010-003	ぺぺぺです 見聞色極めてて草	32	Nelson Rolihlahla Mandela
0010-004	IQ2434プレイ	32	てぃ
0011	1:50 こんな綺麗な舌打ち久しぶりに聞いたぞ	202	まっちょ	0
0012	0:32を見た後に、0:03をご試聴下さい。	286	とぶいちゅっぱが好きな生命体りくメンのお寿司	4
0012-001	3:51	2	めんどくさがり人間
0012-002	いにゅいかわいい	1	ボルガ博士
0012-003	大きな声のうちに入らないんだよ	4	風吹けばガンキン
0012-004	｢ギバラ｣おっきな声とか出せないのよ ｢???｣   マリオカートっえぃぃぃぃぃ！！	20	こむぎこ。かぶとむし
0013	9:19 声が濃い スタープラチナ	140	むぎちゃ	7
0013-001	いいや、限界だ！押すねッ！！👍(言いたいだけ)	0	イモリ龍也
0013-002	@からし うろジョジョの奴w	1	絶対に結婚するライナー【登録者数1000人で結婚】
0013-003	これがスタープラチ菜か…	2	からし
0013-004	yknstkzk 、 確かに！	1	こんちわ
0013-005	子供承太郎やろ	3	yknstkzk 、
0013-006	すき	3	喜怒哀楽
0013-007	OVA版で草	13	すし
0014	そのうち「はいスクショ」とか言い出しそう	107	difficult easy	3
0014-001	こいつ絶対任天堂と裏取り引きしてる	0	ばけれもん
0014-002	クラクションは湘南の風とか言いそう	5	古代35
0014-003	ヨーキーでふね	4	ヒイロ・ユイ
0015	6:32 一瞬キ○ご本人登場かと思った	57	ヨッシー	0
0016	YouTuberに憧れた親戚の小学生見てる気分だ	73	Nathu	0
0017	16:52お前江良ちゃんちゃうやろ	195	やしまろ	0
0018	3:18 調子乗って赤甲羅後ろに投げた瞬間に被弾するのワロタ	154	ハスラー	0
0019	0:01   ま、ま、ままマーリオカート……ｴﾞｴﾞｴﾞｴﾞｴﾞｴﾞｴﾞｴｴｴｴｴｴｴｲｯ!!!	19	栗太郎	0
0020	ギバラ、佐々木希の彼氏大好きじゃん	88	KEN TA?	1
0020-001	キ〇 結婚	2	東方厨
0021	ギバラ…暴言吐かなきゃいけないわけじゃないからな、無理すんなよ…	143	たこ焼き	2
0021-001	僕らの江良ちゃんはもういないんだよ！	5	。えりえーる
0021-002	江良ちゃんの体が心配...	6	加藤昂
0022	あまり他の実況者の名前挙げるの良くないんだろうけど、これはもう本人が寄せにいってるな	11	F F	0
0023	3:44 おしとやかモード江良ちゃんから5秒後おさるさんモードギバ	80	A me	0
0024	キヨとかブラックナイト山田とかもこうとかを諸々足して割ったのをそのまま女性にした感じの人	59	。純全断幺九	2
0024-001	@よしだまん せやろ	1	。純全断幺九
0024-002	そりゃおもろいわ	2	よしだまん
0025	キ〇感半端ない	133	スーパーボール	7
0025-001	どっちも好きだからなんか嬉しい	11	ひろてぃー
0025-002	サムネもMiiもタイトルコールも似てて笑う	4	パセリ
0025-003	めちゃくちゃ分かるw	3	kento 。
0025-004	キスに見えたから出頭してくるね	3	右耳にミニ乳首
0025-005	キ○女体化	5	琥珀-cohak-
0025-006	サムネからなにまで似せにいってるな	11	Rythm Bot
0025-007	ボールスーパー  ゲームの下手な女版○ヨ 御伽原 江良	17	獏'
0026	リスペクトを強く感じる。 ギバラの魅力とともにマリアージュ。	79	ツリー	2
0026-001	初手からもう黒猫味を感じる	7	空き缶
0026-002	ツリー あの猫ですかね	9	古代35
0027	キヨ感	6	LiMITED	0
0028	17:41 自分をギバラと勘違いしている一般猿	19	いはなま.	0
0029	最初キ〇の動画かなって思ったww	20	リオルー	0
0030	完全にキヨでわろた	11	ぷる猫	0
0031	今日も静かで清楚でかわいらしいですね。	23	山田	2
0031-001	お姫様みたいですよね。	1	たかみかん
0031-002	開幕鼓膜破壊ニキ･･･強く生きて	8	かぐふぇす
0032	0:46 まじんこって言ってる時点でキヨファン確定	120	ch!kuwα	2
0032-001	Miiも寄せてるし、デトロイト見てたって言ってたしガチファンなんやろな	20	アホファインダー
0032-002	しかもキヨと同じバイクという	19	そうめん.
0033	14:16廃課金の末路	34	食え	0
0034	すごくキ○さんリスペクトしてるのが分かっていいですね	6	Y N	0
0035	ギバラほんとキヨ好きだなぁw	35	プルー	0
0036	タイトル落ちじゃんと思ったら出オチで叫んだ上に回線まで落ちてて草	46	白い白い未栄	0
0037	キヨみたいやな…w	10	ちゃんぺこ	0
0038	13:58 どう森ブーメラン	30	眠りぬこ	0
0039	初手キヨで草	13	アサリ	0
0040	3:21慢心すな！舐めプした罰やな	22	イキリガイジ	0
0041	8:55 世界で一番神経を逆なでする「嘘って言って」ww	42	鮭岡叫一	1
0041-001	くっそイラつく その場で殴るレベル 変顔しながら言ってそう 違いない	0	WEI HUA
0042	キヨともこう足して2で割った感じ	12	はっと	0
0043	わぁ、可愛い人が左下に見えますがなんでか途中から声が聞こえなくなりました、、なんでか分かる人いませんか？	47	みか	4
0043-001	意味がわかると怖い話で草	1	姉川はお
0043-002	死んだことになってて草	5	春巻
0043-003	成仏してクレメンス	4	なおやん
0043-004	鼓膜死亡ニキ強く生きて…	5	厚生労働省official1143人の大臣[50人目標]
0044	8:20取って付けたような神様で草	12	コブサラダ	0
0045	0:00~21:32 ここ好き  最後左右に滅茶苦茶揺れるの可愛くて好き🐒	25	レイ宝鐘海賊団宴担当	0
0046	マリカってこんなに人を狂わせるゲームだったのか………あっ、元々狂ってたわ	35	はむしく	0
0047	20:47～発狂エラー	31	み缶	1
0047-001	チンパンジーマジで笑う	3	mignon _
0048	マリカーのサムネになるとキ○ヨみたいになるの好き	53	源田たまらん	0
0049	サムネが…えーと、キモさんに似てますね	3	Lawrence Cleaveland	0
0050	キヨに通ずる面白さを感じる	13	ながしま	0
0051	1:54 草 てめぇおいこら	5	壮大なる前振り	0
0052	3:50 ﾌｧｰﾊﾞｧｧｰｰ↑これ好き	6	Maya *	0
0053	誰の影響受けてるかすぐわかった笑	19	ゆうひ。	1
0053-001	achapi T ○○。だな	0	ヌベスコ
0054	悪魔ヨーキーを意識すな	35	松井一代	0
0055	某兵器とマシンカスタマイズまで一緒なの草	9	sho shima	0
0056	17:30 馬と猿のハーフ	6	月島まりな	0
0057	タイトルからニコニコ色強めで草	13	かいかく	0
0058	0:06 連打してみん	4	小栁津issey	0
0059	0:40結局大声出してて草 それはそれとして安静にどうぞ	7	すし	1
0059-001	1:50  2:12【3:15】!!ヽ(ﾟдﾟヽ)(ﾉﾟдﾟ)ﾉ!!	0	_18 KaRuLa
0060	7:34 喜びて呂律が回らなくなるおさるさんの図	44	けもモン	1
0060-001	めちゃくちゃ抽象的な図で草	0	# MONO
0061	17:29からの喜び方めっちゃ好き	4	0827れーずん	0
0062	11:31 自分を江良ちゃんだと勘違いしている一般ギバラ	2	田中	0
0063	1:18ギバラの屁だぞ。みんな楽しんでるか？	11	イキリガイジ	0
0064	20:46 御伽原エテ	2	KOUKi	0
0065	サムネと挨拶がキ〇ヨすぎる	44	はる	3
0065-001	ほんとそれ	0	ひろてぃー
0065-002	やってこーまで似てて草	0	ツバサ6
0065-003	それなです	0	287期生44番
0066	めちゃめちゃ例の人意識してて草	4	来海未来	0
0067	相変わらずMiiの顔が凄いw	16	時雨37	0
0068	最初のやつキヨみたいな挨拶だなw	4	あくつ	0
0069	とてもキ〇に似てると思うのは自分だけですかね？	31	なめろう君	3
0069-001	本人が好きらしいし多分挨拶とサムネからして自分から真似してると思う	8	ひろてぃー
0069-002	言っちゃダメって分かってるの… でもしょうがないじゃない…	1	デブチュウかわいすぎ結婚しよう
0069-003	1位の時の反応が...	1	しらたけSiratake
0070	18:08 ここ好き	4	K K	0
0071	猿が脱走しています!!!!	18	ちぇむ	0
0072	ギバラがﾏﾘｵｶｰﾄｴｴｴｴｲっていうと濁点着いて ﾏﾘｵｶｰﾄｴ゛ｴ゛ｴ゛ｴ゛ｲ゛ってなる	2	ふぉーゆ	0
0073	替えの鼓膜持ってて良かったー	8	クローバー	0
0074	まんまキヨで笑う	12	レモンサワー	0
0075	初手鼓膜破壊で草	25	バカゴリラ	1
0075-001	こんばんエックスと近いものを感じる	0	電子レンジ
0076	最初からえげつない声で草	2	ひびふわ	0
0077	最初っからうるさくて草	2	SHUTO	0
0078	ギバラのリスナー全員、将来難聴有望	7	しぃ	0
0079	どうでもいいけどこの前『ギバラ』で抜きました 正直搾り取られました	14	Le Re	0
0080	3:15 こっからの流れほんとに天才	1	Anastasia Vinogradova	0
0081	スタート直後に叫んでたのに静かにやるとは…？？	5	天春月夜	0
0082	サムネもカスタムも入り方も既視感あるなぁ	2	デザインあ	0
0083	キヨ味が増えた気がする。	3	れんこん。	0
0084	チャンネル登録しました！この調子で発狂しながら頑張ってください！	2	Beluzベルヅ	0
0085	初コメント失礼します。 いつも楽しんで見させていただいています。有り難うございます✨	0	高見沙梨衣	0
0086	最初から濁点が2個以上ついてて草	3	せっぴ	0
0087	動画の導入、某ヨーキーに似てる	2	タ中	0
0088	16:08 ？？？「あたしの前に立つなァアアｯｯ!!」	1	カビゴン	0
0089	最初静かにやるって言ってたのにめっちゃ叫んでて草ww	1	ZG GαÑë	0
0090	20:46 母国語	5	狂った電車Mad Train	0
0091	キ〇の血を感じる	2	marrru chunchun	0
0092	10:11 キラー出るとか言って出す強運のギバラ	9	てけ	2
0092-001	江良ちゃん好きすぎて死ぬ  知った上で出す運の強さよ…………(ﾎﾞｿｯ)	0	てけ
0092-002	順位低かったら出やすい仕様…（ﾎﾞｿｯ	0	エクスシーア[ELS]
0093	15:15 ？？「そうやよ〜」	2	ゆいと	0
0094	キヨとギバラに憧れて夜の12時にマリオカートエェェーーイイ！！ってやったら隣人が壁殴ってきた	3	Cider Mitsuya	0
0095	あなたの動画を見てマリオカートを買う決心がつきました	5	チョコ.	0
0096	叫んでる時もずっといい笑顔	0	makuana seyuseyo	0
0097	3:46 ここ普通に鼻で笑ってしまった	0	Gene Ima	0
0098	最初好きすぎる	0	Yhara	0
0099	初めてチンパンジーと結婚したいと思った	3	あかりね	0
0100	最後のあらぶる江良さんなんか好き	0	春雨	0
0101	緑甲羅そこらへん迫ってるのに勝利を確信して投げるの笑	1	こうくん	0
0102	5:46 自分用	1	しらす豆腐	0
0103	17:29 緑甲羅スナイプからの御伽猿	0	ライトゲーマー〈ジョブ:赤魔道士〉	0
0104	16:50なりすましはダメだと思いますよ	1	TAIGA	0
0105	『御伽原 江良＝キヨ』説	4	星川のお兄ちゃんになりたい人生だった	0
0106	出落ち笑	1	しろー	0
0107	ちょっと緑甲羅上手すぎんよ〜	0	勃起ンガム子宮殿o o	0
0108	「後ろに赤甲羅投げるとか有り得んから！」  投げたらこういう目に遭うって教えてくれたんだね……	2	ひさひで	0
0109	17:20 神スナイプ	6	生魚だよ〜	0
0110	鼓膜破壊ニキ強く生きて…	0	ドッグわんだふる	0
0111	最後まで油断しなかったら1位やったろw	1	河了貂	0
0112	初手キノピオ笑う	0	「夜中の夜明け」lover	0
0113	第一試合のラストクッソ笑った	0	もぎたて	0
0114	3:21 親の顔より見た気がする展開	0	Cocopoo2000	0
0115	11:09 毒を盛られた御伽原 江良	0	2 2 3	0
0116	緑甲羅のミラクルすげぇ！	0	百年かぼちゃ	0
0117	13:43　冷静なツッコミいいぞ～	0	_ onion	0
0118	19:50 ここドスが効きすぎて草	0	TM F	0
0119	最後試合終わった後テンション高いなーって思ったらその後素に戻った時に喉痛いって言ってたのに頑張ってるなーって思った	0	もねもね	0
0120	11:12 幼少期からハブられてるって相当やぞ	5	林檎りんご	0
0121	江良ちゃんが楽しそうで何よりです……。	0	Ryu Windy	0
0122	3:15ここ好き	0	Mimedy	0
0123	御伽原エラークオリティ好き	0	わたぽん	0
0124	17:22 音割れ神プレイしゅげぇ！！	0	そこらの民衆	0
0125	20:53　発狂で、頭の中でギバラの顔がドアップになった	0	かたみみ太郎	0
0126	最初から草	0	voya	0
0127	最後の力を振り絞ったのか…？？	0	しばふ	0
0128	慢心しきった赤甲羅後ろ投げからの緑甲羅被弾ギバ虐成分不足してたから助かる	0	闇の色金	0
0129	開始30秒でタイトルとの矛盾を発生させてるの矛盾のプロ	0	おうる	0
0130	9:57あたりからの流れすこ	0	MMM	0
0131	9:46 ちょんまげちょんまげちょんまげマーチぃごザルでごザルでごザルでごザル	0	猿.マシラ	0
0132	これは世紀末で行われるレースですか?	1	倉木	0
0133	1:57 キノピオの真似上手すぎる	0	勇者	0
0134	初手鼓膜破壊された	1	パンコッペ	0
0135	冷静になってギバラも江良ちゃんも可愛いよね	0	Friends Forever	0
0136	0:05から音なくて草	1	じゃがポテト	0
0137	17:46 ここも好き	0	ねっちゃ	0
0138	完全にヨーキー亜種	2	ここあ	0
0139	最初ショッカーいたんだけど気のせい？	1	りょーちゃん	0
0140	8:28 左手前方をご覧下さい あれTE○GAでしょww	1	うさぎ	0
0141	ハイテンションゲーム実況見るの好きそうなギバラは解釈一致	0	2108	0
0142	9:50 サンダー回避できてないの草	0	タコ足配線	0
0143	1:49 カウンターのこと逆ハンて言うの好き	0	武蔵	0
0144	5:58 個人的にここ好き	0	ねっちゃ	0
0145	16:51面白すぎてえらい	0	帰宅山たかし	0
0146	最初から鼓膜破れたよ	0	ネギネギお	0
0147	江良ちゃん強欲な壺にされても知らないぞ	0	べびーすたー	0
0148	1:17 ぶーん可愛い	0	モンバジャポソインク	0
0149	9:32 スラムダンクで安西先生やぞ	0	林檎りんご	0
0150	いやサムネと入りと進行がキヨくん過ぎて笑う	1	レアムス	0
0151	0:17初手御伽原エラー	0	天キノ	0
0152	この女…おもろいやんけ…！	0	ゆゆ	0
0153	20:49 2434甲子園開幕してる⁉︎	0	ジェドメ	0
0154	序盤から可愛さが爆発してる	0	ぶんぶん	0
0155	0:03 開幕猿化で草	0	やみい/朝日奈樒	0
0156	6:33　デデン！（幻聴）	2	ミカン	1
0157	ギバラ絶対キヨに感化されたやろ	1	おむすび	0
0158	御伽原どんどんゲーム実況者になる	1	かっつん	0
0159	初手猿は笑うじゃんね	0	赤井戸	0
0160	最初の方キ○感あるよね	1	-mochi Rail	0
0161	0:03 もう我おって草	0	絶対強者	0
0162	10:03 も○う出てて草	0	西瓜	0
0163	やっぱどっかのうるさいやつに似てて草	1	ひろてぃー	0
0164	めっちゃ可愛いやん	0	すりぬけ	0
0165	13:44情緒不安定で草	0	緑パン	0
0166	6:33 ???「おまえを抜かす」ﾃﾞﾃﾞﾝ!	0	バフォメット先輩	0
0167	0:06から今日はキノピオさんとのコラボだと気づきました	0	お子様ランチャー	0
0168	1レース目マジで惜しくて草	1	ばらぶ	0
0169	好きです	0	聖なるバリアミラーフォース	0
0170	17:31〜 の顔すこw	0	takumin	0
0171	25:45鼓膜崩壊したわ	0	暇暇暇暇	0
0172	1位とってからがやったらうるさくて草	0	ゆきC299	0
0173	0:03 フォトナ中の土星人「ﾝﾏﾘｵｶｰｰｯｯｯﾄｴｲｲｲｨｨｨｨ!!!」	0	ヤソバソ	0
0174	御伽原江良ちゃんの動画見に来てたのにギバラしかいないのなんで？	0	LimeJuice	0
0175	もこうばりのリアクション芸で草	0	meguri	0
0176	コース選択も逆張りの精神発揮してて草	0	まりも野郎	0
0177	前に江良ちゃんが見てるって言ってたけどさ、サムネとかオープニングとか動画の作り全体的にキ〇に似せてる？	1	おじいちゃん	0
0178	20:49〜  ここほんと草	0	ギルバート	0
0179	(⌒,_ゝ⌒)＜ワイの仲間	0	-まるがめ	0
0180	最初は可愛かった。2秒くらいは。	0	すきギバ	0
0181	ハングオン上手いの草	0	ふもち〜	0
0182	開幕発狂大好き	0	しなしか	0
0183	めっちゃ可愛い。	0	_るるゴールド	0
0184	やっぱりえらちゃんはかわいいなぁ〜。	0	門星江萎自慰桃色組	0
0185	3:53 やっぱり心に立派なキノコ生えてるんですね・・・	0	一人ちくわ祭り	0
0186	予想の6倍くらいうっさくて草	0	ホットドッグ	0
0187	どこぞのキ〇だよw	8	ノウンr	0
0188	開幕カットは草	0	梅ちゃろ〜	0
0189	初手チンパンジー感謝します。	0	ささまる	0
0190	8:55 この声すこ	0	あいん	0
0191	女版キヨってよんでいいか？	2	江戸川乱歩	0
0192	もこう第二世代	1	海苔めかぶ	0
0193	赤甲羅へのキレようが(⌒,_ゝ⌒)を感じさせるww	0	ちょこび	0
0194	全体的にテンションがおかしい... これが深夜テンションですか？	0	れんこんぐ	0
0195	サムネがキヨ	2	ドナドナポテト	0
0196	キヨに似てて草	1	きりり	0
0197	開幕フルスロットルで草	0	シンカー	0
0198	開幕からテンションがおかしい	0	コリエンテ	0
0199	17:42 馬になったわね…	0	AKI HIRO	0
0200	ここすきポイントがたくさん詰まったお猿さん動画	0	らむｗｗ	0
0201	御伽原エラー	0	R i z e Teteza	0
0202	何気にショートカット上手くて草	0	林檎りんご	0
0203	キO感否めへん	1	M4KoN	0
0204	20:45 ギバラの舞	0	すてちゃんねる / sute-ch	0
0205	精神崩壊デレステガチャと同じ鳴き声になってて草	1	K-ichiro k	0
0206	開始数秒でマリカーから拒否されてて草	0	さんまる	0
0207	初手から音割れ草 編集お疲れ様！	0	Maki	0
0208	初手猿おって草	0	M.まろん	0
0209	開幕猿は草	0	ロルフ・S	0
0210	初手から猿で草	0	にんじんしりしり	0
0211	お？バ美肉ヨーキーじゃんww	1	メイフの蜜ぎ隊	0
0212	動画中に5回はギバラが本当に女子なのか疑った	0	Thyme	0
0213	最近すごいキヨの動画構成意識してんなーとは思ってたけどここまであからさまにパロってるとなんか萎えるわ	1	ああ	0
0214	※ギバラはレート1000代です	1	不動の一位	0
0215	初コメント失礼します。 いつも楽しませていただいています。有り難うございました。 これからも頑張ってください (*´ー｀*)	0	高見礼子	0
0216	そりゃ喉痛めるわｗ	0	いぷしお	0
0217	17:23 クリリン	0	きのこの丘	0
0218	17:49 スーパー︎ ⤴︎ウルトラハイパー🎶ﾐﾗｸﾙｼｮｯﾄｫｫｫｫｫ!!!	0	大里石ゲーム	0
0219	ブチ切れと猿とマリカって完全に(⌒,_ゝ⌒)と一致してるの草	0	-まるがめ	0
0220	調子に乗って負けるのほんと好き	0	/ライ/	0
0221	楽しそうなギバラ普通にかわいい	0	SIGmariohack	0
0222	そういや8(はち)DXの時間最近ねえな	0	topia トッピーアイランド	0
0223	サムネに顔なくて通知来ても誰だか分からんわ笑	0	よそらφ	0
0224	0:03 ここだけを聞きに来た	0	なおくん	0
0225	マジで柄悪くて草	1	aijirou D	0
0226	ギバラのMii顔怖笑	0	yuki	0
0227	0:41　静かなマリオカートを心がけていきとたい思います	0	URSUS	0
0228	※ぷちふるの御伽原江良と同一人物です	0	らむｗｗ	0
0229	次、にじさんじマリカ大会があったらギバラの姿もみたいな...	0	夕立	0
0230	これ見た後にシンデレラモード聞くと温度差で風邪ひく	0	りっかRikka	0
0231	17:29うるせえ黙れキノピコ	1	ゲェジインターネット	0
0232	0:12 ここ一瞬野原しんのすけおるな	0	ニコチンロイド	0
0233	9:46 学歴厨	0	Ophe lia	0
0234	6:33 お  前  を  抜  か  す(ﾀﾞｯﾀﾞﾝ   ﾃｨﾛﾘﾝﾃｨﾛﾘﾝ)	34	マッチョリーゴリゴリウス	3
0235	ドリフトをする猿がいると聞いて	0	ゆるゆん	0
0236	江良ちゃんマリカ特有の「ﾄﾞｹﾄﾞｹﾄﾞｹﾄﾞｹ」大好き	0	ゲームするうさぎ	0
0237	御伽の国の動物園	0	茄子	0
0238	静かにやるって言った10秒後には静かにやること忘れてそう	0	さんしょうお	0
0239	かわいい(脳死)	0	こおり	0
0240	うるさいんじゃい！アホぅ！静かにせんかい、猿！(※ゆっくり休んでください)	0	そばかうどんか	0
0241	ブイチューバーのひとですかあぁぁ！	0	レモンティ	0
0242	やっぱVtuber界のも○うですわ	0	暴君邪ンヌ	0
0243	11:35 パッの顔かわいい	0	ヒバリ	0
0244	御伽原 キヨ…？	1	てぃ	0
0245	16:53氷河期到来	0	温州みかん	0
0246	終始すばらしい声が響いて鼓膜が終わりましたありがとうございました	0	たっつー	0
0247	1:51　ヤンキーガール	0	リhir	0
0248	御伽の国の武闘会定期	0	やま	0
0249	マリカ対戦でも逆張りし続ける”男”	0	Todaycat	0
0250	初手サルで草	0	ああ	0
0251	Miiの目からなんか出てて草	0	時雨	0
0252	江良第一 江又贏	0	陳俊智	0
0253	7:33母国語出てるぞ	0	イキリガイジ	0
0254	概要欄のゲームがマリオカートWiiになってて草	0	ふど	0
0255	ほんま猿みたい	0	TaoRu-	0
0256	どことなくKY感	0	2 2 3	0
0257	よく見たら100CCなの草	0	サイトー	0
0258	初投稿との違いがw	0	syota #0	0
0259	マリオカー！！！　ヘィー↑↑↑ でやられた	0	まるみどり	0
0260	江良さんが楽しそうでなにより。	0	TSRヒガン	0
0261	ギバラさんがゴエゴエの実食べたらヤバそう	0	黄色いエサ・コンタ	0
0262	静かとは(哲学)	0	やまめ	0
0263	15:59 無駄にかっこいい｢やめろ。｣	1	香矢	0
0264	マリオカーーーーーーーーーート！！！！！！！！！　エッ！！！！！！！！！	0	てぇてぇの民	0
0265	4:16　やめろ、仕事の人だっているんだぞ…う゛ッ！！！！！！！！	1	ゴロリ	0
0266	名前出すのはダメだけど　めっちゃ似てんな	1	ショコラティ	0
0267	13:32 ここボンクレー	0	ニセドナ	0
0268	相変わらずギバラはギバラで草	0	BLUE 350	0
0269	うーんかわいい	0	竹輪	0
0270	清楚キャラはどこへ…	0	まんまる大福	0
0271	17:23 普通にすげえw	0	TNT	0
0272	16:50 ここすこ	0	ルイルイ	0
0273	相も変わらず素晴らしい	0	にじさんじ大好きカメムシ君ch	0
0274	私的に、Vtuberの中で1番可愛くて面白い	0	yakan suitou	0
0275	俺氏大音量マリオカァァァァァト耳死亡	18	ねこ缶大佐	1
0276	やりますねぇ！	1	Aku_Hyuu AZOTH	0
0277	キヨリスペクトいいゾ〜これ	0	Cony Rex	0
0278	普通に上手いw これからも喉痛めない程度に頑張ってくだされ	0	ぺーちゃん	0
0279	10:23面白い(予言	0	かもかも	0
0280	マリカのレースよりフラグ回収の方が速いの草	0	Adam Toy	0
0281	出だしからうるさいｗｗ	0	さぎうさぎ	0
0282	18:07ボーイであってるやん	0	あめーバー、	0
0283	感情のジェットコースターがよ	0	麻	0
0284	17:21 スーパーウルトラハイパーミラクルショット	0	あさなGames	0
0285	元気そうでよかった	0	yoda missy	0
0286	この動画を見る前に最後に見たギバラ関連の動画がとこちゃんを誘うギバラ（とこちゃんの切り抜きより）だったから現実に戻れたわありがとう	0	Hyde	0
0287	心の中のピノキオは草　鼻とんがっとるやんけ	0	ただのねこ	0
0288	北斗の拳見てたらギバラってやつおって草生えた。似てた	0	だいごろう	0
0289	17:31オランウータンの配信ですか？	0	ひじき豆	0
0290	すごい可愛いマリオカートですね	0	ショウ	0
0291	普通に上手くて安定した音圧で非常に助かった	0	ススス	0
0292	うるさ(n回目)	0	ハヤト	0
0293	えぃーー!!!	0	最果てのカリフラワー	0
0294	20:49 なんでMii操作してるのにドンキーの声が聞こえるんですか🤔	0	かしもっちん	0
0295	サムネから神回は確定していた？	0	ドルマゲスぅ	0
0296	マリオカート8で叫ぶところとか 『やっていこうかー』のところとかキヨに近いものを感じる。	1	de g	0
0297	開幕キノピオムーブすこ	0	T .A	0
0298	とても参考になる動画でしたね…	0	パンジー	0
0299	出だしきちゃぁ！！？	0	芳乃ことり	0
0300	ギバラ基準の静かさは社会的に通用せんなww	0	L N	0
0301	9:45 ここちょんまげマーチ	0	わらいち	0
0302	にじさんじって配信メインだからこういう動画があるとめっちゃありがたい	0	酸化ナトリウム	0
0303	開始のエイキャンからやって行こうマリオカートまでが完全にキヨ	1	えある。	0
0304	20:45 音割れチンパンジー	0	akari kanzaki	0
0305	2:06 ？？？「コロシュ、絶対全員コロシュ」	0	M M	0
0306	好き	0	サンシャイン藤原	0
0307	【注意】この動画を見る際には鼓膜を消し炭にすることをお勧めします。	0	まくすち#アーゴヨンをすこれ	0
0308	15:29ワルイージとギバラのMiiどっち使う方が性格いい？	0	Keiko Nakagawa	0
0309	動画始まる前に鼓膜破っといてよかった	0	みたらしリス	0
0310	最近ピノキオにめちゃくちゃ似てる	0	次元	0
0311	ハングオン使ってるの凄い	0	うさぎ	0
0312	猿で始まって猿で終わってんじゃん	0	くろやま	0
0313	いきなりハイテンションでビビった	0	カネタさん	0
0314	初手キノピオで草	0	梅園真澄【無限列車を鉄道模型で再現中!】	0
0315	目ん玉にロンギヌスの槍ささっとるやん	0	ハーミット	0
0316	ガチ見聞色使ってて草	0	みみらー	0
0317	左下のキャラかわいい	0	wei wei	0
0318	完全にリスペクトしてる実況者が分かる	0	Singh Singh	0
0319	面白すぎるだろ	0	ひまうら	0
0320	もこギバラ	0	たまどら	0
0321	テンション高っｗ	0	けんいち	0
0322	始まりがなんか似てて草	0	ゆず	0
0323	途中もこうリスペクトで草	0	白銀の民	0
0324	良い意味で言うんだけど、キヨ感だんだん増えてるよね	1	TCアヤト	0
0325	気持ちいい程の負け方笑う	0	にこにー	0
0326	リアクションがすごい	0	醤油ご飯	0
0327	ハングで走れるの普通にすごい	0	誰かのサブ	0
0328	某大手実況者に似てて草	6	Ashley _	0
0329	音割れ選手権(暴言部門)優勝候補	0	あああいいい	0
0330	大きな声出せない(初手絶叫)	0	金盞花_キンセンカ	0
0331	13:44 ここすこ	0	誠ひで	0
0332	キヨと気が合いそう	1	くん消しカス	0
0333	とてもかわいいですね	0	月宮みんみん	0
0334	面白すぎて笑顔止まらん	0	ひなわ	0
0335	自己紹介なくて草	0	午前の緑茶	0
0336	18:52 やっぱり強者は違ぇや	0	林檎りんご	0
0337	初手フライングギバラすき	0	ひよこ大魔神	0
0338	0:32 OPで叫んどいてなにゆーてんねん	0	麻生太郎	0
0339	17:48 ヴァルキリードライヴマーメイドのEDかな	0	朱鷺戸沙耶	0
0340	3:19~3:30 フラグ回収とノルマ達成を同時にこなすライバーの鑑	0	HaQ	0
0341	17:46 スーパーウルトラハイパーミラクルショット	0	re holic	0
0342	21:06 一瞬燃え尽きた？	0	オタクの喰浪	0
0343	11:30 2人いる示唆………？	0	そみゃを	0
0344	初手通信エラーw	0	nano	0
0345	えらちゃんハブられてるわw	0	好きV	0
0346	3:51 心の中のキノピオ	0	yutaro s	0
0347	0:41 完璧なフラグ	0	闇落ちもやし	0
0348	キノピオの物真似うまいですね	0	ゆび	0
0349	初手キノピオ降臨してて草	0	シャトラテ。	0
0350	可愛い可愛い可愛い可愛い	0	rUToβ	0
0351	ギバラは馬	0	みんふー	0
0352	最初からクライマックス	0	チラシChirashi	0
0353	5:22えっ僕ので良ければ 5:46ふぅ………………	1	しらす食べたかったんを	0
0354	15:30 した結果が 0:03 これ	0	ミトコンドリア	0
0355	キノピオのモノマネ実況助かる	0	ヤバいペット	0
0356	いつも通りで安心した	0	おかか	0
0357	7勢から見た8DXのレインボーロードってコース大きくなったよなって思う    いつも応援してます	0	ぜうす.	0
0358	大きな声出せないんですよ←大嘘定期	0	ゆいと	0
0359	6:32 ここGANTZの千手観音	0	0 8	0
0360	初手キノピオ草	0	白時雨	0
0361	8:21　レインボーロードのぉ、神って言われてたからな  8:50 落下 9:02 緑甲羅 9:05 落下 9:43 落下 ～負の連鎖～ 9:50 落下+雷 9:54 赤甲羅 9:58 ゲッソー 10:00 赤甲羅 ～負の連鎖～ 10:30 落下  見事なまでのフラグ回収	89	田中	4
0362	3:26もこう	0	kamijo	0
0363	最近、初手🐒ギバラにハマってる？	1	チャンネル登録される度に発見されやすくなる先輩	0
0364	17:22　ここキラ・ヤマト	0	タナ	0
0365	通知が来た瞬間光の速さで来てしまった… ちょうどいい感じの長さのギバラニウムの補給しやすい動画助かる！！！   ギバラの流れるような煽りと脊髄反射で話すスタイルがマリオカートとの親和性半端なくて好きだから毎月やって欲しい(謙虚	37	イオグランデ	6
0366	どこにでもいるペコーラ草ぺこ〜	0	きゆう	0
0367	18:08 お前いつから小峠に…	0	げんこつメンチ	0
0368	マリカでデスボイスを聞けるとは思わなかった	0	Kids Gakincho	0
0369	某黒猫度（ヨー○ー）上がってるな	1	マイティ	0
0370	出落ち感がすごい	0	みやりゅう	0
0371	EDもバッチリ似てて草枯れた	0	ハイア&迅帝	0
0372	もこうの妹説	1	サディワパドレス	0
0373	15:27 赤こうらに親を殺されたワイ「！？！？！？！？」	0	ろこまsub	0
0374	ほぼ暴言しか聞いてないなw	0	ディムロス/dhimurosu	0
0375	かわいいぞエラ	0	ZER 0	0
0376	ギバラはギバラ皮を被ったキノピオだった！？	0	アニオタ多分野な	0
0377	なんかキヨみたいな名前のプレイヤーいるの草	0	NIGHT 16	0
0378	さすがにじさんじの芸人	1	bad松	0
0379	声でない言ってんのに喉酷使するの草	0	森	0
0380	急に出すのビビる、編集お疲れ様	2	林檎りんご	0
0381	自分を上手いと思い込んでいる一パンジー	0	レンチン寿司	0
0382	猿叫の御伽原	0	haru	0
0383	キヨ！？	1	こぺんこぺぬす	0
0384	うｐ乙です。いきり江良さん。	0	ゼロキ	0
0385	miiが怖すぎる	0	sou 160u	0
0386	最初の数秒だけしか音聞こえなかったんだけど無音マリカだった…？	0	あしぃ	0
0387	初手キノピオは草	0	茶々	0
0388	開幕うるさい	0	紳士.	0
0389	あれ、ふなっしーってゲーム実況(？)してたんだ	0	Moru 。	0
0390	ヘッドホン推奨	0	ろっくうぇる。	0
0391	キ〇味を感じる	1	しぃる	0
0392	猿も外出自粛して家からマリカするんか すごい時代やな…。	0	五条	0
0393	いや、キ○やんw	1	h u.	0
0394	テンション高いですね	0	レミィミナミノ	0
0395	ドンキーコングのマリか動画助かる	0	こんぶ	0
0396	大きい声を出さないとは一体	0	天ぷらみょん吉	0
0397	普通に上手くて草	0	コマド	0
0398	ギバラ殿はこの手のゲームは戦争ということをよくわかっていらっしゃる。	0	三軒目	0
0399	きちゃ	1	りょんりょん	0
0400	1:52 投げキッスからの女子プロレスラー	0	武蔵	0
0401	0再生ゲットー	0	SCP-040 -JP	0
0402	びっくりするぐらいキ○	1	YK	0
0403	vtuber界のキヨ	1	田中太郎	0
0404	18:06 ガールやろ（ ^ ,_ゝ^）ｶｽって思った瞬間にギバラに回収された()	0	はしゆい	0
0405	エキサイトバイクの走り方見た限りだとゲームセンスはめっちゃあるんだよなぁ	0	マルマル	0
0406	さぁやって行こーの漂う野原しんのすけ感	0	ボルティアΣ	0
0407	心の中のキノピオ(隠語)	0	飼育員DX	0
0408	初っ端からキノピオのモノマネですか？	1	キャラ	0
0409	猿やんけ	0	ス子?	0
0410	スタートダッシュ失敗。	0	リア。	0
0411	江良ちゃん普通に上手いよね	0	ふるぐぐ	0
0412	ちょいちょいキノピオになってて草	0	もやし	0
0413	3:22 昔の某馬場さんなら台パンしてしばくぞゴルァ！って言ってるな	0	暴君邪ンヌ	0
0414	動画たすかる	0	らむｗｗ	0
0415	ビビるくらい口悪くて草	0	アニヲタちゃん	0
0416	マリカはけっこう上手いのにな………	0	ずんどこきよし	0
0417	0:00初手うるさい	0	ムキムキ	0
0418	どう考えても冒頭からあの頭狂った実況者と一緒やなぁ・・・ 名前はえっと・・・・    キ〇	0	メロスの弟子	0
0419	サムネもMiiもキヨっぽいな	1	きむむら	0
0420	マ゛リ゛オ゛カ゛ー゛ト゛(迫真)	0	Blacky __sao	0
0421	やっぱりやべー女だわ… アイドルになった気がしたけど気の所為だったかもしれんな… ギバラ！ギバラ！ﾌｯﾌｯﾌｰ!	0	しょーた	0
0422	ギバラ基準の大声とは	0	cocoa:ここあ	0
0423	次の日喉死んでそう	0	サウス	0
0424	キヨっぽいよなぁ！？	1	Dr K	0
0425	初手ラス落ち草	0	ジュズ	0
0426	終始うるさい	0	な〇	0
0427	キッヨに似てる	1	Xepher IIDX	0
0428	3:52と4:01のキノピオ絶対興奮を抑え切れてない。	0	ヌベスコ	0
0429	やべぇもうおもしれぇ	0	結桜channel	0
0430	こんちには	0	山田太郎	0
0431	キノピオのものまねクオリティ上がった？	0	伊豆半島	0
0432	17:29  天才かぁ？	0	太田奏	0
0433	スーパーミラクルウルトラハイパーショット	0	Mikurin 0702	0
0434	20:47助かる	0	nogard	0
0435	もこうのマリカと同じ気分でみれた	0	あやと	0
0436	ギバラってキヨリスペクト地味にあるよな エンディングとかサムネとか	1	りゅう	0
0437	チンパンジーがテレビゲームやる動画だった	0	浦田英梨〈うらたえり〉	0
0438	かわいい	0	--マサオ	0
0439	かわいい	0	。ナツ	0
0440	かわいい	0	imoyoukan 124	0
0441	かわいい	0	ス子?	0
0442	もう武闘会ですが	0	ただ怒るあき竹城	0
0443	何この洗脳ビデオ…	0	キリマンジャロキリマンジャロ	0
0444	動画を見て思ったこと あれ？最初声がどうとか言ってなかったっけ？	0	永遠の独り身	0
0445	18:35  GBA（ギバラ）	0	肉好きのベジタリアン	0
0446	しゅき	0	Neo	0
0447	音割れギバラー	0	ちょむすけ	0
0448	喉休めてもろて、おつえら	0	林檎りんご	0
0449	音全然聞こえないなぁ()	0	AKI HIRO	0
0450	逆ハン切る人って大体やばいやつ多いよな	0	上チン	0
0451	喉鍛えてるの……？	0	ゆめぴりか3号	0
0452	完全にあの人が女性になったみたいで面白いわw	0	たかひか	0
0453	普通に上手くなってて草なんだ	0	鳶原	0
0454	マリカは出来るのにボンバーマンはできない女	0	kuzan	0
0455	サムネイルからオープニングから使用キャラからモノマネまでも強いリスペクトを感じる	0	ばなおれ	0
0456	女版キ○	1	ふーりえ変換	0
0457	21:09位からちょっとぼやきでてるんだが 大丈夫なのかね、主に喉	0	天ぷらみょん吉	0
0458	13:43 「ん？」 13:48 「んん？(゜))<<」	0	わんさか	0
0459	あれ、マリカーは普通に上手だったんだっけ。	0	死なない不死者	0
0460	猿ゥ！	0	しらあ	0
0461	イヤンホで音量最大にして聞くの頑張ろうと思ったけどキノピオで頭痛くなってきてやめた  最後までやりたいけど多分無理や‪w	0	楽乆ラク	0
0462	17:42 ???「うますぎて、ウマに・・・」	5	アグリコラ	1
0463	そのうち私の中の豊田議員とか言いそう	0	まぐまぐ	0
0464	安定のサル助かる	0	時雨	0
0465	一戦目から若干叫んでて草  若干どころじゃなかったわ	0	クソリプマン	0
0466	ギバラ絶対キ○好きやんw	2	たしぽん	0
0467	喉痛いはどこへ	0	きりやまめがね	0
0468	ノリが某ゲーム実況者と一致するんだが	4	たなみつ。	0
0469	10:02 ここZeebra	0	もも	0
0470	ウィニングしなきゃ勝ってたのに	0	バスタードプリン	0
0471	静かなマリオカートとはいったい…？	0	みかげ	0
0472	どことなくキヨ感があるんだが	0	トトロ	0
0473	ライブみたいにコメント打ちたくなる	1	わたあめ	0
0474	緊急事態宣言出てるのに動物園営業しても平気なんですか？	0	シャムロック	0
0475	0:32誰もがその後を察する所信表明	6	鮭鍋佐門	0
0476	なんだかんだ可愛いよな	0	ただのゲーム好き	0
0477	自粛中なのに動物園に行った気分になれる動画でとても嬉しかったです。 ところでどこの動物園にいる猿ですか？	0	ぶどうとーふ	0
0478	始まってすぐ音消えたんですけど編集ミスですか､､､？	1	限界後方彼氏面青椒肉絲	1
0479	なんか曲がり方がかっこいい	0	naga iv	0
0480	にしてもギバラ思ったよりマリカーうまいなー。にじさんじ杯出てたら予選通過出来てるかもしれない	0	リhir	0
0481	15:15 この理論だと今のマリオカート界隈8割型性格悪いヤツで草	0	blaite 4696	0
0482	最初のマリオカート8って言おうとしたけど、タイミング合わせずらくて、「マッ」って言うところﾞだけﾞかわいい	0	87%を9回連続で外した男	0
0483	N64レインボーロードでキノピオから投げられたコインはスパチャかな？	0	椅子の妖精	0
0484	マシンとかMiiとかいろいろがあいつをリスペクトしまくっているｗ	0	レイヴンRQ	0
0485	switchを破壊しないやつは猿として二流	0	肉体覇王Jalmar	0
0486	いい音割れです。 てか普通に上手くて馬 最悪最悪最悪マーチすき	0	ゅぅゃょゎぃ	0
0487	配信見てる気持ちになるわ	0	ベル	0
0488	17:20 天才	0	ましROM	0
0489	音無いと思ったらマナーモードにしてたわ	0	a-font wabieon	0
0490	アッマリオカ" ー” ー" ー" ト"ォ"ォ"ォ"ォ"キィィィィィィィィ↑↑↑	0	F. NTT	0
0491	のど大丈夫か	0	赤髪	0
0492	マリカエアプだけどギバラポンゲーマーだと思ってたらだいぶ上手くて草	0	伊東マキシマムサイズ	0
0493	普段から音割れしている定期	0	寂寥	0
0494	そら喉痛くなるよ…	0	お花	0
0495	なんかヌルヌルなってる左下	0	リリカルひろし	0
0496	音割れシリーズ量産してほちぃ	0	ちゃぶ台侍	0
0497	完全に女版○ヨみたいで草	3	000asas000	0
0498	11:29 カメラの前だということを忘れ、もう1つの人格である江良ちゃんに話しかけるギバラ	0	ついに選ばれた麦茶	0
0499	大丈夫ですか。	0	松明	0
0500	ハングオンバイクだといつか勝てなくなりそう	0	Yuki_Sylvia	0
0501	キ○…	1	ミルミルコ	0
0502	初手鼓膜ないなった	0	ユウチノ	0
0503	本当に申し訳ないんだけど冒頭40秒くらい某黒猫のキ〇みたいで笑ったw でもギバラはギバラだよ＾＾	1	ましきろ	0
0504	動画助かる しかし大きな声が出せないとは	0	エアねこ	0
0505	キヨ意識してね？()	1	マイナハム	0
0506	これがお伽の国の舞踏会なのか、、、	0	ヨル	0
0507	心の中の…？	0	ジョンドゥ	0
0508	英語長文のBGMにちょうどよい	0	--マサオ	0
0509	さっき音割れテトリス聴いて鼓膜破っといたから 安心して視聴できるわ	0	ミルクティーのあれ	0
0510	冒頭草	0	SOMA柿渋	0
0511	0:04キノピオ	0	とろ	0
0512	ギバラ、地味にうまいな 慢心チンパンさえなければ	0	ゆらちんの首が回らない	0
0513	どこかの声が大きい人の魂でも乗り移ったんですかね	0	? S	0
0514	闇深そう	0	風吹けばガンキン	0
0515	上手くなったねぇ	0	しゅら	0
0516	本家よりうるさい	0	姉川はお	0
0517	21:10スコ	0	海より青い戦隊のルシアンブルー	0
0518	音割れギバラカート	0	豊田昌史	0
0519	比べるの良くないけどもこうよりうまくね	0	投稿者変態糞土方	0
0520	めちゃクソキ○ヨに似せてて草	5	エクスシーア[ELS]	0
0521	あいかわらずイキリちらかしてますなぁ	1	Bear Offline	0
0522	どうしてこれが出来てボンバーマンが出来ない	0	K T R	0
0523	隠せないキ○ヨ感w	1	たくあん	0
0524	ユッチュバーｗ　　7:37	0	暇なひと	0
0525	初手草生える	0	安息香酸-Ansokukousan	0
0526	絶叫ポイントも作りつつコンスタントに上位取っていくスタイルほんますき	0	コーディエ[清楚]	0
0527	投稿3分で低評価1は草	0	かぴあ	0
0528	いや〜可愛ええなこの子 え？	0	oliwell 81	0
0529	初っ端から通常運転	1	ハナホ人	0
0530	常に撮れ高マックスなの良いぞ～これ	0	府菜シゲル	0
0531	もこう並に猿やん	0	スリープ	0
0532	女体化キ○	1	かまぼこ	0
0533	概要欄のゲーム紹介なぜマリオカートwiiなんだぁ？	0	メリさん	0
0534	ギバラもしかして某北のヤンキーのマリオカート好きか？動画の入り方完全に彼なんだが。	1	ペットボトル橋村	0
0535	切り抜きじゃないのか…  もはや、御伽原でもギバラでもなくてチンパン	0	ALT, AKT	0
0536	サムネに訂正　ゴミカス降臨	0	つゅえつゅえ	0
0537	安定してる	0	島宝	0
0538	開始5秒くらいからこの動画音無いんですけど僕だけですか？	0	Shima	0
0539	全てがキヨに影響されてきててめっちゃ面白い 追記ギバラが面白くないのではなく自分の好きな実況者と感じが似てきててさらに面白くなってるなと思っただけなのでギバラが面白くないのでは無いです。ギバラ本人はとても面白いです。	132	ちゃんぬ	5
0540	レートいくつまで耐久やらないかなぁ(鬼畜)こういうコンパクトな動画だとすごく見やすいから配信の切り抜きちょく直出してほしい(´-`).｡oO	0	冬波豹希	0
0541	馬じゃなくてゴリラやろ	0	ハードハーヴェスト	0
0542	キノピオ使ってないのにキノピオの声聞こえる	0	ウパー	0
0543	思ったより全然上手かった、ごめん	0	みみらー	0
0544	喉はマジで大事にして？	0	真珠	0
0545	若干鼻声じゃない？	0	_94 yusa	0
0546	ギバラのオッケーってだいたいオッケーじゃないよね	0	ギグにぃ	0
0547	江良ちゃんもしかして普通にマリカ上手い？	0	秋春	0
0548	1:49  おいふざけんなよまてまてまてまt     お“  い“  お“  い“   誰“  だ“  よ“  ゴ“  ル“  ァ“  ァ“	0	Cherry	0
0549	＿人人人人人人人人＿ ＞　 なんやこれ   　＜ ￣^Y^Y^Y^Y^Y^Y^Y￣	0	さばのみそに	0
0550	我二歳児ゾ？	0	龍神	0
0551	ハードダーツのコーラーかな？	0	うのののの	0
0552	これ配信せずに一人でコメントもなくやってるんでしょ ただのやばいやつじゃん	0	鶏皮	0
0553	やっぱ上手いなぁギバラさんは さすがだなぁ 視聴者参加型で1位取るまで耐久 1試合で終わらせそうだなぁ	0	百足892	0
0554	(`∇`)HAHAHA	0	ボルボロス亜種	0
0555	絶対キヨ大好きだろw	32	新茶	3
0556	概要欄の「TUTAYA」はいつになったら直るのか	1	238_Fumiya	1
0557	マリカめっちゃ上手くね？	0	コアラマーチ	0
0558	XXハンターともこうを 足して２で割ったようなテンションすき	0	イケダ骨熊	0
0559	ギバラ無理しないで	0	SS	0
0560	マリオカート、ヘ゛イ゛い゛ト！	1	ライラプス	0
0561	始まりがキヨさんみたい	5	匿名	0
0562	11:01 悲しいなぁ… 16:49 は？	0	dekarucha	0
0563	開幕猿	0	ドラきち	0
0564	初手狂気	0	点P	0
0565	キノピオ似合いそう	0	かわヒロ	0
0566	マ"  リ"  オ"  カ"  ー"  ト"  ！　！ヘ"  エ"  エ"  エ"  エ"  エ"  イ"  ！	0	revレヴ	0
0567	モンキーパニック	0	ナイン	0
0568	いつも通りでなりより…。 (喉こわさないようにね？？)	0	宮木城繭彌	0
0569	キヨやん	1	inazuma/いなずま	0
0570	音割れ助かる	0	T.lo.	0
0571	1人でマリオカートやってギバラよりうるさいやついる？	1	ぜんざい	0
0572	音量注意っいうコメントしても誰も救えない動画	0	しゃる/Chall	0
0573	キヨかと思った。    と思ったら声変わりしたキヨだった	1	しーらっこ	0
0574	見どころ 0:00〜21:32	0	えいちえす	0
0575	最初の5秒くらいから音ないんですけど俺だけ？	0	あんぱん野郎・	0
0576	急に投稿されたからびっくりした！助かる〜！！！       ところでなんでこの動画音ないの？？？	0	ごはん警察み゙み゙み゙ちゃん	0
0577	なんも聞こえへん	0	なごみん	0
0578	マリオカートって人を傷つけるゲームだと思うんですよ 　　　　　ー御伽原江良(2020/04/25 A&G TRIBAL RADIO エジソンより)	1	Itsuki S	0
0579	あれ？マリオカート8にディディーコングっていたっけ？	0	トマト王子	0
0580	自粛期間中のゲーマーピノキオ	0	茶々	0
0581	にじさんじキノピオ多くね？	0	ぺーすけ	0
0582	She assume to play with graceful and silent.	0	時雨改五	0
0583	キヨ？	2	野獣先輩	0
0584	0:03から音MAXにしてるんだけど、何も聞こえない	0	桃園	0
0585	モンキーカート8	0	Ritsuki Vaz	0
0586	えい゛い゛い゛い゛↑↑	0	ねぅ	0
0587	大きな声を出さないとはなんだったのか。 いつもどおりでニッコリです	0	紫[むらさき]ではない	0
0588	平  常  運  転	0	ホタテ推進委員会	0
0589	It's so much fun  Super Ultra Hyper Miracle Shot lol lol	0	Ron wind	0
0590	ギバラのアバターくっそキモくてビビった	0	うりぼーうりぼー	0
0591	いつも通りでなにより。	0	キョーヘー	0
0592	最初どっかで見ましたね…	1	デブチュウかわいすぎ結婚しよう	0
0593	ギバラもしかして某実況者好きなのかな	11	まりえ	3
0594	花粉症なら無理して声出さなくていいですよ、最近は特に喉を痛める様な声を出してるから心配になります、ちゃんと自分へ御自愛ください。	0	神城アキラ	0
0595	タイトルコール、MII、サムネ、暴言とキモリスペクトは俺得すぎる	0	古代35	0
0596	大声が出せないとは？	0	ゆーゆーアルフォンソ	0
0597	初手からキヨを感じる視聴者は俺だけではないはず キレ方、暴言、絶叫、アイテムと敵への文句...あとまじんことか、もうまんま	1	RS F1	0
0598	初めて見たけど人気出るの分かるわ〜。めっちゃおもろいし嫌な罵倒じゃないし対戦相手に気を遣ってない(良い意味)から気持ちよく見られたわ。でも喉に猿飼ってる？	0	イルミナ	0
0599	この動画あとからみたら本人恥ずかしくなるやつだろ	1	S S	0
0600	アレ？音聞こえないけど編集ミスか???????	0	オーレ・ウェルギウス	0
0601	最初に言ってた静かなマリオカートってなんなの？	0	hajime	0
0602	問題です。 「オイ」と合計何度言ったでしょうか？ 僕は数えてません。	0	りっくる	0
0603	紙降臨の間違いやろ	0	っとうさかな	0
0604	0:00 ここ猿	1	Mazin bu	1
0605	君叫べないって言ったよね？	0	サバナナ	0
0606	シ  ン  デ  レ  ラ  の  裏  垢	0	とるとるプーベエ	0
0607	見てたらなんか女型のも○うさんに見えてきたんだけど俺おかしいんかな…	0	進化キャンセルされたネイティ	0
0608	編集おつえら これ見た後にギバラの桃色片思いやらギバラのラムのラブソングやら聞くと変な気持ちになった	0	おいも	0
0609	0:02 大きな声でマリオカートエイイイイイイイイイ！  0:31 大きな声出せない  えっ	0	yy e	0
0610	17:23 クソ上手スナイプ。上手すぎて馬になったわ	1	パンドラの箱	1
0611	どっかの1人で実況してんのに五月蝿い人みたい	0	サワトヨ	0
0612	？？？『シバくぞこらｱｱｱｱｱ！怒』ﾊﾞﾝｯ)     なんでだろう聞こえてくる	1	山田	0
0613	一位とってから暫く天狗なの草通り越して大草原  天狗じゃなくて猿か	0	岸本アクト	0
0614	これは間違いなく人を傷つけるゲーム	0	げんげつ	0
0615	10:28 きれいなフラグ 全てがフラグになっていく流れがある意味で神プレイでした。 気楽にツッコミを入れつつ見られておもしろかったです。のどお大事に。	0	里	0
0616	20:46から音がないんだけどこれバグ？	0	ばなぁなぁ	0
0617	音割れ助かる。	0	KANITAMAN1	0
0618	一週間休んでいいからキノピオ縛りやれ	3	球審の白井	0
0619	❌御伽の国の舞踏会 ⭕ジャングルの森の威嚇会	0	Makino	0
0620	助かる	0	えりしぃ	0
0621	再生回数0回。高評価24今日も平和だ。	0	アッキー	0
0622	なんかキヨみてぇだな	1	青色3号	0
0623	後方確認しないのは画面酔いを防ごうとする気遣い？？？確認した方が良くない？甲羅飛んできたりとかストリーム防ぐのとかの為に	0	TSZナイトメア	0
0624	9:11 「このステージでキノコを出すこと自体がおかしいんだよな」 9:19 『ｵﾙｧｵﾙｧｵﾙｧｵﾙｧ!!(ゴールドキノコ連打)	0	かぐふぇす	0
0625	0:03  20:48 いただいていきますね	0	サクラもちのゲーム部屋	0
0626	やっぱギバラだよな ギバラの動画見てると 元気出るわ、喉大事にして安静な	0	タクタクブサイクへの膝蹴り	0
0627	初手10割	1	生魚だよ〜	0
0628	音割れマリオカートじゃなくて音割れギバラじゃん	0	akari kanzaki	0
0629	ぴえん羊、最初の2匹の内の片方のタイプだから簡単にリセマラできるよ	0	まこまこ	0
0630	キヨの実況にクソ似てて草生えるわ	3	匿名	0
0631	開幕即死しました	0	たる	0
0632	どこで止めても顔がかわいいな！ ステージ選択の時にリズム取っちゃったり、眉が下がる表情とかかわいさで殺しに来てる 音割れはするけど	0	つな728	0
0633	(´･ω･｀)…	0	Aut alive	0
0634	女性版キ◯	1	ガチγ	0
0635	20:46 猿🐒	0	アラン!	0
0636	動画を再生して3秒後に皆さんの鼓膜は亡くなります。	0	ノブりん	0
0637	...？  この動画音入ってなくないですか？	0	メメント盛元	0
0638	ギ○ラ「マリオカートでここまで発狂出来るヤツ私以外にいんの！？」	0	みゅうと	1
0639	やはりマリオカートは人を傷つけるゲームなんだ……	0	つるこうき	0
0640	ほとんど思ったことないけど、ギバラだけはマジで中の人見てみたい。 （中の人とか考えないようにしてる人ごめんよ）	0	ライトゲーマー〈ジョブ:赤魔道士〉	0
0641	猿の動画見に来てないんだよなぁ	0	マーム	0
0642	初手動物園	0	もやしサン	0
0643	始まり方がキヨみたいで笹w	4	YOK O’s	0
0644	煽り運転気をつけてくださいね。	0	暗黒微笑	0
0645	初手うるさすぎて親に音量デカくない？って言われたからこいつがうるさいねん！！って言っちゃった	0	りんすー	0
0646	彼女はきっと、部屋で一人で叫んでいます。 21:06のため息は一人であることを思い出したと推測します。	0	かみかわなおし	0
0647	キヨ⚫やん	0	ぷーさん	0
0648	Era chan wa Erai ! Era dakeni nice pun there lol	0	Flip Flop	0
0649	どうして一人で騒げる人とマリカはこうも相性がいいのだろうか…  マ、マ、マリオカートぴぇぇええええぃいぃぃぃいい！！！！！	0	情報お届け屋	0
0650	15:16現マリカー環境トップを使う人間をdisるギバラ	0	岩沢蘭	0
0651	私の中のキノピオ…  ん？変な妄想はしてないよ	0	魔王龍神	0
0652	無音でしちょうするのがオススメのビデオですね。	0	ヴァルキリー大好きバンバン	0
0653	連打してみよう！  10:0110:0110:01 10:0110:0110:01 10:0110:0110:01	0	アップルティーのりんりん	0
0654	スナイプ無しだと普通に一位とれるほど上手くなってるのね。動画もいつものギバラクオリティで楽しませてもらいました。	0	無意識バイアス	0
0655	こいつほんとおもしれぇな	0	土方のゴマすりクソバード	0
0656	わろ	0	まる	0
0657	おっきな声出せない…？ 初手の音割れなんやったんだ？	0	みぃな	0
0658	普通にそれなりに上手くない？ バイクの挙動できないから羨ましい	0	SSHO	0
0659	キヨ意識してるの明らか	3	ヒイロ・ユイ	0
0660	キ〇さん意識してる？	7	バロン	0
0661	さよなら鼓膜	0	きびだんご珍走団	0
0662	マ゛リ゛オ゛カ゛ーーーﾄ　      　　　　　　　　　エ゛ーーi	0	コロン	0
0663	お料理動画まだですか？	0	サムゲタンオシャベリクダサイ	0
0664	完全にゲーム実況者じゃん	5	ラリッくま	0
0665	初っ端から某人気大声実況者感がすごい	0	Haru yama	0
0666	サムネ、配信、カットの仕方からも、最俺のキヨの動画をたくさん見てるんだな…って伝わってきますねw	6	ヨナギケイ	0
0667	Hhmmm....	0	[M.S Ålëñg] • 10 years ago	0
0668	某有名実況者を感じるw	3	あつや	0
0669	なんで音ゲーとマリカは上手くてあんなにボンバーマンド下手なんだろう	0	片桐おでん	0
0670	あれ、バナナ食らうやつは雑魚ってこの前言ってたような…あれ？？？	0	ぴぃぃ	0
0671	何でこの人すぐにサルになるの？	0	仮掛件	0
0672	この方が焼け野原ゼラさんですか？	1	るみなん	0
0673	何か最初の方で何も聞こえなくなったんだが…俺だけか？	0	ゆーと	0
0674	キヨみたいな始まり方で草	3	モスバーガーch	0
0675	キ○かよ	0	ふぉる-foll-	0
0676	何から何まで某猫で草	0	ENJOY	1
0677	キヨリスペクトやめろ	0	ホモナカ	0
0678	もう赤ちゃん作れそうな体だね	3	レー島ガブ·リアス	2
0679	最初ちょっとキヨさん意識してるでしょw	0	ろころ	0
0680	17:47 激アツファンタスティクエブリデイと同じ匂いがする	1	R136 a1	0
0681	20:53	0	きろますが	0
0682	これいつのやつ？配信してくれよおいおいおい	0	最果てのカリフラワー	0
0683	「今日は静かにやって行きたいと思います」 ↓3分後 「おいおいおいおい！！今のはねーだろ！！！ 」	0	ブタニャンコ	0
0684	17:23神プ      20:49猿プ	1	チョビ	0
0685	13:44 ここすき	1	おいしいからあげ	0
0686	16:48 江良だけに(？？？？？？？？？？？？？？？？？)  17:20 ここから奇跡のエイム	0	Amizel	0
0687	3:50   4:00 ギバピオ  20:45 🐒	0	_ sasa	0
0688	0:35おっきな声出せないの 1:15きのこいいねぇ（大声） 1:26はい一位一位一位一おけおけけけけけけけけけ（大声） RTAか？	2	五月雨ギバ	2
0689	1:54	0	壮大なる前振り	0
0690	音割れギバラは日本の文化	0	どこでもウィンドウ	0
0691	若干のキ〇感あって草	0	みかん。	0
0692	本人がそれでいいならわしは死ぬまで応援し	0	しろこ	1
0693	＿人人人人人人人人人＿ ＜      御伽の国の舞踏会      ＞     ￣Y^Y^Y^Y^Y^Y^Y^Y^Y￣	0	しょ〜	0
0694	動画ひらいて7秒から音が聞こえなくなったんだけど？	0	ネムリス	0
0695	マッドマックス	0	[HT]ヒロ	0
0696	初手チンパン助かる そういうとこだぞ        愛してるぞ。	0	ろむ / rom	0
0697	6:49	0	Friends Forever	0
0698	ギバラは花粉症で  ワイも花粉症  つまり  ギバラ=ワイでOKか？	0	さんまる	0
0699	タイトルから漂うニコニコ感	1	Ago -	0
0700	声にエラー起きてますよ。       江良だけにね。	0	ぢゅぶゃぁい	0
0701	Ha c mamo al principio te la aplicaron a último momento !!!!!	0	natsu reings	0
0702	概要欄      ＿人人人人人人人人人＿ ＞    マリオカートWii    ＜ ￣Y^Y^Y^Y^Y^Y^Y^Y^Y￣	0	運極募集中	0
0703	キ○ヨさん感ハンパねぇ	0	てけ	0
0704	ス゛ー゛パ゛ー゛ウ゛ル゛ト゛ラ゛ハ゛イ゛パ゛ー゛ミ゛ラ゛ク゛ル゛ロ゛マ゛ン゛チ゛ッ゛ク゛	0	SKR Sakura	0
0705	キヨに影響されすぎだろこの猿	5	CHAKEN	0
0706	体調不良自己申告しといて全力投球破滅のデスボイスで草 鼻声気味で野太くなっても可愛い…よ……(っ'-')╮=͟͟͞♡ﾌﾝｯ   くれぐれも無茶はしないでね😔 虚弱体質だと何が起きるか分からない。重い病にかかると私狼狽するよ。 江良さん。貴女は1番大切な人だから。お願い。このご時世じゃ何起きるか分からないから 正直言うと貴女を護りたいんだ。誰よりも。ね	0	よわむしArisia	0
0707	12:05 ~ 12:12 Deja vu	0	KNBLADE	0
0708	この人の推しでよかった…         😇	0	かなで	0
0709	大学４年生で手芸サークルに所属している。料理、掃除なんでもこなす家庭的な女性。  いつか素敵な王子様が自分を迎えに来てくれると夢を見ている。	0	ポンデリング	0
0710	某実況者Kをリスペクトしまくってて草	1	SAIころ	0
0711	なんか編集も込みで某最終兵器のキ◯に似せてきてると思うんだが！	1	カバオ	0
0712	あ	0	ネプてぃす	0
0713	17:28 今日の猿山     外出自粛中に"山"に連れていき2次元と3次元を繋いでくれるVtuberの鏡	7	よそらφ	0
0714	0:00 マリオカートヒ゛イ゛イ゛イ゛ぃ゛ぃ゛ぃ゛ぃ゛ぃ゛ぃ゛ 出落ちやめろ	7	zawa yu	1
0715	車を運転出来るお猿	0	Newいつき	0
0716	めっちゃ有名実況者っぽいやん	1	Sda Mgw	0
0717	○ヨ感	7	リン	0
0718	節々に某実況者へのリスペクトを感じる	0	どなどな	0
0719	みんないってるけどキヨすぎて草	0	キラメキラリキらル	0
0720	個人的好きな瞬間 0:03　開幕絶叫 0:16　御伽原エラー 0:31　この言葉をよく覚えておいてください 1:02　頷きかわいい 3:22　や　っ　ぱ　り 3:45　？？？？？？？？ 3:50　キノピオ原江良 5:06　集中砲火 5:45　んあぁコインん...っ(えち) 5:57　煽りたすかる 6:11　ヤクザ 6:22　めっちゃ抜かすじゃあん(´･ω･) 6:48　ナぁイスぅ♪かわいい 6:53　イキリ原江良 7:07　おけぇーい！かわいい 7:24　おめでとう江良ちゃん 7:52　ブッサイクだなおまえ 8:16　あっ...(察し) 8:20　初めて聞いたんですけど... 8:55　嘘っていってェ～ん 9:34　安西先生です 9:51　オ"ォ"イ"オ"イオイオイ 10:14　だちてかわいい 10:39　ヒ"ャ"ー"ー"ー"！ 11:08　ウ"！(フラッシュバック) 11:31　ｯﾊﾟ　かわいすぎる！！！ 11:45　ええ... 12:25　来"ん"じゃねー！ 12:45　ﾊｰｰｰｰ↑(ド#) 13:26　ぶつかってこないでよぉー！かわいい 13:44　無茶苦茶 14:39　さっきからそれしか言ってねぇじゃねえか 14:50　ABO構文 15:03　ちょっとぉ～！かわいい 15:42　よいしょお～！かった！あり？かわいい 16:12　ﾔﾒﾛｸﾙﾅｰかわいい 16:50　は？そうだが？ 17:27　奇跡 17:41　🐍ネ... 17:46　SMUHS 17:53　ここほんとに嬉しそうでかわいい 18:07　セルフサービス 18:46　ぷぷぷぷぷ！かわいい 18:51　あっ... 19:21　いいゾいいゾ～♪かわいい 19:41　ぷぷぷぷぷっぷっぷーかわいいからの高低差で耳キーン 20:46　勝利の雄叫び　やっぱり猿じゃないか.. . 21:06　賢者モード	3	SOMA柿渋	1
0721	ゲームで怒ってんのかよw	0	swot4423	0
0722	初  手  1  0  割	0	ちろも_V推し	0
0723	猿	0	かさ	0
0724	15:32 バーチャルブイチューバーほど本当の姿をさらけ出してない人いないでしょ	0	女体盛り歴30年のベテラン	0
0725	視聴回数0高評価126 今日もYouTubeは平和です	1	佐々木匠磨	0
0726	すみません、某有名実況者を思い出してしまいました。 …めちゃくちゃ面白かったです	0	おちあい	0
0727	御伽原 江良御伽原 江良御伽原 江良御伽原 江良御伽原 江良御伽原 江良御伽原 江良御伽原 江良御伽原 江良御伽原 江良御伽原 江良御伽原 江良御伽原 江良御伽原 江良御伽原 江良御伽原 江良御伽原 江良御伽原 江良御伽原 江良御伽原 江良御伽原 江良御伽原 江良御伽原 江良御伽原 江良御伽原 江良御伽原 江良御伽原 江良御伽原 江良御伽原 江良御伽原 江良御伽原 江良御伽原 江良御伽原 江良御伽原 江良御伽原 江良御伽原 江良御伽原 江良御伽原 江良御伽原 江良御伽原 江良御伽原 江良御伽原 江良御伽原 江良御伽原 江良御伽原 江良御伽原 江良御伽原 江良御伽原 江良御伽原 江良御伽原 江良御伽原 江良御伽原 江良御伽原 江良御伽原 江良御伽原 江良御伽原 江良御伽原 江良御伽原 江良御伽原 江良御伽原 江良御伽原 江良御伽原 江良御伽原 江良御伽原 江良御伽原 江良御伽原 江良御伽原 江良御伽原 江良御伽原 江良御伽原 江良御伽原 江良御伽原 江良御伽原 江良御伽原 江良御伽原 江良御伽原 江良御伽原 江良御伽原 江良御伽原 江良御伽原 江良御伽原 江良御伽原 江良御伽原 江良御伽原 江良御伽原 江良御伽原 江良御伽原 江良御伽原 江良御伽原 江良御伽原 江良御伽原 江良御伽原 江良御伽原 江良御伽原 江良御伽原 江良御伽原 江良御伽原 江良御伽原 江良御伽原 江良御伽原 江良御伽原 江良御伽原 江良御伽原 江良御伽原 江良御伽原 江良御伽原 江良御伽原 江良御伽原 江良御伽原 江良御伽原 江良御伽原 江良御伽原 江良御伽原 江良御伽原 江良御伽原 江良御伽原 江良御伽原 江良御伽原 江良御伽原 江良御伽原 江良御伽原 江良御伽原 江良御伽原 江良御伽原 江良御伽原 江良御伽原 江良御伽原 江良御伽原 江良御伽原 江良御伽原 江良御伽原 江良御伽原 江良御伽原 江良御伽原 江良御伽原 江良御伽原 江良御伽原 江良御伽原 江良御伽原 江良御伽原 江良御伽原 江良御伽原 江良御伽原 江良御伽原 江良御伽原 江良御伽原 江良御伽原 江良御伽原 江良御伽原 江良御伽原 江良御伽原 江良御伽原 江良御伽原 江良御伽原 江良御伽原 江良御伽原 江良御伽原 江良御伽原 江良御伽原 江良御伽原 江良御伽原 江良御伽原 江良御伽原 江良御伽原 江良御伽原 江良御伽原 江良御伽原 江良御伽原 江良御伽原 江良御伽原 江良御伽原 江良御伽原 江良御伽原 江良御伽原 江良御伽原 江良御伽原 江良御伽原 江良御伽原 江良御伽原 江良御伽原 江良御伽原 江良御伽原 江良御伽原 江良御伽原 江良御伽原 江良御伽原 江良御伽原 江良御伽原 江良御伽原 江良御伽原 江良御伽原 江良御伽原 江良御伽原 江良御伽原 江良御伽原 江良御伽原 江良御伽原 江良御伽原 江良御伽原 江良御伽原 江良御伽原 江良御伽原 江良御伽原 江良御伽原 江良御伽原 江良御伽原 江良御伽原 江良御伽原 江良御伽原 江良御伽原 江良御伽原 江良御伽原 江良御伽原 江良御伽原 江良御伽原 江良御伽原 江良御伽原 江良御伽原 江良御伽原 江良御伽原 江良御伽原 江良御伽原 江良御伽原 江良御伽原 江良御伽原 江良御伽原 江良御伽原 江良御伽原 江良御伽原 江良御伽原 江良御伽原 江良御伽原 江良御伽原 江良御伽原 江良御伽原 江良御伽原 江良御伽原 江良御伽原 江良御伽原 江良御伽原 江良御伽原 江良御伽原 江良	0	NEØ Neo	0
0728	これでキヨ意識してないとか言われたら逆に驚くわ	1	grenvill e	0
0729	6:35 お前を殺すﾃﾞﾃﾞｯ!	0	がばがば	0
0730	女版もこうやんけ	1	N T	0
0731	めちゃめちゃあの人の影響感じるの私だけだろうか	0	ぬぁりたふぁりた	0
0732	🐵	0	氏いおま	0
0733	ギバラ星川の真似上手いな	0	いっちょん	0
0734	緑コウラ当たったのさ……     偶然だから！ 偶然を実力だと思うな！ まぁそんな発言してるギバラも好きだ！	0	揚げたてコロッケ	0
0735	初手から頭悪い	0	四月一日萌香	0
0736	所詮もこうの模倣	0	CB 400SF	1
0737	ギバラの音割れほんとクセにになる これ聞かないと生きていけない体になってしまった	2	原ノ園マッハ	0
