0001	5:47 どうぶつの森ってプレイしてる人も動物になれるんやなって…	674	よそらφ	5
0001-001	@Iglit  そうなん？(マジ(？知らんかったわという)レス)	4	オメガです。
0001-002	@オメガです。 ギバラは猿だぞ(マジレス)	7	Iglit
0001-003	人間も動物やぞ(マジレス)	2	オメガです。
0001-004	このコメ最強‪w	2	山猫
0001-005	このコメ好き	6	ボーラーハット_Bowler hat
0002	7:22 この島は居心地が良くて ボク気に入っちゃったよ〜 こういう所で 暮らせたらいいのに…(イケボ)  ギバラ｢ﾌｩ゛ｳ゛ｳｳ゛ｳ゛ｳﾝう゛ちの゛島゛に゛お゛い゛で゛ぇ゛ぇ゛！゛？゛！゛？゛！゛？゛｣	552	田中。	3
0002-001	春宮みる  ありがとうございますー！！ 訂正しました‪w	4	田中。
0002-002	細かいけどうちの島くる？じゃなくてうちの島においでだと思います…！	9	春宮
0002-003	ジャック「あっ大丈夫っす…」	36	ジョンドゥ
0003	6:50 サルボ→ゲロボ→イケボ→シャウトの豪華御伽原ボイスセット	302	佐々木太郎	0
0004	6:54 ここのギバラの鮮やかな嘔吐の動き好き	257	さんしょうお	1
0004-001	そこのシーン見た瞬間、ギバギバしてきた	4	魔王龍神
0005	10:27　ここのギバラが家を出る時に振り向いて手を振るジャック君かわいい	270	Maki	0
0006	12:25　ゴリゴリの厨パで草	314	志田樹	4
0006-001	600族統一	0	グラン
0006-002	ポケ◯モンで例えるあたり才能を感じる	2	白金さん
0006-003	(⌒,_ゝ⌒)つはい、お湯～	5	Len _Tommy
0006-004	(⌒,_ゝ⌒)「何やこの厨パァァァァァァ！！」	28	ハク
0007	予言ニキ多くない？怖	225	ターニャ	0
0008	7:48 おそらくここがジャック登場	213	記憶喪失ニキ	8
0008-001	あんた何もんだよ…	8	空気の読めない男
0008-002	@ターニャ え...	9	記憶喪失ニキ
0008-003	ガチ予言ニキが1番怖い	7	ターニャ
0008-004	ガチ予言ニキ	7	ムキムキ
0008-005	記憶の代わりに予言能力を手に入れた男	20	くぉーたー
0008-006	ガチ予言者ニキやん…	17	レッスボン
0008-007	記憶喪失ニキユーザー 合ってるやん…	11	【タロナー】Siho at
0008-008	記憶喪失ニキユーザー あってて草	18	棒さん
0009	5:54 無人島でのひとときを楽しむジャック君(ｶﾜｲｲｯ!)に嗚咽しながら迫る奇声ブロッコリーチンパンの図	183	けもモン	0
0010	10:17　足に砂すらかけてもらえないお嬢様もいるんだぞ	103	柳ユウ	0
0011	7:43  うんこ！にしか聴こえない…	12	或ル不和	0
0012	あ〜ソ〇プ嬢で吹いたわ	68	まっちょ	0
0013	2:58 いやー、やっぱ たも×ギバ てぇてぇだわ	118	田中太郎	3
0013-001	ノストラダムスも真っ青な予言の外し具合で草	7	Stem
0013-002	たもつちゃうやんけ	8	lI Il
0013-003	たこ×ギバやんけ	13	きっきー
0014	7:15 ウソハチ	20	Bell	0
0015	2:32 一歩も動かずに帰宅すんの笑う	28	たけたけ	0
0016	12:34 死ぬほどおもろい	147	りんごりらっぱ	5
0016-001	上の文じゃね？	2	K.O.M
0016-002	彼には俺たちには見えていない何かが見えている可能性が微粒子レベルで存在してる...？	7	アルマロ
0016-003	？？？	0	エボルト黒洞
0016-004	壁見て笑ってそう	16	mt ia
0016-005	ball rice  センスどうなってんだよ。	31	さまたぬ
0017	やっぱり予言ニキが多くて草	42	BLUE 350	0
0018	8:39ジャックです。（予想）	43	サハラ砂漠	2
0018-001	大当たりやん	2	241 7575
0018-002	す、すげぇ…	1	タピオカ
0019	配信だけじゃなくて動画も頑張ってっからこうやって好かれるんやぞ	20	伝説のゲリョスの人	0
0020	8:32  こ↑こ↓で出る	5	着膨れ	0
0021	7:38 ギバラサイレン	49	Vigilante	2
0021-001	ギバラ｢おわぁぁぁぁぁぁぁぁぁぁぁぁぁぁぁぁぁぁぁ！！！｣	1	サーバルさんコメだけで登録者100人目指す人
0021-002	草	1	トイレ
0022	10:27　ジャック君が可愛いお手手振ってる！めっちゃ可愛い	3	*あいみぃ	0
0023	最近この猿がクロちゃんにすら見えてきて悲しい所存。	35	M中	0
0024	10:27 ちゃ虐	54	ib Emiya	2
0024-001	草	1	猫猫
0024-002	9:10だったか......	9	ib Emiya
0025	6:54ｩｯｳﾞｫｵｴｯ！ｵｯｩｳﾞｴｯ	3	かえんだまどくどくだま	0
0026	0:57 最近「お、たっくんだ」じゃなくて「お、マジかよじゃん」って言ってしまう	14	庭には二羽鶏がいるににに	0
0027	11:27　ガチャ廃ってこわいね・・反射でガチャやってんだもん・・・	2	レイヴンRQ	0
0028	ギバラのあつ森アバター初めて見たけど、疑うということを知らなそう。	6	黒渦 /close	0
0029	8:26 ジャック	4	不思議だね	0
0030	サルになる未来が見える見える...(予言)	8	ぱんくん	0
0031	桟橋から走る動きが毎回同じすぎて早送りの時何回も往復してるだけに見えるの草	13	ジューメンjumen	0
0032	6:01 ここ嘔吐ギバラ江良	16	誠ひで	1
0032-001	うまい	2	オメガです。
0033	タコヤ可愛いすぎる！(ﾉｼ 'ω')ﾉｼ ﾊﾞﾝﾊﾞﾝ	2	ニート狐ちゃん	0
0034	今さっきうちの兄の島にジャックが引っ越して来たわ。	11	macaron	0
0035	5:45 こっからどうぶつの山	3	ハリモグラ	0
0036	ギバラの編集テンポ良くてマジで好き	2	ぼっちん	0
0037	テリーい島って何やねんって思ったけど、テリー伊藤で草	5	しーちきん	0
0038	これにはリオン様もご立腹	6	白線	0
0039	6:00と6:54すごい一致してない？w	18	*nemu* TM	0
0040	これからも江良さん推して来ます 一生ついて行きます ジャックくんおめでとうございます♪	16	Hi_ bikcy	0
0041	1:54   死人出るから注意	31	高橋ノリオスケ	0
0042	5:40　ここリオン様の見どころ	7	コリエンテ	0
0043	3:00　え、何これすご…！	68	陰陽	2
0043-001	草	0	陰陽
0043-002	マジかよ	4	星のまるまる。
0044	動画とか早送りとかYouTuberみたいなことするじゃ〜ん	3	かれは彼女のかれ	0
0045	ついに奇跡が…	2	GhostHaxの荒らしチャンネル	0
0046	キャラメイク完全に○ヨの女版で草	10	歌ってみた合わせてる人	0
0047	4:11突発コラボ🥺	42	ケゴト	1
0047-001	ケゴト 実質未来人なのであながち間違ってはいないな、おめでとう。	0	やみみ
0048	絵はギバラなのに声はカカロットで草	3	光竹:かぐや	0
0049	お猿さんかわいすぎた(末期)	0	ゆゆゆりりり	0
0050	御伽原欲張りセットで草	0	めろんぱん	0
0051	ギバラちゃんの動画初めて見たけど可愛い！	0	スーパーしゃち	0
0052	最近のギバラYouTuberみたい好き	0	もっこけ	0
0053	昨日コメントしてタコヤ他たこ住民とロボがめっちゃ出るって言ったけどまじで昨日それぞれ６回くらいでて日付そのままにしてもまだでてくるから日にちで決まってる説あるぞ	7	mayo ism	0
0054	I could tell who it was from the thumbnail so I was really just waiting for that dramatic reveal 😂😂😂	0	Bee	0
0055	ジャックくんにオーバーオールは最高ですよ!!	0	YouRe 0953	0
0056	i loved the idol video she streamed, the one where she went ape-crazy with all these noises.	0	Marley	0
0057	イケボから限界ボイスの切り替わり草	1	こんぶ	0
0058	厳選お疲れ様、そしておめでとうございます! やったね!!ちゃちゃ虐が捗る!!	0	あいん	0
0059	タコヤに取り憑かれた女　　　　猿なのにタコに取り憑かれた女	0	おいも	0
0060	0:57マジかよいてマジかよ	4	ぺんたこ	0
0061	チャンネル登録しました　楽しい動画をありがとうございますやでほんまに	0	趣味多彩先輩	0
0062	ちゃちゃまると同じ出会いの場でジャックと出会ってて草	0	きらら	0
0063	相変わらず、面白い 編集、好き	0	アグリコラ	0
0064	だっさいねぇ、ゴメン！好きすぎる	0	【】憂鬱檸檬【】	0
0065	すご〜い！ジャック引けたんや！ おめでとうございます！！	8	ばとじっぷ	1
0065-001	ファッ！？ばとじっぷ姉貴やんけ！また動画お待ちしてナス！	1	コンティロマネ/イルミナたんふぁんくら部部長
0066	初見なんですけど、テリー伊島見て自分の島のフット後島と同じ匂いを感じました。	1	おぺんぺん。	0
0067	ちゃちゃまると同じ島なの強い島だ…	0	こ。	0
0068	うちの島のかわいいナタリーさんをソープ嬢呼びすなw	8	インゲン豆	0
0069	7:16 ウソハチの鳴き声感	0	ういろう	0
0070	家具ガチャガチ勢さんどこいった	0	ひすいたん	0
0071	羨ましすぎる…😭	0	りゅ〜せ〜さには	0
0072	ギバラが喜んでんのは嬉しい	1	なんじゃこんじゃ山田	0
0073	おめでとう〜〜	0	しろめのしおん	0
0074	まだアーカイブで途中から見てるけど見た目戻ってて草	0	kaen	0
0075	3分前、待機勢の中に予言者めっちゃおって草	0	S.カイオーガ	0
0076	最近猿になってばっかやな	0	Vtuberになりたいロリ	0
0077	この動画を期に、ギバラからの通信は途絶えている...	0	カツヨコトシモ	0
0078	フランソワ来させなかったのほんとえらい ジャック良かったですね	1	こあ婆	0
0079	ジャックと一緒にモンキーおるな……	0	t i i t	0
0080	どう聞いても猿で草	0	0 0	0
0081	うるせー〜	0	川原さあや	0
0082	吐きまくりじゃん、おめでとう！	0	ゅぅゃょゎぃ	0
0083	すみません､ギバラさん初見なんですけど笑いすぎてあばらが痛くなりました。どうすればいいですか。	0	星海らぴす	0
0084	江良最強！江又贏	0	陳俊智	0
0085	7:23　イケボ	0	そらの	0
0086	結局ブロッコリーヘアーでお迎えしたのか	0	どなどな	0
0087	俺は厳選無しでちゃちゃまる来たぞ()	0	赤い酸	0
0088	猿だ笑	0	ポンタマちゃんねる	0
0089	まじサルで草	1	としばん#	0
0090	6:05自分用	14	こおり	1
0090-001	ちょうど良いタイミングで草	0	金平糖さん
0091	また出会いの場撮影してる……	0	マウンテンエスカルゴ	0
0092	あらゆるギバラが楽しめるけど、肝心の江良ちゃんがいない	0	最果てのカリフラワー	0
0093	喋ってないときかわいくて草	6	エビカニクス	0
0094	ガチの預言者多くて草	0	。テスター	0
0095	ビンタ君は気づいたらいたぜ✌️ (伏見ガク感)	6	すしわ	0
0096	すごいスムーズな流れで嗚咽が出るんだなぁ…(konami	0	mokuseitou	0
0097	おめでとう絶対許さん	0	ねこです	0
0098	オタクに好かれるオタクかわいい	1	サンシャイン藤原	0
0099	6:46 ここウソッキー	0	緑粉餅	0
0100	初住民から7人目でジャックが出たワイは勝ち組	0	mito	0
0101	これは素直にめでたい	0	ヌルゥヌル	0
0102	ちゃちゃ虐助かる	0	makuana seyuseyo	0
0103	住民厳選に命を賭けている猿	1	パンジー	0
0104	ギバラっていっつもウホウホか嘔吐してるよね	0	しおやき	0
0105	こういう動画テンポ良くてすき	0	ヒマジン	0
0106	オチに草　でも割とあることよな	0	!紳士	0
0107	結局あの後でやったんかいｗ 浮気しないで頑張った結果やね。おめでとう！	0	Ryu Windy	0
0108	2:34 ユードリック	0	N氏	0
0109	あの時間に配信終わって動画とって編集ってすごいな（小並感） 10:42 かわいい	0	ゆにおん	0
0110	4:08 ここゴン	0	燕緑	0
0111	ギバギーバのブロッコリー頭に実家のような安心感を感じる	0	Ago -	0
0112	声も動きもうるさくて草	0	しらたま	0
0113	2:07　あ"？	3	リリィ	2
0114	7:41 林家パー子	0	りょうちゃん	0
0115	6:29 ウソッキーでもこんなにウソウソ言わんぞ	0	モル	0
0116	0:00 顔ギバギーバに戻ってて吹いた	1	やみい/朝日奈樒	0
0117	0:57 まじかよ	0	ぱるぱる	0
0118	かわいいなぁ	0	R. K.	0
0119	嘔吐すき	0	夏雪海天-Natsuyuki Misora-	0
0120	モンキーで草	0	nana nyan	0
0121	バンガロールで草	0	くろく	0
0122	0:57マジかよ	0	レンジ丸	0
0123	やっぱ猿になるんだよなぁ	0	ピーターチャンネル	0
0124	動物園でプレイしてるのか	0	ほうつ	0
0125	ジャックって伝説のポケモン感あるよね 出てきた時なんか神々しい	0	カルーアあるふぉ	0
0126	朝見るもんじゃなかった	0	さーまー	0
0127	どうぶつの森に種族サルの住人ギバラが追加されたみたいッスね	0	しゃーしん	0
0128	猿やな！	0	動物園マーボ	0
0129	どっかのお嬢の心が折れてそう	1	けいくん	0
0130	途中声がいい	0	れい	0
0131	おまけで草はえた いや、そうはならんやろ......ｗ	0	マロ	0
0132	この前がちゃやっててなんか可愛いの来たらいいなとか思ってたら10個目くらいでジャック来て発狂した(((	0	さき	0
0133	無言で帰ってて草	0	PS皆無のライバー	0
0134	8:12せっかちニキへ	0	金リオレイア	0
0135	この世界は残酷だ	0	れんがω	0
0136	ちゃ虐の為にジャックさえ引き当てる女	0	白い白い未栄	0
0137	ジャックかっこいいよね	0	・ゆずまる	0
0138	これはリオン様キレていい	0	闇落ちもやし	0
0139	ラムのラブソングを聴いてから戻ってきました。 なんか落ち着いた	1	からから	0
0140	ロード長いと勝ちフラグ	0	キシケン	0
0141	前から疑問に思ってたんだけど、ギバラってなんでガチャで当たりが出るとえづくの？	0	颯月	0
0142	タコヤ、マジかよとか当たりじゃないの	0	まるたけ。	0
0143	6:53浮気免れ	0	金リオレイア	0
0144	ウソッキーおるやんけ	0	西園寺風莉	0
0145	5:50　子犬 7:38　ミニガン	0	SOMA柿渋	0
0146	やっぱり欲しかった子に会うとそうなるよね 自分もジュン探しの旅に出まくってやっと出た時は叫んだ叫んだ...	0	ポポ井ポポ味	0
0147	おめでとう	0	canadettinus	0
0148	おめでとう	0	harvest DawaK	0
0149	12:24  笛｢ﾋｭｰﾋｭ｣ ↓ 後ろの3名｢かわいい&カッコイイ｣ ちゃちゃまる｢こっちみんな｣	1	よそらφ	0
0150	ギバラよかったな	0	タクタクブサイクへの膝蹴り	0
0151	これはちょっと……お嬢は許してくるぇやせんよ…	0	T.S	0
0152	マジかよおった	0	やっさ	0
0153	預言者ニキめちゃくちゃ多いけどなんだかんだ当たってそうで草	0	ニッグさん	0
0154	興奮すると吐くギバラかわいいな	0	NotRay	0
0155	サムネがVtuberと言うよりは、リアル実況者っぽさがある 気がする	0	渡邊柊二	0
0156	もう惚れたわᕕ( ᐛ )ᕗ大好き。（依存）	0	ぼんじん	0
0157	ギバラって興奮するとゴリラ化するのか・・	0	レオンハート	0
0158	なんでそんなに旅行券あるん？w	0	ささくれ	0
0159	【0:00〜12:46】 あっ、こんばんは御伽原江良でえっち えっとさっきまでちゃちゃ、ちゃちゃまる じゃなかったビンタァ、ジャックゥ お迎え配信、をねしてて1000枚そのうちの 200枚を使ったんですけどまぁね こう5時間、5時間200枚使って全くこなかったと でも諦めきれないんですよ私 で諦めきれないからちょっこっからはね 動画で島ガチャをしていきたいなと思います (倍速)あっドキドキ島だ！ よぉーし頼む！嫌ぁ！またドキドキ島だ 嫌ネタバレすな！トビオ！？ またなんかオタク臭い奴おるなぁ (倍速)嗚呼ぁ！ソープ嬢 お前何回目やねん！マジでお前タコ住民 多すぎん？今日(倍速) ハァッ最後の一枚だ！頼む！モーリー 頼む！頼む！モーリー頼む！ これで250連がめっちゃすぐに終わったな 50連が一気に終わったな頼む！ うーんリリィサン ｵｯﾕｷﾐﾁｬﾝｼﾞｬﾝ！帰ろペーターくんだぁ！ オロロ(運命のたこや) いやぁやばくない？タコヤですぎじゃない？ 七回目？八回目？(1時間経過) スゥッ〜ちょっと待ってうわぁマジか マジかマジかマジかちょっとまって本当にどうしよフランソワやん！そんなうれいおうびた目で 私を見ないで！顔怖！スゥッ嗚呼どうしよ どうしよ嗚呼どうしよどうしよどうしよ どうしよどうしよずっと、ジャックくんと ビンタくんをお迎えしてちょっと もしかしたらでフランソワをねお迎えしたい 気持ちがあるみたいな話をしてたんだけど うちにクリスチーヌがいるんだけど待って これさ逃したら会えないよね。 でもでもでもでもでもだってそれ以上 枠が空いてないんだもんフランソワの えーでも待って…えーどうしよ どうしよ嗚呼…嗚呼ｶﾞｧｱｱ ﾊｱｯﾊｱｯねぇどうしようどうしようどうしよう どうしようどうしようどうしよう いやでもジャックとビンタがビンタくんが アッ↑ｸｯｸｳ///アァ〜 ごめん！クソォ！なんで今でも 次とかにビンタくんが出る可能性が あると考えたら…クゥッ〜 おっ！えっ？はっ！？はっえっ！？ えっ！？ﾊｱｯﾊｱｯﾊｱｯﾊｱｯｵ"ｴ"ﾎﾞｴｯｵ"ｳﾞｴ"ｯ" へ？ｴ"?え？え？ｼﾞｬｱｯ!ｼﾞｬｱｯ! ｼﾞｬｱｯ!wｼﾞｬｱｯ？ジャジャジャﾊｱｯﾊｱｯｳﾜｧ ﾍｯﾍｯﾍｯ嘘？嘘？嘘？嘘？嘘？嘘？ ちょっと待ってどうしよどうしよどうしよどうしよ ジャック？ジャック！ジャックだぁ！ﾊｱｯﾊｱｯ え？本当に？嘘嘘嘘ジャック！！ ﾊｱｯﾊｱｯﾊｱｯﾊｱｯｵ"ｳﾞｴ"ｯ" マジで！？ﾊｱｯﾊｱｯ これから　よろしくね (イケボ)ボクらの出会いに　どんな意味があるか 今はわからないけど・・・ えっ！？マジなんだけど！マジなんだけど！ え？え？え？やばい！やばい！やばい！ 嘘！？嘘！？嘘！？えっ！？ｳﾜｧ！ この島は　居心地が良くて ボク、気に入っちゃったよ〜 こういう所で暮らせたらいいに・・・ ｱ"ｱ"うちの島においでぇ！ そうテリーいだっさいね！ごめん！ この島に似てるのかい？ 全然似てないけど！ｵ"ｵ"ｵ"ｱ"ｱ"ｱ↑ ｳﾜｧ！ウェルカム！ﾊｱｯﾊｱｯﾊｱｯﾊｱｯ！ ルールなんでないよ！ｳﾜｧ！えっ？すごい！ 出会いの場を出会いの場を記録しておこう ｳﾜｧすげぇ！マジでいるんだこの子！ えっ？ちゃんと私のどう森には！ 私のあつ森にはジャックくん！いたんだ！ え！？これ何連目？やば！めっちゃギリギリ！ え？好きじゃん私のこと！いやもう私のこと 好きじゃん！ｼﾞ"ｬ"ｯ"ｸ"！ジャック！ ヤバァ！えっ！？えっ！？ ちょっと戻ろう帰ろうｳﾜｧ！ ジャックくんてマジでいるんだ！離島で ジャックくんって出るんだ！ いやすげe凄え！ぉぉぉぉぉおお！ ぉぉぉぉぉおお！凄え！やばい！ うちの島にもジャックがぁ！ 待ってめっちゃめっちゃちゃちゃまると家 近いやばい！ご近所さん どうしよう挨拶した時に 🥺🐑「なんか最近、この」 「テリーい島にくる」 「住民はなんか」「顔がカッコいいやつら」 🐺🐿「ばっかりなんだぞ」「ふんふん🥺」 みたいな！「🐵」←嬉しそう 可哀想ちゃちゃまるやばい！ 引っ越すまで見届けよう！ ぉぉぉぉぉおおわぁぁぁぁ！マジダァ！ 移住おめでとうございます！ マジか！マジか！マジか！建ってる！ ジャックの家だ！ﾜｧｧｧｱｧｱ！ 良く見る！ジャックの家だぁ！ ぉぉぉぉぉおお！ やぁギバギーバクン！ キミと話をしてから ひとりで考えてたんだ・・・ 何を？ 毎日キミと一緒に過ごせるなら 最高の島ライフになるんじゃないかなってね だから、この島に越してきてボクは後悔してないよ 改めてよろしく！　キリッ 足、足に、足に砂をかけるな！ぉぉぉぉぉおおわぁ！ 凄え！ジャックの家だ！いやぁ良かった！ いや本命のビンタくんがまだきてないんよな。 どうしたものか！ちょっとまたぁ近々 続きの方をやらないとな… おまけ:あれ？パニーの島行こうと思ったらww 待ってパニーの島行こうと思ったら間違いで 無人島来ちゃった！いつもの癖で めっちゃ何も考えずにえ？ なんか今から編集どんな感じにやろうかな とかめっちゃ考え…他のこと考えながら wwまってパニーの島に行こうと思ったら いやぁ良いね！いや良いね！ 良いねぇ！wｱｯﾊｱﾊw    予言コメ 5:29	164	ミルクティーのあれ	8
0160	奇跡ってなんだっけ	0	メタルスライム	0
0161	ギバラ、サムネに自分入れた方が気づきやすそう	0	かわヒロ	0
0162	最初の方声綺麗だから「やっとギバラ人格分離できたんか江良ちゃん…」と思ったけどそんなことありませんでした	0	a a	0
0163	毎度思うけど男声イケメンじゃね？	0	ドラきち	0
0164	ジャックくんと出会えたことは素直にめでたいしギバラも凄く嬉しがってるんだけど 目的がちゃちゃまる虐待のためなんだよな・・・	5	一人ちくわ祭り	0
0165	過呼吸ギバラ	0	村雨葵	0
0166	たもつ登場シーン7:26	3	からす	1
0167	じゅんくんいなかった？	0	だおにんじん	0
0168	3:00:25 泣いた	0	のりすけたまこ	0
0169	ギバギーバ配信中普通にピンクで多少はかわいくなってたのに顔元に戻ってるし服装はちびまる子ちゃんで草	0	コンティロマネ/イルミナたんふぁんくら部部長	0
0170	ここえらちゃんのチャンネルだと思ってたんだけど人間いなくね？	0	ブースターのs種族値上方修正まち	0
0171	Gibara found Raymond or Jack *start barfing	0	Ramadhan Wicaksono	0
0172	どの予言が当たるのかな......？ｗ	0	マロ	0
0173	レジギガスみたい	0	まにまに	0
0174	なんか喋ってないと可愛くない？	0	ままま	0
0175	冷静に見ると前枠後から3〜4時間分喋り続けてるんだよね。。おめでとうございます	0	みぞれせーじん	0
0176	お嬢は来なかったけどギバラは来るってこの違いはなん？	0	猫缶	0
0177	同じ島連続だとなんでこの人ずっとウロウロしてるんだろう…？ってなる	0	百合推進委員会一途純愛両片想い愛好課	0
0178	これ編集自分でしてるん？	0	911 GoGoGo	0
0179	9:31 忙しい人向け	3	よそらφ	1
0180	ゆきみちゃん、リリィさん、フランソワは即スカウトしちゃう…🥺ジャックくんおめでとうございます🐱👓	0	しおり	0
0181	1000枚も使ったら奇跡も糞もないんじゃ、、	0	クソガキ	0
0182	monkeyギバラ	0	Tenma Ch	0
0183	7:39 ここから大音量にしても聞こえなくなった。	1	スラ	1
0184	嘔吐 6:55 とイケボ 7:05 の差よw	0	ko-taro	0
0185	これだけガチャれば奇跡でもなんでもないぞってツッコミは無しで	0	ぺぺ	0
0186	モザイクを貫通する男	0	もょもと	0
0187	7:057:05 7:057:05 イケボ助かる	0	なりみきや	0
0188	は   き  だ  せ  ど  う  ぶ  つ  の  も  り	0	クソザコ分身おじさん	0
0189	昨日の配信の最初も見た目ダサかったがそれでも出ずに、『韓国好きなオタク風ファッション』に変えるも出ず、『とびきりかわいく』しても出ず最後にたどり着いたのがいつもの自分…素の自分になったときに彼が微笑んだというのって感動しません？	0	ジェットストリームてつを	0
0190	5:50　猿 ​6:00　6:54　嘔吐ボイス 7:04　7:23　イケボ 7:27　ぇ゛！゛！゛！゛う゛ち゛の゛島゛に゛お゛い゛で゛ぇ゛！゛！゛！゛！゛！゛！゛！゛ 7:39　8:53　8:56　壊れた警報機 10:05　ちょいイケボ	3	鮭鍋佐門	0
0191	ジャック他人気キャラ目当てで島ガチャしてる人の根気がすごい、 任天堂は新amiiboカード販売はよ	0	アレクサンドラ	0
0192	ギバラすごいじゃん！！！やったやん！！！        リオン様…泣かないで…（白目）	0	みんべる	0
0193	I from indonesia	0	Budi warliman	0
0194	8:31	1	釣り竿	0
0195	視聴者を飽きさせないために配信ではなく動画でしたりするところが人気に繋がってるのかなぁって思った	0	山へい	0
0196	現実なんか厳選どころか誰も来てくれない	0	けつ顔マン official YouTube channel	0
0197	7:24 なんでイケボ上手いのw	0	魔王	1
0198	0:59　まじかよ	4	ゆうヒ	1
0199	今日のギバラは御伽原よりで江良い     って思ったけどそんなことなかったわホモサピエンスぐらいだった	1	ごまプリン	0
0200	3:25:49	0	ぽん酢太郎	0
0201	嘔吐ギバラやっぱやめらんねぇわ	0	イブxx	0
0202	最初らへんはあつもりみたいなゲーム向いてないとか言ってたくせにバッチリハマってて草	0	にじさんじ切り抜き隊長	0
0203	Que bueno que nadie me entiende xd jajajajaj	0	Benja Ampuero	0
0204	相変わらず汚ねえ	0	最果てのカリフラワー	0
0205	俺は気づいてしまった...       ギバラ黙ってれば可愛いぞ...?	3	エクスシーア[ELS]	0
0206	7:04 7:21 9:59 CV：御伽原江良 スクショめっちゃ連打してる音とうれしそうにちゃちゃ虐を語るのに笑いました。 りょこうけん残り3枚のギリギリのところでの奇跡で本当によかったです。おめでとう！	0	里	0
0207	ホッホッホッホッホッホッホッホッ　　　 ウオェェェェェ	0	ガオウ	0
0208	ジャックくんおめでとうございます！18:29	1	オルガイツカ	0
0209	10:47	0	にき	0
0210	jackpot	0	バーミヤン二世	0
0211	まじうるさっww	1	凛	0
0212	>鷹宮リオン　@TakamiyaRion >ギバラのあつ森にはジャックはいるのに 私のあつ森にはジャックいないの何でなん？ リオン様・・・	1	進一本間	1
0213	6:01 6:50 ギバラ吐く	3	パンドラの箱	0
0214	1:32 ソープ嬢に触れてる人あんまいないのどういうこと？？？？       そっかギバラか(諦め)	2	りーるがう	0
0215	け っ こ ん し て く れ いい感じの縦読み思いつかなかったから縦読みガチ勢兄貴頼む	0	[A] [A]	1
0216	4:23みんなここがジャックね	1	琥珀-cohak-	0
0217	この4人の住民が要らね。        ケチャップ、さっち、サンデー、ラムネ、レイコ、ヒノコ　だけが欲しい。	0	サンスターライナーShannen H.L 「シャン」	0
0218	昨日、追い出したかったヘンリーがついに出て行ってくれたので、ちゃちゃまる来い！って思ってたら今日、ジャックが引っ越して来たのでどうしたらいいですか？	0	白金さん	0
0219	ふ	0	他人	0
0220	最後のオチは予想外だった 症状は深刻なようで...	0	マンタch	0
0221	猿でワロタ	0	ゆうのすけ氏	0
0222	3:15 うるさ	0	暇人No.2434	0
0223	予想。17:42で出る	1	コンティロマネ/イルミナたんふぁんくら部部長	0
0224	御伽原 江良、日本平動物園のオランウータン説	1	mark.06	0
0225	53:54 ここゴミ〇スポイント	0	_ sasa	0
0226	嬉しそう	0	T A	0
0227	8:00〜  そら服着た猿きたらジャックもなかなかでてこないわ	0	色褪せた匠	1
0228	3:42:58 たこや12回目草	0	くらはん	0
0229	2:42:38 いや草	0	グラドラ・レクス	0
0230	5:50 限    界    化    御    伽    原	6	238_Fumiya	0
0231	猿やん	0	ヘリウムイオン	0
0232	生放送で見たかったけど生放送だったら絶対親に猿の鳴き声うるさいって言われるんだろうな	0	yomogi yomogi	0
0233	どうやって旅行券あつめてるんだろ？	0	千星	1
0234	半年で飽きる人の遊び方してるな	0	ame	0
0235	ここまで下ネタ言うVtuberも大概だけどそれを黙認放置するにじ本社もおかしい	1	タンパク質のプリン	0
