0001	28:56 手叩くの滑らかすぎて草	315	霧雨ユナイテッド	1
0001-001	一回目顔ビンタしたように見える	16	-No,107- bohrium・Bh・element
0002	7:25 ＼ﾎﾟｯ／	173	ワシャーシーク	0
0003	37:10 連打Scatman	117	この戦いが終わったら俺結婚するんだ	0
0004	44:33 逝ったな...	102	りな	0
0005	25:08 ここヒグラシの鳴き声	139	仮屋真	5
0005-001	エンジン説もあるぞ	0	レッドブルRB16B
0005-002	今秋？	1	花現
0005-003	草	1	サイト
0005-004	割と似ててワロタ	1	Akira&らい
0005-005	こんな主張の強いヒグラシは嫌だw	9	JA CK
0006	58:57 黄ばんでるのはお前の髪だ	119	コンティロマネ/イルミナたんふぁんくら部部長	0
0007	1:37 開始	57	238_Fumiya	0
0008	48:36 「ハベベビァアッパァー！」すき	54	みかんモチ	1
0008-001	mo ringo 語感ルナアーラの鳴き声みたいで草	1	DASAO TAUYO
0009	39:37 個人的にここ好き	45	ねっちゃ	0
0010	14:52 命名：きんたま	62	Maki	0
0011	23:36. やっぱ生えてんのか……？	69	一人ちくわ祭り	0
0012	GibaranoEsaって名前で 7000とかそんくらいで結構でかくなったのに近くに行こうとしたらギバラ死ぬし、やっと餌になれそうかなと思ったところで配信終わるからちょっと泣いた	39	前髪ちゃん。	3
0012-001	ドンマイ	1	きょーくん
0012-002	oaker lazy  ホントだよ！ でも推しだから許しちゃう…	4	前髪ちゃん。
0012-003	悲しすぎて草	7	Kagura Yuri
0013	久々に3Ｄやー_(:3 ⌒ﾞ)_  ところで最近江良ちゃんが動画に出ていないようですがお元気でしょうか？最近ですがpetit fleursのミラフルを見ることで生き甲斐を得ております。ｳｷｮｱｱｱｱｱｱｱｱｱｱｱｱｧｧｧｱｱｧｧｧｧ！！！！！！！！！！☝️☝🏻☝🏼☝🏽☝🏾☝🏿	30	ふーた	0
0014	21:59 ｢すごいデカいやつと戦いたい｣ 僕｢(ボロン)｣	24	ナカボンNakabon	4
0014-001	ナカボンNakabon ちゃんと爪楊枝しまえててエライ	2	ミジンコ
0014-002	@どんぐり ごめんなさい。	2	ナカボンNakabon
0014-003	22:18 ｽｯ…	13	どんぐり
0014-004	おやつカルパスしまえや	10	ott
0015	43:08 イキたい	6	akari kanzaki	0
0016	25:08 レブリミッター当たっていますよ	20	ナカボンNakabon	1
0016-001	ギバラエンジン VTECかな？	0	レッドブルRB16B
0017	最近のギバラのあばばばばばばはなんか演技感あるんだよなぁ、だからまたホラゲやって❤️	24	たなあき	0
0018	プロを倒すとはアマチュアのレベルたけーなおい	13	球審の白井	0
0019	13:20 お金を食べるギバラ	39	n k	0
0020	49:33 ギバラ「プロって言葉を軽々しく使うな」 視聴者「「「お前や！！！」」」	8	t t	0
0021	密です！密！密！ ソーシャルディスタンス！！！	14	リア。	0
0022	下ネタを世界一楽しそうに受け入れる女...女？	6	めも.-	0
0023	44:33あうぅんw	4	猪木	0
0024	どう見ても左下にかわいいキャラ置いただけのクソうるさい実況者で草	5	wei wei	0
0025	39:47どっかの部族みたい	3	Pi ne	0
0026	初手江良ちゃんは1番の見所だった...()	5	15パエリア	0
0027	キッチリわからせられてて草やで。これでこそギバラや。	7	PIZZA a.k.a. 井上太郎二郎	0
0028	ギバラの隣で二回も死んだ	4	BLUE[ブルー]-青神龍	0
0029	23:25	8	Pojiメイカー	0
0030	急上昇のってて草	0	風カラフル	0
0031	この配信してる時間帯でGibaraって名前の奴と遭遇したけど偽物かーい	6	キズナー	1
0031-001	逆張りギバラは絶対にギバラって安直な名前にはしない	1	アホファインダー
0032	プロとは?	4	胡桃沢要	0
0033	調子乗って直ぐ溶けるの本当草	0	ツナマヨ	0
0034	動きうるさすぎてミュート気づかんかった	1	コアコア	0
0035	急上昇おめでとう🎉	1	しょ〜	0
0036	プロスリザリオ選手系youtube r	2	。純全断幺九	0
0037	うｐ乙です。ギバラさん可愛い。	0	ゼロキ	0
0038	1:11:08 あべぼーん(遺言)  あと1:00:09 でギバラ倒した蛇中野五月みたいなカラーリングしてんな	19	コンティロマネ/イルミナたんふぁんくら部部長	0
0039	サムネ顔みたいで草	0	ももはる	0
0040	ひまわりさんの影響で、このアプリ入れました	0	とまと	0
0041	玉付き絶対視聴者	0	t t	0
0042	1番最初のBGMのわかる方いません？	0	レフトロツキー	0
0043	ライバルは玉	1	マイティ	0
0044	配信お疲れ様でした、今回も楽しかったです、たまに変なエンジン音がするのは改造車🚘が近くに居る⁉️	0	神城アキラ	0
0045	キバラの「よいしょー！」めっちゃ好きなんやけどわかる人いません？	0	。野球小僧	0
0046	寝ていた自分を殺 ○りたいです	0	楽乆ラク	0
0047	そもそもプロならアマチュアの他プレイヤーに倒されたらダメでしょw	3	レッドブルRB16B	1
0047-001	アマチュアがレベチなんやで	2	。純全断幺九
0048	44:35〜で急に悲しい顔になるの好き	6	ゲェジインターネット	2
0048-001	開口一番がアルゼンチンコで草	1	霧雨ユナイテッド
0048-002	44:42	2	ゲェジインターネット
0049	普通にとても上手だと思った。今回に限らず	0	トマト	0
0050	江又贏	0	陳俊智	0
0051	何か変なエンジン音がする？	0	神城アキラ	0
0052	25:09 ギバ型10亀頭エンジン	8	サモカド	1
0052-001	2434ギ馬力	0	霧雨ユナイテッド
0053	開始 2:06	0	うべー	0
0054	俺の方が１００倍強いわ、 動画観てみろ！！！	0	FKO だだいち	0
0055	お金は食べるもんだよな？？ なぁ？	0	モーニンググッと	0
0056	歌うまそう ケチャとか	0	tukuedusk	1
0056-001	ｹﾁｬﾁｬ,ｹﾁｬﾁｬ、１！ｹﾁｬﾁｬ,ｹﾁｬﾁｬ	0	たまねぎ
0057	「黄ばんでるのはお前の髪やん」とかいうクソコメ読んでくれて嬉しい！	8	そめいよしの	0
0058	1:06:26 初めて読まれた記念自分用	6	林檎りんご	2
0058-001	花現 あったかい…ありがとうございます	1	林檎りんご
0058-002	おめ	1	花現
0059	ここに書くのもあれだけど今日の赤さんの配信非公開になってるんやが	1	刑部弾正チャンネル	0
0060	21:11  1:10:19	12	リア。	0
0061	ソーセージファイトなどの修業を経て長い聖剣を遂に手に入れてしまった江良ちゃんが挑むは今度こそリスナーを分からせる戦場であった 果たしてリスナー及び王侯は江良さんのブツから自分の童貞を守りぬけるのか？そしてプロを自称する護られる側から攻勢に回った江良さんの猛攻に耐え抜けるのか？ 今ここに逆襲のえらち第二章が始まるッッ・・・のだろうか？恐ろしい事に童貞しか居ないのである。繰り返す。手加減もやり方も知らない童貞とハイパー陰キャとスーパー影の物えらちしか此処には居ないのである・・・！デュエル　スタンバイ・・・！	0	よわむしArisia	0
0062	初配信みてきた初見なんですけど中の人変わりました？	0	無才色	0
0063	19:00　ここでギバラKILLしたのワイなんやけど 実は名前が[Fuck you to Bitch]にしてたんよ、でも[Filp you to lady]にゲーム側で変換されてるんよ 不思議やな ちなみにチーミングではなく餌食ってたらギバラが突っ込んできただけです。	1	infel P.D	1
0063-001	@Ganjang gongjangjang  そりゃぁ！一人しかいないよなぁ！！！ おっと誰か来たようだ。こんな時間に来客とは珍しいな...	0	infel P.D
0064	何週間しか、やって無いのに、 プロ言うは、草 しかも、自分で プロ言うなそれと、雑魚すぎだよ～～	1	FKO だだいち	0
0065	寝落ちして配信見れんかった泣いた	1	ミルクティーのあれ	0
0066	1:03:54ここドッピオ	4	しめじ	1
0066-001	ﾄｩﾙﾙﾙﾙﾙﾙ!!	2	花現
0067	37:55の玉です！ 無事ギバラさんを倒すという目標を達成できて楽しかったです！(まあ、ランキング入りはできなかったけど)	12	aki3254	0
0068	Proのクセに100k行かんのﾀﾞｯさ これ何やってたの96？104？	1	FKO だだいち	2
0068-001	@ドラ衛門 何か、 slither.ioって、検索して出てきたから、観たら プロとか言って全然初心者だから、 ちょっとムカついたw	0	FKO だだいち
0068-002	APだだいちやん！ にじさんじみてるんや	0	ドラ衛門
0069	Nobody:  Gibara at the start: Ahegao peace signs without the ahegao face	4	Dellar Fer	0
0070	9分過ぎで倒したけど、プレイ中倒したことに気づかずそのあとずっと会えないかと必死になってたw	1	青虹	0
0071	43:12右からフレームインしてきた緑のニコニコスナイプワイです。	2	ぱぱの休日	0
