0001	ほんとこの子ろくに休んでないだろ マジで一週間くらい休んで欲しいよ なにかあったら28万人の登録者が悲しむんだぜ？ ほんと自分の体を大事にしてくれよ…   まぁ一週間も江良ちゃんが配信しなかったら しんどくて自分は発狂しそうなんだけどねー	140	タクタクブサイクへの膝蹴り	3
0001-001	１週間して無いですね...orz	0	よわむしArisia
0001-002	今はしっかり休んでほしい	3	アッキー
0001-003	貴方の言う通りでしたよ。心身相関って本当なんですね…	10	Tackmyn Y.
0002	53:32 「ファンサはアドリブ」が凄すぎて、タイムシフト見直しちゃった この人、本当の天才だ	118	天使m	6
0002-001	佐々木太郎  江良ちゃんはね...	1	俺が真の衛門
0002-002	今までの練習の積み重ねがアドリブの強さへと繋がってると考えるとだね。   この子ほんともうってエモさが止まらない	1	教授
0002-003	頑張ったアピールが恥ずかしくてできないだけで裏でめっちゃ努力してたに一票	6	くらいすと
0002-004	本物のアイドルや	1	Unplugged
0002-005	努力家なんだよなあ	6	TOO Arcadian
0002-006	バラライカみたいにキレッキレのダンスも踊れるし、アドリブであのエモッエモな振り付けも出来るしって…   江良ちゃんってもしかしてアイドル？	19	佐々木太郎
0003	31:00自分用 ここまで見た	44	ななちー	0
0004	推しが嬉しそうで幸せ こんな感情を教えてくれてありがとう	43	佐々木太郎	0
0005	ライブって本当に努力の結晶よなぁ 初めての現地参加だったけどめちゃくちゃ盛り上がれて楽しかった！輝いてたぞ、ありがとう。	42	コーー	0
0006	1:06:00BGクラブ	25	ネムリス	0
0007	おつえら〜！ ライブほんとお疲れ様！！ 沢山感想はあるけど一言  江良ちゃんが笑顔で終われて 本当によかった	33	アヲノ#調子極端	0
0008	ギバラ安定に可愛いな	23	FP general	0
0009	この人が笑顔で終われて本当に良かった	18	あのまろ	0
0010	江良ちゃん可愛いよ……愛してる	6	yuconユコン	0
0011	バイトで生放送どころか終電逃しそう	6	ろりばばぁ	0
0012	好きだぞ言わせんな恥ずかしい	12	ミジンコ	0
0013	ライブ最高だったよ！ 江良ちゃん輝いてた。	5	いろはに	0
0014	最初の声が小さいとかBGMがデカいとかに混ざって態度がでかいがあるの草	1	ばなぁなぁ	0
0015	んぁ	8	アセロラもっきん	0
0016	リズ天要素だと思っていたうんたんが本当に弱弱だったってことはあのライブでしかあのうんたんは見れないということか…｡本当に買って良かったと実感している今日この頃。	4	黒死ペスト	0
0017	札幌ライブ行けなかったけどチケット買って見ました！ ライブお疲れ様でした 生きる希望をありがとう…！	6	エドギリブレード	0
0018	ライブお疲れ様でしたー。 タイムシフトでファンサを聞いてから今度は現地で聞きに行く決心がついたから 次回のライブも期待しています。	6	一人ちくわ祭り	0
0019	18:20	5	Diky	0
0020	開始1分目から可愛いんだが・・・	1	なかしぃ	0
0021	ニコ生見てからきた。ファンサの感極まりっぷりでこっちも泣きそうだったよ	1	TAB＠飛鉄塊乗り	0
0022	ネットチケットで見させてもらいました！ めっちゃ良かった...良かったしか出ねぇ(^^;	1	ゆでたまご	0
0023	ぎばー	2	らず	0
0024	北海道までいってコンビニ飯って、北海道に何しに行ったの…… でも怪我なくちゃんと帰ってきてほっとしたよ。 お疲れ様、おかえり	2	抹茶のあまさき	0
0025	御伽原江良よりギバラ	0	人	0
0026	概要欄笑っちゃった	3	文B	0
0027	皆、初配信の動画を見に行くんだ	0	りんちゃま	0
0028	カテゴリ何がおきた	2	デブきたない	0
0029	遠慮して挨拶できない時に挨拶してくれるのめっちゃ助かるよね、まぁされないけどね	1	kenken	0
0030	おつえらー	2	めも.-	0
0031	この際だから言えるけど3D化して確実にガチ恋勢めっちゃ獲得してますよね こっちのキャラが安定してて好きです	1	ねっこ	0
0032	56:36	0	桜ちょこ	0
0033	マスカットいろはすは、Newdaysの北海道フェアで買ったなー。確か去年の12月頃	1	abc	0
0034	ライブと配信お疲れ様でした、今度のゲスト出演大丈夫？お身体に気をつけて下さいね！	1	神城アキラ	0
0035	だからカテゴリ	9	くぼし	0
0036	ライブからちょっと経ってネチケで見たけど、ライブ改めて見たあとで、笑顔ですのツイートを見ると感動しまくりでやばい。ほんとに良かった…😇	0	たこやき	0
0037	デビュー当時みたいな清楚キャラに戻るのは無理なんか？	0	katsumi -na	0
0038	バラライカのダンスは完璧に江良ちゃんだった       終わった直後は完璧にギバラだった	1	nor a	0
0039	陰キャ原 江良	4	オルガ・イツカ	0
0040	背景に映ってるシグマのズームレンズは何なの	5	Nokia 3310	3
0040-001	Tonald Drump イザナミだ	1	TOO Arcadian
0040-002	@黒糖 ありがとう。つまりどういうことだってばよ・・・	1	Nokia 3310
0040-003	1:12:40	3	黒糖
0041	ギバラって安心出来るの可愛いさと面白さだよな。 疲れた時見るとほっとする	11	RABBIT	1
0041-001	まぁ裏表ないから………	1	有坂真白
0042	ライブお疲れさまでした！！ 泣かないつもりでいたのに気づいたらタオルびちゃびちゃになってました。 ありがとう！！	6	富岡ハヤトン	2
0042-001	TOO Arcadian 家で見てたネトチケ勢なんで汗は一滴もかいてないですね〜	0	富岡ハヤトン
0042-002	汗とちゃうんか笑	0	TOO Arcadian
0043	概要欄で喘ぐな	14	しゃべる尻	2
0043-001	草	0	人間インゲン
0043-002	einzig B さすがに草	3	オルガ・イツカ
0044	江良さん...リスナーもにじさんじしてるから...特に貴女の所は多いと思いますよ。重い人とか変なのとか☺️  カツカツだからこそ本当にゆっくり　ね。貴女の誠実さと沢山の努力、溢れんばかりの元気と健気さは皆認めてます。ですが貴女の体は一つです。全部の選択は難しいですから徐々にで良いのです。私達やにじさんじの皆にもっと助けを求めても良いと思うんです。　私もそれで潰れてしまいましたから。救いの手はある筈ですが無い場合はワンオペで出来る範囲でやりましょう  夢を一つ一つこなしてお行きなさい。私は待っています	0	よわむしArisia	0
0045	自作!?あの流れも全部!?インストラクターとか振り付けも無しに全部企画からやっちゃうとかプロじゃん...Zeppの足がけだった分プロを集結させた超豪華ライブだったんだな...... しかもファンサ完全にアドリブで即興だったのか...(やらないかすると思ってたけど留まったのニヤニヤして見てました)  江良ちゃん天賦の才があるよ。アイドルとしても女優としてもね。埋もれてた努力の天才なんやね...  クリエイティブ...エンターテイメント...かぁ......経験はにじさんじに来てから積んだと思えないよね...	0	よわむしArisia	0
0046	本当におつかれ	2	・ぴっぴのありす	0
0047	止まるんじゃねぇぞ…🕺	1	オルガ・イツカ	0
0048	何だこの可愛い生き物は？！    ……嫁だったわすまんこ	3	まるこするさんてぃねす	1
0048-001	ちゃんと養うんやで	1	タクタクブサイクへの膝蹴り
0049	誰か無料パートをどうやって見るか教えてもらえませんか？ 自分バイトできない高校に通っててそんなにお金がないのと、機械音痴でニコ生の使い方が分からなかったのとかがかさなって見れなかったんです(  ；∀；) ギバラが１番推しなんです！お願いします🙏	15	しょーまん二頭筋	11
0049-001	視聴後                            ( ´∀｀)	2	しょーまん二頭筋
0049-002	太田翔万 ありがたいお言葉です。恐らくファンサとアンコールの曲がかかったら涙腺が死ぬのでタオルは必須ですよ。	0	くぼし
0049-003	@くぼし 本当にいろいろと教えてくださってありがとうございました。あなたのおかげで買えました！あなたのような優しい方が王子様候補にいるなら安心ですね！ では。😇	1	しょーまん二頭筋
0049-004	太田翔万 合ってると思います。ファミマは全然詳しくないのでお力になれないですが…買い方が伝わったのなら一王侯として嬉しいです。	1	くぼし
0049-005	@くぼし ありがとうございます！どうにか現金で払う方法がないかと探していたんですが、ファミマで支払えるんですね！ファミポートってやつでニコニコポイントを買って、それから支払う感じであってますか？	0	しょーまん二頭筋
0049-006	太田翔万   にじさんじ公式ページからshout in the rainbow に飛び、買いたい「ネットチケット購入はこちら」をタップ  チケット名「【札幌公演】（中略）ニコ生無料チケット」の右「チケットを購入」をタップ  後はファミマが近くにあれば良いですが、無ければ契約している携帯会社から支払えます。ファミマが近くになく、クレジットカードを持っていない私でも支払えました。 毎月の携帯使用料と一緒に支払いになるため、親にお願いすればできるのではないかと…不明な点があれば私のTwitterかここに返信して下さい	2	くぼし
0049-007	@くぼし これがまた機械音痴の恐ろしいところで、払い方がわからんのですよ(´・ω・`)	0	しょーまん二頭筋
0049-008	太田翔万 自分も学生なので気持ちはめちゃくたゃに分かるんですけど、5000円払えばまだ全パート見れますよ…	4	くぼし
0049-009	見てきました。生で見ていた人は28000円で実質無料だったらしいですね。僕は無料パートに50000円(全財産)払いたいです(´・ω・`) 最高だったぁーーー！泣いたって言うコメント多いけど僕は一瞬も見逃さないようにまばたきしなかったので逆に目が乾きましたw他の子のときはそうでもなかったのになぜかギバラのバラライカのときだけにやけが止まりませんでした( ´∀｀)これほんとに無料！？最高すぎるんだが！？、、、、すみません。舞い上がりすぎました。	5	しょーまん二頭筋
0049-010	@日本製 できましたぁ！ありがとうございます！楽しんできます！	6	しょーまん二頭筋
0049-011	生放送をもっと見る→放送終了 を押せばいけるはずです	6	日本製
0050	民度高ぇなオイｗ     羨ましい限りです	5	CHIBI RYO	0
