0001	1:19:22 この卑猥なコメントをしたのは私でございます… まさか初のコメ読みがこんなことになるなんて思ってなかったんです…	153	tkm Sweets	1
0001-001	い、イク、にゃんにゃん	4	紳士[遺伝子組み換えでない]
0002	20:39笑い方めっちゃかわいい	94	いろじろ	1
0002-001	デヴィ夫人みたい	3	かいざー
0003	24:21ローター食いつくの草	52	ニョーロトノ	0
0004	45:13 1:18:06 ゲットおめでとう！！！	61	そこらの民衆	0
0005	トレバって闇過ぎんか？(´°̥̥̥̥̥̥̥̥ω°̥̥̥̥̥̥̥̥｀) 設定が酷い。	14	龍星	0
0006	誰もが笑顔になるギバラ	29	ぺちか	0
0007	7:18 母国語	37	白線	0
0008	1:40声入り	59	コッペパン	0
0009	時々発動するキングクリムゾンがクソすぎる	4	奥田紳太郎	0
0010	9:40    12:13    19:00    52:10    57:33    1:00:37   1:20:40 可哀想シリーズ	33	ポンデリング	0
0011	オ　ワ　タ　か　ら　に　げ　る　な	14	ルディア	0
0012	もしとっても汚部屋に置けるんですかねぇ···	3	あれなやつ	0
0013	クレーンゲームしてるだけなのにセンシティブになるシンデレラ。	5	れんこんぐ	0
0014	アーム弱すぎじゃない？これ	6	ろろ	0
0015	1:26:45巨大メンダコ見た瞬間に「ケツやん...」って思ったらギバラも同じこと思ってて草生えた 逆にあれ見てケツじゃないって思うやついる？	109	238_Fumiya	2
0015-001	京都太郎 思ってるやないかw	4	蓬枯木
0015-002	見た瞬間「ケツじゃないやん」って思った	7	京都太郎
0016	56:52 テレテレサ	9	R136 a1	0
0017	ジョージ同類なのにボロカスに言われてて草	52	コンティロマネ/イルミナたんふぁんくら部部長	1
0017-001	コンティロマネ/イルミナたんふぁんくら部部長  同  族  嫌  悪	5	もっちー
0018	18:08 ジャスティン・ビーバーに触れるギバラになぜか笑ってしまう	10	ナカボンNakabon	0
0019	もう…終わってるだと…	1	レイチー	0
0020	意外とレパートリー多くて面白そうですね〜ぬいぐるみゲットおめでとう🎉	0	雪米	0
0021	45:44 ここから素に戻るの早すぎやろww	4	ララティーナ	0
0022	24:20 本当に下ネタには敏感なんだよなあ・・・（ローターに見えたのはEMSエクササイズマシンって景品かも）	8	一人ちくわ祭り	0
0023	ギリギリ江良ちゃん	0	つなまよ	0
0024	とるモは救済措置あるのでとるモをオススメします… 今ならツイステのともぬいありますよ…	0	うさまる	0
0025	夾娃娃機不過氣 江又贏	0	陳俊智	0
0026	19:45 ~ 20:37 ~ ギバラのかわいい笑いで明日も生きれる！！	51	トリカ	3
0026-001	笑顔はいい笑い方がw	3	シャトラテ。
0026-002	@--マサオ うん！	0	トリカ
0026-003	トリカ かわいいよね	4	--マサオ
0027	配信お疲れ様でした、🐯は右のぬいぐるみを左にずらしてトコロテンみたいに出来ないかな？	0	神城アキラ	0
0028	今日はよく動くな	1	nakko 1130	0
0029	ジョージ不憫回	0	スズナ	0
0030	取れたのに取れてないけど、撮れ高はとれた	1	アザラシのゴマちゃん	0
0031	とるばってこんな厳しいんだ	0	滝澤コウ	0
0032	メガネ掛ける仕草でｗ	0	Tom Kid	0
0033	Que verga me salio en recomemdados xd	0	angel mendoza	0
0034	1:02:20~目を瞑って聞けば明鏡止水 心が汚れているのか、視聴者がいけないのかどっちだ いつからだったっけ危ない放送になったのは・・・  本当に自分が嫌になる	1	よわむしArisia	0
0035	アーム弱すぎてトレバほんとに金儲けしようとしてるわ…😇😇😇設定酷すぎて絶対取らせる気ないし課金だけさせてるよなw	0	まっちゃパフェ	0
0036	1:36:25ここ好き	21	ミルクティーのあれ	1
0036-001	かわいい	0	陰陽
0037	開始 2:23	1	うべー	0
0038	1:18:30　トレバはプレイ履歴の動画に収まっていない場面での獲得はたとえ直前でプレイしていてもすぐにコンティニューしていてもゲット判定くれない場合が多いから、ヒヤッとしたよ。	0	Kazama. Ritsu.	0
0039	57:48だし巻き玉子ちゃん(肉まん)発見 1:02:25挑戦開始 1:12:58この辺りからセンシティブ開始 1:13:37 喘ぎ 1:20:43 ただの菓子パン(パンケーキ)発見 1:26:49 けつ？	80	コンティロマネ/イルミナたんふぁんくら部部長	4
0039-001	ホモから産まれた漢の娘【動画投稿者】 通報した	0	そるの
0039-002	閃いた💡	0	ホモから産まれた漢の娘【動画投稿者】
0039-003	やっぱケツだよなぁ！？そう思うよなぁ！？	0	238_Fumiya
0039-004	コンティロマネ/イルミナたんふぁんくら部部長  助か…うん…助かる…かな？	0	真備
0040	マイメロ好きな女の子は地雷だゾ（偏見）	2	アーバナイウェカピポォ	0
0041	1:22:49 11cmのサイズを手で表してるやつ	20	白い白い未栄	1
0041-001	11センチ...確か日本人の平均が13センチだから...まあそういうことですよね	0	Kocca
0042	ギバラを満足させる方法、 それは…    俺自身がぬいぐるみになる事だ	15	ぱちもん	0
0043	Por que?	0	angel mendoza	0
0044	えらちの方がかわいい　今回特に笑い声が多くて心がつらい   君を愛するが故に僕は傷つけれない　ぴえん	0	よわむしArisia	1
0044-001	流行に敏感なえらち。意識してる時やスタートダッシュの冷えてる時はわざとンゴとからしくない言葉を多用するけど 何かに夢中になったりリスナーと喋りだすと一気に言葉使いが逞しくなったと思いきや乙女になったり、素敵（ゲラ笑いとかあはっとかゥふふとか）に笑ったり、センシティブに走ったり、自称陰キャで結構否定するけど陽気に喋るのだいすき   そこら辺が具体的にヤバい	0	よわむしArisia
0045	UFOキャッチャーは登録商標だからクレーンゲームって言った方が良いよん	4	Wirbelwind	0
0046	1:16:35   コメント初読みがこれって、、、 誇っていいですか？[]	2	あんぱんま	0
0047	みんなシモネタすごかった	1	ねねこ	0
0048	おまえもっと奥届かないのか	0	かんかんみかんカンカンみかん	0
0049	なんかむにまんってやつが中盤あたりまでずっと「こんるるー」って言ってて草生えた	0	こおり	0
0050	先生が言ったマイメロの物持ってる人には、きおつけろとな	2	お茶のみたい	0
0051	まあ、それは問題ではない、良いビデオ、あなたの名前は何ですか？	0	angel mendoza	0
0052	どこがうまいねん！ と動画見てないのに言ってみる	0	TaoRu-	0
