0001	32:41で自分の顔面ビンタしてるの草	1082	パチパッチ	13
0001-001	@卵かけご飯  ﾐﾅｶｯﾀｺﾄﾆ･･･_:(´ω`」 ∠):_	0	れお_実況者好き
0001-002	@れお_実況者好き  4回も同じことを言ってしまうほど面白かった事は伝わった	0	卵かけご飯
0001-003	想像してた以上に面白すぎて私の中の猿でた、	4	Kaya _s
0001-004	やめてww 普通にツボだったのにこのコメ見てくっそ笑ったww	0	れお_実況者好き
0001-005	やめてww 普通にツボだったのにこのコメ見てくっそ笑ったww	0	れお_実況者好き
0001-006	やめてww 普通にツボだったのにこのコメ見てくっそ笑ったww	2	れお_実況者好き
0001-007	やめてww 普通にツボだったのにこのコメ見てくっそ笑ったww	7	れお_実況者好き
0001-008	微妙に笑いながらなのがまた草	11	レッドブルRB16B
0001-009	しかもとんでもねえ顔で止まってるし	10	1kazuchi
0001-010	32:44 謎の方向から反動きてて草	76	しばさん
0001-011	一回これツボったw	21	陰陽
0001-012	@コンティロマネ/イルミナたんふぁんくら部部長 リスナーの怨念じゃ。	9	佐藤 観
0001-013	左手以外のあらゆる部位が微動だにしないのに左手だけが自分の顔ビンタしてて怖い	142	コンティロマネ/イルミナたんふぁんくら部部長
0002	19:59ここ最高に気持ち悪くて好き	658	おちょ	2
0002-001	19:5819:58 19:5819:58	3	まみむめも子
0002-002	19:56	20	7ヵ月前・ 3日前
0003	4:40 御伽原江良、壮大な勘違いを発表	380	* omiso	0
0004	16:41 この声癖になりそう	443	ろりばばぁ	2
0004-001	壊れてて草	19	ベニートムッソリーニ
0004-002	ロリババア  顔動いてないのに腕動いてるのツボ	51	Hb F0nX
0005	25:21 ここの顔草	469	ニヤケ一族	0
0006	16:30 取り乱した結果、ぐっちゃぐちゃになる御伽噺江良	269	* omiso	0
0007	22:17 お猿のジョージ	262	みなすけ	1
0007-001	🐒( '-' 🐒 )ｵｻﾙﾁｬﾝ	8	レッドブルRB16B
0008	32:24でくるみちゃん出てから自分の胸の大きさを確認してるの草	225	だよだよ	1
0008-001	地味にその後小声で「ｲｲﾅｰ」って言ってるのも草	13	Kの人
0009	16:36  32:33  お前	315	龍Q	3
0009-001	zǝɯɔɹɐ 中学生でも分かる英語助かる	2	HIMO
0009-002	🐒	5	No Janome
0009-003	one hand clapping	9	zǝɯɔɹɐ
0010	17:23 ぶっちゃけここが一番こいつヤベェって思ったとこ	247	レッスボン	1
0010-001	ゲボかわじゃないだけ桐生よりはマシ	14	颯璧
0011	19:40 お縄まで秒読み段階の御伽噺江良	123	* omiso	0
0012	20:08  “フェスは引くだけ無料"  新たな名言いただきましたw	102	kou113197	0
0013	14:50　ここアクセラレータ	233	かたみみ太郎	5
0013-001	@K K 禁書の絶対能力進化計画編を見てくるんだ	1	勇気凛々の剣
0013-002	空気.zip	4	コンティロマネ/イルミナたんふぁんくら部部長
0013-003	森ライス それアプリ	0	K K
0013-004	圧縮、圧縮、空気を圧縮!	0	森ライス
0013-005	ちょっと考えて分かった 黒翼のやつか	1	蜜柑マン
0014	16:38  美少女が山猿になっておじさんになってゲロ吐いた	74	せかい	2
0014-001	猿→おじさん→鳥	1	しばさん
0014-002	そして姫がキモオタになって調子にのってお縄にかかった	4	かごもぐら112358
0015	16:37からやっべえw 首から下だけ動いてるw	181	飼育員らーゆ	4
0015-001	@yurt 戦闘民族にじさんじぞ？	3	a b
0015-002	パントマイムでしょ(適当)	0	くろね
0015-003	江良ちゃん……！？	0	俗世に堕ちた僧侶
0015-004	どこの武族ですか	4	yurt
0016	32:41 ここ拳が音速を超えた瞬間	40	Neoフロッグ	0
0017	ガチャ仕組み分からない人のためにも、説明入れながらガチャ引くギバラ、配信者としてとてもしっかりしてる	196	あ,さん	1
0017-001	限界化するギバラ好きよ	3	颯璧
0018	32:40 笑顔で自分の顔叩いてるのに左手意外動いていないのが更に面白い	38	Tooro _	0
0019	49:59 担当かわいいって言ってくれてありがとな	67	青木	0
0020	21:40 ジャングルASMR	66	* omiso	0
0021	ギバラが元気になって良かった	48	どん兵衛左馬助三郎	0
0022	みんな！低評価芸は解除するまでが低評価芸だぞ！	77	ああ	1
0022-001	低評価芸の基本だよね〜	11	ミジンコ
0023	16:40ここ草	26	_どどど	0
0024	コンコルド効果（コンコルドこうか、英: Concorde effect）は、心理現象の一つである。コンコルドの誤謬(コンコルドのごびゅう、Concorde fallacy)、コンコルドの誤り、コンコルドの誤信、コンコルド錯誤ともいう。 世界的には"Concorde fallacy"の名称で研究がなされているが、日本では"fallacy"の訳語が一定しないため"Concorde effect"の訳語としての「コンコルド効果」が用いられることが多い。 「埋没費用効果 (sunk cost effect)」の別名であり、ある対象への金銭的・精神的・時間的投資をしつづけることが損失につながるとわかっているにもかかわらず、それまでの投資を惜しみ、投資がやめられない状態を指す。超音速旅客機コンコルドの商業的失敗を由来とする。	87	ハッシー	1
0024-001	正にこの動画のギバラちゃんですな。	2	ハイパータイムジャッカー
0025	かわいいかわいいって愛でてたら勢い余って吐くのほんと草	38	コンティロマネ/イルミナたんふぁんくら部部長	0
0026	16:37こっからクソ笑ったw	7	ムキムキ	0
0027	なんかYouTubeバグって画面には可愛い娘が映ってるのに音声が猿の動画見てたせいか猿の鳴き声しか聞こえないんですけど()	25	くろね	0
0028	低評価芸は消すまでが芸だからちゃんと消そう ガチで恨みがある人はまあうんなんというかどんまいです	116	aie 3101	6
0028-001	たらまゆさん 低評価も立派な評価やぞ。失礼すぎる	8	光乃りり
0028-002	モノモノ 人権ないは草	3	Moscatel
0028-003	よっぽど深い理由がない限り人様の動画に低評価付けて帰るやつには尊重するべき人権なんてないんやで！！	14	たらまゆさん
0028-004	低評価も尊重しようや	2	まぬけ!
0028-005	だが実際ほとんど低評価消えないし恨みある人からしたら気分がいいやろな。 こんだけ芸のわかってない人らがいるってびっくりやわ。	13	コウguy
0028-006	低評価＝天上なのかもしれない	1	あくび
0029	25:59 自分用。担当褒められてウキウキ。ライラさん声付いてほしいナ～～～	13	Zん星人	0
0030	28:51 一緒に喘ぐな笑笑	18	RBLO_ Eru	0
0031	14:41 木場さんのパイオツ揉んでるようにしか見えない‪w	10	みくみょん	0
0032	16:36	7	ああ	0
0033	6:12タップするときの仕草可愛い	29	ミルクティーのあれ	0
0034	36:49 可愛い	18	うに丼	0
0035	ボイス再生中ちゃんと静かにするの草	7	死なない不死者	0
0036	14:17 ここ好き	10	キロック	0
0037	デレステ配信のギバラめっちゃ好き ひたすらにアイドルを愛でるギバラが好き  かわいくはない	20	ryu 1	0
0038	ガチャで大勝利したギバラの笑顔は最高やな！	5	ねこ	0
0039	ギバラが楽しそうでマジでよかった	4	Rペニシリン	0
0040	やっぱりギバラはガチャ運に愛されてるなぁ  おじさんムーブほんとすき	9	:ホワドリ	0
0041	今日もギバラが元気で安心した	6	なないし	0
0042	3Dの荒ぶりに笑う	5	この子に七色の祝福を	0
0043	33:40 かざちゃん見てっか〜？	13	えすさき	0
0044	やっぱり声が今日見た掃除機の音に似てる…	3	むかいじろう	0
0045	16:34 ここからヤクザの老いた組長	1	町田ハル	0
0046	物欲センサーをかいくぐりおった	6	Raikili	0
0047	4:58~  ここメンヘラギバラ	2	哲学者	0
0048	1:20:09 江良ちゃんの無重力シャトルといえばｵｴｯだよなぁ！	5	ai ue	0
0049	ギバラが元気に配信してくれて嬉しい！	1	32ギガバイトのUSBメモリー	0
0050	19:53　お前が覚醒してどうする	8	アライあん	1
0050-001	キマッてんねぇ！？	1	a b
0051	喜びかたが汚すぎて草	1	素直シュール	0
0052	ガチャギバラ江良ほんとすき	1	つなまよ	0
0053	シンデレラにあるまじき表情で草	1	平和な村	0
0054	うへぇへぇ好きw	0	東條成二	0
0055	動きが見たことないくらいキモ過ぎて草	15	ムショック	0
0056	イッキイキしてて草。元気そうでよかった	1	にじさんじ切り抜き隊長	0
0057	ガチャの結果よりなんかよりも課金上限が数ヶ月前に解放された方が衝撃だったり	1	夜咲	0
0058	かっくかくで草	0	イケメン吉岡	0
0059	6:07 ここで引けば、ｳﾞｫｪｯ           ↑？？？？？？	1	うなじゅー	0
0060	ここで仁奈ちゃんにプリンセスドレスを実装するんじゃなくて、プリンス衣装にする運営さんのぱぅわがとてもとても好きですおめでとう...	2	兎丸	0
0061	綺麗な方のおとぎの国	1	pine tree	0
0062	仁奈ちゃんのボイス聞いた瞬間のリアクションが私と一緒で汚	0	Kaya _s	0
0063	になちゃん出た時の反応クソキモくてわろた（褒め言葉）	0	みおち	0
0064	22:17 招待現したね	0	粕谷風花	0
0065	14:41 乳をもむギバラ	1	223 tubumi	0
0066	一発目にしぶりんなのリスペクト亀井でホント好き	0	岩屋秀一	0
0067	この放送でこのゲームの魅力を知ってしまった 絶対に始めない100パーセントハマる	0	なかたのの	0
0068	開始17分後。御伽原 江良、ゲスボイス出してしまう…	0	MeGmn 7	0
0069	ありがとう。	0	よんず.	0
0070	石油王が居ると聞いてきました	0	おさら	0
0071	「ウッキーキーのキ！」の所で「イッキーキーのキー」を思い出してしまった……	0	ささみ鶏	0
0072	初めてだよ、アプリ入れてなくても楽しめる動画	0	小松正男	0
0073	なん…だと…!	1	木魚	0
0074	声が聞けてよかった	0	おでん大明神	0
0075	もうすぐ30万人じゃん！	0	ん	0
0076	なんでこんなになるまで放っておいたんだ...！	0	欲しいname	0
0077	定期的に吐く女	0	bag sand	0
0078	16:41 邪悪すぎる…	0	とろ	0
0079	時間が長いってことは・・・・・・・	0	木ノ葉Konoha	0
0080	クッソラグいの好き。	0	海より青い戦隊のルシアンブルー	0
0081	0:26:08 ウサミンに喜ぶギバラ 1:04:55 ウサミンに共感するギバラ 1:10:09 ウサミンのヘソ 1:15:50 見て全員揃ってるぅ〜 1:23:48 あぁ〜回った 1:35:26 うへぇへぇっ	63	AB77 is GOD	1
0081-001	ありがとうございます！！	0	うみねこ
0082	16:51 じじい	0	寝ぼけさやし	0
0083	When it comes to lolis Gibara's primal instincts really come to the light.	1	MΛX	0
0084	お前がシンデレラだ	0	くじらのくーちゃん	0
0085	サムネにギバラが見当たらんと思ったら普通に真ん中にいて草	0	taiyong jin	0
0086	仁奈に唯一気持ちを知りたくないと言われた女	0	T	0
0087	好きなゲーム配信してる時のお前輝いてんな〜、ガチャ引けた時のキモい喜び方マジで俺達だわ、おめでとさん。殴らせろ。	6	死なない不死者	0
0088	16：30　あたりからのモデルが壊れるさま（顔が動いてなくて体がおもいっきり動いてる）すき	0	MOMAMOMA	0
0089	デレステの配信してる時のギバラが哺乳類っぽくて僕は1番好きです。	1	ノマネ	0
0090	ギバラはこれだけでもライバー始めた価値はある	1	ねげ	0
0091	ゴﾉﾚゴ雇ったわ	1	78P03でんどろびーむ	0
0092	お前が王子様になるんだよ！！！	0	丸兎	0
0093	てかちゃっかり3Dやん…      健	3	乾 くろ.	0
0094	配信お疲れ様でした、仁奈ちゃんと桃華ちゃん、汚いギバラの所に嫁ぐなんて、、、	4	神城アキラ	0
0095	今300連で仁奈ちゃんお迎えしたがお〜♪ これからも時々でいいのでデレステ配信お願いしたいがお〜	0	がおー	0
0096	She is just way too funny. I like her videos. XD	0	KTownAnon	0
0097	21:56	4	しょうご	0
0098	今回は早く引けたから高評価ニキネキ多いけど今までの爆死分考えたら…ね？だから素直に祝おうや	1	パソコン	0
0099	16:35 自分用 16:35	0	中山三太郎森江	0
0100	安定の汚さで安心する	0	下っ端哨戒天狗サブW5の	0
0101	基本的にニヤけてるのほんと好き	0	ネギトロ	1
0102	この動画が投稿されなかったら俺はデレステの沼にハマることは無かったんだろうなぁ。 受験受かる気がしねぇぜぇ！！	0	マルフォイとホイホイしたかった賢者の意思	0
0103	反応がいちいちキモすぎる(褒めてる)	0	きゃべんでぃっしゅ	0
0104	皆がピックアップしてる場面、9割ヤバいとこしかなくて草    動画自体がヤバいのは言わずもがななんやけど……	0	南のクマ〜酒熊〜	0
0105	Happy Gibara is so cute lol.	0	Cdaz Laboratory	0
0106	ほんま声汚ねぇな笑(褒)	2	Re;レッド	0
0107	Can she make english translation please?	0	Ahmed Zaki	0
0108	ユルサナイ	0	sch loss	0
0109	草 16:37〜 22:18🐵〜 25:22〜 53:19〜 1:02:58〜	7	ቻンቻンがቺቻቺቻ	0
0110	Queria saber como cheguei aqui. Gostei do jeito dela, pena não conseguir entender o que ela fala.	0	Gabriel Oliveira	0
0111	16:22   32:24  1:02:55  自分用	0	両声類に憧れる女	0
0112	悟り	0	あのまろ	0
0113	ワリオ 16:41	0	シェルヴァス	0
0114	16:37 32:35	1	altriちっく	0
0115	16:36 閲覧注意	15	老猿	1
0116	配信終わったら低評価減ってて草	0	白・黒	0
0117	全く違う人の名前使うのは良く無いと思う。     あっネタです。	1	偽善者[ぎぜんしゃ]	0
0118	低評価芸は消すまで芸じゃないぞー	0	まる大福	0
0119	デレステのガチャはやったことないけど、ガチャにはまっている人の挙動を理解することができたのは良かった　にしても、ギバラのテンションの上がり方が激しくて笑ってしまうw	0	新しい季節	0
0120	初コメ〜！ 動きめちゃめちゃになっとるの笑う てか気になるんだけど、ギバちゃんのリスナーの名前とかあるの？新規でごめん ギバナーかギバラーあたりと予想	0	野性のおかゆ	0
0121	When you feelin' luck Bless the gacha goddesses, so many SSRs and some new, even 2X SSR in one 10 pull. (26:08 (new one) and then 27:02) At 32:35 when she got that SSR, it looks like she were clapping, but the model is frozen because it is out of detect zone except for right hand, so it looks like she is slapping herself in the face three times (at 32:41)!	0	Nick Peck	0
0122	低評価数半端なくて草 引けてないニキは愛が足りてないからもっと積んでどうぞ 引けたニキは一緒に高評価、しよう！	43	りょーちゃん	3
0123	桃華引いたあたりで低評価に手を進めた	0	ファッ?!	0
0124	２引きおめでとう～👍	0	タクタクブサイクへの膝蹴り	0
0125	声の汚さが極まってる	0	暇人	0
0126	16:37 😂	1	Choco Mimi	0
0127	初配信からきました、この人どなたですか?	1	みかんあやね	0
0128	ギバラ元気そうでなによりだよ…  それはそうと4:40あたりで言ってた 御伽原 江良ちゃんは…別人ですよね？？	0	あきゅう	1
0129	癖になるキモさ	0	Melon Taruru	0
0130	低評価不可避w	0	だうとん	0
0131	す	0	Yoshi	0
0132	1:23:23	0	꽈자먹고갈래	0
0133	そろそろオープニングが恋しくなってきた、最後に使われたのいつだっけ	0	結城香菜実	0
0134	低評価多っw	1	レタス春巻き	0
0135	え、汚ったね。	0	根号混合	0
0136	みんな低評価消そうな	12	マラドーナに愛された男	0
0137	引き悪い時に見る動画じゃねぇわ💢💢💢💢💢	0	TiamatXx	0
0138	ガチャ動画の低評価、プロレスでも好きじゃないから自分もゲーム入れた。何も出なかった。低評価押しそうになった…	0	うゆっと	0
0139	恵まれた容姿にクソみたいな声   ユードリックと魂交換しろ	1	あし	0
0140	うわきつとかいうコメ流すくらいなら配信見に来るなや	1	松永修暉	0
0141	とこちゃん見てからだと。。汚れてる	0	。タケノコ	0
0142	36:48 「えっ、誰」は文香Pの自分からしたらちょっといただけませんね。これを機に文香に興味を持っていただけると嬉しいです。9代目CGに鷺沢文香を。	1	じぇみに_	2
