0001	綺麗な心ときたないお口を持っている女、それが御伽原 江良なんだなって	155	多分そう・部分的にそう	1
0001-001	天才を超えて神	0	たんぴ
0002	1:17:11 ｢一応配信として残ってるから…いいかな｣ が凄く辛い	8	ЯＲみかん	0
0003	1:25:45〜 本気で怒れるほど物語に没入できるのっていいよね	37	ああ	0
0004	1:24:50からのメアリーにキャンディ食べられるときの流れリアルタイムで見てても草生えた	35	鉄パイプ	0
0005	Ah this brings back those bittersweet memories.	3	MangaXHelL	0
0006	ドキドキ文芸部って可愛い子がたくさん出てくる乙女ゲーやってほしいです！マヂで泣けるんでおススメです😊	94	おく	1
0006-001	1部あってて間違ってるの草	6	ネンドール
0007	江良ちゃん…… これからも　いっぱい配信しようね……     永遠に！	61	ゼルビッシュ	3
0007-001	２時と3時でループしそう	6	クラッシュ万事休す
0007-002	@No Janome 草	6	ペリン提督
0007-003	ED     ようこそにじさんじの世界へ	33	No Janome
0008	なんというか…初めてギバラの配信を全部生で見たんですけども…その…なんというか…楽しかったんですけど…フフ…寝れなく…なってしまってですね…	43	言霊音子【言の葉P】	3
0008-001	江良吉影！	6	SCP―198マッカンを一杯
0008-002	EBIFR13 BJ-  ぼ○きしそうな喋り方やめろw	6	たにし
0008-003	時間的にリアルに寝れてなさそうで草	13	多分そう・部分的にそう
0009	良いストーリーだった… いつかDDLCもやってほしいな、可愛い女の子多いし、ガチホラーって感じでもないし、とにかくストーリーがいいから…！	24	佐々木太郎	0
0010	マシュマロで江良ちゃんにチャートを全部教えてくれた兄貴に敬礼	5	kato	0
0011	どのENDが好きかって言われたら｢忘れられた肖像｣ENDが好きかな とりあえずペルソナやろうぜ。 ペルソナ3がオススメやで？ イケメンと可愛い子がいっぱいでるで？         ギャリーが好きなおまえら｢メアリーてめぇゴルァ！燃やすぞ！｣	2	はなちゃんねる	0
0012	ギバラ、キャラのこと心配してたりしてて良い子だよな…	8	田中景太	0
0013	結局追加エンドやったの？	4	麻生太郎	0
0014	最後の奴は何処にも行けない米津玄師のようなEDだった	10	コマド	0
0015	ほんとうにかわいいなギバラ 生きる糧だわ	2	もちだのひと	0
0016	配信お疲れ様でした、あれだけメアリーにキレたのに最後は憐んだのは、おとちゃんが優しいからですよね！ね！	14	神城アキラ	0
0017	2:41:45 るん！が入ってるやん！	15	北海道ROUTE【こーち】	0
0018	おつえら〜！ やっぱりIbってホラゲを超えた ホラゲやねぇ…… ただ怖いだけじゃなく 世界感に凄く引き込まれる ゲームよねぇ ほんとDLCでもいいから 3人とも救われるエンドか欲しいと 思うのはあまえかなぁ…	34	アヲノ#調子極端	2
0018-001	とある絵画の末路EDで否定された感あるよな	4	水野ユキオ
0018-002	それを作るのはワイらプレイヤーの夢よ。 己が作るんや	2	生きない亀
0019	御伽原 江良めっちゃいい反応するから見ててめっちゃ楽しいし嬉しい	4	もりもり	0
0020	レバノンエンドを見るのに後半2時間もかからずいけたのか…RTAかな？	12	そこらの民衆	0
0021	ギバラのシナリオゲー実況好きだからもっと見たいな	8	たらりら	0
0022	ギャリーのBGM神過ぎない？	10	Hide	0
0023	霧雨とかギバラ好きそうだしやって見てほしい	5	ああああ	0
0024	このゲームはストーリーも良く 全EDクリアはしたけど 改めて見ると泣ける	6	小松強	0
0025	この流れでフリーホラーゲームめっちゃ嵌まりそうだな…	8	夜咲	0
0026	唐突にボーちゃんになるの面白すぎる	3	setsu _	0
0027	38:57 ﾜﾚﾆｼﾞｻﾝｼﾞｿﾞ...でワロタ	3	ソラン	0
0028	1:24:48 ここすき	22	牙狼ニ乃牙太刀	0
0029	ギャリたん辛たん	5	makuana seyuseyo	0
0030	江良ちゃんが泣いちゃう配信全部好き	3	むみゅううどん	0
0031	どのエンドも辛いけど良かった…不思議な世界観が素敵	1	リュウ.	0
0032	レバノンエンドは草	7	T I	0
0033	最後の伏線回収はマジでチキン肌やったわ。	1	Niiya0577	0
0034	パレットプラスeは駄目だ…(笑)	0	Kuro ・	0
0035	鬱だったり感動だったりこのゲームは神ゲー	0	ヲタ活蓮くん	0
0036	久しぶりにIb実況見たけど内容神すぎるだろろろろ	8	あふたぁ	0
0037	メアリーをなくさずに(絵を燃やさない)元の世界に戻るとこでギャリたんとメアリーだけで行かすといいよ	1	kano	0
0038	1:03:09 自分用	2	る††は	0
0039	イブが絵になるエンドもあるよ	2	kano	0
0040	おつえらです お疲れ様です、御休みなさい 今日も神ゲームありがとうございました。。	1	eight	0
0041	2:02:40 俺	0	猿.マシラ	0
0042	慈愛の心を持ち合せてるのずるい	0	しばふ	0
0043	ぎばー	2	らず	0
0044	いつか2周目の追加エリアもプレイしていただきたい	0	アキー	0
0045	是非!!ゆめにっきもやってほしいですねぇ	1	6月	0
0046	スタート1:45 【ひとりぼっちのイヴ】8:25 【片隅の記憶】20:40 （ハンカチ渡さない） とびっきりの笑顔29:00 我にじさんじぞ？のながれ38:50 記憶力がいい48:20 ギャリたん…1:01:16 泣き1:02:25 偽薔薇、偽ｬリーとの再会1:11:10 【いつまでも一緒】1:25:40 ガチおこ1:25:00 RTAスタート1:33:34 煽り1:37:15 豪運（笑）1:37:50 音読1:44:25 キモオタ1:54:50 蹴り1:57:35 エチチ本2:14:25 口ぱくぱく2:23:35 るん！！！2:41:45 カルロスゴーン2:44:35 【ようこそゲルテナの世界へ】2:50:25 【ある絵画の末路】3:15:40	178	eight	5
0046-001	悲しすぎて忘れてた 1:16:42 【忘れられた肖像】	0	eight
0046-002	感謝	3	新型義体爬虫類タイプ
0046-003	たすかる	5	まめ
0046-004	なんだお前の位置間違いだと思って編集したら間違えてなかったくっそだせぇ	5	eight
0046-005	昨日もだけどキモオタのくだりが好きすぎるw	9	木星
0047	1:01:00ら辺の流れ好きだけど嫌い	0	Hakurin:はくりん	0
0048	51:31いちばんすき	0	こふぅ	0
0049	2:17:15自分用	1	ゲェジインターネット	0
0050	「ある絵画の末路」ってタイトル、個人的にトラウマな「或る阿呆の一生」思い出して怖かった	7	はむ	0
0051	やっぱりコメント見れないですねぇ。なんでやろ。	5	退魔七夜	1
0051-001	キレそうケシェト かなしいなぁ……リアタイ出来なかったし……	1	いなみちゃん
0052	2:54:00	2	。やまと	0
0053	全く動画と関係ないんだけど美術館って言葉が出てくる度に平沢進を思い出す	2	SCP―198マッカンを一杯	2
0053-001	おむらいす 美術館は火気厳禁です	0	9n9nk8 y9ts7g8
0053-002	SCP―198マッカンを一杯 美術館で会った人だろ	3	おむらいす
0054	このままフリーホラーハマって殺戮の天使とか被虐のノエルとかマッドファーザーとかやって欲しい....ギバラがするストーリーある系の実況ってギバラの感情惹き込まれてってる感じが見てて楽しいから..	5	兎丸	0
0055	忙しい人用ED、分岐まとめ  ED.ひとりぼっちのイヴ 11:22〜13:30  ED.片隅の記憶 21:21〜23:37  ED.忘れられた肖像 30:01 〜30:38 ギャリー発狂 34:21 〜41:44 ギャリーを元に戻す 53:02〜1:04:26 バラの花 1:05:34〜1:06:38 キャンディを食べる 1:11:03 〜1:13:31 絵に飛び込む 1:14:15 〜1:16:42 忘れられた肖像  ED.いつまでも一緒 1:20:16〜1:27:46   ED.ようこそゲルテナの世界へ 2:47:50〜2:55:37  ED.ある絵画の末路 3:06:41 〜3:07:04 3:19:39 〜3:26:58	1	紳士.	0
0056	1:25:10 ﾎｯﾎｯﾎｯﾎｯﾎｯﾎｯﾎｯ 類人猿化する美少女のシュールさと、物語に没入してる真剣さが融合してて芸術点が高すぎる…狂おしいほどすこ  ミュートして(( 'ω'  三  'ω' ))を堪能したあと音声付きで見ると2度美味しいのでオススメ	2	NIKE rounds	0
0057	楽器ケース暗くて何も見えないよ〜みたいなコメントあったけど好きだわ‪w	1	あららゆゆ	0
0058	まーた２時間やぞ、アップロードの設定マネージャーと協議しなおして（お願いします）	1	くらいすと	2
0058-001	@がーふぁんくる こっちのPCの問題みたいですごめんなさい 　　　　　　　　前回の配信もそうなんだけどログアウトすると2時間じゃなくて全部見れるね	2	くらいすと
0058-002	くらいすと もう全部見れるで(配信終了直後は2時間しか見れない)	2	がーふぁんくる
0059	いつまでも一緒EDめっちゃ好きやねんけどあんまり賛同者いないんかなあ ようこそゲルテナの世界へが一番嫌い	3	ロキ	2
0059-001	私はメアリー推し故、そのED好きです	1	アキー
0059-002	メアリーに切れてるの見てくっそ気分悪くなったのでブラウザバックします	0	ロキ
0060	エンド回収お疲れ様です。 実は非公式版のIbでは8つ目のエンディングがありそのエンディングは『犠牲』という名のエンディングでイヴが最終的に自ら犠牲になりメアリーとギャリーが外に出るエンドです。	9	お気にの剃刀で皮まで剃り落としてしまったレヴナント	0
