0001	1:20:57　ここからぎばとこの話	284	どん!	5
0001-001	たすかる	0	ゲッティ
0001-002	助かる	0	さくら
0001-003	助かる	0	TTT SSS
0001-004	助かる！	1	Chloe
0001-005	助かる～	4	ユル
0002	ギバラお姉ちゃんいいな…なんだかんだ言って優しそうだから甘えたい	81	銀細工の薔薇	3
0002-001	変態糞老人 名前どうりな変態だな	12	Francisco de Jasso y Azpilicueta
0002-002	エッチしたいよね	18	変態糞老人
0002-003	間違いなく明るく元気で面倒見が良くて面白く、ムードメーカーで家族想いの最高の姉ぞ	14	よわむしArisia
0003	わざと負けてくれるなんて、やっぱり優しいお姉ちゃんだな〜  ………ほんとは素で負けた説	48	温水洋一水	0
0004	1:51:43 髪の毛巻いて化粧落としたらギバンバになった話	66	佐々木太郎	0
0005	1:35:34 気づいてしまった御伽原	82	いを	6
0005-001	いたいけな乙女の心と夢を傷付けんな💢乙女心が分かってないなー! 普通にお揃いが目的やろ戌亥ってタルトのクッキーのしっとり生地は兎も角、好き嫌い無いから甘いの其処まで拘らんし受動型タイプっぽいし!!	0	よわむしArisia
0005-002	実はそこまで落ち込むことじゃないっていうね	0	ミジンコ
0005-003	とこちゃんなら一口交換嫌なら普通に断ると思うから気にしすぎだと思う	1	ギョンコ
0005-004	俺がギバラのことをより好きになった瞬間	1	garnet yotta-
0005-005	こ  れ  は  き  つ  い	0	miyo ikeda
0005-006	これはヤバかった❗ 動画越しなのに気分が降下してるのがひしひしと伝わってきた…泣いてエエんやで…	4	貴二月
0006	妹ちゃんは姉を見て将来の夢にYouTuberを視野に入れてるのか、それとも反面教師に真面目に勉強しようと思うのか…	12	yumie57	0
0007	Whats with that pained expression in the thumbnail?	14	Basic Raincloud	2
0007-001	@HanFei oh man thats terrible!  Did he take all of it or is she still alright?	0	Basic Raincloud
0007-002	Basic Raincloud her brother took her money	0	HanFei
0008	動画クリエイターとか映像制作系の職業とか言えばそれっぽくなるんじゃない？	4	おいなりさん	0
0009	十二月五日に二十万人記念枠取ってるんだよな 一ヶ月で五万人ってなに？すごすぎる	18	月歩	0
0010	45:04 自分用 虫	3	霧雨魔理沙	0
0011	サムネの江良ちゃんかわいい この表情好きすぎる	11	イトウ	0
0012	延びが凄いな 後自分に自信がないとか言ってる人ほど意外と顔整ってるよな	40	欲しいname	0
0013	お笑い芸人の話は面白いな	5	ぴにゃにゃ	0
0014	1:42開始	22	y y	1
0014-001	有能	1	シュミット高木改め闇鮪巌介
0015	オーズのサブタイトルみたい	46	ヤバいペット	3
0015-001	ヤバいペット . 前回までの3つの出来事！	0	ふみちゃん
0015-002	明日のメダルとパンツと掴む腕	2	かつからあげ
0015-003	まじでわかるw	4	Lachryma
0016	カルロスゴーン (配信者)	2	Shiobara Nasu	0
0017	鼻糞とれました	7	ほし村長	0
0018	やっぱり寝オチしちまった今から見直そう	13	タクタクブサイクへの膝蹴り	0
0019	25万人おめでと〜	7	YouRe 0953	0
0020	3:36からのコメントの手のひら返しすき	22	12244 SU	0
0021	ギバラの家族エピソード好きだわ 支障がない程度にまた聞かせてほしい	15	Kids Gakincho	0
0022	初めて生放送来ました〜 面白かったです！	16	よーちゃん	0
0023	待機してたら寝ちゃったよー (´；Д；`) アーカイブ見ます	7	アフロさん	0
0024	2:08:13 ここで草が生えすぎたんだけどw   なんでこれ！？！？	24	メイフの蜜ぎ隊	0
0025	ギバラが『Ｖチューバー界の島崎和歌子』だと思っている今日この頃	4	アイワナ少佐	0
0026	25万人おめでとう！！！3D配信のアーカイブ毎日見てます 成人式行かなかった勢なので不覚にもめちゃくちゃ共感した　おつえら！	7	雨井、傘を離さない。	0
0027	1:41:26 とこちゃん登場 1:41:57 さようなら	13	ベル	0
0028	芸人魂がすごい	32	らたなの	1
0028-001	ある意味憧れる生き方	1	よわむしArisia
0029	気づいたら「このライブストリームは109分前に終了しました」になってた	27	こおり	3
0029-001	@RB26 DETT 天才？	1	喫茶のマスター
0029-002	@RB26 DETT いやシコってねーよw 寝落ちしたw	8	こおり
0029-003	終了1時間半以上賢者タイムで草	22	RB26 DETT
0030	タイトルの25万付け合せで草	3	中途半端	0
0031	それはわざと…だよね？ そうだと言ってくれ…	2	最弱のアテナ	0
0032	ギバラ姉ちゃん優しくて涙	12	tomo兄貴	0
0033	2:28 強奪 15:55 陽キャ 42:27 25万人とコオロギ 1:20:56 ぎばとこ   面白い話ごちそうさまでした	71	そこらの民衆	0
0034	口にコーヒー含んだ瞬間、目に入った「ギバンバ」の４文字にＰＣが壊される所だった ぅおつえら～！！	8	蒼樹リアラ	0
0035	カルロス・ゴーンに負けた女は流石に草	0	ゆーゆーアルフォンソ	0
0036	色んなことにウジウジ悩みながら走り続ければいいと思う。 弱さを晒しながら爆笑できるライバーは意外といないんだよ。	4	不安太郎	0
0037	江良ちゃん！⇒ ギバラぁ！ ⇒ ……御伽原さん と呼ばなきゃいけないような気になった人多そう  陰キャの中の陰キャのワイがそうや	15	納豆猫	1
0037-001	江良ちゃんと江良さんとギバラで右往左往してる優柔不断男が私 江良ちゃんは普段呼び、江良さんはガチ惚れで顔真っ赤な時にしてる呼び方、ギバラは他人向け	0	よわむしArisia
0038	awwww…	0	Emmanuel Natividad	0
0039	ギバラ身長155cm、、、？！ ごめんわりかし低い声でるから、勝手に高身長やと思っとった... 勝手に仲間意識持ってた...(173)	1	両声類に憧れる女	0
0040	ちゃんと、とこちゃん見てるところいい関係よな	0	TTT SSS	0
0041	ギバラの弟になりたい	2	名無しさん	0
0042	配信業の辛いとこはやっぱり人間関係なんだな・・・・。	0	おやつ抜き	0
0043	「クール系とこちゃん」って聞いて、餅つきグッズが象徴的なおじさんたちが何故か頭の中に浮かんで叫んでた。	5	かみかわなおし	1
0043-001	クール系ポコちゃん	2	ワラビモチ
0044	ギバラの不幸で‼︎食う飯はうまいz…((ごみかす  この度はご愁傷様です	0	7ヵ月前・ 3日前	0
0045	あんスタは乙女ゲームみたいな感じだったけど、キャラクター同士のイチャコラの方が多すぎて主人公が入る隙間がない	0	あま	0
0046	どうあがいても有名人&高収入で割かし好かれているギバラが陽キャに負けるところがありありと想像できる 何故だ	1	蠍の燈火	0
0047	弟高校生って言いかけたぞこいつ	0	メイデイ	0
0048	御伽原の妹…………ぐふっ	9	佐倉乃亜	2
0048-001	犯罪やぞ変態	1	よわむしArisia
0048-002	変な妄想すんなよ.........じゅるり	1	Y u k i
0049	ずっと全裸待機してました(大嘘)	10	いちごな人	2
0049-001	ちがうそうじゃない	2	寝牟田/紅月
0049-002	だから服を着ろとあれほど…	2	タクタクブサイクへの膝蹴り
0050	魏バラの声って安眠作用あるから好き	8	ダイヤ	3
0050-001	カッコヨっ	0	ケロンふぇるすぃ
0050-002	魏薔薇ってかっこよくない？	1	ダイヤ
0050-003	なんか三国時代に生きてそうな名前してんな	3	ワラビモチ
0051	ぎばー	5	らず	0
0052	Twitterであんなこと呟いといてこのサムネ	5	ああ	0
0053	今回の総評      (陽キャを除き)や さ し い せ か い	6	霧雨ユナイテッド	0
0054	にじさんじのスタッフって実力、即応力、対応力、応用力が究極的に求められるエリートばかり何やろなぁ...ライバーに応えなきゃいけないから...夢を与えるのがライバーなら...スタッフさんは何だろう?  提案が出来て発想力が凄い江良ちゃんは芸人でもあり女優に近い頭脳持ってそう	1	よわむしArisia	0
0055	おつえら〜！ 改めて25万人おめでとー！！🎉🎊 雑談枠ほんと助かる！ スタッフさん 含めてみんなスゴすぎる… 色んな楽しそうな話聞けてよかった！ やっぱ、ギバとこてぇてぇ……	13	アヲノ#調子極端	0
0056	ギバラ、リスナーにもお年玉をあげるべきだぞ！！1人1万くらい	3	ひすいたん	0
0057	「よし、配信でネタにしたから経費にできるな」とかおもってんだろ畜生め     ギバラお姉ちゃんすきこんなお姉ちゃん欲しい	15	つなまよ	4
0057-001	@サイバイ万太郎 姉居るけどギバラとは真逆でリゼさんに近い。アグレッシブで積極的に構ってくれるギバラの方が好き	0	よわむしArisia
0057-002	@彼方田中 俺もほしい	3	。純全断幺九
0057-003	@彼方田中 欲しいです！	1	つなまよ
0057-004	つなまよ 世界中に「ま◯こ、子ま◯こ、孫ま◯こ」とか言ったりチ◯コの形で爆笑したり、ユードリックの石像触って「入れたら痛そう」って言う動画を発信してるお姉ちゃんが欲しいんか…	6	彼方田中
0058	姉が御伽原江良ってどんな前世だったら起こるのそんな奇跡が？今から死んで一番下の弟として転生してくるわ　止めてくれるな！ｸﾞﾜｰｯ!	11	ユル	2
0058-001	@「雪城玲 むしろ食われるなら本望だが？	5	ユル
0058-002	次回　ギバラの弟に転生しようとしたらコオロギでした。 デュエルスタンバイ！！	10	「雪城玲
0059	配信業はむしろ金稼いでるんじゃね？ってイメージがある	3	木ノ葉Konoha	0
0060	あんまこういう事書くべきじゃないんだろうけど、バ○ラはやってる事業はかなり闇が深いから(というより闇そのもの)、冗談でもリスナーからコラボや案件期待するようなコメはしない方がいいと思う 今日もちらほらコメあったけどギバラ触れてなかったし	65	Big John	11
0060-001	しらす豆腐 なるほどね、ありがとう	0	。やまと
0060-002	彼岸彼岸  風俗関係って用語が分かってなさそうだったから 1番近い用語で説明しただけ。 風俗ガチ勢はそんなことでも気に入らんもんなんやな。すまんすまん。	4	しらす豆腐
0060-003	@しらす豆腐 avじゃないよ。風俗関係だよ。適当なこと言うなや。	0	彼岸彼岸
0060-004	。やまと バニラはAV（体売って金稼ぐ）系のヤツやのに、それを知らん人たちが面白がって、コラボしたらー？って言ってるわけよ。 まぁネタにしたギバラもあれなんやけど。 基本的にはバニラ（AV）みたいな仕事はヤクザが絡んでるから、あんまりコラボとか言わんほうがいいんよね。  いちからの事やからありえへんと思うけど、ギバラ自身もコラボコメは露骨に避けてるからもうやめとかへん？ってことを言ってるんやと思う。	4	しらす豆腐
0060-005	。やまと  バニ〇は風俗斡旋業者(違ったらごめん...)で、風俗斡旋って893と繋がりあったりするじゃん？ 広告はおもろいけど、実際は社会の闇そのものだろうし、あんまりいいイメージはないよねって	4	kyK t_
0060-006	Big John どーゆうこと？	1	。やまと
0060-007	水商売ぞ	1	よわむしArisia
0060-008	スルースキルはネットの基本ぜよ	2	ミジンコ
0060-009	コメ拾いの能力も超一流だからな 拾うべきでないコメは確実にスルーするのは流石やで	7	ずんどこきよし
0060-010	あれって風俗の斡旋じゃないの？	3	喪髀
0060-011	どうなんだろうな	3	ごまごまダディ
0061	ギバラどんだけ素顔ブサイクなの	3	島三郎	0
0062	所得税とか考えてなさそう。 …ていうかにじさんじ所属操演者の税理ってどんな感じなんだろう？　個人事業主扱いだったら、自分で税金を計算して税務署に納めないと追徴食らって人生設計狂うかも知れんので気をつけて。	7	ShiMeiWo	4
0062-001	サラリーマン（ウーマン）ならご安心ですね！	0	ShiMeiWo
0062-002	ShiMeiWo 固定給+αだから個人事業主ではないよ	3	彼方田中
0062-003	そもそも企業所属だから企業からの給与で最初から引かれてるんじゃないん？	5	なな
0062-004	ShiMeiWo 企業Vだから企業がやってくれると思うけどなぁ...	2	夜桜.
0063	芸人なら、シュールストレミングを一缶完食する配信をやって欲しい	9	デルタカイ	0
0064	万の2桁いってないから少ない...？ お主、高収入のあまり金銭感覚狂ったか！？4:40	0	shou FS	0
0065	定期的にでも積極的に雑談して欲しい 単に江良ちゃんの面白トーク、ほのぼの話が聞きたいだけじゃなくて、江良ちゃんの夢にはトーク力も必要なスキルになるから。足りないのはそういう経験よ 夢の為に頑張れ!	11	よわむしArisia	3
0065-001	よわむしアリシア おお！！！丁寧に教えてくれてありがとうございます！！！	0	nba_tatsu
0065-002	nba_tatsu 全国のコンビニでアナウンス、フィギュア発売、TVデビューの3つまだまだ夢は膨れ上がりそう	1	よわむしArisia
0065-003	ギバラの夢ってなんですか？新参ですみません	0	nba_tatsu
0066	堂々と賭博話してくスタイル？ 大丈夫なんですか？	0	でれでれでーだら	9
0066-001	でれでれでーだら  優しいですね、いいと思います！	1	くろねこ
0066-002	@たろう。。  了解👮ってホントに心配で書き込んでんだ、それもわかってくれると助かる😊 この配信だけじゃなくてさなんかあちこちでＢANとか聞くから配信続けて欲しい一心だよ💦じゃなきゃ最初のレスでコメ消すでしょ💧	1	でれでれでーだら
0066-003	でれでれでーだら マジレスじゃなくても冷めるからそういうこと言うのやめた方がいいと思いますよ	2	たろう。。
0066-004	でれでれでーだら 杞憂民兄貴俺は好きだぜ	2	UT- UT
0066-005	@๑かとりせんこう 様 ごめんよぉ😄 我らがシンデレラが心配なんだ🙌	0	でれでれでーだら
0066-006	でれでれでーだら  騒がないできもい	2	๑かとりせんこう
0066-007	@ライトゲーマー〈ジョブ:赤魔道士〉 様 ん？不特定多数？ じゃあマージャンok 掛けゴルフokね。 取り敢えずマジレスじゃ無いから騒がないでね😆	0	でれでれでーだら
0066-008	でれでれでーだら マジレスすると不特定多数の人との賭け事でなければ一応セーフということになってる。だから友達とゲームして負けたら飲み物奢るとか、そういうのはセーフ。	2	ライトゲーマー〈ジョブ:赤魔道士〉
0066-009	わざと負けてお金あげたっていう温かい話だからいいんじゃない (本当にわざとかは不明)	5	創説
