0001	2:54:18汚いち○このモノマネ	27	松井一代	0
0002	23:26	9	キュアピース	0
0003	チンパンジー江良ピオと飼育員ギバラの楽しいマリメ生活	10	佐々木太郎	0
0004	戻って来たら終わってた、3時間お疲れ様でした。	3	神城アキラ	0
0005	1:37	15	Lil Boy	1
0005-001	ありがとう助かる	1	酒に溺れた吉岡
0006	うｐ乙です。笑った時の声めっちゃ高いですね。	1	ゼロキ	0
0007	【悲報】ギバラ、リスナーからカツアゲする 1:55:00←海賊宣言 1:57:17←たのちぃ！ 1:58:01←犯行の瞬間	22	坂崎了	0
0008	これって編集したからチャット見れへんの？	0	bad松	0
0009	15:49	4	キュアピース	0
0010	ぎばー	0	らず	0
0011	21:42	16	R Y	2
0011-001	(プンレクのギバラの声普通に良いよな)	0	-ラプラスのまくら
0011-002	それはちょっと...w       かわいい（超小声）	3	木星
0012	1:28:30 出演協力：猿	10	そこらの民衆	0
0013	開始 1:49	0	うべー	0
0014	上機嫌な江良ちゃんが続いてするゲームは、ヒゲを蓄えたオッサン二人と頭にブツを生やしたキノコと熱い運動会をするゲームである 此処まで特に苦も辛も無く余裕をぶっこく江良さんは、激しい旗の奪い合いと駆け引きが予想されるBランクを攻略し、製作者の無慈悲なラビリンスを踏み越え果たしてAランクに行く事が出来るのか!? 満面の笑みで半額セールに突っ込む若手主婦の様なセコいやり取りをする江良さんを是非じっくりとお楽しみ下さい!!	1	よわむしArisia	0
0015	55:16　このステージは、ボム兵（ゴールの右側）に、バブルがレールを伝ってきてボム兵に着火（爆発してスイッチ作動）するまで、耐える形のステージだ。   スーマリ３（ファミコン）、マリオワールド（スーファミ）をプレイしてきた場合は、ドットの細かさの違いがわかってくる。 ファミコンの方が、使われてる色が少ないせいかマリオたちを『ベタ塗り』したようなドット。 スーファミの方は、帽子や顔や、キャラの輪郭に影がある。 細かさの違いを見分けるから、慣れないと難しい。	0	rimuntora	0
0016	2:47:50　これが見たかったんだろ！（ﾎﾞﾛﾝ）  あなたを詐欺罪と器物損壊罪で訴えます！理由はもちろんお分かりですね？あなたが皆をこんなウラ技で騙し、セーブデータを破壊したからです！覚悟の準備をしておいて下さい。ちかいうちに訴えます。裁判も起こします。裁判所にも問答無用できてもらいます。慰謝料の準備もしておいて下さい！貴方は犯罪者です！刑務所にぶち込まれる楽しみにしておいて下さい！いいですね！	15	木星	2
0016-001	元ネタは別だぞ	0	ずんどこきよし
0016-002	チョコミント！？	0	カイロス
0017	あいぽんの毎日とコラボして	0	シャイニング高木	0
0018	おつえら～　マリメの配信多くて嬉しいぞい でもついこの間も言ったようにリスナーから募集したコースに挑戦する企画やってほしいな！　今マシュマロ停止中だけど、するときは解禁してくれないとＩD送れないっす…（ツイッターやってない勢なのでリプで教えられない）	1	リクエ 2	2
0018-001	マシュマロなんてクソマロしか来んし開くだけ損よ	0	ばるくろ
0018-002	誹謗中傷が激増してるからね そりゃ閉鎖するよね	0	よわむしArisia
