0001	常々思ってたけどギバラって1番人間味あるよな。全ての話が生々しい。	29	玄和っさんkurowassan	0
0002	「ギバラは重い病気をわずらってたんだ・・・」と涙目になりながら 手から血が出るような病気を検索してたのは内緒	235	天使m	6
0002-001	haidtf 火葬して骨を砕いて粉を火口に撒いた	3	残念無念ちゃんねる
0002-002	@haidtf　最ッ低(ゴミを見る目)	3	よわむしArisia
0002-003	haidtf 処刑した	7	ぺったんぺったん
0002-004	うっわ、なにそれ優しすぎるだろ   まぁ僕もしましたけど	16	ヒッキー
0002-005	ライバーも人間だしギバラは女の子っていう認識が無くなってくるとまーそうなるなとも思う「」	7	よわむしArisia
0002-006	スパイダーマンかな？	9	佐々木太郎
0003	33:17本題に入り原エラ	108	Deter als	0
0004	45:09 リスナー「なんでそれ(生理)を正月に知ってもらおうと思ったの」 ギバラ「正月に来たからだよ！！！！」 ギバラ「別に正月に知ってもらおうと思ったわけじゃない」 ギバラ「正月に！！ 来たんだ！！ 生理が！！」 ギバラ「そういうの知らないよ。あたしだってね、楽しく迎える予定だった、生理を」  ・・・楽しく迎えたかったのは、正月では？  楽しい生理って何ぞw	152	くまモンnagi	5
0004-001	楽しい生理というパワーワード!	2	kazunn777
0004-002	そこがすこ	2	Stufe Stern
0004-003	苦しくない生理でしょう 重い人って本当に辛いし	9	よわむしArisia
0004-004	@木星 優しいなぁ…リスナーの鑑や	8	Cqlmん!
0004-005	支離滅裂になるくらいつらかったんやろ～なぁ 優しくしてやろうぜ	31	木星
0005	新　年　一　発　目　の　配　信 こ　れ　で　い　い　ん　か　？ 御　　伽　　原　　江　　良	50	いのりっくまねる	0
0006	税金が1番怖いから職業柄めんどいし税理士雇った方がいい	50	するするするめいか	0
0007	ーーー人生は近くで見れば悲劇だが遠くから見れば喜劇であるーーー	48	さや	0
0008	33:05　生理トーク	3	アムロレイ	0
0009	35:02　虚無ギ原ヘラ  つらそうなギバラには優しくしてあげたいのに元気に配信しているときはいじめたくなる不思議	79	木星	0
0010	普通に紙で手を切ってヘラってただけと思ってた....	32	KURA KAZU	0
0011	女だけど生理 重い時は本当に尋常じゃなくて 全く起き上がれ無い時ある… それでも頑張って仕事行ったら倒れる…	48	あめふらし	0
0012	Twitter見て生理だと思ってて 放送するくらいだから別な何かかと思って 放送聴いたら生理だった	39	大山アグリ	1
0012-001	おんなじ人いたわ	1	まーぼー
0013	40切りはよくないよ…体重計捨てて数字にとらわれないほうがいい	14	イワナ	0
0014	大学４年生で手芸サークルに所属している。料理、掃除なんでもこなす家庭的な女性。いつか素敵な王子様が自分を迎えに来てくれると夢を見ている。	14	ko. ko.	1
0014-001	忘　れ　去　ら　れ　た　設　定	4	Jaguar F‐TYPE R COUPÉ
0015	1:03:53金になると目を光らせる女	51	ーーー	0
0016	置き勉って本当合理的なのになんで怒られるんだろうね	4	FLAT	0
0017	頼むから税理士と栄養士と家政婦を雇ってくれ	5	haruru 866	0
0018	4S「整理・整頓・清掃・清潔」とは大事である と言う小学校時代の置き勉からの伏線を回収する血まみれギバラ	21	わりばしけずりき	0
0019	男には体験できないものだから適当なことは言えないけど、取りあえず無事でよかった。体調崩しやすい季節だから気をつけて。	10	おでん大明神	0
0020	初めてこの方の動画を観ました。とても可愛らしいですね。好き。	16	電脳サイダー	1
0020-001	どうかしてるぜ！	5	nori nori
0021	1:06:27 ドラえもん(悟空)	0	辣醤ゴールデンライオンタマリン	0
0022	かなりリアル事情話してくれるからこそリスナーとライバーの距離が近くて楽しかったけど ここまで話されると心配が勝るわ…	53	食え	2
0022-001	食え 名前とアイコンセンスありすぎw	1	めんつゆ
0022-002	また見つけた‪w‪w	1	如月ゆうち
0023	今年初配信これでええんか…	30	はるか	1
0023-001	はるか それでこそギバラ	8	スーパーたこやき
0024	めあに影響されたな	12	ねむのき	0
0025	やっぱり食生活改善したら色々良くなりそう	18	はむ	0
0026	正直生理の話よりも40㎏のほうがきつかったわ…  まあ好きに生きて出来れば長生きしてくれ	19	たらりら	0
0027	メンヘラの構成要素の一つに｢生理が重い｣がある気がする	12	哺乳瓶を殺菌消毒する錬金術師の弟子	0
0028	2020年初の放送がこれは草。お大事に…！	1	やみい/朝日奈樒	0
0029	知らなかったなって人は月経前症候群（PMS）とかでググってほしい 無知は簡単に人を傷つけるし、知っているだけで適切な優しさを向ける事が出来る場面もある	123	靴箱掃除	4
0029-001	尚樹万章 引っ越したから心機一転で新しいの買おう→あとで→間に合わなかった！ かな？	0	残念無念ちゃんねる
0029-002	ギバラは自分がPMSだと自覚しているのに、生理用パンツをストックしていないのは慢心しているからではないのか?	0	尚樹万章
0029-003	婦人科に行ったら？だの言ってる人いたが、ギバラの年齢ならまだ良いとして学生くらいだったら婦人科でピルもらうの周りからの視線辛すぎるんやで 生理のために買ってるのに、性行為して避妊してるだの噂広まったり、買えたら買えたで馬鹿高いから小遣い圧迫するし難しいのよな	32	ささニャマ
0029-004	月経前症候群(PMS)のおもな症状は、下腹部の痛みや膨満感、乳房の痛み、肌トラブル、むくみ、頭痛、めまい、肩こりなどの身体症状と、イライラや情緒不安定、憂うつ感、注意力の低下、睡眠障害といった精神症状があります。 コピペしときますね。	34	ove
0030	サムネめっちゃ目が小さい人みたいで草	4	サルドラゴン	0
0031	ギバラすき ほんと癒される	5	ももはる	0
0032	ギバラかわいい！	2	Unkanata	0
0033	あれ…大手音楽事務所からデビュー予定のアイドル…どこ？	4	b o o k	0
0034	新年最初の配信がこれでいいのかお前は。 俺はいいと思いますけど。	6	ああああ	0
0035	37:30からのギバラの言いたいこと全身全霊で共感できて草生えた	0	Vオタク	0
0036	楽しく迎える予定だった生理ってパワーワードすぎるだろ…	1	ゆめいん	0
0037	155cmで46kgって結構細くて心配	1	Vオタク	0
0038	2:00までえらちゃん	20	クイーン	0
0039	41:39 いにゅい激怒不可避　つロキソニン	9	MAKER REEED	1
0039-001	MAKER REEED  ん？そこに いにゅい激怒する所ある？？	4	しらす豆腐
0040	女性Vtuberでデレマス声優結婚を悲しむ御伽原さん。あなたは信頼できるよ…。いや祝福しないといけないんだけど…	3	Go Kaneko	0
0041	ギバラ･･･あなた(一応でも)アイドルなのよ？	3	時雨	0
0042	荷物増えて重いだけやのに教科書持って帰れっていう考え方がわからん	0	CROSS- Z	0
0043	24:37〜、置き勉からランドセルの話題に移り、ロリコン特有の詳しさを見せる江良ちゃんかわいい	11	まつうら姫	1
0043-001	26:52  コメ「何でそんなにランドセルに詳しいの？」 江良「ロリコンだからだよ」 のやり取り、赤ずきんちゃんの狼っぽい	5	まつうら姫
0044	置き勉とかプリントの話めちやくちゃうなずきながら見てた	0	やふたろう	0
0045	姉が低用量ピルのんでたのはこういうことにならんようにか……	0	長和	0
0046	てつくさ で吹いた	0	K Anz	0
0047	学校での話はあるある	0	十六夜咲夜	0
0048	正味、怪我でも病気でもないって言ってたから察してたわ	1	夜桜.	0
0049	初っ端のBGM絶対コープとかタイヨーサンキューで流れてるゾォ	0	シベリアンハスキー	0
0050	好きなところ 3:00 3:40 15:08 16:4717:05	0	まげちょん	0
0051	体重10キロ増えろ 健康体中目指せ	6	アボガド6	0
0052	生理で辛いのは知ってるけど、それ以前に生活リズムとか食事やらそういうのしっかりしてって思う	10	Millennium Parade	0
0053	さっきから左の男と目が合うんだよね。 …俺に気があるのかッ！？	12	7ヵ月前・ 3日前	2
0053-001	＠珍珍珍珍  ち○こが2つもある男なんて関わりたくないです(辛辣)	1	7ヵ月前・ 3日前
0053-002	あなたに気があるのは俺だけだ	2	残念無念ちゃんねる
0054	生々しいも突き抜けるとここまで面白くなるんやなって感心しちゃった配信でしたね…	12	佐々木太郎	0
0055	1:43    開始	26	すぴか	1
0055-001	助かります ありがとうございました	3	hamst Sodium
0056	ギバラ…死ぬなっ！ ギバ虐は楽しいけど不幸になってほしいわけじゃないからな！？	3	yabu kuro	0
0057	体調がやばい時はほんとに無理せず治るまで大人しくしてて欲しい 楽しそうなギバラが見れるなら数日配信がないくらい我慢出来るから	8	螺旋	0
0058	お腹すいたらこの動画みて気持ち悪くなって断食するってダイエットしてます	1	あ	0
0059	1:06:27	0	らむｗｗ	0
0060	一番輝いてた頃のさくらももこのエッセイばりのキレよ	0	不安太郎	0
0061	1:08:44	1	パイナポー竜崎	0
0062	キモくなきゃギバラじゃない！ キモくあれギバラ！	0	nori nori	0
0063	ギバラもちゃんと女の子なんだなって思うと…フフ…フフフ…	7	ミジンコ	1
0063-001	😓📞＜👮	3	霧雨ユナイテッド
0064	無理すんな	0	不知火朧	0
0065	凄いよな、この配信をメンバー限定とかじゃなくて、ワールドワイドに公開してるんだよな、このねーちゃん	6	Kids Gakincho	0
0066	途中まで見たけど点と点がつながって線になった配信だったな笑自分男子校出身でそういう知識全くなかったから知れてよかったのかも	6	リhir	0
0067	あれ…？なんでやろ？ 江良ちゃんのお世話をしたい欲求が…  そうか、これが愛ってやつか(違う)	1	アイリス	0
0068	身長にもよるけど、30キロ代は健康に良くないよ!40キロ代後半を維持したほうがいいと思うよ!	0	kazunn777	0
0069	1:06:27 ギバえもんさん！？	4	dekarucha	0
0070	19:30〜、ちっちゃい頃から自分が悪いことは十分承知でもちゃんとできなかった思い出話、自分も似た感じだったので共感しました。	3	まつうら姫	0
0071	僕のスイングアクリルキーホルダー帰ってこないかな....	0	Amizel	0
0072	もっとご飯いっぱい食べて！！健康でいてくれ！！！元気なギバラが好きなんだ！！あわよくば結婚してくれ！！！！！	1	ゆたろん	0
0073	馬鹿やってる江良ちゃんだけ馬鹿になって見て楽しませて貰ってるのが申し訳なく感じた… 楽しい配信をいつもありがとう…強く生きて…	2	太陽	0
0074	あのですね、申し訳ないんですがすごいあの……既視感が……誰とは言わないんですが……	6	朝凪	1
0074-001	朝凪 あそこまで落ちてはない。誰かは分かりませんが、ちょっとゲップ聞いてこよっと	0	海腹
0075	生理かぁ……… しかも重いの辛いなぁ……… 生理はほんまめんどいわ。 とはいえ3Dお披露目楽しみやぁ	1	アップル	0
0076	サムネに釣られた	0	タンク猫	0
0077	うーん幼い頃からやたら（コントロール困難なほど）重い＆周期不安定なら病かもねえ（そういう生理特有の病があり治療可能）　逆にひとりぐらしして病的なやせ方を目指しているころなら、たぶん虚血性貧血もあるかもねえ、これに関しては鉄分とかとれ！としか言いようがない　病的な感じを目指すとだいたいほぼ面倒な病もついてまわるのでとりあえず今年を生きよう	0	ルナールクリア	0
0078	ほんとに体調に気をつけてしんどい時はゆっくりしてくれ…	0	ふるぐぐ	0
0079	Vtuberって絶妙に良い立ち位置だよね アイドルとかだったらこう詳らかには話せない	2	スマホ太郎	0
0080	ウィクロス買えなかったわ…	0	タクタクブサイクへの膝蹴り	0
0081	今年の初配信がこれか まじでなんか怪我でもしたのかと思った	0	爆裂魔法の申し子	0
0082	ピル飲んだらどうなんや って思ったけどピルって高いのか	0	O G	2
0082-001	r なるほどなぁ 勉強になる	1	O G
0082-002	ピルも種類が多いので体に合うピルを探すのが難しい、副作用がある、他の病気になるリスクが上がるので定期的な検診が必要、毎日決まった時間に飲まないといけないなど色々厳しいのです…	5	r
0083	今年は、健康に生きてほしい。	0	RёiN麗韻	0
0084	そこそこ心配だったわ	0	草薙素男	0
0085	割とガチで心配した	0	HBenpitsu	0
0086	ギバラ…確定申告ちゃんとできるかが心配だな…… やらないと、税金えぐいからなぁ……	0	mori awa	1
0086-001	普通は出来るけどね(^^;	0	ああ
0087	一人暮らし出来てる女は女子力高いよ・・・・・たぶん	0	木ノ葉Konoha	1
0087-001	まあ人それぞれ 知り合いに出前やらコンビニばっかの奴もおるで	0	TOO Arcadian
0088	やっぱ女の子の日か。予想通りだったな	0	Gensow[げんそー]	0
0089	ギバー	0	らず	0
0090	えらちゃん安静にして めっちゃ心配や	0	てぃ	0
0091	一人暮らし超絶初心者の末路	0	するするするめいか	0
0092	ギバラ無理しないで	1	佐竹	0
0093	体あっためなね	0	000asas000	0
0094	ニッコニコだな	1	妖怪ジバニャン	0
0095	ギバラのことは推してるけど... この話はキッツいな。	0	たろう。。	0
0096	えらちゃん女の子だね	0	アーバナイウェカピポォ	0
0097	結論 生理はやばい まぁ俺男やから気持ちが分からん	3	琴里 feat.Kotorla	1
0097-001	気持ちは分からなくても分かろうとする気持ちが大事なんだなって思いました	6	残念無念ちゃんねる
0098	最近逆セクハラすれすれの配信多くてさすがに精神状態が心配になるけど、話聞く限りまだ理性を喪失してないようで一安心だわ。	4	HR RSL	0
0099	どっかのメンヘラも生理の話ばっかだよな	2	ニャイフ	0
0100	彼女が生理くる数日前から人格変わるほど生理重かったんだけど、低用量ピル飲むようにしてから生理の痛みも少なくなったと言っていて、生理の日でも性格もいつも通りになったからいいかもしれない。 ただ、飲み始めて一週間位は副作用で気持ち悪くなってた。	9	すー	2
0100-001	r  さらっとディスられてるの草	1	Jaguar F‐TYPE R COUPÉ
0100-002	ピルの種類によるかもしれないけど血栓症リスクは避けられないので定期的な採血検査が必要だし、毎日決まった時間に飲まないと意味がないので江良ちゃんには難しいかもしれません…あと最初に合うピルが見つかればいいけど合わなくて色んなのを試さないといけない場合は心折れちゃいそうです；；	2	r
0101	WIXOSSスリーブのギバラの袋も2000で売られててヤベー	0	マッチー	0
0102	誰か仲の良い奴、コイツの身の回りの世話をしてやってクレメンス……	2	。テスター	2
0103	無理に我慢しないでピル飲も	5	マツイさん	0
0104	俺の血と交換しよ	1	ずっと真夜中でいいのか?	0
0105	生理のきつさわからん男の人々はほんとにこの話を頭のどっかに置いてて欲しい。 ワイもギバラ程ではないが生理重めやからｸｯｯｿよく分かる。 体調悪けりゃ休んでくれ……お願いだァ……	1	miyo ikeda	0
0106	あけおめ！おつえら〜！ 正月最初に見たニュースが田中さん ので｢結婚したんか！？｣ってなったの凄いわかる笑  あまりその辛さとかが分からないし、 無責任な事は言えないけど 健康で文化的な最低限度の生活の為に ライフラインはしっかりね……！	2	アヲノ#調子極端	1
0107	迎えに来た王子様に経血見せて｢ねぇ茶色くね？うんこみたいじゃね？ギャハハハハw｣とか言いそう	0	納豆腐れ	0
0108	8000 Peoples Watched, Viewed.	0	Dynamo、ダイナモ	0
0109	ギバラが猥語言ってもセクハラしてきても全然興奮しないけど、今回の生理の話は興奮した ごちそうさま	3	銀細工の薔薇	2
0110	一人暮らし一年目だし、誰しも公共料金の払い忘れはあるから気にすんな…してないな 痛い時はお腹だけは常に温めておくと和らぐとか聞くけど、婦人科へ受診した方が手っ取り早く解決出来るかもしれない、お大事に	0	もひとり	0
0111	ギバラって何で炎上したん？	1	ikasamaneゐヶ様根	14
0112	食あたりかぁ?と思ったら女の子の日という1%位よぎった方だった件。怪我してないのに血まみれってTL来てたからTwitterではブリでも切ったんやねと誤魔化したけどやっぱりだった  ギバラ重いんか(白目)了解・・・言ってくれてありがとう。それに関しては気使うわ。	3	よわむしArisia	0
0113	うん、予想は当たってた。     別に欲情も何もわかないけど、同棲はしてみたい。	0	Error 404	1
0114	NTR	0	咀嚼髭	0
