0001	12:23〜勝手に音MAD出来上がってんの草	475	ゲェジインターネット	3
0001-001	やっぱり天然はちがうなぁ	1	ひろひろ
0001-002	天然MAD	2	エタニド
0001-003	セルフMadness助かる	13	えっちたべたい
0002	53:19 問題のシーン	230	Tony Wo	4
0002-001	ありがとう。	2	小指は大事
0002-002	数字押した途端とんでもないこと言い出して草	4	Mr.さちこ
0002-003	ギバラ「ズボン脱ぎます！！」  リスナー「ふーん‥‥ハァ！！？(ﾟДﾟ)」	13	ジュン妹
0002-004	53:1953:1953:1953:1953:1953:1953:1953:1953:1953:1953:1953:1953:1953:1953:1953:1953:1953:1953:1953:1953:1953:1953:1953:1953:1953:1953:1953:1953:1953:1953:1953:1953:1953:1953:1953:1953:1953:1953:1953:1953:1953:1953:1953:1953:1953:1953:1953:1953:1953:1953:1953:1953:1953:1953:1953:1953:1953:1953:1953:1953:1953:1953:1953:1953:1953:1953:1953:1953:1953:1953:1953:1953:1953:1953:1953:1953:1953:1953:1953:1953:1953:1953:1953:1953:1953:1953:1953:1953:1953:1953:1953:1953:1953:1953:1953:1953:1953:1953:1953:1953:1953:1953:1953:1953:1953:1953:1953:1953:1953:1953:1953:1953:1953:1953:1953:1953:1953:1953:1953:1953:1953:1953:1953:1953:1953:1953:1953:1953:1953:1953:1953:1953:1953:1953:1953:1953:1953:1953:1953:1953:1953:1953:1953:1953:1953:1953:1953:1953:1953:1953:1953:1953:1953:1953:1953:1953:1953:1953:1953:1953:1953:1953:1953:1953:1953:1953:1953:1953:1953:1953:1953:1953:1953:1953:1953:1953:1953:1953:1953:1953:1953:1953:1953:1953:1953:1953:1953:1953:1953:1953:1953:1953:1953:1953:1953:1953:1953:1953:1953:1953:1953:1953:1953:1953:1953:1953:1953:1953:1953:1953:1953:1953:1953:1953:1953:1953:1953:1953:1953:1953:1953:1953:1953:1953:1953:1953:1953:1953:1953:1953:1953:1953:1953:1953:1953:1953:1953:1953:1953:1953:1953:1953:1953:1953:1953:1953:1953:1953:1953:1953:1953:19これ自分用	7	ミルクティーのあれ
0003	お願い、死なないでギバラ！あんたが今ここで倒れたら、かざちゃんやめいちゃんとの約束はどうなっちゃうの？ ライフはまだ残ってる。ここを耐えれば、リングに勝てるんだから！  次回、「ギバラ死す」。デュエルスタンバイ！  P.S.なんだかんだ言って頑張るギバラの配信は皆を笑顔にする、すごいぞギバラ	235	しょーた	2
0003-001	｢お願い、｣の時点で爆笑した	8	宇宙戦艦トマト
0003-002	いつも配信の後ツイートするのにツイートされてないってことは... まさか！     と思ったけど通知来てないだけだった...	5	こおり
0004	16:22音楽と声が合ってて草	91	ふ〜と-!	1
0004-001	ｱｲﾔｲﾔｲﾔｲﾔ	3	やばみざわ
0005	7:25 ウワァーーー！ラッシュ	55	girlande323	0
0006	33:00〜 目つぶってたらなんかガノンドロフの声きこえる	25	-Noy-だりまぎ	0
0007	46:09〜 リングメス堕ち   最後は体力が尽きてもやろうとする音ゲーマー魂を感じた	67	コンティロマネ/イルミナたんふぁんくら部部長	0
0008	リズム天国のあの可愛い掛け声とはかけ離れていた…	53	それわかります。	0
0009	1:40 開始でーち	70	渚.	2
0009-001	ナイスでーち	0	Mr.さちこ
0009-002	有能	0	JA CK
0010	こんな所で言うのもなんだがラジオ良かったですよ 上体反らしのときもなんかｳﾞｫｴｴｴって言って吐いてたな…… あと声がイケメンのおじさん本当草	44	コンティロマネ/イルミナたんふぁんくら部部長	0
0011	53:18ズボン脱ぎます…///	34	マーサ	1
0011-001	助かる　ここ超久々のズボン脱ぎます！！でこれや！！！ってなった	2	クワトロ・1993
0012	29:20 過呼吸ギバラ 29:28 キツすぎて希死念慮でちゃうギバラ	4	きりさめまりさ	0
0013	配信お疲れ様でした、精神が肉体を凌駕したけど素に戻ったら反動が凄いから明日はゆっくりして下さい、身体を御自愛下さい	9	神城アキラ	0
0014	ギバラ名言集その12                                          「ズボン脱ぎます！」	8	りおん	0
0015	猿 が ゴ リ ラ に 進 化 し た 配 信	34	ろーす	0
0016	次のタイトルはあれだな ガチでボディービルダー日本一目指します だな	15	しぃ	0
0017	自分が見ようとした時には終わってたんだけど今日で2回目やぞ？	11	漆黒のATM	0
0018	Mな女の子は好きだけどギバラがMでも面白いだけ	9	サクサクポテチ	0
0019	さすがだぞ！ 視聴者が期待してるものを バッチリ理解してるんだな！	5	おいも	0
0020	ありがとうギバラ あなたにしかこんなのできない 超上級の文字に唖然とするのかわいいやんw	5	ジュンジュン	0
0021	なんかこう･･･モンハンのキャラボイス選択中な気分になった。 つまり楽しかった。	2	あふらとかび	0
0022	超上級は体を整えれば数日でなんとかなる。 問題はその次だ…絶望するギバラをすごく見たい	12	koremasa aso	0
0023	一時間ぶっ通しはエグいわ	5	刑部弾正チャンネル	0
0024	12:27~ オトギバラ ザ ギバモン	5	ai nii	0
0025	女体化したおっさんコメで草生え散らかした	3	さっぱりゆずぽん	0
0026	セルフ音MADの神回	2	ばらぶ	0
0027	53:19寝落ち仕掛けてた。 飛び起きた	1	MURえもん	0
0028	最初の練習のとこオランウータンすぎた	0	ひじき豆	0
0029	これは切り抜きがいがあるな	3	情報お届け屋	0
0030	江良ちゃんのリングフィットほんと好きw	0	やみい/朝日奈樒	0
0031	別の技術が必要なリズムゲー	3	ヘッチ	0
0032	やっぱ、ギバラのリングフィットは格別(におもろい)やな	1	コンカイ(コン塊)	0
0033	リズム芸人が出来る	5	ワシャーシーク	0
0034	そのうちこれ足つぼしながら超上級目隠しフルコン耐久するんだろうなぁ……知らんけど	3	zero	0
0035	リングフィット配信ずっと汚くて好き	1	いーな	0
0036	まじでプロのテニス選手みたい	3	ヤーーーーシ	0
0037	始終オヴェああああああってなってて草	1	鴻上こうへい	0
0038	やってくうちに音ゲーマーとしてのプライドが出てくるの好き	1	伊豆半島	0
0039	これ絶対運営テストプレイしてないぞ！！！ 人間じゃ不可能な譜面してくるもん！	4	ノータッチ大納言	0
0040	リングフィットアドベンチャーやってる時の汚い声が　めっちゃ好き。	1	イカガニ	0
0041	ゲーム急上昇おめ！	1	紗遊	0
0042	ギバラが楽しそうでなによりだよ()	1	チベットスナギツネ	0
0043	30分も経たずに順応するの凄いな… おつえら	1	雪たなか	0
0044	ズボン脱ぐの助かる	1	32ギガバイトのUSBメモリー	0
0045	ゴリラというよりコーカサスオオカブトの鳴き声なんだよなぁ。	2	だーこ	0
0046	シャンクスで草	0	チラシChirashi	0
0047	筋肉を鳴らそう!!(断裂音)	1	ずんどこきよし	0
0048	やっぱ面白くてすこ	0	Ωハリテヤマサイクロン	0
0049	now this is definitely a bruh moment	0	NiGHFirst	0
0050	諦めず挑戦し続けるギバラに感銘を受けた	0	アニメ好き	0
0051	殴られてる時の悟空みたいな声	0	まらかっちナーバス	0
0052	おつえら〜！ えぐい譜面ばっかだったけど 江良ちゃんなら フルコンすぐに出来そう(小並感)	14	アヲノ#調子極端	0
0053	リングフィットやってるギバラすこ。本編もまたやって欲しい	0	TAB＠飛鉄塊乗り	0
0054	素直に尊敬いたします	0	ミーザスシーザン	0
0055	前むっちゃゼル伝ハマってたから 戦闘用BGM聞いてしんみりしそうになったんだけどギバラの声でおもわず笑ってしまった	1	。えりえーる	0
0056	二つの意味でゴリラじゃないとできないのか…	1	サンクトペテルブルク	0
0057	8:30 うん、ほんと長い。	0	如月仁	0
0058	うｐ乙です。文句言いつつ視聴者の期待に応えてくれる江良さん可愛い。	0	ゼロキ	0
0059	サムネのギバラの回りに陰毛浮いてるの素直に面白いな	0	カトマンズ	0
0060	jump upなんたらの超上級の雄叫びが可愛かった	0	れーげき。	0
0061	まじで真ん中見難過ぎて音ゲーとしてはきついw	0	ぼちぼちぼっち	0
0062	やっぱメジャーデビューするだけあってリズム感はいいね	0	シロ。	0
0063	21:07 ここリズム合いすぎてすき	0	Rei	0
0064	ギバラはぁ！天才だもんなぁ！！良いんか！ギバラ！お前にじさんじゾ！！ にじさんじのライバーやろ！フルコン魅せんかい！	0	ノータッチ大納言	0
0065	いきなり超上級でもここまでできる当たりやっぱり音ゲーの才能あるよなぁ	0	風祭	0
0066	この子ホントやりがいがある()	0	hami-	0
0067	ギバラの出産ボイスにエロスを感じてきてしまった... エロくない？	1	あかりね	0
0068	ギバラの声seにして音ゲーしたいな	0	ひつめ	0
0069	この良い。	1	みんなのサーカス	0
0070	この良い。	1	みんなのサーカス	0
0071	スーパーギバラウルッセェ	0	千古	0
0072	凄い(*゜▽゜)_由←レモンシェイク	0	ナカムラマコト	0
0073	可愛い	0	かわヒロ	0
0074	魔獣ガノン戦で泣きそうになったの俺だけ？	1	無	0
0075	きちゃ	0	・煌月	0
0076	プランクでヒィヒィ言ってた人がこれをするとは…	0	如月仁	0
0077	声がイケてるおじさん噛んだ後の 子猫ちゃぁん…笑った	3	ニロ	0
0078	ジェットコースターに乗ってるのか？？？？？ってくらい叫ぶからクソ笑う	1	トイレ	0
0079	おっさんすぎん？w	0	あんぱん野郎・	0
0080	声がエッチってコメントしてる奴まじで大丈夫か？	1	ばね	0
0081	元気で何より、	0	崩ღ	0
0082	猿がこんなに苦しんでるのをいつか魔界美大生が10時間耐久やるんやろうなぁ	0	シー	0
0083	Sugoi kawai xD	0	CarloxGP	0
0084	王の帰還	1	モーフィアス2世	0
0085	リズム天国との声比較切り抜き待ってます。笑	2	N K	0
0086	What's this? A new favorite vtuber?	1	the void	0
0087	きったねぇ合いの手だなぁ	0	No.4	0
0088	見た目は乙女 中身は漢	0	ジュン妹	0
0089	自家製音MAD	0	コマド	0
0090	Eh? Otogibara on ring fit? LMAO	1	Random Dood	0
0091	19:35 ここ月ノ美兎	0	yukino	0
0092	音ゲー自体は上手い、それはわかったぞギバラ	0	あきゅう	0
0093	譜面に合わせて低重量でハンマーカールしてたらめっちゃ効いたし、ギバラとトレーニングしてる感じで楽しかった	0	たんころ	1
0093-001	いや、、地獄や	0	たんころ
0094	せっかく3DモデルあるんだからVRCHATやってみたら？	0	ボブ	0
0095	この人だけメス声出してないんだよなぁ……	0	GORILLA スマホ編集者 GODIVA	0
0096	こいつ芸人だったんだな	0	本田翼	0
0097	リングのボイス「ギバラ」とか出てこないかな？	6	そこらの民衆	1
0097-001	あﾞあﾞあﾞあﾞあﾞあﾞあﾞあﾞあﾞあﾞあﾞあﾞあﾞあﾞあﾞあﾞあ	0	ふーた
0098	100日後に目隠し極上級フルコンをキメるギバラ 1日目    おつえら！	6	ちごいげくxd	0
0099	ギバラといえばやっぱRFAだよね！！！！！！！！！！！！！！ リズムゲー要素もうまくはまってて正にリズムゲー得意でRFAでバズったギバラのためにあるようなゲームだった！！ 次回も楽しみにしてる！！！！	2	クワトロ・1993	0
0100	音ゲーマーなら全曲APで埋めたくない？埋めたいよね？	0	Red PIum	0
0101	Jojo: Oraoraoraoraora  Otogibara: Murimurimurimuri	0	Sincerely Otaku	0
0102	ズボン脱ぎます…       閃いた！！	5	タクタクブサイクへの膝蹴り	2
0103	53:19 ？？？？？？ 何か大切な何かを失ってないかい？	16	なんじゃこんじゃ山田	2
0104	睡眠用BGMのつもりで流した。 現在午前6時28分。 許さない。(逆恨み)	0	ろりばばぁ	0
0105	とりあえず使えないことだけはわかる	0	サティスん	0
0106	16:35前半はうまく行ってたけど後半のノーツに追いつかなくて思わず「無理無理！」って言ってる初心者音ゲーマーみたい	1	イケメンクス	0
0107	4:14	0	ばなぁなぁ	0
0108	ギバラ階段上から落ちて来たおっさんに頭突きかまされたりしてない？  てかSimejiで[ぎばら]って入れると[御伽原 江良]って出るのしゅげぇな	1	ははーん、さては火属性だな?	1
0109	実際にやったけど違う生物になれそうってのはガチで思った 回数を重ねると譜面は認識できるのに、全く拾えなくなるという貴重な体験ができる音ゲーなので皆さま是非ともお買い求めください	0	川谷原料	0
0110	13:15 ギバラ腕ちぎれる	3	t t	1
0111	35:03 この笑顔みて！！ きっと ごみかすぅぅぅぅぅ、死ねえええっっっ( ;｀Д´) なんてことは言わないんだろうな～！！	0	もこん	0
0112	😂	0	phạm anh vũ	0
0113	リズムゲー効果なのか、明らかにADVモードより声が可愛く聞こえる 吐息えっち過ぎ	0	結城香菜実	0
0114	任天堂リングフィットアドベンチャー公式宣伝ガールの配信はここであってますか？？      （ぶっちゃけギバラの配信はリングフィットアドベンチャーの売上の5％くらいにはマジで貢献してると思う）	4	ヨナギケイ	0
0115	Gibara 💪	1	Dogi	0
0116	13:47 絶対私の声で音聞こえてないじゃんね　   ここの　聞こえてないじゃんね　の部分の声好き()   13:49 13:49 13:49 13:49 13:49 13:49 13:49 13:49 13:49 13:49 13:49 13:49 13:49 13:49 13:49 13:49 13:49 13:49 13:49 13:49 13:49 13:49 13:49 13:49 13:49 13:49 13:49 13:49 13:49 13:49 13:49 13:49    ↑自分を助ける用スタンプ↑	4	玲華	1
