0001	3:59:33 緊急地震速報にしか聞こえん	387	いつき	4
0001-001	3:59:34 連打	1	CK arama
0001-002	思ったより似てて草	4	セブソマリソ
0001-003	ｼﾞｼﾝﾃﾞｽ、ｼﾞｼﾝﾃﾞｽ	6	Fooちゃん
0001-004	連打するとそれでしかなかった	8	りんごりらっぱ
0002	3:58:57  切り抜き確定演出	101	ぐれーぷchan	0
0003	4:50:37 ビンタ！	196	ゅぅゃょゎぃ	3
0003-001	イッタ…ﾎﾞｿ	0	朝倉未来Mikuru no nisemono
0003-002	ビンタ出たのかと思ってネタバレ食らった〜！！と思ってたら違って草	19	トイレ
0003-003	ビンタした後めっちゃいい笑顔になっててクッソかわいい	7	コンティロマネ/イルミナたんふぁんくら部部長
0004	あのちゃちゃまる愛好家すら間違える4:19:17	69	たわらた	0
0005	55:55 上司に文句言います。コメント読んでくれてありがとうございましたw	55	ドラちゃん	0
0006	まじで、マイル旅行券の選択肢1番上にして欲しい	44	高須賀さん	0
0007	3:59:32 エリアメール音	66	ルルィ	0
0008	このあとギバラは勝手に住民が引っ越して来ないように、一人淡々と時間を操作する作業をするのであった。	57	退魔七夜	0
0009	34:48初コメ読みあざす	10	ひじき豆	0
0010	1:36 スタート	11	けし	0
0011	3:58:48 時間ずれていたから書き直しました	42	おれ	0
0012	1:43:12自分用	29	ああ	0
0013	寝落ちと起床を繰り返してた…おつえら〜	3	makuana seyuseyo	0
0014	タコヤから逃げるな	24	ゴメスおじさん	0
0015	リオン様爆死したで を拾ってくれてありがとう…一瞬メンバー加入を検討したよ…	2	ピロ シ キ。	0
0016	ちゃ虐をするために島を巡るサイコパス	7	ゆいと	0
0017	3:58:37 にじさんじあつもり史上おそらく最悪のシーン	201	やみい/朝日奈樒	5
0017-001	何を言うか予想出来てしまった自分が怖い	5	デデンネデデンネ
0017-002	キモすぎて言葉がみつからねぇw	9	ひっぽ。
0017-003	思った以上に最悪で草	14	桐生ちゃん
0017-004	ワンチャンショタの亀頭超えたかw	11	白猫で煽る弁護士
0017-005	ヤバすぎて乾いた笑いが出てしまったw	5	マルマル
0018	ちゃちゃまる出た時にビンタ来てたやん	2	CK arama	0
0019	実は配信中にジャックを出したなんて言えない	2	カツニ	0
0020	サリーに話しかけて欲しい ティーナと混同してそう	1	岸部仗助	0
0021	なんでみんなの時間ずれてんだ？	19	おれ	0
0022	3:41:52 ありがとうギバちゃん！	1	チャム	0
0023	面白かった	1	ジーンjea	0
0024	普通にどうやって1000枚も集めてんのか気になる…	0	愛しの斉Ψ	0
0025	3:58:35 Q：どんな飲み物が好き？  1:19:01 2:19:29 ねこ～ねこ～にゃんにゃんにゃん♪	81	そこらの民衆	4
0025-001	コメント欄賛否分かれてて草	0	レイヴンRQ
0025-002	きっつ      かわいい（本音）	1	白猫で煽る弁護士
0025-003	ニャンニャン助かる	0	R. K.
0025-004	ﾊﾟﾝﾊﾟﾝﾊﾟﾝ  ﾋﾟｬ-	3	山口登
0026	3:59:20   このビッチが!!	15	低知能なしゃけ	0
0027	まじでジャックとジュンくん以外のキザむりんご	0	ポムンポムンプリ	0
0028	可愛いってなんだっけ	0	ピアノ初心者	0
0029	寝落ちしたのでアーカイブ見ます　おつえらー	0	おいも	0
0030	せいえき…聖なる液のことだよね？ 聖水かな？ 聖水？ あ！おしっこのことか！	10	ミジンコ	2
0030-001	何も変わってなくて草	0	Fooちゃん
0030-002	結局ダメで草	6	白猫で煽る弁護士
0031	隔離病島の件不覚にも吹いた	0	ジリ貧エボX	0
0032	にじさんじの生きる黒歴史	6	優輝	0
0033	ハキハキだけいない状態でキャンプ厳選100連くらいしたけど、半分はハキハキきたからキャンプ厳選はガチ。 ギバラちゃんの運が…おっと誰か来たようだ	1	山田花子	0
0034	3:58:39今回の見所	6	ムキムキのヴォルガノス先輩	0
0035	なんかまとめサイトに書いてあったからあいつパンダじゃないらしいって適当に言ったらそれだけ拾われた、、、	2	白猫で煽る弁護士	0
0036	2:03:03　ここからのくだり草    3:39:35 ハイタワーとシリキ以外のキャラ、アーチボルトとかその辺り調べてみるとタワテラもっと好きになります	8	おーがまる	0
0037	3:43:16　ジャコテン	3	閣螳螂アトラル・カ	0
0038	50:53 リッキー好きそう 自分用	0	ひまうら	0
0039	あつもりのランキングのことを胸糞悪いランキングって言ってて(違ったらごめんなさい)自分的にすっきりしたw こういうことを言うギバラはとても住民に愛(？)があるんだなということがよくわかりました！	0	くろーばー	0
0040	せいえきのとこから低評価増えてるの草	6	進撃のぼっぷ_白のチョコミント	0
0041	2:04:15、2:43:16 ギバギーバに魔法がかかる瞬間	5	CuBe'E-箱の中の庭	0
0042	1:371:371:371:37  開始 1:371:371:371:37 1:371:371:371:37	0	酒に溺れた吉岡	0
0043	ギバラって割とマジで気持ち悪いことをしてらっしゃいますよね。 まあ面白いんですけどね	0	なーす。	0
0044	1:22:54 初めてコメント読まれた(´;ω;｀)	6	ねむい	2
0044-001	よかったですね！	3	えい
0044-002	おめでとうございます！	2	065
0045	30:50コメ読まれた！！	8	ニョーロトノ	0
0046	2:08:44 超絶何気ないコメなんだけど、これがギバラが初めて反応してくれたワイのコメになってしまった… 嬉しいけどね(笑	11	スルメスメル	1
0046-001	いやでも、チャット欄見てたら他の人も同じようなこと言ってるし、違うかもしれんなw	3	スルメスメル
0047	1:58:32   2:16:52    2:36:38    2:39:44  なんかコメント沢山読まれた記念	15	ミルクティーのあれ	4
0047-001	@ミルクティーのあれ  ミルクティーあれもな	1	陰陽
0047-002	なんでホモが湧いてるんでしょうかね…	1	ミルクティーのあれ
0047-003	羨ましいゾ	1	ゆいと
0047-004	やりますねぇ！	1	陰陽
0048	普段せいえき飲んでるならまつりちゃんの飲尿の事なんも言えないやんギバギーバ	0	ふぃおぺり	0
0049	Very naughty	0	Sakaki Shizuma	0
0050	中学生かな？	2	長月	0
0051	住民との絡み 2:03:04 顔をdisられるギバギーバ 3:56:41 ちゃちゃまるにストーキング行為がバレた 3:58:55 好きな飲み物は？ おまけ 1:26:21 とうとう認めましたね	37	コンティロマネ/イルミナたんふぁんくら部部長	4
0051-001	本当だなんかズレてるな 直しときますね	0	コンティロマネ/イルミナたんふぁんくら部部長
0051-002	まじすか	0	おれ
0051-003	2分くらいずれてるかな？	1	7%の男
0051-004	なんで違うんだ？	1	おれ
0052	1:27:09 💩	0	大月美弦チャンネル	0
0053	どうやってこんなに集めた？	3	Vに限界化するぽようう[限界度160%]	3
0053-001	&umtゆう  キモオタとかキモヲタじゃなくてキモータなの草	0	白猫で煽る弁護士
0053-002	&umtゆう 正解	0	-まるがめ
0053-003	萌え豚キモータの力を集結させた	14	&umtゆう
