0001	41:19  ヤンデレ発言 ちゃちゃまるの笑顔は私だけのもの	116	コンティロマネ/イルミナたんふぁんくら部部長	0
0002	2:44:14 ジュンくんに画面外でしつこく絡んだ甲斐がありました！！！(江良ちゃんにバエるゴミって呼ばれたのが嬉しいよ)楽しかったありがとう〜 渡したビンタのポスター×5枚触媒にしてお迎えしてね	128	バえるゴミあむ太郎	1
0002-001	英霊だった？	1	[編集済]
0003	12:14 ここ、おもひでぽろぽろの名シーン。	49	しぐれ	0
0004	20:20 パスワード見逃さなかったおかげで最速で行けました！ また機会があればおじゃまさせてください！  メンヘラメイドより	40	あぬ	0
0005	1:23:50〜 やばい話開始	47	やみい/朝日奈樒	1
0005-001	たすかる	0	Gsjih Fjf
0006	リスナー訪問終了時間置いときます 1回目32:08  2回目58:38  3回目1:35:22  4回目2:02:32	46	罪猫	0
0007	53:33 青藍島出身ドスケベ兄貴	56	無	2
0007-001	孕ラ！孕ラ！	1	ミルクティーのあれ
0007-002	わらび 孕めオラァ！	2	猫猫
0008	自分用(一応閲覧注意) 1:39:05  初めてコメント拾ってもらえて嬉しかったけど苦手な人はごめんね	4	あんこ	0
0009	乙倉(悠貴)島…いきたい…	4	万年暇人	0
0010	初めてのあつ森配信の時は「気が向いたらやる」みてぇなこと言ってたのによぉ…！ ちゃちゃまるのおかげでハマってくれて嬉しい限りじゃねえか！！ あとリスナーの袋叩き、面白かったです。	14	Tackmyn Y.	0
0011	まさかこんな夜遅くに配信してたとは・・・ 徹夜すれば良かった・・・	7	刑部弾正チャンネル	0
0012	知らんうちにめちゃくちゃやりこんでてビビるｗ 思ってた以上にハマってて嬉しい	5	開栓後要冷蔵	0
0013	配信見れんかった悲c	3	ひかり	0
0014	ギバラここまでどう森にハマるとは思わんかった	22	桃山みらい	0
0015	最初の頃は可愛かったのになぁー	1	Laika	0
0016	配信時間個人的にエグくて草	15	ぐぐ	1
0016-001	プニキとかこんなもんじゃないで	0	カネキケン
0017	12:03 河野太郎おる	5	こまごめピペット	0
0018	49:38　マイル旅行券400枚の人です。ありがとうございました！ 1:43:46　ゴールデンアーマーも喜んでもらえてうれしかった！	62	ぽんちゃん	2
0018-001	@O. Y わかる	0	ぽんちゃん
0018-002	キングラー好きなんですね キングラーって物理強いっすよね   まあ僕が好きなのはオーダイルなんだけどね✌️	0	O. Y
0019	1:26:20 話がシモに振れるとウッキウキになるの狂おしいほど好き。	26	里	0
0020	8:55 自分用	0	もちだのひと	0
0021	何のゲームをやっても逆張りになる女	2	浦田	0
0022	5:09 「ちゃちゃまるの住みづらい島作りをしたくて☺️」笑顔でいじめたい発言出るのがすごい笑	3	M MM	0
0023	あつ森の中だとなんで江良ちゃんって呼ばれてるんや	2	トイレ	0
0024	マイル旅行券約1000枚を深夜の数時間であつめた女	8	そこらの民衆	0
0025	【引っ越しフラグについて】 最後に引越してきた住民はモヤモヤにならない(引っ越さない)です。 参考までに。。。	8	ティファナ	1
0025-001	引っ越しましたね	0	トイレ
0026	リコーダーのくだりで、くまきち君を思い出した。	0	かみかわなおし	0
0027	JKリスナー参上しとくね？	1	風佳	0
0028	まじか寝てた、、、	5	フィグ	0
0029	自分用 57:59 2:24:48	0	風神	0
0030	アーカイブのチャットリプレイがお通夜なのって自分だけ？？？	11	トマト	3
0030-001	他の人のアーカイブもコメントリプレイ見れなくなってるとこあるから、多分You Tube側の問題かと	1	退魔七夜
0030-002	なぜなんや？(ガチギレ)	2	黒棒人間
0030-003	俺もやで	1	のえい_ころん_56
0031	1:26:56 可愛くてもすぐ嘔吐する奴のリコーダーは舐めたくないなぁ。	2	ゆいと	1
0031-001	そもそも舐めたことないけど…	0	ゆいと
0032	江良ちゃんの島行けてよかった！次は自分の島に招待したい！	5	眠りぬこ	4
0032-001	万年暇人 万年暇人が何言ってんだ()	0	ゆっくり考察班
0032-002	と、友達呼んだことあるし･･･(震え)  ･････1人だけ	0	眠りぬこ
0032-003	万年暇人 (´・∀・｀)ﾍｯ	0	K.O.M
0032-004	声もとどいてないのに友達になった気分になれてよかったね…(哀れみ)	1	万年暇人
0033	ギバラのメンバーになろうか迷っている者です。メンバーの方に質問です。メンバー限定配信はどんな感じですか？（まだ誰のメンバーにもなったことありません。）	6	_るるゴールド	3
0033-001	まず、いろんなVがいる中でメンバーになろうか迷ってくれてありがとう。 入って決して損は無い。僕は江良ちゃんのメンバーになる前は夜しかぐっすり眠れなかったのが、朝もぐっすり眠れるようになった。	2	ターニャ
0033-002	御伽原江良という人間の違う一面が見られる、としか言えませんね もしメンバーに入ったらぜひコミュニティの最初の記事から読んでほしい	6	蛇屋
0033-003	メンバー入ってないものですがすみません。 Youtube premiumに入れば メンバー1ヶ月無料で入れますよ。 迷っているなら一度Youtube premiumから 入って見てはどうでしょうか？ メンバー限定配信のことについて話せなくて すみません。	1	ミルクティーのあれ
0034	1:26:20ちょっとやばいこと言ってごめんな	4	ぬかづけ	1
0034-001	57:54 54:07 自分用	0	ぬかづけ
0035	今あつもり配信してるのこの人だけやん	2	れわ	0
0036	古戦場から逃げるなつってる奴いて草	1	骸マン	0
0037	お邪魔しました！次は社会人デビューしてお邪魔しますね！	8	ゲストCもち	6
0037-001	ゲストCもち ありがとうございます師匠  教えてもらったからには今までで一番ふざけた服で行かなければ...	0	たけたけ
0037-002	すげぇ‥‥ スナイプガチ勢だ‥‥	0	まっちゃん
0037-003	@たけたけ いいのか...　ではまじめにあつ森のスナイプのコツを...  ・スマホパソコン等複数デバイスで配信をみて一番ラグが少ないデバイスを事前に調査する。 ・パスワード6桁は一瞬で覚えましょう。 ・テーブルモードor携帯モードで行い、必ずタッチでパスワードを入力しましょう。  ・入力後は速やかにコントロールに持ち替え、＋ボタンを押したあとはRボタンおしっぱでA連打をしましょう。  取り込み中もしくはよいフライトを！が出ればスナイプ成功です。がんばってくださいね！	4	ゲストCもち
0037-004	ゲストCもち 元々服のセンスE級なんで大丈夫です	1	たけたけ
0037-005	@たけたけ反動で服のセンスD級になりますよ	1	ゲストCもち
0037-006	スナイプS級様弟子入りさせてください😭	1	たけたけ
0038	体調に関してはラジオでも言ってましたが季節の変わり目は体調崩しやすいですからね…… くれぐれも無理だけはしないでください。 久しぶりにギバラの配信が見れてよかった。	8	コンティロマネ/イルミナたんふぁんくら部部長	0
0039	君のリコーダーを○○ちゃんが舐めてたよって言われたことはあるw	2	とらねこ	0
0040	寝落ちして配信見れんかった…       1:28:56  便乗して暴露するけど水着のバックに手を突っ込んだことはある。(水着に触る) これはいそうというか居て(羞恥心)	12	ミルクティーのあれ	4
0040-001	おなごの尻を揉むのは癖になるわい ふぉっふぉっふぉっ    ごめん	0	黒棒人間
0040-002	わらび 流石に家族のだよな…？	0	ミルクティーのあれ
0040-003	わらび ド変態で草	0	国産のオタクch
0040-004	女子の歯ブラシ咥えたことある()	1	無
0041	1:51:00 最後の最後で何とか島に遊びに行けて良かったです！ 言葉使いが荒いせいでよく性別間違われたりするんですけど、一応秘密ということにしておきますｗ うちの島にあげれる家具とかほとんどなくて、トイレ系統持って行ったんですけど最後に触れられて嬉しかったです！	2	マロ	0
0042	うーんマイル旅行券400枚の人買ってるようにしか見えないな(普通に集めてたらすまんね)あつもりやってたら分かるけど相当きつい丸2日やり続けてやっとかなぐらい  ちなみにTwitterで見てみたけど400枚2000円だった	6	パリストン	9
0042-001	キングラーのぽんちゃん そうなんですね返信ありがとうございます	0	パリストン
0042-002	返信遅くなりました。マイル旅行券400枚の者です。結果から言うとリアルマネーでの購入及び改造、ハグなどは一切使ってません。私の島の住民厳選が終わった時点で100枚程度余っており、そこから流星群、レシピ配布、お触りなどを行なってマイル旅行券をかき集めました。	0	ぽんちゃん
0042-003	マイル集め＋おさわり交換やレシピ提供、住人取引だけでも数百は集まります！ 今ですとジャックなら4～600枚で取引されていますし、需要の高い家具のおさわり交換ですとさばけないくらいのDMが来たりします＞＜	1	文ちゃん
0042-004	やと どんなのと交換してるんですか？	0	パリストン
0042-005	Twitterの交換タグに張り付いて素材交換してたら400くらいすぐ集まるぞソースは俺	1	やと
0042-006	&umtゆう なんか大手の奴とかあるみたい調べてみたらフォロワー2万とかのやつも居た	0	パリストン
0042-007	うらこ それは間違いない 金払ったほうが早い でも詐欺とかもあるからね それはそれでリスクもある	0	&umtゆう
0042-008	&umtゆう 金道具周回ってそんな早いんだ、コンプしてないから知らんかった、だけど性格悪いから2時間バイトする方が早いって感じる	0	パリストン
0042-009	400枚とか多分15時間くらいくらい休まず 金道具周回すれば 集まる数やぞ	0	&umtゆう
