0001	懐かしいなあ 999がカンストだと思っててそれを目指してたのに1000超えちゃって発狂して辞めた記憶	330	ちっぴー	3
0001-001	ポーカーとか1000になったような気がする。999目指してたのに1000いってからやってない笑	1	モカ推しィィ!!,
0001-002	またきます  確か9999を超えても、数字が増えずに続くんだよな…	4	酒の肴
0001-003	申し訳ないけど想像したら草	14	またきます
0002	中高生の頃は配信者が懐かしいゲームをやってても知らないってことが多かったんやけど、このゲームはまじで懐かしいやつやったから、ついに自分も配信してる人たちと同じくらいの世代になってしまったんやなって実感した	55	りんごアレルギー	0
0003	3Dもめっちゃ可愛いけどそろそろ2Dが恋しくなってきた頃だったから助かる。 やっぱこっちも可愛い。	132	大塩平九郎	0
0004	反射神経使うのはめっちゃ上手いのに1ミリでも頭使うものだとボロボロになるの草	68	イカれたオウム	0
0005	人生で初めてプレイしたゲームだよ懐かしい...	74	しろとき	0
0006	1:06:56 目隠しは無理に決まってるわ‪w	93	やみぃちゃん	0
0007	恐らく本編よりプレイした当時学生が大量にいたであろうミニゲーム。	19	メガネスト	0
0008	毎回見つけたら前向くのが可愛くてしょうがないw	34	shogo V	0
0009	これか！2周年で言ってたやつ	3	そりわ	0
0010	なつかしいなー このゲーム下手くそで全然できなかった思い出	8	稜ちゃん	0
0011	1:18:18〜 探すゲームで散々苦しめられたルイージにまたも苦しめられるギバラ ？？？「バレなきゃイカサマじゃあねえんだぜ」	28	コンティロマネ/イルミナたんふぁんくら部部長	0
0012	10年以上も昔なのか… つい最近に感じる	23	ポテトだぜ	2
0012-001	正直今のやつよりもこれとかDSマリカとかのが楽しいまである	0	イケメンクス
0012-002	少年時代に遊んでたゲームを久々にやると懐かしくもつい最近にも感じますよねw	2	せーや
0013	You absolutely destroyed the “wanted” minigame and I saw that live to. Your so cute as well so I might as well SUB to you <3	19	Owen Roberts	0
0014	え……！？見つけるやつはやすぎん！？？？	18	ながしま	0
0015	今日の入眠音声用に聴かせて頂きます。	8	とれーにーたつお	0
0016	ひとつのものを操作する系ならめっちゃすごいのに、対象がふたつになると途端にダメになるのかわいいじゃねぇか……！	14	mo-chi 4747	0
0017	これめっちゃ早いやついたよねw	12	NA NL	0
0018	これが人生で初めて買ってもらったゲームだった…本当に懐かしい…	11	やみい/朝日奈樒	0
0019	初めて買ってもらったゲームだ。。。！	8	ナツメグ	0
0020	ああああああああ マイク風船飛ばしさえありゃASMRだったあああああああああ	21	クラッシュ万事休す	0
0021	ギバラと見つけるタイミング同じすぎて笑ったわ	3	hayapi _	0
0022	このミニゲーム自慢大会開かれてたの思い出した	2	クリームチーズ	0
0023	最初の1時間も続けたのか笑笑	0	【鳳】toshy_トッシー	0
0024	ギバラ大好き！	2	32ギガバイトのUSBメモリー	0
0025	懐かしすぎて泣いた😂	1	いとう	0
0026	DS時代は神ゲー多い説あるな...	2	紫玉	0
0027	クッソ懐いな	3	セミ	0
0028	サムネ好き	0	ミジンコ	0
0029	When Gibara says OKAY, I felt that.	0	SharinganSakura	0
0030	サムネで滲み出るポンコツ感	0	ひにゃらんだー	0
0031	江良ちゃん早すぎるよぉ〜///	0	matsu kazu	0
0032	サムネめちゃ好き	0	SHAUNA VAYNE	0
0033	ほんと懐かしの神ゲー	0	やみぃちゃん	0
0034	わからんって言いながら当てるのほんと草	1	コマド	0
0035	懐かしい...3日前やってたけど。	1	ゆっくりナン	0
0036	このゲーム懐かしすぎてびっくりしたわ	0	ゆず	0
0037	ヨッシーのやつ頭固すぎて草	0	sin KqNp0	0
0038	懐かしすぎ！	0	Rise of Nene	0
0039	ガチで懐かしくて草 友達と永遠にやってたわ	0	善玉菌	0
0040	4.5割くらいしかギバラに勝てねぇ・・ まじで一瞬で見つけてるやつすごいわ	1	俊足の蛇足	0
0041	8:44 え、意地悪すぎん？！全然分からんかった...	0	両声類に憧れる女	0
0042	昔布団の中でやってたわ	1	タナトス	0
0043	ちっちゃい頃めちゃくちゃやったわ 懐かし過ぎる	0	ながれぼし	0
0044	いや、懐かすぎんか	1	ヒッキー	0
0045	懐かしい…	0	かいん【kain】	0
0046	懐かしすぎる	0	抹茶	0
0047	これ無限にやってたわ〜〜〜〜〜〜	0	Cony Rex	0
0048	ボム兵のパチンコのやつ10万点で満足してたなぁ……	0	TRICK	0
0049	懐かしー	0	Rei	0
0050	あみだくじで死ぬほど線引いてから早送りさせて奇妙な動きになるマリオを見てゲラゲラ笑ってたなぁ	1	yokoyama	0
0051	最初一時間も同じミニゲームずーっとやってんのに不思議と見てて全然飽きない	0	蛇屋	0
0052	雪もして欲しかった	0	かくりっぷ!	0
0053	世代クリーンヒット配信ありがたい 引っ張り出してやりたくなってきた	10	sushi	0
0054	パチンコの所わざと優しく引いて落下した玉でスコア稼いだなぁ	1	こぼれたるいくら	0
0055	本名がルイージで良かった	1	焼き紙P	0
0056	うｐ乙です。ギバラさんめっちゃ上手い。	0	ゼロキ	0
0057	マ！ﾙｨｯ!ワァ！✋(   ͡'  ͜ω ͡'  )よぉ	0	ヨビツケ	0
0058	くっそ懐かしい	0	C702-クロノスガイア	0
0059	懐かしすぎてハゲる	0	とろ	0
0060	Newスーパーマリオ懐かしすぎ ワロタ ギバラに2のほうもやってほしい！	0	ゆっくりG9	0
0061	途中から見てたからまりお64DSかと思ってた	0	ふびと	0
0062	当時小学生だったなぁ……	0	米作のコート	0
0063	1:26:16 可愛い	2	メタゴンnext	0
0064	これルイージ異様に多いよね	1	シドニーオリンピック2000	0
0065	ヨッシーのパネルクイズも、ボム兵の奴もすこだったなぁ…	0	アリス.	0
0066	懐かしくて趣深い	0	gy h	0
0067	おつえら〜！ むっちゃ懐かしいゲームやったねぇ 久々やるとやっぱり面白いもんやね！ てかすっごく上手くて さすが任天堂の申し子って 感じやった！	15	アヲノ#調子極端	0
0068	何だかんだ言って可愛いな	0	ZEO LITE._	0
0069	あああぁぁぁぁくっそ懐かしいイィィィィィヤァァァァァァいィィィィィィィィやぁぁぁぁぁぁぁ！！！！！！ ありがとうギバラ	0	とろろそば	0
0070	ルイージポーカー…グッド	0	アニメヲタクの現役格闘家	0
0071	⭐️100あたりからパターン化してくるから本当に自分との戦いになってくるんよな	0	いなかもの	0
0072	サムネがちょっと星井美希に似てる	0	みなもん	0
0073	2D恋しくなってたからたすかる。 ニューマリはミニゲーム全部おもろいよなぁ	0	つきよも	0
0074	レベル9は必ずルイージ	0	マンキーコング	0
0075	サムネがえっちすぎる 頬染めて左手でスカートたくし上げて見せてるように見える	82	コンティロマネ/イルミナたんふぁんくら部部長	18
0075-001	@イケメンクス マジっすか……ギバラの絵を描いていらっしゃるベコさんはアイコンはなんか犬っぽい四足歩行の動物？のやつです	0	コンティロマネ/イルミナたんふぁんくら部部長
0075-002	ダメみたいですね…（諦め）	0	イケメンクス
0075-003	どうやら反映されてないっぽいのでたどり着く手順を記載しておきます。 ①まずTwitterで「ベコ」でアカウント検索をかけてください。すると「ずっと絵描いてたい」というプロフィールの人が見つかると思います。 ② その人のページに飛び1月22日のツイートを見る  こうすれば見つかるはずです。	3	コンティロマネ/イルミナたんふぁんくら部部長
0075-004	@猫かぶり 一応URL貼ったコメントしたんですがもしかして反映されてませんか……！？	0	コンティロマネ/イルミナたんふぁんくら部部長
0075-005	ぬっ！	0	ああ
0075-006	@イケメンクス 共有という欄を探せ！そうしたらその共有を押して、いろいろあるかもしれないがURLをコピーするってのがあるはずだ。それを押してここのコメント欄にコピーペーストするんだ。健闘を祈る	1	雷光虫
0075-007	イケメンクス コピペするんやで	1	Team Altemis
0075-008	見つけたけどURLの張り方がわからん	1	イケメンクス
0075-009	URL待機勢	2	チャソくわ
0075-010	かわいいと思ってしまった	0	しろくま【白熊】
0075-011	Twitterスライドして言ったら合ったよ〜 1月22日くらいだぞい！URLの張り方分からんからこれしかできない笑	2	えるたま
0075-012	@リア充キラーELへんなの 俺も	2	まだ全力じゃないぜ?俺は
0075-013	マジで見たいからURL貼られたらすぐ見れるようにコメント残しとく	3	リア充キラーELへんなの
0075-014	@tama zarashi URL	2	かくりっぷ!
0075-015	コンティロマネ/イルミナたんふぁんくら部部長  ギバラがツイッターでリツイートしてたよ	2	tama zarashi
0075-016	@いとういとう そうなのか！？ それはどこで見れるんだ？	2	コンティロマネ/イルミナたんふぁんくら部部長
0075-017	これ元画像エッチだから見るといいぞ	3	いとういとう
0075-018	表情がそそりますね	1	arukanY
0076	早すぎるホントに。一瞬で見つけるってどゆこと？！ギネス目指す？	0	ナツメグ	0
0077	これ途中で飽きちゃうんだよね	0	。	0
0078	ミニゲームじゃなくて、ストーリーのほうは普通にクッパ倒したのかな？	0	くまモンnagi	0
0079	これが例の来たか来てないか分からなくて泣いたって奴かぁ	0	24.寝てぇーよ	0
0080	2時間くらいの生配信のアーカイブが急上昇ランキング常連ってヤバくね？(語彙力)	8	ろりばばぁ	0
0081	甲羅マリオ大好きでローカル通信で 友達ぼこぼこにしてたなぁ… だから友達いなくなったのか…あのときごめんな。	0	Teenager杞憂民	0
0082	相変わらずサムネ可愛い  このサムネってういママ？	0	たこ	0
0083	配信前はコロコロによる懐かしさ 配信中はゲームの懐かしさ 泣ける…ありがとう	71	ショウ	5
0083-001	カービィは1、2年くらい前に変わった	4	ショウ
0083-002	イケメンクス 最近のは読んでないからわからん。でも昔も「ペポッ」とか言うカービィいたから今も続いてるってことかな？	1	Hisashi 314
0083-003	@Hisashi 314  久しぶりによんだらカービィ書いてる人変わってる？ ポペみたいなこといってて絶句した	4	イケメンクス
0083-004	西遊記、怪盗ジョーカー、けしカスくん、モーレツプププアワー、ガリレオ、ペン問、推理の星君、スタンドアップ…いろいろあったなぁ	3	Hisashi 314
0083-005	未だにスーファミ現役DSも当然の自分は懐かしさが足りない「」 逆にPS4とスイッチは無いんですよ	1	よわむしArisia
0084	1:23:53 草	1	ウェン	0
0085	だいたいタップミスって終わってた、、、	0	ごう,	0
0086	ワリオとマリオは行けるけど、ルイとムンチャクッパスの違いが……	0	柚木檸檬	0
0087	無の境地達してそう ついでに絶頂にも達してそう	0	honeinu	0
0088	귀여우셔 ㅎㅅㅎ	1	Marlin_ Gosari_Muchim	0
0089	ルイージの見つかったときの声がなんか好き	1	ああ	0
0090	最初のゲーム スター　300いってから途中で飽きてやめてたわ  ヨッシーのパズルのやつは全然わからんかったけど中一位にやっとわかった笑	1	モカ推しィィ!!,	0
0091	1:08:20 抵抗も虚しく叩き込まれるボムへい	0	jab jab	0
0092	江良ちゃんつよつよ＋半端なく激速で草 過去に400もやった慣れなのかそれとも特技(空間把握能力)なのか... 全く発見出来ないんですが...	0	よわむしArisia	0
0093	このミニゲームは残り時間によって出現するターゲットの割合が変わります 残り時間に余裕がある場合はおおよそ ルイージ>マリオ≒ワリオ>ヨッシー くらいの順位で、ルイージは2回に1回くらい出現します そのためわざと誤答し、残り時間20秒程度をキープするのも戦略の一つとなります	250	ちっぴー	7
0093-001	マジか…ガチ勢すぎるでしょ	1	ago
0093-002	リフィルすこ	2	Mou様
0093-003	ガチ勢で草	5	カラフルうどん
0093-004	@R S アイコンが汚い()	1	柊みやこ
0093-005	ひょっこり出てくるガチ勢好き	23	R S
0093-006	公式的にもルイージが最高難易度なの理解してるんやな	24	ke misa
0093-007	そうだったんだ、昔やってたけどそんなに凝ったシステムだったのね	7	柊みやこ
0094	強。	0	ペン銀	0
0095	サムネに誘われた変態です     どうも	0	あいす	0
0096	みんなStudio使いづらいっていってるよな	1	ryukibekyu ْ	0
0097	はっや	0	_あさいー	0
0098	ここ1ヶ月全部10万回以上再生されてるやん	0	BLUE 350	0
0099	1:07:18 かわいい 1:14:45かわいい	0	--マサオ	0
0100	俺の友達が1168とかいう記録出してたな	0	光化学スモッグJGT16	0
0101	ガキの頃チート使って巨大スターで走り回っていた日々懐かしいぜ	6	タンク	0
0102	こいつ見つけるの速くね？	0	柔らか青豆	0
0103	あいつを探せ友人が9999でカンストさせてた	0	のーの	0
0104	ほんとに懐かしい。面白かった！	0	donarudonote	0
0105	Hi there. Please have a hug, and remember to relax and have a good time	1	catsndogs98	0
0106	8:44	0	十秒頼む	0
0107	I have never seen anyone get up to this high of a level. Though I enjoyed watching the cuteness building up overtime lol	0	Tamamo No Mae	0
0108	自分は700で諦めたなぁ…(飽きる)	0	オミ。	0
0109	サムネのギバラ可愛すぎん？	0	Sally	0
0110	ぬあああ夜配信やってたのか…帰ったらアーカイブ見るね( ˘ω˘ )	0	はっし〜	0
0111	サムネのイラスト、誰が描いたか分かる兄貴居ない……？	0	かきたま	2
0112	ポーカーハマったなあと思いつつ久々に64DSの方のポーカー開いたらコイン9999で星125越え。ちょっとやってみたらルイージ3回に1回くらいのペースで3カード以上出してくる気がした・・・	0	鈴蘭	0
0113	ゲームの急上昇おめー	1	凡人	0
0114	1:23:43	0	ぼく。	0
0115	歌企画してほしい〜	0	Chloe	0
0116	Anyone?	0	Hi Im Paul	0
0117	1:23:51	0	うどんくん	0
0118	急上昇… まじか…     おめでとうございます!!	0	しぇろ	0
0119	Hi english...........................	0	zabi	0
0120	子供のころ初めて買ってくれたゲームがこれで、ミニゲームを狂ったようにやってたから、全部3桁越えてたのを今確認してビックリした。特にキャラ探す奴は1763とか言う数字がトップに来ててﾊｯ?ってなってた。やっぱ歳を重ねると前みたいな点数は取れなくなるんやなって	0	いかさたん	1
0121	ぎばー	0	らず	0
0122	ギバラ普通にゲームするのうまいよな	1	A/Z	0
0123	Princess peach : *“Luigi I’m pregnant!”*  Luigi : 7:54	0	Tesco / テスコ	0
0124	初手からめっちゃ男の人の声聞こえるやん…事故やん…って思ったらスマホYouTube特有の他の動画も同時に再生されるバグで安心した	6	はち%ポケ	1
0125	この前めっちゃアンチしまくってたやつがもういなくなってて草 まぁいないにこしたことはないからいいけどねw ねこでした	0	SCP- 040-JP	0
