0001	自粛中に動物園行けてよかったです	834	不眠	3
0001-001	デリバリーか	5	梨が好きな人
0001-002	動物園に行くんじゃなくて動物園が来たんだよなぁ	31	ぽんず醤油
0001-003	草	10	chan lapiz
0002	4:31:15〜4:40:50ちゃちゃまるとの出会い 歌詞有り ﾊｱｯ！ﾋｲｯﾋｲｯ!ﾋｲｯﾋｲｯ!ﾋｲｯﾋｲｯ! ﾋﾟｷﾞｬｧｯﾁ"ｬ"ﾁ"ｬ"ﾁ"ｬ"ﾁ"ｬ"ﾏ"ﾙ"ﾊ"ｧ"ｯ" ｷｬｬｬｬｬｬｬｬｬｬｬｬｬﾋｲｯｯﾔｱｯﾀｧｧｧ！！ ﾁｬﾁｬﾏﾙｩｩｩｳ！ﾁ"ｬ"ﾁ"ｬ"ﾏ"ﾙ"ｩ"ｩ"ｳ"↑ ﾖｼｯ!\ﾊﾟﾝｯ/ﾖｼｯ!ﾖｫｫｫｯｼｯ!ｳｫｫｫｯｼ! ｳﾜｯｼｬｬｬｬﾔｬｬﾔ！！！ｼｬｧｧｧｧｧ! ﾌｩ×3やばい机動いちゃったはぁはぁ びっくりして机押してしもたﾊｧｯハァ↑×2 ｳﾞｵ"ｫ"ｫ"ﾅｧｯちゃちゃまる！！ ﾊｧｯﾊｯﾊｯﾊｯﾊﾊｯﾊｯﾊｯﾊﾊｧｯ！ ﾁｬえ？本当にちゃちゃまるだよね？ (確認)ｳﾜｧｧｧｧｱｧｧｧｧｧｱ！そのダサダサTシャツ ちゃちゃまるしかおらん！ちゃちゃまるぅぅ！ ﾋｲｯｯちゃちゃﾁｬﾁｬﾏﾙ！チャチャ ﾊｯﾊｯﾊｯﾊ↑ﾁ"ｬ"ﾁ"ｬ"ﾏ"ﾙ"！ちゃちゃ ちょまっちょちょ、まて×9 忘れるな忘れるな！ 落ち着け×三ｵﾁｯ落ち着け×四 イヤっドドドドドドドッチガいいかな？ なんちゃって御伽原の方が良いかな？ なんちゃって御伽bﾏｯﾏｯﾏｯﾏマスクしといた方が いいかな？ど×六どうしよう？ど×三 ﾊｧｯハァッ！どうしよう×六 ﾊｧｯどうしようどうしようどっちが良い どっちが良い？なんちゃって御伽原の方が いいかな？待て待て待てﾊｧｯﾊｯﾊｯﾊｯﾊﾊｧｯ いや！密の方が良いよね？こっちにしよ こっちにしよでﾁｬﾁｬﾏﾙ！！ ﾁ"ｬ"ﾁ"ｬ"ﾏ"ﾙ"！ﾁ"ｬ"ﾁ"ｬ"ﾏ"ﾙ"！ﾁ"ｬ"ﾁ"ｬ"ﾏ"ﾙ"ｩ"ｩ"ｳ"！ ﾁｬﾁｬﾏﾙゥ！こっち向いてー！ﾁｬﾁｬﾏﾙぅぅ！ ﾁｬﾁｬﾏﾙゥ！こっち向いてぇ！ ﾊｧｯﾊｯﾊｯﾊｯﾊ声かけて良いかな？ 声かけやばい目合ってる！ﾁｬﾁｬﾏﾙ！ 何その憂いおびた目可愛いﾁｬﾁｬﾏﾙ！ ﾊｯﾊｯﾊｯﾊﾊｯﾊｯﾊｯﾊどうしよう 落ち着いて落ち着いてｱｯｱｯｱｯ 薔薇とかつんだほうがいいかな？嗚呼… 嗚呼ァ！ﾁｮﾏｯこの辺綺麗にしようかな？ ちょっと待って待って出会いの場は綺麗に しておきたい嗚呼薔薇取っちゃった 薔薇残したほうが良かったかな？ ﾃﾞﾃﾞﾃﾞﾃﾞﾃﾞ出会いの場は綺麗に 嗚呼また薔薇取っちゃった石も取って石も取って よしﾁｬﾁｬﾏﾙ！ﾁｬﾁｬﾏﾙこっちまで来てくれ！ こ×鳩ﾁｬﾁｬﾏﾙここ！ﾁｬﾁｬﾏﾙゥ！！ こっち！ここがぁ！ここがベストポジション！ ﾁｬﾁｬﾏﾙ！ﾁｮﾏｯﾁｬﾁｬﾏﾙの写真撮っとこ 出会いの場にカチャ×12 ﾊｧｯ！目があってるﾊｧｯﾊｯﾊｯﾊｯﾊ どうしよ！ﾊｧｯﾊｯﾊｯﾊｯﾊ嗚呼どうしよ？ ﾁｬﾁｬﾏﾙこっちきてくれこっち！ ﾁｬﾁｬﾏﾙ！ｳﾜｱｯ写真×7 こっちこっちこっち！ﾁｬﾁｬﾏﾙこっち！ ヤバイ！全然こない！ｳﾜｱｯ全然こない ﾁｬﾁｬﾏﾙこっちせめてこっちきてくれ 木のないとこにきてくれせめて そうそうそうこっちこっち 木下木下！ｷｬｬｬｬｬﾔ！ﾌｧｧｧｧｱｧｧｧｧｧｧｧｧｱ！ 私も！ もしかしてオマエサバイバル生活を 体験しにきたのかー？ へへっ実はオイラもなんだ！ ﾊｯﾊｯﾊｯﾊﾊｯﾊｯﾊｯﾊ嗚呼…嗚呼ﾁ"ｬ"ﾁ"ｬ"ﾏ"ﾙ" そう！テリーい島のギバキーバですぅ！ もし困ったことがあったら… コメント「顔動いてない」 そう顔倒れたんだったﾊｯﾊｯﾊｯﾊそういえば 嗚呼ー！こっちきてこっちこっち こっちこっちこっちもっかい 話しかけるからこっちきて頼む！ 頼むこっちにきてくれ！ﾊｯﾊｯﾊｯﾊ 嗚呼違うそっちじゃないけどここで良いや！ 嗚呼私のｷｬｬｬｬｬﾔ可愛い！ ここまで　自然たっぷりの島だと 材料集めと　キントレが ずいぶんと　はかり(どり)そうだぞー！ 可愛い！私の顔で薔薇が隠れちゃったけど 全然OK！ここに住んでみたい… ここに住んでみたいけど 誰も住んでないからこそ この自然が守られてるんだよな・・・ えっ？えっ？うちくる？ねぇねぇﾁｬﾁｬﾏﾙ！ うちくる？うちくる？ｳﾁｺﾖｫ! 家に！ｷｬｬｬｬｬﾔｬｬｬｬｬｬｬｬ！ハァッﾊｧｯ (深呼吸)ﾝ"ｯﾝﾝﾝｯ"ﾝｯ うちの島なんてどう？(萌) ｳ"ﾜ"ｧｧｧｧｧｱｧｧｧｧｧｱｧｧｧｧｧｱ！(崩壊) なにー？！テリーい島だとー？ オマエとはこの島で初めて出会った仲だが ともに試練をくぐりぬけた キントレナカマだもんな・・・ ｷｬｬｬｬｬﾔｬｬｬｬｬｬｬｬ可愛い！嗚呼可愛い！ ｷｬｬｬｬｬﾔｬｬｬｬｬｬｬｬ！ﾊｧｯﾊｧｯﾊｧｯ ｷｬｬｬｬｬﾔｬｬｬｬｬｬｬｬ！ 伝説作って！伝説作って！ 振りたいペンラ！振りたいペンラ！ 良く行った！ｷｬｬｬｬｬﾔ可愛い！ このオイラがライバルとみとめた オマエといっしょなら、 ぜったい　毎日が楽しくなるぞー！ イャｧｧｧｧｧｧｧｧｧ!可愛い！ いやぁたぬきちなんて！たぬきちなんか 挟まなくて良い私がちゃうちゃう 私のところに来ればいいからそのまま 待て待て待てｳﾊﾊｱｯギバキーバ ｷｬｬｬｬｬﾔ！スカウト！ﾊｧｯﾊｧｯﾊｯﾊｯﾊｯﾊ スカウトしてくれてありがとうな！ あっちでもよろしくたのむぞー！　ふんふん ｷｬｬｬｬｬﾔｬｬｬｬｬｬｬｬ！ﾊｧｯﾊｧｯﾊｧｯﾊｧｯ ｷｬｬｬｬｬﾔﾍｯﾍｯﾍ嗚呼〜私もﾁｬﾁｬﾏﾙに出会えると 思ってなかった！  出会いに乾杯(決めゼリフ) ｷｬｬｬｬｬﾔ！ﾁｬﾁｬﾏﾙ！嗚呼〜ﾁｬﾁｬﾏﾙ！ 出会った島で記念撮影しよう！ ﾁｬﾁｬﾏﾙ！嗚呼ﾁｬﾁｬﾏﾙ？今だ今だ！ ﾁｬﾁｬﾏﾙ動くな動くな頼む動くなそう！ 嗚呼〜なんでー！ (´ε｀ )チュッｷｬｬｬｬｬﾔｬｬｬｬｬｬｬｬﾊｧｯﾊｧｯﾊｧｯ ﾊｧｯﾊｧｯﾊｧｯやったぁぁあ！ やったｧｧｧｧｧｧｧｧｧ!ﾊｧｯﾊｧｯﾊｧｯﾊｧｯﾊｧｯ じゃあﾁｬﾁｬﾏﾙ！島で待ってるからなありがとう！ ありがとう！来てくれて！ﾁｬﾁｬﾏﾙありがとう！ ばいばい！バイバーイ！ ぁぁちょっとここの自然奪っ…貰っていこうかな？ ﾊｧｯ空気も吸っておかないと 吸うっっっっハァッッッ 出会いの場の写真撮っておこうかな。 あっ！ちが違うちがちがちが違う違う 違う違う違うまだまだ遊ぶんだ！遊ぶ！ ﾁｮｮｮ写真！写真！よしよし出会いの場に 良し！OKありがとう！ 記念撮影でもしとこうぜ！嗚呼！ ありがとロドリー！帰りたくはないけど… 帰る！ﾊｧｯﾊｧｯﾊｧｯOK！ﾊｧｯﾊｧｯ ありがとうロドリー！ END	1614	ミルクティーのあれ	36
0002-001	お疲れ様ー	0	いっちー
0002-002	前にもこのコメしてたなw	1	雪の精霊ゆきおくん
0002-003	草	1	N astro
0002-004	なんかこれみたい  「ドン勝ゥ‼︎」 ﾊﾟｧﾝ（手を叩く音「ウ’‘ア''ア''ア''ア''ア''ア''ア''ア''ア''」ﾊﾞｧﾝ（何かを叩く音 小「ア''ア''ア''ア''ア''ア''ア''ア''ア''」ﾊﾞｺﾞｫﾝ(何かを叩く音 「ハァ！！」(息継ぎ「アァッ！！」（喘ぎ声「アァッハッハッ↑フゥー↓」	1	小菅栄治
0002-005	そこら辺、機材落としたのか知らんが何気にずっとギバラが固まってるの草	1	長門ユキ
0002-006	歌詞サンクス ルイズコピペより狂気を感じる	2	もちもちあざらし
0002-007	子供の頃よくおばあちゃんが歌ってくれたなぁ 懐かしい	2	まふぃさんت
0002-008	最初猿の鳴き声やんw	1	あくつ
0002-009	怖すぎて震えた	1	コジコジ
0002-010	I love  you♡	1	小林さん家のメイドラゴンのカンナちゃんを崇拝する男
0002-011	@tsurakunai tsurakunai めっちゃ同感	2	のの
0002-012	キーボードクラッシャーかな？	1	膣ハメの翁
0002-013	ありがとう。ギバラと一緒に猿になります。	3	それわかります。
0002-014	歌詞(?)ありがとうございます！	1	【AF〆機鳥】
0002-015	@ミルクティーのあれ I got it. Thanks for your kind response.😆	1	Ukuhama
0002-016	Ukuhama  Basically, two smartphones are prepared and transcribed. This task is difficult I like Gibara, so I wrote this.  Since it is an automatic translation, I think there is something wrong.	1	ミルクティーのあれ
0002-017	Oh my God! How could you recognize all the words in crazy situation.🤣🤣🤣	1	Ukuhama
0002-018	愛を感じる	1	チャコ#凛fam
0002-019	ミルクティーのあれ えっ、流石にかわいそう(褒めてる)     すまん、無理やりただ、言いたかっただけっていうのは秘密♡	3	とーしー天照
0002-020	カラオケで歌えるわけねぇだろ！	0	大平聖
0002-021	ただの荒らしより長くて草	6	Can α
0002-022	死ぬほど長くて草   暗唱出来る様に頑張るわ(？)	2	マイティデララ
0002-023	すき	1	暇人
0002-024	どんどんブラッシュアップされてて草。  本当にお疲れ様です。	3	ゆいと
0002-025	おちんこたろう  やっぱり細かいところも直した方が良いですかね？ 追記:直しておきました。	4	ミルクティーのあれ
0002-026	「全然来ない」って部分の最初はヤバいっていってるっぽいですよ、歌詞ありがとうございます	2	やまだたろう
0002-027	一回スクロールしたら追えないよ笑笑  ありがとう！！	3	ryuta ito
0002-028	ミルクティーのあれ  お前頭おかしいな(超褒めてる)	12	重満汪
0002-029	書き起こし助かるけどこれを書き起こすのは正気と思えない	46	tsurakunai tsurakunai
0002-030	歌詞助かる	4	Two-Dimension Acquaintances
0002-031	ﾁｬﾁｬﾏﾙｩｩ！！の歌詞がめっちゃ好き	12	こあ婆
0002-032	歌詞付感謝	10	あちゃん
0002-033	長すぎて草	26	ルナサプリズムリバー
0002-034	すこ	6	村上真実
0002-035	死んだおじいちゃんと行った動物園を思い出して涙が出てきた...🥺	87	A A
0002-036	歌詞に共感した	95	みたら
0003	｢ちゃちゃまる遭遇したギバラの反応見るまで寝落ちしないぞ…｣ ↓ 寝落ちする ↓ ちゃちゃまる遭遇した時の叫び声で起きる	620	-Kane_Gitsune鏡狐	1
0003-001	鏡狐_ くさ	2	skunk high
0004	4:31:28 ﾁｬﾝﾁｬｶﾁｬｧｧｧﾝ!!!! にしか聞こえない	263	まめちゃん	3
0004-001	@赤田赤太郎  ギバラ太夫｢ﾁ゛ｸ゛ｼ゛ｮｫｫｫｫｫｫｫｫｫｫｫｫｫｫｫｫｫｫｫｫ!!!｣	2	まめちゃん
0004-002	謎の白塗り「ﾁｬﾝﾁｬｶﾁｬﾝﾁｬﾝﾁｬﾁｬﾝｶﾁｬﾝﾁｬﾝ♪」	2	赤田赤太郎
0004-003	それにしか聞こえなくなったじゃねぇかw	6	。 NAPORI
0005	配信みながら寝落ちしちゃったんだけど叫び声で目が覚めて何事かとおもたわ てか同じことになった人いっぱいいて草 いい目覚ましだなあ…	283	ナナツグ	2
0005-001	戌亥の人 深夜に寝る日にぴったりですね、、使おかな	0	ナナツグ
0005-002	4時間31分16秒後に起きれる目覚まし	0	梨が好きな人
0006	浮気から許されてほんとに良かったです 4:31:16 ここからお猿さん	567	パソコン	2
0006-001	トイ・ストーリーの猿やん🦧	7	san 1484
0006-002	動物園から脱走してて草	23	TEMIKO
0007	4:32:26 どのコーデにしてもギバギーバの顔のせいでキモくて草	252	はむしく	0
0008	Twitterで曲になっていたのを見つけてギバラの単語だけで頑張って調べてここにたどり着きました。めちゃめちゃ面白いです推します🤣	129	ばみゅばみゅ	0
0009	4:31:12 深夜3時半、運命の時 ほんとよく粘った。おめでとう！	196	やみい/朝日奈樒	4
0009-001	深夜3時半 (午前11時半)	1	ゆっくりT
0009-002	また僕の知っている猿がまた増えちゃった(1番最初に知ったのがせいぢ？)	1	ニャンタロウ
0009-003	さんやばみ そのまま収容所に連行されるんですね分かります	0	ゆなゆなアリス
0009-004	感動の瞬間だが その感動も束の間 一瞬でそこは猿の飼育場へ	8	やばみざわ
0010	4:31:12 から音量注意です。猿の鳴き声が聞こえます。	178	プラコッテ	3
0010-001	Jjajajajajaja concuerdo contigo :v	0	Axel canizalez
0010-002	人間の本質が見えてきたな	0	ゲンガー
0010-003	野生に帰りましたね😁	2	hal BAL
0011	4:39:12　とんでもねーな(笑)	17	うーぺー	0
0012	ちょっと席離して戻ったら配信終わってて無事会えて何より。 悲しみリタイヤじゃなくてほんと良かった。	68	stax arax	0
0013	寝落ちから叩き起こされたがそりゃ起きるわってくらい叫んでて草 なにはともあれちゃちゃまるお迎えできて本当に良かった、おめでとう。	46	一人ちくわ祭り	0
0014	4:31:16 ここからお猿さんが暴れ出します。ご注意ください。	35	hee tam	0
0015	4:19:18 離島rta草	72	りんごりらっぱ	0
0016	28:37 ギバラちゃんの大罪～殺生～	14	あめもりまち	0
0017	4:30:30 ちゃちゃまる爆誕	46	変態紳士	0
0018	Excuse me gentlemen and ladies could you please provide me with the timestamp of the chimpanzee scream?	0	Nexus Neon	0
0019	チバニャンから来てしまった笑笑	8	もちおもち	0
0020	みすずスルーほんと許さん 許さん おめでとうございます	52	みぞれせーじん	0
0021	4:40:26 ｢やっと解放された…｣	2	J M	0
0022	4:34:07 ここ鶏	35	うつヴぉ	0
0023	4:38:19出会いに乾杯(真顔)	2	たななか	0
0024	大喜びする姿は、シンプルに可愛かったです！！	46	山田族の神	4
0024-001	子供ぽくて可愛いじゃないですか！！w	3	山田族の神
0024-002	大毅城山  何言ってるんですか！　 めっちゃ可愛いじゃないですか！　 野性味が増して...ｺﾞﾎﾝ(咳) 自然な表情で素晴らしいですよ。	1	Mr.よーさん
0024-003	大毅城山 ま、まぁ、人には人の見え方があるよ、、多分w	0	hal BAL
0024-004	可愛いか......   そ、そうよね、猿って可愛いよね。うん。	2	ハリモグラ
0025	最後観れなかったけどギバラが嬉しそうで何より	18	CROSS- Z	0
0026	反応がアイドルに出会った時のそれだw	14	shota	0
0027	遭遇時の魂の叫びがめっちゃ気持ちよかった おめでとう🎉	9	佐々木太郎	0
0028	4:31:18寝落ちから飛び起こされた	14	うどんさん	0
0029	喜んでる姿が普通に可愛くてときめいたけどTwitter見て冷めた	8	伊豆半島	0
0030	ちゃちゃまる登場 4:31:05	4	ヌッ!!	0
0031	うち来る！？のとき終電逃した時の女上司みたい	8	あげあげ	0
0032	10:08 すこやかな 1:24:59 サソリ島 4:31:14 ちゃちゃまるおめでとう！！	24	そこらの民衆	0
0033	感動しました泣	12	えいじゅ	0
0034	17:43  初めてコメント読まれてちょっとびっくりしたw	4	そーそー	0
0035	8分前までやってたの！？すげぇ、お疲れ様	3	ぱかある	0
0036	ギバちゃん限界化めっちゃ笑ったけどほんとに一途に頑張って良かったねおめでとう(;-;) 出会いに乾杯✨いい声すぎた	5	あちゃん	0
0037	運命と濃厚接触する女性	4	ポム汰	0
0038	寝落ちしてたけど渾身のちゃちゃまるーーー！！！！！！で無事叩き起こされました。ありがとうございました。 流れ来てたなおめでとう…！	8	指差確認	0
0039	やよいちゃんをテリーい島に呼んでほしかったです。フワワ	2	リリィ	0
0040	あ、この人か Twitterでちゃちゃまる来た瞬間めっちゃ叫んでた人	5	Xiao	0
0041	ちゃちゃまるおめでとうございます!!逢って嬉しそうなギバラ見て、なんか元気もらいました	2	あいん	0
0042	えらちゃんおめでとう！！可愛かった笑	0	くわがたまにあ	0
0043	ちゃちゃまると引き換えに 動きと語彙力を失うギバラ	11	カカロン	1
0043-001	カカロン ちゃちゃまるにかける思いが強すぎる件について	1	柿の種ガチ勢
0044	51:28 初めてコメント読まれた記念 チャットもちょっと盛り上がって満足してる	51	なめこ	0
0045	心が揺れるギバラ 1:31:20 やよい 2:22:07 パッチ  しかしなんとかこらえついにちゃちゃまるに遭遇 4:31:13  そっからの行動が完全にヤバいオタクでめっちゃ笑いましたw  でも本当に努力が報われて良かったですね おめでとうございます！	201	コンティロマネ/イルミナたんふぁんくら部部長	0
0046	39:30 39:30 自分用失礼	8	NH K	0
0047	切り抜き待ってる笑	0	栗太郎	0
0048	チバにゃんから来たー	3	ぷをぷを	0
0049	よく頑張ったね…お疲れ様…	1	はまてぃー????	0
0050	相変わらずのお猿さんで草	0	S S	0
0051	今日はでねぇだろって思って寝たら悲鳴？奇声で起こされました。 おめでとう	12	チョビ	1
0051-001	同士よw	1	本間しゃちょー
0052	チバニャンに素材提供した女	3	EVOLUTION NIGHT	0
0053	絶対後で写真消すやつ(笑)	0	てちお	0
0054	ちゃちゃまる来たんか！おめでとう！	0	【鳳】toshy_トッシー	0
0055	伝説のシーンを見にTwitterから来ました	1	viola ¿	0
0056	無事ちゃちゃまる出たのかおめでとうｗｗ	0	AGORA	0
0057	起きたらちゃんとちゃちゃまる出たのね、良かった良かった😊    モニカちゃんスルーしたの許さんからな？	22	みんべる	0
0058	深夜の3時にこの絶叫である	1	しおかんべん氏	0
0059	ギバまるうるさすぎて草	1	池田エライザ	0
0060	ちゃちゃまる引き当ててクッソ喜んでるギバラかわいい 猿みたいな声の方じゃない方の「かわいい」連呼が特にかわいい	2	tsurakunai tsurakunai	0
0061	なんかいっぱいコメント読まれてめっちゃ嬉しい	18	けけ	0
0062	なんかこれ一回見出すと最後まで見たくなっちゃう（笑）	1	前途多難ちゃん	0
0063	ちょっと観ない間にギバラがバンガロールになってた	16	ロドリゲス	0
0064	ちゃちゃまるに会った時の叫び声が完全にディディーゴングの横スマ	1	爆竹愛好型スローロリス	0
0065	昨日と合わせて約7時間の死闘お疲れ様！！	1	えるぷりあ	0
0066	乙女になったり猿になったり大変だな	1	パスタ	0
0067	誘惑に耐えながらもめちゃくちゃ頑張りましたね！ちゃちゃまるおめでとうございます！！！🐑	1	Waiyu	0
0068	スクショしまくってて笑った	0	リフロー	0
0069	お猿さんもYouTubeやる時代が来たんだ おめでとう	1	名前が思いつきません	0
0070	ちゃちゃまる強く生きて （これ監禁されるぞ…）	1	sabuうふ	0
0071	ずっと見てたのにちょっと見てない間にちゃちゃまると会ってたJ🥺し	25	R136 a1	1
0071-001	R136 a1 それな…	1	赤毛の錬金術師
0072	うとうとしてたら、ちゃちゃまる出た喜びの大声で起きたw	0	あっぷるシナモン	0
0073	おめでとうございます(　・ω・)	1	極蛇	0
0074	4:32:21 ここ木から木へ移動する猿みたい	0	ケアレ・スミス	0
0075	トイ・ストーリーに出てくる猿ですねわかります	0	あおあおのすけ	0
0076	これが限界ヲタクってやつなのか…？	2	ドラゴンライジングファングイェア〔竜の牙〕	0
0077	クリスチーヌ羨ましすぎる…	3	LimeJuice	1
0077-001	違ったちゃちゃまるおめでとうございます！	1	LimeJuice
0078	今日も観に来た	0	くり	0
0079	低評価上がったり下がったり激しい配信でしたね笑	0	ゴリラム	0
0080	今日もギバラはかわいいな	0	さんさく	0
0081	喉が張り裂けそうな声出してるの凄いね🤔	1	暇人	0
0082	4:31:29 自分用	0	クラフター	0
0083	ちゃちゃまると会ったあといちいちうるさくて草てかスクショ消すのめんどそうw	0	いっちー	0
0084	4:31:05 待たせたな！ちゃちゃまるー！	0	大平聖	0
0085	今日の排出から来ました！これはどんな配信なのかな～	0	バナナくん	0
0086	Twitterで見かけて見てみたらめちゃくちゃ面白くて体調不良治った…！	1	もち	0
0087	寸止めから解放されて良かった…	0	おくひろ	0
0088	モンキーパークに久しぶりに来れて良かったです	0	えい	0
0089	推しに超音波を発するVtuberがいると聞いて	1	diet gushiken	0
0090	よかったね！ギバラ！	0	うどん	0
0091	4:31:15猿化	16	はましゅう	0
0092	こういうの見るとマイル旅行70回目で推しが来た自分は運が良かったんだな･･･笑	0	ケアレ・スミス	0
0093	4:45:30 俺	0	猿.マシラ	0
0094	4:31:15例のシーン	0	超絶大爆死神アホクズ	0
0095	1:25:28 すねた言い方がかわいい	1	あぶらあげあげ	0
0096	たまたまTLに流れてきて見たんだけど 久しぶりにヒーヒー言うぐらい笑った ありがとう	1	きりん草	0
0097	我真的會笑死XD 為了茶茶丸~瞬間變怪叔叔	0	大好	0
0098	ちゃちゃまるいがいの普通の色ってメリヤスさんではって思ったのは私だけだろうか	0	†摩天楼†	0
0099	2:24:08 寸止めメモ	0	蠍媛	0
0100	常人ならﾁｬﾁｬﾏﾙｩｩｳｳｳｳｳｳｳｳｳｳ‼︎で喉潰れてそう	0	快感を求める闇マリク	0
0101	なんか近いものを感じる	0	黄猿	0
0102	おー、ぴぇん羊おめでとさんやで🥺🐑	0	死なない不死者	0
0103	ウッキー！ギバラは申年！(？)	0	AGEX-33	0
0104	1:37 始まり	0	ねんねむ	0
0105	おふざけとか嫉妬で低評価入れた人は帰るときに外してこうね、良い子だから	3	結城香菜実	0
0106	こんなに発狂してるVTuberはじめてみました🤍🤍可愛🤍🤍🤍	0	め	0
0107	フォアァアアア！	0	【AF〆機鳥】	0
0108	2:24:25 こっから麻酔治療後の俺みたい	0	めるふぁ	0
0109	2:49:15    コメント読まれてトゥンク♡しました	1	春原なつ	0
0110	正直本当に見直したけど途中で猿が出てきて我にかえった。(おめでとうございます)	0	ザナルカンドにて	0
0111	4:31:14 サルの叫び	2	Puck	0
0112	これはもしかして餌に興奮してるお猿さんの動画ですか？	0	誰かのパチンコ忘備録【目標1500人】	0
0113	オンライン動物園	0	ミアギ	0
0114	深夜に叫びで叩き起こされて今日の仕事眠気半端なかったけど、ギバラが幸せそうだったので良かったです。	0	京桂-けいか-	0
0115	いやアバターがきもすぎて草	0	やっておきたくない	0
0116	ちゃちゃまるにあった時猿が喧嘩してるときの鳴き声にそっくりww 嬉しさが滲み出ててこっちまで嬉しくなったわ	1	鈴木とか言うやつ。	0
0117	寝落ちして起きたら爆死っぽいエンドロールで配信終わってたから諦めたのかと思った	0	SNTH	0
0118	これどうやってマイル旅行券集めたん？	0	oSH1SH1D0 o	0
0119	これから猿って呼ぶね	0	コロコロ	0
0120	4:35:31 どこにキンニクがあるんでしょうねぇ	1	カバオ	0
0121	ﾁｬﾝﾁｬﾏﾆｰ	0	一見さんお断りだよ	0
0122	ちゃちゃまるー!!!!!!!!で起きたからヤバい。	0	TiamatXx	0
0123	みすず、やよい、パッチとか普通に引き強いよね	0	まじょたろう	0
0124	深夜枠Vtuber ギバラ	0	ぱちもん	0
0125	エテ吉かて	0	海乃森,	0
0126	4:31:15 I can’t stop laughing	0	Chim Ho	0
0127	ゴールデントライアングルみたいな島やな	0	天ノ邪鬼	0
0128	タランチュラ島スコップで1周穴掘ってぐるぐるまわっとけば安置から取り放題だぞ	0	やぁらかい	0
0129	2:33:50 人類で初めてビアンカを断った瞬間	128	りんごりらっぱ	4
0130	初手ドレミなの許せねぇ	1	つきよも	0
0131	日本版キーボードクラッシャー	0	シロクロ	0
0132	感動で音が聞こえない	0	月奏-runa-	0
0133	今更これ見て、ちゃちゃ丸との出会いより1:57:55の言葉の方が自分的には名言すぎた	0	0 44	0
0134	なんかすごいイモトを感じるんだけどw	0	1 OS	0
0135	3:40:39 ヴァニラ	0	大月美弦チャンネル	0
0136	4:31:16 here some blessed noises for you	0	Never.E	0
0137	4:31:15 きもすぎわろた きもすぎわろた きもすぎわろた	0	あめんぼあめんぼ	0
0138	配信見ながら寝てしまったけど、こんな喜び方でよく起きなかったわ	0	Yamanura ・_	0
0139	嬉しそうで何より	0	グレンラガン	0
0140	歯剥き出しにして怒るタイプの猿飼ってます？	0	ウーピーゴールドバーグ	0
0141	イニシャルKと言いここでもちゃちゃまるが人気なのか	0	サブとんとろ	0
0142	4:35:25 完璧な自己紹介	1	クラッシュ万事休す	0
0143	Zoomの件、天才かと思いました。会議で活用させていただこうと思います。	0	こんばんは	0
0144	ちゃちゃまるおめでとう！ シベリア出たのは羨ましい 3:05:30 (自分用)	0	なな	0
0145	なんかあつ森厳選見てたら、 ちゃちゃまるが朝にいた。 配信者のほとんどが。 (多分w)	0	iruru kururu	0
0146	4時間ぐらいで寝落ちしてしまったけどその後すぐに会えてて良かった！マジでおつえら〜	0	ちゃんぬ	0
0147	無事お迎え出来てよかった この調子でたもつお迎え配信も待ってますね	0	たけたけ	0
0148	異常にうるせぇ	0	あひななな	0
0149	初見です おすすめに出てきたから見てみたのですが ちゃちゃまるとの出会った時の発狂具合いが もう凄すぎてびっくりしました(笑) ちゃちゃまるお迎えおめでとうございます☺️	0	MATCH微炭酸	0
0150	やよいちゃんはいいなぁ〜(● ˃̶͈̀ロ˂̶͈́)੭ꠥ⁾⁾ いいなぁ〜！！！！くれ！！！！	0	さいねちゃん	0
0151	4:35:28　高速シャッター音で草	4	tsurakunai tsurakunai	0
0152	ここでちゃちゃまるの悪口言ったら真っ先に殺されそう。	0	ミスターモンゴウ	0
0153	ちゃちゃまる:あいつ今俺のことを写メってなかったか？！	0	ハイ・ライフ!	0
0154	1:38	3	ハゲハゲ	0
0155	こんなになってまでちゃちゃまるを厳選する人がいる中でちゃちゃまるが初期住民の俺は幸せなのか…	1	いくらおにぎり	0
0156	ちゃちゃまるに出会ってからどこに飛ばしてもやったあああ！！！って言ってる	2	よっちびば	0
0157	4:43:17 なんていってるの？	1	【AF〆機鳥】	0
0158	Bro it would be greak I saw some english comments in the chat	0	RGM	0
0159	発 狂 ダ イ ギ バ ラ	0	キュアべっちー	0
0160	4:39:11 CHU♥️ キエェェェーーーーー！！！	13	亜人	0
0161	防音室あるんかな	0	ただの横山チャンネル	0
0162	4:31:12名場面	1	オタクですが何か?	0
0163	よく耐えた！ ちゃちゃまるお迎えおめでとう🎉	1	ゅぅゃょゎぃ	0
0164	猿すぎて草	0	パトリック	0
0165	個人的レアキャラ遭遇シーン   レベッカ　25:01 レム　52:22 アップル　1:29:39 やよい　1:31:17 ビアンカ　2:33:50 モニカ　2:10:45 ビンタ　2:13:55 パッチ　2:22:07 みすず　4:15:10 ちゃちゃまる　4:31:14   神引きすぎて怖い スルーするとかサイコパス過ぎる	467	ぽんちゃん	9
0166	猿かな	1	黄猿	0
0167	ブスの流れは草	0	Ne crow	0
0168	3:13:00 3:47:31 初めてコメント読まれた記念	2	ゆいと	0
0169	Lmfao i love her reaction	0	Linh Nguyen	0
0170	For the English speaking, she's reacting to her favorite villager who appeared	5	Kevin is sans undertale	0
0171	志村どうぶつ園に主演されてましたか？	1	千葉県民	0
0172	自分用コメ 2:34:12 2:49:48 3:00:46 3:10:25 3:36:38	0	さな	0
0173	推しスルーされて低評価つけるくせに浮気しようとするとタイトル読めは草なんだ	3	暇人ワトソン	0
0174	ギバラってこんなに可愛かったっけ…？	5	Tackmyn Y.	1
0175	この人どこに家持ってんの？こんだけ叫んでもいいってまじでジャングル住みか王宮住みかよ、、	0	Makino	0
0176	私的見どころポイント 虫に追われるギバラシリーズ  56:37 〜 vsタランチュラ戦1 58:27 〜 vsタランチュラ戦2 58:39  〜 幼児退行ギバラ　その1  1:24:23 〜 vsサソリ戦1 1:25:00 〜 vsサソリ戦2 1:25:05 〜 幼児退行ギバラ　その2  1:25:17 〜 恩を仇で返す  今日もギバラはかわいいな！	20	トリカ	0
0177	2:10:38 just monika.	0	レンタルベルマーク	0
0178	4:31:10  ちゃちゃまる出現	0	ルム	0
0179	イヤホンして寝落ちしてたんだけど 4:31:15でビクゥ！なって起きたわ	2	ほんやさん	0
0180	4:31:00  感動の出会い	0	N非リア	0
0181	Is she ok?	0	Jones Lego	0
0182	3時頃寝るために配信落として別の音声聞きながら寝てて、結果的に歓喜の悲鳴で起こされずに済みました。 良かったと思う反面残念に思うのは、もう毒されている証拠ですかね？   ちゃちゃまるが見つけられてよかったですね。 ･･･でもこれであつ森する理由が無くなった･･･？	0	あふらとかび	0
0183	スタジオの人（今ギバラ 動物園にいる江良さんと中継がつながっています 　　　　　　（江良さーーん  江良　　　　（ヤッァァーーー↑ちゃちゃまるーーーーー↑ 　　　　　　　（　ファーァーーーえ？本当　ちゃちゃまるだよね？　　ファ"ーーーー、↑ 　　　　　　（　ちゃちゃまるーーー↑ファッ　ファッ　ウキーー　…   スタジオの人（今お猿さんが暴れていますね。とっても元気が良いですね。 　　　　　　（次のニュースです。ちゃちゃまるを狙う変態GBRというものが現れました 　　　　　　（ちゃちゃまるの狙った写真を許可なく勝手に撮ったという罪がとらわれています 　　　　　　（それに対してちゃちゃまるさんは ちゃちゃまる（結構恐怖を感じた スタジオの人（と述べております 　　　　　　（これでニュースを終わります       ・付けっぱなしで寝ていたらギバラ の発狂で目覚めた	5	つゅえつゅえ	0
0184	やったね！今晩はジンギスカンだ	1	野菜生活	0
0185	2:29:01　初めてコメント読まれて嬉しかったー	1	へもにん	0
0186	ちゃちゃまるに思い切りビンタしてみたい	1	コウイカ君	0
0187	寝落ちしかけてたのにあのちゃちゃまるが来た時の声で起こされてそのままオールしたんですが(おめでとうございます)	1	配信見てて一日が終わる	0
0188	RiP 4:31:16	0	NeverKnowsBests	0
0189	3:34:26  4:31:16	1	けけ	0
0190	ちょうど見に来て直ぐに出てなんか嬉しかったw	0	ましゅまろ	0
0191	駄目だどうしてもキ◯さんのところのちゃちゃまるが脳裏に過ぎってしまう。	0	ドロロ墨	0
0192	1:11:52 コメント初めて読まれた嬉しい	4	Haru yama	0
0193	ちゃちゃまる7回目でお迎えした記念に見てます	0	ぴょんきちまる	0
0194	笹〇の頃から思ってたけど、低評価芸まじでおもんないな…	7	アホファインダー	0
0195	ちばにゃんに歌にされてますよ	2	おてん	0
0196	4:33:04	0	random guy	0
0197	3:18:20	0	近松	0
0198	体は絵で出来ている  家庭的な女性で、心は猿  幾たびの配信を越えて不敗  ただの一度も浮気はなく  ただの一度も理解されない  Vの者は常に独り島の上でちゃちゃまるに酔う  故に、その島ガチャに意味はなく  その体は、きっと絵で出来ていた	16	Newいつき	0
0199	4:31:16 🐵🐵🐵	0	DaylightHK	0
0200	ぴえん🖕🥺	0	売上原価対立法	0
0201	No entiendo nada	0	Angel Saavedra	0
0202	3:05:29 シベリア捨てたの絶対許さないからな	2	たか〜	0
0203	毎度お馴染みおさるさん	0	あ熊ぽち	0
0204	ちゃちゃまるウェアをパクるな！	0	maru ni	0
0205	チンパン	0	ルシエド	0
0206	ちゃちゃまる初期住民なんだけど 旅行券ここまで費やして探してる人見ると申し訳なくなる… おめでとうございます！	0	Xiao	0
0207	2:23:12 寸止めとは…5回連続で寸止めでイくの止められた気分？？？？？	0	たこ焼き	0
0208	でもどうせこれ数ヶ月後くらいに飽きちゃってちゃちゃまると島放置なんだろうなぁ… 悲しい	2	露骨	0
0209	ギバラ好きだけど今回は低評価押させてもらいます。	0	ただのらぁめん	0
0210	いや…      こういうハイテンションオタク みたいな子すっごい好き… Twitterから来ましたwめちゃくちゃテンションやばすぎて好きw(2回目)	2	紗羅玉。	0
0211	本当におめでとうございます！ まあ私はリセマラ無しの一発目から最初の住人にちゃちゃまる居たんですけどね	1	SH :	0
0212	この配信を見れば、中身でなく見た目が重要であることがよくわかる。	0	すうゆっくりチャンネル 活動休止中	0
0213	低評価下がってなくて草	0	。テスター	0
0214	低評価が増えたまま減ってないの草生える	1	芥川愁	0
0215	流行り廃りでやるゲームを決めるVtuberがあつ森を数ヶ月続けるわけもなく…。	0	たこ焼き	0
0216	正直マイル旅行券貰ってる時点で甘えよ？ 一般人はマイル貯めるところから始まるからまじで地獄。	2	チョビ	0
0217	4:31:15 控えめに言ってくそうるせぇ だまれよ	0	あめんぼあめんぼ	0
0218	最近のわざとらしいオーバーリアクションなんなん？	0	のりたけお	0
