0001	何だよ　ビビラ　ギバってんのか？	411	みっしゅう	26
0001-001	みっしゅう   キティちゃんのまちがいさがしだよ	0	ほま
0001-002	@ほま なにそれ？ネタわかんない	0	みっしゅう
0001-003	マティちゃんのキチガイさがし！！！	0	ほま
0001-004	@抹茶 チャラチャラのパーハン！	2	高橋
0001-005	@こけゆみそみえ 【ルの字教信者】 ふざけないで！今更なによ！あなただってギバラとか他のライバーのことが好きだってあれほど言ってたくせに！	2	みっしゅう
0001-006	@みっしゅう おい、俺は?!俺はどうなんだよ?!一緒に住もうって、俺が本命だって、結婚しようって、言っただろ?!(きっしょ) はぁーまじ許サンバだわァ(は？)	1	こけゆみそみえ 【ルの字教信者】
0001-007	みっしゅう まぁ怒るよね 浮気相手がニューハーフエルフだったら	2	やばみざわ
0001-008	@やばみざわ あの人はしぃしぃに浮気がバレて羽交い締めにされて以来トラウマなんだよ	3	みっしゅう
0001-009	みっしゅう チャイカさんは？ 捨てたのか？	2	やばみざわ
0001-010	ふっ　さんばやみ　そんな…俺にはこの二人以外に、江良ちゃんとしぃしぃと笹木と委員長とむぎむぎと...etc	2	みっしゅう
0001-011	@みっしゅう 結婚したのか？俺以外のやつと…	2	ねふ
0001-012	みっしゅう 私との結婚はどうなったの？！あれは嘘だったの？！(謎)	2	やばみざわ
0001-013	@ライく あなたのそんなあたたかいフォロー大好き💕     結婚しよう	2	みっしゅう
0001-014	みっしゅう あなたのコメがあってこその流れだからあなたもちゅき♡(˘ ˘ )	3	ライく
0001-015	@ライく 最初に俺が出したコメントが風化してるの寂しすぎワロタ(涙)。	2	みっしゅう
0001-016	呪・オルガ3周忌 めっちゃ好き	2	ライく
0001-017	なんだここのコメ面白すぎだろ	2	やばみざわ
0001-018	@kazuki. S (本当はゴツゴツのアハンだなんて言えない……)	8	抹茶
0001-019	呪・オルガ2周忌 好き	7	きゅーすなのだ!
0001-020	@呪・オルガ3周忌 めっちゃ好き	17	YTθ
0001-021	@kili lin ホクホクのイモだゾ	40	呪・オルガ3周忌
0001-022	呪・オルガ2周忌 原型すら意味わからなくて草	14	kili lin
0001-023	イクイクのホモ	52	呪・オルガ3周忌
0001-024	コツコツのアアア的で草	49	kazuki. S
0001-025	お二人とも声震えてませんか?  私は青鬼に慣れてますからぜぜぜんんぜんビビッってまませんががが	38	よわむしArisia
0001-026	何だよ ギビラ ババってんのか？	56	高性能キューカンバー
0002	40:55 ここルイズコピペに聞こえて草	222	ズッキーニ	8
0002-001	なんか貼れと言われた気がしたから中国語ver.もやっとくね  露易丝！露易丝！露易丝！露易丝！  啊啊啊啊啊啊啊啊啊啊啊！！！！！  露易丝露易丝露易丝露易丝  啊啊啊啊啊啊啊啊啊啊啊！！！！！  prprprprprprprprprpr！！！！！  味道真棒啊！prpr！！  啊啊啊！  好想prpr露易丝·法兰西斯酱夹杂金色的粉红长卷发啊！！！  prpr！！！！  啊~！  诶 稍等一下  不对 是好想摸摸啊！！！  摸摸~摸摸~摸摸她的头发~！摸摸她的头发~！  小说第12卷的露易丝酱好可爱啊！！  啊~啊~啊啊啊啊啊啊~！！！！！  动画二期播出真是太棒了露易丝酱！！！  啊~真可爱啊！！！露易丝酱真是太可爱啦！！！！  啊~啊~！！！！！！  漫画第二卷也发售了真是太高兴了  呀~！！！！喵~！！！！！嘎~！！！！！！  咕啊！！！！！！！！！！！！  漫画什么的根本就不是现实！  啊 仔细想想小说和动画也是……  露易丝酱在现实里不存在？  喵~！！！！！呜哇~！！！！！！！  怎么会这样！不要啊！！！！！！  哈啊啊啊！！！！！！  哈尔克基尼亚啊！！！！！！！！  可恶！狗屎！我要跟这个狗屎的世界说再见了……  诶 她在看着我？  封面插画的露易丝酱她在看着我？  封面插画的露易丝酱她在看着我啊！  露易丝酱她在看着我啊！  插画里的露易丝酱她在看着我啊！  动画里的露易丝酱在跟我说话呢！  太好了！看来这个世界还是没有抛弃我呢！！！  呀吼！！！！！！  我还有露易丝酱！  我做到了 凯蒂！  一个人也可以过得很开心！！！  啊 漫画里的露易丝酱啊啊啊！！！！！！  呀啊啊啊啊！！！！！！！  谢 谢斯塔！安丽埃塔！塔巴莎！  呜呜！！！  把我的思念传达到露易丝那里去吧！  传达到哈尔克基尼亚的露易丝那里去吧！！	1	ぺいる
0002-002	英語版も置いとくね Liz. Liz. Liz. Liz.  ..... ..….. ah … . Lizlizliz !.  Cncacnca. Cncacnca. Suharsuhar. Suharsuhar. ..a good smell it..  … Mr. Mr.. It is ..Cncacnca.. !  as for the hair of a pink blond of the Liz Fransowarz phlegm. Cncacnca. !.  It made a mistake. ..Mofmof.. !Mofmof. Mofmof. Camicami Mofmof.  Caricarimofmof … Coming !.  Liz of 11 novel volumes … … !.  Sleep Liz phlegm that you may decide at two animated cartoon terms. .  It is lovely. Liz phlegm. It is lovely. .  It is glad for as many as two comic volumes to be put on the market … .  The comic is not a reality. .... ..encounter.. when often thinking about …  novel and the animated cartoon … Isn't Liz a reality?!.  Such unpleasant of Halkeginia a !.  This !. It stops it. Stop the reality and … Food. ?Seeing …  Is Liz of the cover picture looking at me?  Liz of the cover picture will be looking at me. Liz will be looking at me.  Liz of the cut-in illustration will be looking at me.  Liz of the animated cartoon will be talking to me. It was good …  ..no Mon it who had renounced of worldly still having a long way to go...  I have Liz. It is possible to do alone Katy doing.  Liz of , ..encounter.. comic.  Shanna Vilhelmina. Ann ! Se and saver  It ..delivery.. delivers it to Liz of Halkeginia Liz my .... desire.	6	宮内空
0002-003	荒らしの松潤  お疲れ様	1	なんとかさん
0002-004	@荒らしの松潤 ルイズコピペニキすこ(*^^*)	3	橋宮結弦
0002-005	@荒らしの松潤 あぁー見覚えあるわ	3	揺光
0002-006	揺光  ルイズ！ルイズ！ルイズ！ルイズぅぅうううわぁああああああああああああああああああああああん！！！  あぁああああ…ああ…あっあっー！あぁああああああ！！！ルイズルイズルイズぅううぁわぁああああ！！！  あぁクンカクンカ！クンカクンカ！スーハースーハー！スーハースーハー！いい匂いだなぁ…くんくん  んはぁっ！ルイズ・フランソワーズたんの桃色ブロンドの髪をクンカクンカしたいお！クンカクンカ！あぁあ！！  間違えた！モフモフしたいお！モフモフ！モフモフ！髪髪モフモフ！カリカリモフモフ…きゅんきゅんきゅい！！  小説12巻のルイズたんかわいかったよぅ！！あぁぁああ…あああ…あっあぁああああ！！ふぁぁあああんんっ！！  アニメ2期放送されて良かったねルイズたん！あぁあああああ！かわいい！ルイズたん！かわいい！あっああぁああ！  コミック2巻も発売されて嬉し…いやぁああああああ！！！にゃああああああああん！！ぎゃああああああああ！！  ぐあああああああああああ！！！コミックなんて現実じゃない！！！！あ…小説もアニメもよく考えたら…  ル イ ズ ち ゃ ん は 現実 じ ゃ な い？にゃあああああああああああああん！！うぁああああああああああ！！  そんなぁああああああ！！いやぁぁぁあああああああああ！！はぁああああああん！！ハルケギニアぁああああ！！  この！ちきしょー！やめてやる！！現実なんかやめ…て…え！？見…てる？表紙絵のルイズちゃんが僕を見てる？  表紙絵のルイズちゃんが僕を見てるぞ！ルイズちゃんが僕を見てるぞ！挿絵のルイズちゃんが僕を見てるぞ！！ アニメのルイズちゃんが僕に話しかけてるぞ！！！よかった…世の中まだまだ捨てたモンじゃないんだねっ！  いやっほぉおおおおおおお！！！僕にはルイズちゃんがいる！！やったよケティ！！ひとりでできるもん！！！ あ、コミックのルイズちゃああああああああああああああん！！いやぁあああああああああああああああ！！！！  あっあんああっああんあアン様ぁあ！！シ、シエスター！！アンリエッタぁああああああ！！！タバサｧぁあああ！！  ううっうぅうう！！俺の想いよルイズへ届け！！ハルケギニアのルイズへ届け！	32	荒らしの松潤
0002-007	ルイズコピペってなんだい？	2	揺光
0002-008	死ぬほど草生えた	6	yurt
0003	2:06:20 ボーちゃん？	384	もふもふ	6
0003-001	そっくりで草	0	マリオタク
0003-002	38:14   も、もれなくボーちゃん(時間間違えた)	1	Kyoro 98
0003-003	しんちゃんっぽい...ぽくない？	6	ドイミ
0003-004	まんまで草	0	アセロラもっきん
0003-005	観てる時は違和感覚えなかったのに改めて観るともろで草	22	ぴーやまじぴーや
0003-006	草	19	サメ
0004	1:23:00　ガチびっくりしてて草	255	と.	0
0005	35:06  3Dならではの動き	471	そこらの民衆	9
0005-001	逮捕される前に処刑されるのか…()	1	いかさたん
0005-002	何の話してるか謎になった	2	礼
0005-003	ゆなゆなアリス 私が逃がした	2	ゆりー
0005-004	@秋本 取り消した	2	ゆなゆなアリス
0005-005	@riyutt i 処刑した	3	秋本
0005-006	@riyutt i 通報した	6	ドイミ
0005-007	閃いた	7	riyutt i
0005-008	かわいい…興奮する	10	アイリス
0005-009	興奮した	13	塩タン
0006	1:42でち！	205	大塩平九郎	7
0006-001	クラッシュ万事休す にきさんきすき	0	かま
0006-002	始まり樽カル	0	くんむげん
0006-003	@てきお  二 揆 三 揆	7	クラッシュ万事休す
0006-004	クラッシュ万事休す よろしく二揆＾〜	10	てきお
0006-005	@ガラパゴスささみ  数字が増えてるから起きるのは二揆だな	6	クラッシュ万事休す
0006-006	@ふるたま  よく見ろ 偽物だ	15	ガラパゴスささみ
0006-007	サンキュー一揆	5	ふるたま
0007	43:22 43:22 43:22 43:22 43:22 43:22  男気溢れる声	267	ing pudd	9
0007-001	43:23 43:2343:2343:23	0	佐藤智
0007-002	この声で抜いちゃった♡	2	丑寅の兄ぃ
0007-003	リピートしたらめっちゃウサ○ッチで草	0	yomi 1022
0007-004	ドッスン	0	o.m.k〜おっすめっすきっす〜
0007-005	お◯シス思い出した	0	ほむらちゃそ
0007-006	@あまちゃペービー かわいい	0	琥珀-cohak-
0007-007	ウサ〇ッチ思い出した	5	すちーるはむちーず
0007-008	そこの表情変化好きすぎて先に進めない	19	まめ。
0007-009	( ﾟдﾟ)ﾎｯ！🦍🦍	24	琥珀-cohak-
0008	1:58:00 二段式にゃーお	154	蛇屋	0
0009	1:09:50 神回避の連続で草	241	風景	3
0009-001	あえて無駄に動きステージ移動時の青鬼状態追加を減らす、ＴＡＳのようなプレイ	0	柳月ニシキ
0009-002	この回避はプロww	5	なつ
0009-003	これわすごいw	6	男芋
0010	2:06:19ここから卓郎までの反応好き。	128	Raikili	0
0011	ギバラ「馬鹿馬鹿しい… お化けなどいる訳がないでしょう 科学的に考えて…」  青鬼「やぁ」  ギバラ「ぎゃああああ！！」  なんか三下キャラみたいで草。	70	ゆーゆーアルフォンソ	0
0012	1:22:49 絶叫3段階	156	あもぽぺ	0
0013	42:21 ここの｢おっおっおっ｣って顔に人間味をとても感じる	23	J M	0
0014	1:51:09 ここ幼児退行	24	しらたま	0
0015	2:14:50 最後のやつ	89	やみい/朝日奈樒	0
0016	3:00 なんだよギバラ、猛ってんのか？	42	ポテトだぜ	0
0017	1:23:02	58	あまんと	0
0018	37:00 逃げ切った時の「ﾔﾋﾞﾋﾞ……」めっちゃ好き	134	ただの丼	4
0018-001	ミサイルのロック音並に声出してて草	0	Sori Yameta
0018-002	ヤビヤビヤビヤビヤビヤビヤビヤビヤビヤビヤビヤビﾔﾋﾞﾋﾞ……	1	ゆりー
0018-003	何処ぞのスタンド使いみたいですこ	3	akatuki fran
0018-004	ただの丼 ここよく切り抜けられたなぁ。って感動を吹き飛ばすﾔﾋﾞ	2	R e k i
0019	18:32 とりあえず()	129	もがみん	1
0019-001	〇721	4	大畑はま子
0020	43:22  54:52  1:30:24 変な声シリーズ	115	こうか	3
0020-001	うわーい好き	0	超考試合格昇格部隊
0020-002	追加 34:31	20	あんちょあー
0020-003	毎回体がビクってなるの好き	17	ゆきぽよ
0021	魔女の家やったなら 青鬼なんて余裕と思う希ガス	17	ゆっくりG9	0
0022	23:41 だから青鬼の体は青かったんやな	30	astro boy	0
0023	5:22 名前入力 6:48 ゲーム開始	40	焔神崎	0
0024	アーカイブ見る前の俺「へへっ…どんな可愛い悲鳴をあげるか楽しみだなぁ…」ﾆﾁｬｧ アーカイブ内のギバラ「うぉぉああああ！！ほっほっほっほっはっはっは！（野太い）」 俺「さすがギバラ」	10	EIGHTピーナッツ	0
0025	ギバラASMR待ってるで！	21	華粉	0
0026	37:08 ここの余韻やびやび好き	4	粕谷風花	0
0027	1:16:00 ﾊｯ!?ﾋﾞｯﾋﾞﾋﾞﾋﾞﾋﾞﾋﾞﾋﾞﾋﾞﾋﾞ	11	not_UMR	0
0028	25:15 犬になったギバラ	4	もちだのひと	0
0029	紅殻のパンドラなら間違いなく「適合者」と呼ばれるくらいには3Dめっちゃかわいい	24	柳ユウ	0
0030	たまに手が出てくるの好きw	2	骸猫シエル¿	0
0031	クリアしたらどんどん倍速でクリアしていく青鬼やるんですよね	6	たうたう	0
0032	笑顔が素敵	17	ニヤケ一族	0
0033	地味に何回か神回避してて草	3	John Doe	0
0034	サムネの怪物とっても目に良さそうですね	28	コマド	3
0034-001	普通のブルーベリーよりアントシアニンが豊富そうですね…	0	美穂チャン
0034-002	わかさ生活並感	0	垂心
0034-003	ﾌﾞﾙﾌﾞﾙﾌﾞﾙﾍﾞﾘｱｲｱｲ ﾌﾞﾙﾍﾞﾘｱｲ	5	宇宙人。
0035	初見じゃなさそう	9	ジョンドゥ	0
0036	なんでも燃やそうとするやんw	2	三玖しか勝たん	0
0037	急上昇ランキング入りおめでとう🎉	7	makuana seyuseyo	0
0038	ブルベリアイさんじゃないですか	4	こなた	0
0039	かわいい	12	めんへらちゃん	0
0040	ナチュラルにたけしのハンカチで血を拭き取ろうとするの草 って正解なんかい！	2	高瀬緋澄	0
0041	1:50:20 クリアしたことあるのにめっちゃびっくりした	8	はざわ。	0
0042	1月31日からコロナか？みたいなコメントあるなぁ そんな前からもうあったんやなぁ	2	じゅん	0
0043	すげ絵ぇ！美少女が喋ってる！	3	man eater	0
0044	なんか配信に見覚えのあるダークファルスいたんだけど・・・	2	A社畜	0
0045	セーブと同じぐらい、こまめに掃除できる子に育っていればな〜      部屋が汚れないのになぁー	6	愉快な餡子	0
0046	サムネがわかさ生活のブルベリアイで草	0	Lui. riy5563	0
0047	今見るとこの頃だいぶ声高くしてたんだな…	0	トイレ	0
0048	江良ちゃん可愛い	1	白兎 桜藍翔	0
0049	明らかに夜廻でチェイスが鍛えられてる	3	sora ninn	0
0050	可愛い	2	タチャンカ様	0
0051	14:09　電動たけしぃしぃ	0	アルミcan	0
0052	こいつほぼ3Dやんけ。 気に入ってんやな	3	琥珀-cohak-	0
0053	サウスパークもやって欲しい	2	暇な人	0
0054	ギバラにハマってしまった	0	ヲタ活蓮くん	0
0055	かわいい	2	B' M―TN	0
0056	3Dギバラ(は)ほんとにかわいい・・・😇😇😇 ファンになったわ💕	0	河合美咲	0
0057	ぎばー	2	らず	0
0058	にじ3D導入後から時々江良ちゃんを観れるようになりました。 もう初配信を見なくてもええんやな…	59	いなごつくだに	2
0058-001	よわむしアリシア  ギバラから偶に出てくる江良ちゃんが好きなのでギバラもすこ	4	いなごつくだに
0058-002	初回配信にいましたね... おかえりなさい先輩。江良ちゃんサイド以外は見れない感じなのですか?	2	よわむしArisia
0059	怖がるギバラ可愛い	0	ネコスフ	0
0060	声全然違いますね！？  ツイステ動画から知り、ギバラちゃんの動画を遡っている者より	0	ちっち	0
0061	おい！ギバラ！    青鬼がダッシュで逃げそうな名前だなw	1	メイフの蜜ぎ隊	0
0062	サムネのそれ青鬼やない・・・ 野沢〇子や・・・	1	鯖落ち姫	0
0063	かわいいよギバラ	0	もちだのひと	0
0064	ギバラと同居して罵倒されたい	0	揚げたてコロッケ	0
0065	サムネブルーベリーアイみたい	0	飲めない飲料水	0
0066	サムネブルベリ○イのCMのやつじゃねぇか懐かしい	1	火野荒シオン	0
0067	なんやこのサムネ…ブルーベリーアイ案件消えたな	5	wkwk - kun	0
0068	配信お疲れ様でした、コメントでも書きましたが、悲鳴の時に外で猫がケンカしてました！	3	神城アキラ	0
0069	俺より上手い、悔しい	0	せいたこや	0
0070	PC版の青鬼のフワッティーってダッシュの前にラグというか硬直時間があるからよけやすいんだよね	0	颯以	0
0071	ver.3.0とか今も出来るのかな 出来るならやって欲しい	0	海老	0
0072	1:58:02 自分用	1	メル.	0
0073	どっかのパンダとはスピードが違うぜ	0	しんいり	0
0074	2:04:05 △○□×(みわしいば)さん知ってるのすき	12	うみひじり	1
0074-001	これはアリスメアorシロノノロイフラグ	0	りゅーんじぇだ
0075	視聴者の半数くらい下の注意書き読んでないの草	0	粕谷風花	0
0076	52:10	2	hr	0
0077	1:06:30 密です	1	Tom Kid	0
0078	1:06:26  ﾂﾐﾂﾐﾂﾐﾂﾐﾂﾐﾂﾐ	19	紅茶サン	1
0078-001	ﾐﾂﾐﾂﾐﾂﾐﾂﾐﾂﾏﾂﾐﾂﾐﾂ	1	リhir
0079	お母さんに猿でもいるの？って言われた	0	ニッポンニッポニア	0
0080	2:11:00 なにがあったし	0	鮫肌ガブリアス	0
0081	1:23:32 ここすき	0	セツラ	0
0082	野沢雅子のブルーベリーアイ！	0	もやしサンバ	0
0083	ちょと待って　サムネのこいつって 製薬会社の社員でしょ	0	はあ	0
0084	ギバラ多分頭いいと思う	0	揚げたてコロッケ	0
0085	5:05 START	0	残業万歳	0
0086	なんだよ ビビシ タケってんのか？	0	カモ	0
0087	28:06 なんだぁ・・・？てめぇ・・・	5	シンフォニー	1
0087-001	4990 symphony ギバラキレた	0	BaNaNa
0088	1:23:02の所音なくなってんだけど	3	駆逐艦が主力のT督	1
0088-001	ただのロリコンなT督 鼓膜破壊ニキ強く生きて	0	ざーさん
0089	I wish I can understand everything here	0	Stygian ?	0
0090	なお卓郎やタケシが無事なのは小説版で説明されてます。(同じ世界かは知りませんが) それによるとこの館には隠し通路などがありそこを通って来たそうです。 なおプレイヤーは通れません。	0	『ああああ』	0
0091	事前に攻略法を知っているかのようなサクサクプレイ	6	キン256チャンネル	2
0091-001	ネタバレ酷かったですからね	0	ゲーマー
0091-002	初見感は減ってしまうけど青鬼ってずっと前から色んな人がプレイしてるから少し見飽きてる感がある。新しく違う方にプレイしてもらうのは嬉しいけどグダグダするよりは個人的にこっちの方が助かる。	0	クヌギ君
0092	なんだよビビし  たけってんのか？	0	こめつぶ	0
0093	あれ、ゴキブリ青鬼って もう出てこなくなったの！？	1	ネオバブルマン	2
0093-001	愛の伝道師 数年越しの衝撃の事実。　返信ありがとう😊	0	ネオバブルマン
0093-002	これの前バージョンが最初で最後やで、後あれエビやで	0	愛の伝道師
0094	この娘本当に可愛いなぁ、、、	0	ラー丸太郎	4
0094-001	カミーユ・ビンタ うん！❤️	0	ラー丸太郎
0094-002	自演する時何考えてるんだろう、うわこれキツいなぁ...とか考えないのかな	0	カミーユ・ビンタ
0094-003	国連を脱退した先輩。 自演つらい（）	2	mignon _
0094-004	いや、お前過去動画見てみ？失望するぜ	0	ラー丸太郎
0095	ほんひまも笹木もやってたし。 青鬼ばーっか！！！	0	癒やし系レイパー	0
0096	サムネどっちも腰振ってそう      …え？	0	さんさん	1
0096-001	一度腰を振れば一面砂漠と化し 二度振ればその地は割り砕かれ 三度ともなれば景色は消え去る	1	カミーユ・ビンタ
0097	38:00男に囲まれてる女って言うとライバーも入ると思うのですが江良さん。どう思いますか? 43:30やめろそれはわたしにきく 44:00考えてる時の表情が...💘あのですねこの如く全部刺さってヤバい。もう蜂の巣よ 46:00多分喉やったな🧐ガラガラですよ 1:04:50小さな〜ときめきを集めて〜恐怖を〜ごーまーかーすー!! 1:11:30文字通り物言わぬ人形になりましたね　いや肉塊が正しいか 1:12:50江良ちゃんの精神-50 1:15:50江良ちゃんびーむ 1:21:00めもめも江良ちゃん 1:47:00あばばばば 2:09:20悟りの境地に入る江良ちゃん 2:14:00自分用	6	よわむしArisia	0
0098	ホラゲーを次々と攻略し閑話休題を入れ心を休めた江良ちゃんが次に挑むのは、全身真っ青の人食い鬼が住まうヤツのハウスからの有名脱出ゲーである 果たして江良さんは音にビビらずに頭を使って鬼から逃げ切り無事脱出出来るのか!? 江良ちゃんのチキンプレイにブルーベリーソースを和えたこの自慢の甘酸っぱさと旨味の効いたスペシャルな一品を時間をかけてじっくりご賞味下さい!	2	よわむしArisia	1
0098-001	ビクッって仰け反る江良さんが可愛い過ぎて...水を飲んでプハーッって息を出してるのもよく分かる... 大きく動いてリアルに近寄る分、これまでやってきたホラゲーより凄く生命の息吹を感じるというか...突然出て来て此方もドキドキするけど別の意味でもかなりドキドキすると言うか...その...😵	1	よわむしArisia
0099	他人の実況者の話するの良くないかもしれんけど、キヨさんの見てからだとやっぱりクソ遅く感じるw	2	あぐろすむら	0
