0001	49:36 こんな手の動き、他の3Dで見たことなくて草	86	藤田キセノン	0
0002	19:42 手の動きｴｯ!!!!	157	毛布雪	6
0002-001	助かる	0	欲しいname
0002-002	ショタがオラオラ系のお姉さんに無理やり絞られてる感あります	6	平成最後の「あ」
0002-003	@尻キャッツ はい処刑	2	ブレイブリ【ASMRの徘徊者】
0002-004	(   ´ ꒳ ` )💡	4	尻キャッツ
0002-005	(？？)いけいけいけっ！	8	あんぱんま
0002-006	音も何か相まって...	8	しばさん
0003	19:20正体現した？	91	? S	0
0004	51:34 一級フラグ建築士ギバラ	91	コンティロマネ/イルミナたんふぁんくら部部長	0
0005	54:27 「本気でやるから喋りかけんな」   これがバーチャルYouTuberなんだよなぁ...	39	おかゆ	0
0006	Twitterみたけどめっちゃ心配してるぞ！ 投稿頻度は自分のペースでいいから自分のこと1番大切にしてね	35	とろ	0
0007	俺この人のライブ観て泣いたんだけどな……。	57	パロ	2
0007-001	パロ 草	0	ラー丸太郎
0007-002	あれは御伽原さんでこっちはギバラだし多少はね？	10	せーや
0008	19:20　やっぱりそうだったか	29	ナツメグ	0
0009	40:28 まるで通信販売	31	リア。	0
0010	28:05 関西クレーマーギバラ	74	東雲シエル	4
0010-001	東雲シエル 言葉狩りかと思ったら普通に言ってて草	0	あ
0010-002	お な り い と こ	1	ぺったんぺったん
0010-003	御     伽     原     う     ど     ん	6	エクスカリバー
0010-004	ギバラカーリー説やめろ	2	ノンケと化した美少女先輩
0011	40:06 男気のある声	14	ya bu	0
0012	最後の一輪車見てると某日本最高位4人組の一輪車クッソ上手かったんやなって思った	25	きよみち	1
0012-001	キ〇	0	ソ・コウチン
0013	19:20 やはりバ美肉だったか	36	モーフィアス2世	0
0014	51:13 ギバラ一輪車スタート	24	BLUE 350	0
0015	ゆっくり休んでください！	8	飴色真	0
0016	自分のできる時でいいんだよ	6	エビ太郎	0
0017	ギバラのにじ3D本当に可愛い	7	32ギガバイトのUSBメモリー	0
0018	ギバラまた準備が整ったら配信してな	4	aoi Fuse	0
0019	なんとなくいつもより喉の調子が良い気がした。楽しそうでなにより〜	6	つきよも	0
0020	1:02 ユーピー慈悲なくて草	2	おんみょーん	0
0021	ストーカーされてるってほんまか？ そいつぶっ飛ばすからまた元気な姿を見せてくれや。	15	淫コ	0
0022	画面越しならともかく面と向かって相席となると目線が合わせれずなんか互いに凄く静まりそうなイメージがある・・・	6	一人ちくわ祭り	0
0023	51:34 このコースは35mぐらいまで一切リモコンを操作しなくても落ちないよ😄	3	Yawa naro	0
0024	最後の方ガチのギバラ出てて草	5	イキリ堕天使	0
0025	おつえら〜！ 圧倒的フラグ回収のプロ… さすがです笑 タイミングよく飲んでた アセロラが器官に入ってむせました 返して下さい()	9	アヲノ#調子極端	0
0026	最初は江良途中からはギバラ	2	そこのあなた	0
0027	塾だったから見れなかったーー！！	4	ぷりん!	0
0028	配信お疲れ様でした、今日も可愛かったです、達人はギバラと戦ってます⁉️	4	神城アキラ	0
0029	25:33 - When your aryan culture accidentally slips out for a moment.	0	Mitch Douglas	0
0030	Twitter見て普通に心配したわ 配信頻度週一でもええんやで なんなら月二でも全然ええんや	13	煮卵.	0
0031	負けた時のマジギレと勝った時の怒涛の煽りがギバラらしくて安心した	2	ぺったんぺったん	0
0032	リモコンの振り方が手○キで草	1	EVOLUTION NIGHT	0
0033	25:25 マクシたてミリアン	4	くいずのまっしゃー	0
0034	任天堂に持ち上げられ見捨てられた女	2	佐村河内守	0
0035	ギバラさん普通にゲームうまいの羨ま。	2	いちのき	0
0036	39:50 どうしてもサンシャインってしか聞こえない	9	0827れーずん	0
0037	動きがうるさ可愛い	1	パンプキンhappy	0
0038	ギバちゃんのCPUと対決する系の配信めちゃ好きです	0	ひかる	0
0039	懐かしっ！	0	とまと	0
0040	地声高くなった？	3	esukan	0
0041	36:20 きたー	0	柔らか青豆	0
0042	うｐ乙です。終始可愛いギバラさん。	0	ゼロキ	0
0043	マクシミリアンミニゲームでは戦犯行為して大事なとこできっちり決めるの草	1	とくとく	0
0044	ギバラよ、なぜマリオパーティと同じ過ちを繰り返す…	0	kazunn777	0
0045	すげー3Dモデルになってる	1	シフΨ	0
0046	49:49ここすき	0	むぎわらのプリン	0
0047	勝ったら相手を罵倒し、負けたらゲーム側のせいにするギバラw	0	22 dk	0
0048	サイコロを10個降って43以上が出る確率は約8%	1	NIGHT 16	0
0049	でち	1	アセロラもっきん	0
0050	孫悟空っていうかほぼランチだろこの人	0	クラッシュ万事休す	0
0051	まさか○○○○○○○に負けるとわ	1	かずきち君	0
0052	シマウマってロバの仲間だよ	0	琥珀	0
0053	49:47 何が優勝じゃやかまし(迫真)からの怒涛の👎	15	コンティロマネ/イルミナたんふぁんくら部部長	3
0053-001	@ネフライトを崇める民 久しぶり、修正しときました	0	コンティロマネ/イルミナたんふぁんくら部部長
0053-002	コンティロマネ/イルミナたんふぁんくら部部長 ところで久々に会ったね	0	ネフライトを崇める民
0053-003	49:47	1	ネフライトを崇める民
0054	Q：サンシャインなんてゆうた？40:11  A：39:50	0	ろりばばぁ	0
0055	この人キヨ大好きじゃん	3	ソーセージウィンナー	0
0056	審議 5:01 10:48	13	そこらの民衆	0
0057	ギバラ戌亥の新衣装見に行ってそう	2	ワシャーシーク	0
0058	達人は保護されているッッッッ!!	1	ずんどこきよし	1
0058-001	@沖田十三  ヤロウ…タブー中のタブーに触れやがった………	0	ろりばばぁ
0059	12:18 ｴｯｯｯｯｯｯｯｯ  閃いた	7	ああああ	2
0059-001	ﾄﾞﾋﾟｭｯｯｯｯｯ!!!!!!!!!!!!!!!!!!!!	1	ぺったんぺったん
0059-002	お巡りさんも一緒に！	2	堕天使
0060	ギバラ、外道エロイムみを感じるんだけど、誰かわかる人いないだろうか、、、	0	コジコジ	0
0061	14:53 草原不可避	2	カプチーノ	1
0061-001	あれ、金槌？w	1	ソ・コウチン
0062	一輪車で奇跡とか…絶対奴らじゃん！     TOP4好きな地雷女とか解釈一致すぎて推せる	0	メイフの蜜ぎ隊	0
0063	*49:47* Hahahah, her reactions are divine. Gibara-san is really very charismatic and emotional.  Voice intonation + intense gestures = and understanding comes on its own.))  P.S: Makshimilian bakayarou, kuso ga...❤️	1	Evgeniy Bazhukov	0
0064	クソゲーなのは自明なんだよなあ...	0	隠遁学生	0
0065	ジェンジュン誰かに似てると思ったら 若干、朝倉未来に似てる	0	ラー丸太郎	0
0066	14:52 19:03	0	Masha	0
0067	Madres, no entiendo monito chino : (	1	Alberto Adolfo Leal Román	2
0067-001	@top 10 monas chinas comunistas Buen punto mi amigo	0	Alberto Adolfo Leal Román
0067-002	Tranqui nadie lo hace solo se disfruta	1	top 10 monas chinas comunistas
0068	ぎばー	0	らず	0
0069	しゅげぇ！とかおつえらってどうやって絵文字にするか教えてくれぇ	0	空気が読めない人	9
0069-001	柳ユウ Chrome入れてやる方法をしてみます！	1	空気が読めない人
0069-002	もりぃ iPhoneだと出ないみたいだ…	0	空気が読めない人
0069-003	ブラウザから御伽原江良のYouTubeチャンネルページに行ってからチャンネルURLの末尾に「/join」でいける YouTubepremiumに入る必要はないよ	0	柳ユウ
0069-004	空気が読めない人  登録した後、登録ボタンのところにメンバーになるってのが表示されてるはずなんだが…	0	もりぃ
0069-005	山の神 サンガツ！ でもメンバーってのが出てこない…  あっ、YouTube premiumに登録しないといけないやつかな？	0	空気が読めない人
0069-006	ギバラのメンバーなりたいけど登録ボタンが出てこない	0	ラー丸太郎
0069-007	月額４９０円でなれるんだよ チャンネル登録の所にメンバーて書いてあるところから見れるよ	0	球審の白井
0069-008	トンボ なんのメンバーだろ…	0	空気が読めない人
0069-009	メンバーになれば使えるらしいで	0	トンボ
0070	English	0	Breeie	0
0071	ごめん、この人一般人の生主と何が違うの？キャラが見えない	2	jasdofijaer	5
0071-001	配信全部見てから帰っておいで	1	ぺったんぺったん
0071-002	キャラの代わり様が 新婚の嫁から結婚15年目の嫁	7	ラー丸太郎
0071-003	学び直して出直してこい‼️（過激派）	6	MEGA TON Newton WashingtonD.C
0071-004	初配信見てこい	8	感情豊かなウルフ
0071-005	キャラを捨てたっていうキャラがウケてる	11	:1は素数じゃない
