0001	スマホに課金できなくてメン限入れないマンだから、元気な江良ちゃんを配信で見れて嬉しかった	227	泥水	8
0001-001	@橘三柑 ダニィ？！	0	上坂隆
0001-002	@tama zarashi 実はLINE payがつい先日visaプリペイドカードに対応した事によりgoogle経由(apple税を払わないで)でいけるようになったのだ	5	橘三柑
0001-003	難しい単語がたくさん…がんばります試してみます！	11	泥水
0001-004	kyashとpaypalの併用でいけますよ	1	ぽんぽこ太
0001-005	LINEPAYはちょっと前に使えなくなっちゃったけどGoogle playカードとか使って入るやり方もあるから未成年でも入ることはできるよ	8	tama zarashi
0001-006	@橘三柑 ！？ この前間違えて5万入れたから助かる	12	ran Mi
0001-007	@橘三柑  (まじですか、それは世界変わりますね) (試してみます、ありがとうございます)	20	泥水
0001-008	(LINEやってたらLINE payで入れるかもよ)	5	橘三柑
0002	前に筋肉いらんとか言ってたけど、RFAぐらいならムキムキにはならないから安心して毎朝RFAやっていいぞ	191	トーマス	1
0002-001	アイコンパーシーじゃねえか	12	Mrs.ビニール袋
0003	13:44〜 出産	112	コンティロマネ/イルミナたんふぁんくら部部長	3
0003-001	@ながしま ピッコロ大魔王で草	2	絶対に結婚するライナー【登録者数1000人で結婚】
0003-002	口から出産でワロタ	2	ながしま
0003-003	「ウォエェ〜」って事は口から出産してる...つまり...ギバラはピッコロ大魔王だった！？	19	ガンギマリン
0004	講義サボってめっちゃ急いで帰ってきたのにLIVE間に合わなかった！！くそっ！！！ううううううううぅ！！ｱﾞｱﾞｱﾞｱﾞｱﾞ！！！	91	かしゅーさん!?	5
0004-001	講義中に見るんやで👍	1	ミジンコ
0004-002	わしもじゃ若人よ　しかし講義はしっかり受けてもろて	3	葛の葉ろうき
0004-003	わかる…	2	ラリネコ
0004-004	わかるぞ…わかるぞその気持ち	2	絶対に結婚するライナー【登録者数1000人で結婚】
0004-005	アーカイブで…我慢してもろて…	3	moka
0005	11:13 ガッキーはガ・チンコとか言わないぞ	33	ごま	0
0006	悪魔を産んでるん？ってコメントで無限に笑ってた	46	伊藤渡辺佐藤高橋	0
0007	80歳ぐらいの運動ほとんどしたことのない女性がはじめてリングフィットやった実況みたいですき	81	2 yaki	2
0007-001	@絶対に結婚するライナー【登録者数1000人で結婚】 せめて70歳にすべきであったかと反省しております	0	2 yaki
0007-002	具体的で好き	2	絶対に結婚するライナー【登録者数1000人で結婚】
0008	デビューから2年に近づきつつあるからかようやく設定にギバラが追いついた	39	ボロンちゃん	0
0009	メン限も面白いから、みんな入ろう。(勧誘)	59	ばとじっぷ	6
0009-001	@こみちꪔ̤̥ いえいえ(^^)	1	極蛇
0009-002	@極蛇 なるほど…薄々感じてはいましたが、やっぱり気まぐれな感じなんですね…了解しました！ご親切にどうもありがとうございます！⊂⌒っ´ω`)っ	0	こみちꪔ̤̥
0009-003	@こみちꪔ̤̥ 配信の延長で限定配信する時ある。ガチャ配信の時そうだった。ただ気まぐれで限定配信するからみんなびっくりしてます(笑)	1	極蛇
0009-004	@山吹芽依 ありがとうございます！！	1	こみちꪔ̤̥
0009-005	@こみちꪔ̤̥ ギバラの気まぐれ（予定次第）だからマジでまちまちだけど、大体1〜2週間に1回くらいと考えればいいかも	12	山吹芽依
0009-006	メン限配信ってどれくらいの頻度でやってるかとか教えていただけませんか…！	5	こみちꪔ̤̥
0010	はー、本当好き 好きなことだけしながら好きなように生きててほしい 大好きだ	42	牙狼ニ乃牙太刀	0
0011	おおおおお御伽原が配信してる！？！ ありがとう！	24	しらたま	0
0012	14:00～「おめでとうございます！元気な赤ちゃんです！」	12	こんるるされたいブロウ	0
0013	きったねえ声が好きなんよ	30	モクソン.futonori	0
0014	イブの朝にちょっと早いクリスマスプレゼント貰っちったな！！ギバラの新鮮な声を摂取できて嬉しいよ！！！	53	あんずもちもち	0
0015	トライセプスやった後にグルグルアームやるのは実際キツかったわ	14	紳士.	0
0016	健康な割に合計運動時間が11分しかないのはどういうことですか	27	Cocopoo2000	0
0017	受験生でメンバー入れないから声聞けて嬉しい	8	Bot 1	0
0018	最近見るようになった新規だけど、初めてリアタイできたの嬉しかった！ また気が向いたらメン限以外でも配信してほしいなぁ😌	26	いずれ菖蒲か杜若	0
0019	ぎバラちゃんが俺より早く起きているだと...！？	2	朝栗ゲンスィ	0
0020	エラちゃんの声好きやわ	2	。タケノコ	0
0021	久々のRFAお疲れ様でした！素晴らしいクリスマスプレゼントになりました、ありがとうございます！ いきなりボスでもしっかり勝てたのは	3	コンティロマネ/イルミナたんふぁんくら部部長	0
0022	配信してくれて嬉しかったです	4	パチコ	0
0023	通常配信というクリスマスプレゼント ありがとな〜〜！！！	20	まっちょ	0
0024	久しぶりの配信で嬉しかった	4	ATSUSHI FUKASAWA	0
0025	江良サマへ、筋肉は確かに裏切らないけど関節はいきなり裏切るから整骨院は一応行った方がええで	2	J M	0
0026	御伽原江良好き	1	Ray Livion	0
0027	江良ちゃん料理ができるようになるなんて嬉しいよ……！	1	ren it	0
0028	相変わらず嘔吐してて草	1	えびふらい	0
0029	ただの悪ガッキー	10	玉子だし巻き	0
0030	かわいい！	1	ああ	0
0031	おぉ…ぷちふるラジオ以外で久しぶりにギバラのライブ配信見た気がする…。	1	takaくん	0
0032	A free gibara stream it's a Christmas miracle.	18	CultofVengeance	0
0033	0:06 開始 5:02 ゲーム開始	0	うべー	0
0034	おとちゃんもですが、皆さんにも小さな幸せが訪れます様に、メリークリスマス🎁	1	神城アキラ	0
0035	久々の配信ありがとう！ 元気そうで良かったです♪	0	ヨッシー愛護団体会長やしゃまる	0
0036	すっげぇ久しぶりに声聞いたw	11	コウ。	0
0037	メンバーシップ入ってないから…… 御伽原、久しぶり。	20	Sakito	0
0038	ギバラのポニテ可愛い説	0	Friends Forever	0
0039	バリバリ授業中だった...アーカイブ見ます。 江良ちゃんのリングフィット大好きだからめっちゃ嬉しい😆	1	コトコットン	0
0040	配信感謝	0	josuke jojo	0
0041	学校行ってる間に…！！	0	*ぼると	0
0042	絶叫界のカロリーメイト的配信	0	白い白い未栄	0
0043	アーカイブが30分だから見やすいな	1	有機ほりゅん	0
0044	久しぶりに配信見れてすごい嬉しい、助かる、安心した	0	逆月	0
0045	やっぱりお姫様だわ！	0	氷雨	0
0046	ギバラが動いてるの久々に見た	0	やまなし	0
0047	聞けばわかる、この汚い声…練り上げられている。至高の領域に近い！大好き！	0	サンシャイン藤原	0
0048	マジかよ リアタイで見たかった！	0	絶対に結婚するライナー【登録者数1000人で結婚】	0
0049	かわいいよギバラ とっても元気な姿が見れてうれしいよ	0	もちだのひと	0
0050	ギバラ…現実見て…	0	きさゆゔぁ	0
0051	急に来て見れんかったw 次は見る	1	吸血鬼クロウ	0
0052	いやメン限じゃなく普通に配信した途端急上昇のるのは強すぎる。	0	ボラファン	0
0053	配信たすかる！	0	猿飛イルナ	0
0054	久しぶりの配信嬉しい	0	みずき	0
0055	バージョンが合わなくてメン限が見れない勢です(怒) イライラするので久しぶりの配信に感動しときます	1	駆逐艦が主力のT督	0
0056	ギバラ絶対彼ぴ出来たやろ！	0	つっちー	0
0057	通知来た瞬間YouTubeバグったかと思った 朝からRFA	0	えるぷりあ	0
0058	通知おサボりさんかよ アーカイブ視聴します	1	黒い腹	0
0059	江良ちゃぁぁぁぁん	0	つー	0
0060	ギバラに生活感が付いてきてるのを素直に喜び祝福すれば良いのか、なんだか解釈不一致なのを悔やめばいいのか…。  まぁ、でもリングフィト中は相変わらずなので良し！	29	あきゅう	2
0060-001	@細雪涼秋 公式が勝手に言ってるだけ（定規）	3	DDLCのナツキ推しのほのりん
0060-002	では、もう一度復唱してみましょう。  大学４年生で手芸サークルに所属している。料理、掃除なんでもこなす家庭的な女性。 いつか素敵な王子様が自分を迎えに来てくれると夢を見ている。	10	細雪涼秋
0061	サブ垢が本垢やんけ？？	2	メイフの蜜ぎ隊	0
0062	江良補給	0	らりかま!!	0
0063	上げてくれて嬉しい	0	黒猫	0
0064	うわいまきた	0	RU姉貴寄りのRRMさん	0
0065	あれ終わってた！？意外と早い	0	張りネズミ	0
0066	毎朝やってほしいな	0	祝えおま江良	0
0067	久しぶりにギバラが動いてる！しかも健康になって料理を作る様になった！	0	神城アキラ	0
0068	サムネ見て思った………    ︿︿︿︿︿︿︿︿︿︿︿ 　ガッキーに怒られろ ﹀﹀﹀﹀﹀﹀﹀﹀﹀﹀﹀	10	ユイ	0
0069	なんかもうほとんど声作らなくなったなw	0	SCP- 040-JP	0
0070	Switchにファミリートレーナーってゲーム出たんですが興味ありませんか？	0	ひさひで	0
0071	ギリ間に合わなかったちくしょう！	0	つなまよ	0
0072	この配信ずっと汚い声聞こえたけど、江良ちゃん大丈夫？同棲してるおじさんの声入ってたよ？	0	お子様ランチャー	0
0073	オムレツがスクランブルエッグとか卵焼きになるのは火力が強いのでは...？	0	絶対に切れないミサンガ	0
0074	まだメンバーじゃないから、えらちゃんの久しぶりの配信ほんとに、ほんとに泣きそうになっちゃった…ありがとう……………😢💓  ほぼずっと音無しだったからめちゃめちゃ可愛かったです、またおうち帰ったら音ありで見るよ〜！えらちゃんは音ありでも可愛いんだろうなぁ……たのしみ！！おつえら❄	43	こみちꪔ̤̥	1
0074-001	鼓膜直してクレメンス…。	0	鉄の華
0075	ギバラ、おらたちはおめぇが久しぶりに配信してくれて嬉しぃぞ！	8	こーーち	0
0076	もう既にガッキーみたいに可愛いよ	0	結月ゆかり	0
0077	王　者　の　帰　還	0	ベディアン	0
0078	江良ちゃん配信してくれてありがとう‪( ;ᯅ; )‬ 学校行っててリアタイ出来んかったのでアーカイブ擦り切れるまで見ます	0	ひかり	0
0079	久しぶりの通常配信非常にたすかった、お疲れ様	5	ゴミ	0
0080	どこにシークバーを合わせてもすごい声が聞こえる	0	shiki magatama	0
0081	かわいい	0	risore	0
0082	かわいい	0	Zu Mi	0
0083	メリークリスマス！！	0	積木	0
0084	ギバラの部屋でギバラの声で話すギバラのような別の誰か	0	時雨改五	0
0085	Switch本体の時計どうなってんねん	0	SNTH	0
0086	家庭的になっちまったのか…？	0	トラビアータ	0
0087	呼吸するように「う"ぇ"」って言うの草     好き	0	バキ	0
0088	なんかLive2Dのギバラ久しぶりだな	1	さくさくさくさくさくさく	0
0089	おとついって言い方すこ	0	ルナケウ	0
0090	ギバラのリングフィット1年ぶりかな？待ってた。8ヶ月ぶりだった。あと少しで50万人。がんばれ！、、	0	パンドラの箱	0
0091	ギバラ偉いよ	0	そーだすい	0
0092	これだよこれ、この汚い声じゃなきゃ満足出来ない身体になっちまってんだ	0	烏頂点	0
0093	通知くん仕事してくれよなぁ～？まったくよぉ(見逃しマン) あとでちゃんと見なきゃな、とりあえず久し振りの一般配信お疲れ様	0	り陸奥たか	0
0094	予定が入って見られなかった( ͒  ́ඉ .̫ ඉ ̀  ͒)‪︎‬︎アーカイブでみます…	0	୨୧	0
0095	ライブの機会減って寂しかったけど、幸せならOKです	0	t o	0
0096	あいしてます。ぶひぶひ	0	TKG1012	0
0097	メン限のまったりした感じも好きだし、メンバー外の方々と一緒にワイワイ盛り上がる通常配信も懐かしさもあり凄く楽しいなぁって思いました	4	紘[HIRO]	0
0098	平日の真っ昼間に３０分だけの配信とか、ゲリラってレベルじゃねーぞ！ｗ	0	Ryu Windy	0
0099	ゲロ吐いてもろて	0	オルガ・イツカ	0
0100	なんでメン限しかしないんやろ	0	たけのこの丘	0
0101	朝からお疲れ様！健康的すぎません？  腹筋ガード！ 12:34    15:35    21:58    28:12 これもすき 19:03	10	ゅぅゃょゎぃ	0
0102	仕事始める前に急に通知でてきて、えっ？リングフィ...誰だお前はって思わず口に出てしもたｗ 動物園一周してまた仕事頑張れる気がしますわ！ありがとぉ	0	karin	0
0103	相変わらずのギバラで安心した	1	Rrr Rin	0
0104	Ah yes, Gibara vomit noises. The perfect Christmas gift.	3	le_ bighead	0
0105	昼休みに見たけど活力湧いてきた サンキューギバ	0	時雨大好き	0
0106	朝から草	1	モクソン.futonori	0
0107	Gibara started cooking by herself and clean her house properly  Me : Are you ok?	17	Flip Flop	2
0108	Swolebara	4	GeneralVan	1
0109	すご	0	Elmatsuki	0
0110	ギバラおめぇ、変な禿げ方してるじぁねえか…	2	片栗虎	0
0111	朝からめっちゃ汚い声出てて草  おはよう（）	0	。トウガラシ山田	0
0112	I might have to start learning Japanese just for Virtual Youtubers...	0	J. Luis	0
0113	運動してる"女の子"っていいよね 別に深い意味は無いけど	9	厚揚げポテト【コメ浪人】	5
0114	ギバラってなんで配信頻度減ったん？ Twitterは見たけどよく分からんかった。	0	Googleアカウント	3
