0001	1:26:38辺りの「僕のポロでよければ(ポロッ)」ってコメで笑った	36	こおり	0
0002	犬と一緒に観てるんだけど大事にしようって改めて思う	10	天空の船長	0
0003	一番怖いシーン 1:58 今回の見所 11:27 12:05 15:56 17:58 21:18 22:58 30:04 1:00:01 1:35:14 個人的に今回の配信で一番好きなシーン 1:20:02	110	牙狼ニ乃牙太刀	2
0003-001	リアルが1番怖いのです…	1	Haruno Shiobana
0003-002	@nero 前半ビビりで後半慣れだすのはホラーゲー配信あるあるだから・・・	8	牙狼ニ乃牙太刀
0004	コメントの「夜更かししてゲームやってるからだよ」の返事に「仕事ォ！！！！！！」は草	10	ぜろくま	0
0005	42:10 バ　ジ　リ　ス　ク　タ　イ　ム	24	坂崎了	0
0006	30:07 ギバラが目見開いてブルブルするのすこ	10	sugarblossom 0827	0
0007	16:00 ここが1番ポケモンの鳴き声のように聞こえるとこ	13	ニャルマグ	0
0008	1:20:01 ポロとの再会	3	ハナクナ	0
0009	期待してたのに……  ポロ……     り	23	SLK	0
0010	チェイスに超才能を感じるw	7	ハナクナ	0
0011	朝起きたら目パンパンだったわ ポロ...	8	木星	0
0012	ポロと再開するシーンで泣いてるところで心の奥底は綺麗なのが分かる。      その後の「ロリなのに...」で台無しになったけど	56	ヌコ様040-JP	2
0012-001	1:25:14	2	Tackmyn Y.
0012-002	まるで表面は綺麗じゃないみたいな言い方だよなぁ！？       分かる。	7	坂崎了
0013	46:46 5秒飛ばしで3連ずるない	2	ろきそん	0
0014	道が二択の時ネタバレコメありすぎてなんか冷めるな、こんなん一択やん...	6	mida	0
0015	おとぎばらうるさすぎるw	2	草製造機	0
0016	21:52 怪異に対して交渉するギバラ	3	逆鱗	0
0017	なんでか知らないけどギバラのホラゲ配信は他の実況者より怖い。	2	鈴木	0
0018	ポ郎丸で笑いが止まらんかった	0	月火水木金正日	0
0019	はかたの塩は草	1	playthefence	0
0020	配信お疲れ様でした、後半の喉の擦れで心配になりました、もっと自分を労ってください！	1	神城アキラ	0
0021	江良ちゃんが携帯取ったタイミングでアラーム鳴ってビクッ!!ってなった…´д`；	0	桜音千桃コロネーゼ	0
0022	30:04 アンパンを思い出すなぁ        しかもあのアマ、強すぎ	7	Reix Ch.【れい】	0
0023	ゲロ女戦だけアクションゲーム実況みたいになってて草	0	塩タン	0
0024	やはり日本一許されません。	1	裏表	0
0025	思ったよりサクサクプレイだね、次はもっと怖い奴でも良いかもしれんなVRとかは...流石に無理か	3	やまだきたない	1
0025-001	正直夜回りは怖くないと思う 怖くない人にはただの作業プレイになってしまう  2DホラゲだったらDarkwoodっていうゲームをおすすめしたかったけど日本語対応してないのがネック	2	しおあめ
0026	なんか、掴趾追雀を連想するわ。	0	竜胆	0
0027	ぎばー	3	らず	1
0027-001	ｷﾞﾊﾞｯｷﾞﾊﾞｯ	2	しおあめ
0028	1:57:31 商店街後日記 2:27:21タイトル回収来たねぇ	1	ハナクナ	0
0029	リスナーは鋼の心臓でも持ってんのか?  私の心臓は湯葉で出来てるよ!!! 30:00ガチ悲鳴出してなきｙいらしたんだが!?	1	よわむしArisia	1
0029-001	江良ちゃんつよいわなれんのはやいｙい	0	よわむしArisia
0030	7:20 開幕弾 42:30 神回避からの美麗なるモノマネ 43:45 流麗な口捌きと美しい声 44:45 声帯の奇跡 45:23 かわいい 46:28 煽っていくスタイル 47:58 本家VS元祖 50:00 同化気味のギバラ 52:10 ゲロバナ 54:30 優しさの塊 御伽原 江良 57:30 間違い探し 58:24 かわいい2 1:04:59 ＿人人 人人＿  ＞ 突然の死 ＜  ￣Y^Y^Y^Y￣ 1:05:44 声域の広さよ 1:41:38 ギバラは絶好調 1:42:43 ネタを振ってキレるスタイル 2:03:59 ワイの絶叫 2:05:18 絶叫型挙手 2:07:27 赤マ○○ 2:08:24 控えめのお叫び 2:09:18 美声は健在 2:10:10 要求されるPSぬちゃ 2:12:26 鍛高譚 2:17:38 かわいい3 2:19:24 にじさんじの神 ワハハーン 2:24:10 めっちゃかわいい声 2:25:25 御伽の国の魔法習得 2:27:47 ほぉ(•'-'•)  沢山ありすぎいイイ  とりあえず声、お体に気をつけてくださいね✨ 配信おつかれさまでした✨	39	ニャンちゅう大好き	0
0031	アカン！寝落ちした上にグットボタンも押しとらん！ 今すぐアーカイブを見て グットボタンを二回押さなければ！	4	タクタクブサイクへの膝蹴り	4
0031-001	ラスボスしてそう	1	アンパーン
0031-002	おお落ち着けそそそそ素数をかかか数えるんだだだ	1	たっつー
0031-003	@紲海テフ なら4回押せばええんか！？(驚)	0	タクタクブサイクへの膝蹴り
0031-004	二回押したら解除定期	1	紲海テフ
