0001	この人のおかげでやってないゲームの確定演出だけ覚えていく	1059	百瀬	0
0002	昨日の夜始めた弟が、無料10連目で出しててハンカチ噛みちぎった。	766	gilbert Oh sullivan	11
0002-001	@OO系といいね稼ぎ消えろ登録したらOO系と登録しないと  俺もそう思うぞ	0	Яin R-
0002-002	@OO系といいね稼ぎ消えろ登録したらOO系と登録しないと コメ主以外おもんな(自分も含めて)ってことだろ？ちゃんと伝わってるよ()	8	白・黒
0002-003	@OO系といいね稼ぎ消えろ登録したらOO系と登録しないと お前の方がおもんないわw自己紹介ありがとう😊	6	いや新大久保で草ァ!!
0002-004	ハンカ～チを噛みちぎ～った～先に～ある～みら～い♪	7	自分の事を吉良の同僚だと勘違いしている一般男性
0002-005	OO系といいね稼ぎ消えろ登録したらOO系と登録しないと  お前のコメントで冷めるわ	23	オスオス
0002-006	大狂乱猿王ギバ・ラエラ ひろゆき！？	9	ライトエル
0002-007	@OO系といいね稼ぎ消えろ登録したらOO系と登録しないと  でもそれってあなたの感想ですよね	74	大狂乱猿王ギバ・ラエラ
0002-008	コメ主以外おもんな	4	OO系といいね稼ぎ消えろ登録したらOO系と登録しないと
0002-009	いつも眠いルオド 弟を噛みちぎるのはなんかグロいからせめて弟のスマホにしよう	52	ぱんだくん
0002-010	そうだよ噛みちぎるなら弟にしろよ	204	いつも眠いルオド
0002-011	ハンカチが可愛そうだろ！やめろよ！	88	晴れ晴れのち
0003	ギバラのガチャはそのゲーム知らなくても楽しめる	206	うい	0
0004	デレステやってないのにプレカじゃん，よかったねとか言うようになってしまった	673	あきかん	11
0004-001	ああ  しょっちゅう炎上するけどね...	0	デレステMV保管庫
0004-002	さくらもち    ⚫︎アイドルマスター(無印のやつ)とミリオンライブ!がいいならミリシタ  アニバーサリーや節句とかの時は特別ログボがあり、無料単発や無料10連があります(フェスは3ヶ月ごとで毎回無料10連があります〈先月の28日〜2日(今日)の14:59までやってます〉)   ⚫︎シンデレラガールズ(この動画のやつ)がいいならデレステ  デレステはキャンペーンがあるとだいたい特別ログボがあって無料単発や無料10連をやる時もあります(ちょうど先月の3日〜22日まで無料10連がありました)   ですかね。   あとは、 SideM(無印アイドルマスターにも出ていたアイドルも登場する男版アイドルマスター)のエムステ もありますね。	1	島田美宥
0004-003	さくらもち デレステが1番かな… 民度もいいし無料ガチャの機会が多いよ	2	アキノさんすき
0004-004	アイマスいくつがゲームあるけどどれがいいんかわからん	0	さくらもち
0004-005	ガチャで出たSSRで見るMV気持ちいいから始めよう！！！！！！	4	あかなた
0004-006	沼に飛び込む時だ	5	Psychosoda Mealsetサイコソーダ定食
0004-007	めっちゃ民度いいしおすすめやぞぉ……	10	アキノさんすき
0004-008	デレステしろ	13	blind touch
0004-009	良いものだぞ、デレステ・デレマスは(。・艸・) (。-艸-)) (( 。>艸<)-3	14	美竹のぞみ
0004-010	うちギバラの動画きっかけでデレステ始めたけど楽しいぞぉ…	31	人間失格
0004-011	これを機にアイドルプロデュース始めませんか？	78	ささくれ
0005	感電拷問受けながらガチャ回しとるんか？	825	さいとう	11
0005-001	@鈴木 ありがとう()	0	そら
0005-002	@そら 空気読まないし遅いが｢ひらめいた｣って読むんやで( ・∇・)	0	鈴木
0005-003	@ところで私のコンタクト知らん? なるほど()  閃いたって読むんやな()	1	そら
0005-004	@そら すまんな 閃いたって読むんやで	1	ところで私のコンタクト知らん?
0005-005	@うひぃよ 読めんわ	1	そら
0005-006	@そら 閃いたやで	1	うひぃよ
0005-007	@とくになし なんて読むの	1	そら
0005-008	@とくになし 通報した	1	ミチミチボトルペット
0005-009	@とくになし  👮通報した	5	はれるや
0005-010	閃いた	9	とくになし
0005-011	いや草	6	拙者レズカップルの間に割り込み侍で候!
0006	やっぱ爆死してる時が1番輝いてるな	513	おはデラ	3
0006-001	散り際の輝き	8	サディワパドレス
0006-002	上手い	14	あかあ
0006-003	花火みたいやな	62	エビちゃん
0007	48:51「ここで来れば…！ここで来れば無料だから！(約3万5000円)」	521	もちざね	2
0007-001	注意:このプロデューサーは特殊な訓練を受けております	30	うんこ太郎
0007-002	昔のモバマスではよくあったこと	9	GALIL室長
0008	ツイステっていうガチャは草	268	ちーかま	0
0009	現在YouTube側のバグかなんかで広告大量に付いてるみたいだね。本人は収益切ってるし収益オフと表示されてるらしいので謎バグ	445	紳士.	5
0009-001	@なぎか  まぎらわしい書き方で申し訳ない🙏	4	紳士.
0009-002	@紳士. メンションが話題の先頭に見えたから 俺に対してTwitter特定してうんたら言ってるやべーやつかと思ったごめんなさい()  ソースあるなら安心。	5	なぎか
0009-003	なぎか  本人がTwitterのサブ垢で言ってたから収益切るつもりだったのは間違いない	26	紳士.
0009-004	デレステの広告は販売元に収益が行くらしいよ	14	素直シュール
0009-005	ほんと？SSR表示される瞬間に切れてるから意図的だと思ってた	13	なぎか
0010	江良ちゃんは頭おかしいけどキャラdisしないから頭おかしいガチャ芸人としてゲラゲラ笑って見れる	181	ぴよぴよ	0
0011	49:01こう言うのは失礼やけどディディーコングが刺された時みたいな声っすね	22	天津罪 赤月	0
0012	幸子の特訓後イラスト見て「ぁ"あ"！！！パンツ見えそう！！！てか見せて！！捲って！！」って言ってたら親に見られてました 死にたいです	142	人間失格	4
0012-001	@牛タン  元気一倍の時のアンパンマンがどれくらいの状態なのかわからないから、その基礎ステータスによるよな。	1	アリアアリア
0012-002	今まで元気100倍アンパンマンになれてたことに対して驚きが隠せない	6	牛タン
0012-003	@アリアアリア もう元気100倍アンパンマンになれねえ	4	人間失格
0012-004	こんな昔のコメントに返すのもなんだが、元気だせよ…	7	アリアアリア
0013	御伽原 江良=亀井有馬 亀井有馬=御伽原 江良 ってあたしの脳内なってるから  もう同類語だよね	61	癒杜葉	0
0014	これ見てから無料十連引いたら白封筒変化からの刺繍封筒の確定演出でした     すり抜けでした	436	霜方向	2
0014-001	@vtuberをまとめてぇてぇジワるw	4	たくまん
0014-002	ヒロシです…	56	vtuberをまとめてぇてぇ
0015	42:58「ｳﾜｧｱｱｱｱｱｱｱｱｱｱｱｱｱｱｱｱｱｱｱｱｱｱｱｱｱｱｱｱｱｱｱｱｱｱｱｱｱｱｱｱ🤪🤪🤪🤪🤪🤪↑↑↑!!!!!!!!!!!!!!!!!!!!!!!」	22	あまにっぱ	0
0016	0:21 明日プリンシパルのMVが公開されますので合わせて見てみてください 同じ声帯からこの声が出ています	348	一人ちくわ祭り	3
0016-001	ええ…	4	ガラパゴスささみ
0016-002	ま、ま、まっさかぁ〜、、、☉_☉	3	パンまん
0016-003	今見てきた……やべぇな……	14	たこやき
0017	48:58 ここからの怒涛の幸子ラッシュと3枚引いても動かない不動の幸子好き	77	ぱんのみみ	0
0018	40:44 大事故	259	みぞれせーじん	2
0018-001	ここ大好き	1	0905 yuzu
0018-002	躍りながら歌ってそう	17	えびふらい
0019	久しぶりのガチャ生配信 やっぱこれだよなって… うんお前面白いわ  あとさ、ギバラってデレに限らず、絶対に目当て以外引いてもディスらんやん、そこすごく好きや	639	しょーた	5
0019-001	お金がかかってたりした時は言っちゃうのも分からないこともないけどやっぱりそういうところは気をつけて欲しいですよね	9	小春
0019-002	デレじゃないけど他のゲームで「ふざけんなよ」とか言ってる人がいてめっちゃ不快だった	4	小春
0019-003	りんご豆  「お前じゃないんだよ……」くらいだったらまだ良いんですけどね。 「うわ、いらねぇ」とか「ゴミじゃん」とか言うのはやめて欲しい。しかも、初で手に入れてるのに。  結果:やっぱりギバラのガチャ動画は最高	18	朝見ゆーり
0019-004	@りんご豆 マジかよ...そんな奴いるのか	5	いんのもの
0019-005	絶対ディスらないの良いですよね！他の方の動画とか見てると、自分の推しが出てきた時に「は？」「お前ちゃうねん！」とか言われてて結構傷つきます...。	60	りんご豆
0020	冒頭しゃべってるのがギバラの声だと思ってた 変な呼吸音の方だった	226	藤井亜弥子	2
0020-001	にじさんじが個人名だと思われてて草	17	Mu_0330
0020-002	にじさんじの声…？	10	ちくわ大明神
0021	32:27 16分連打からの3連符すこ	90	Nerikosan	0
0022	ギバラのお陰でデレステ始めて担当に出会えました本当にありがとう	9	崖っぷち	0
0023	立ち絵ないとか、もはや限界オタク系YouTuberやん     それでも面白くてすき	93	バキ	0
0024	なんで実況動画なのに画面見なくても楽しめるんだろ	90	もっちゃん	0
0025	最初の10連引いてティガー様みたいな笑いかたしてたな 6:51	49	竜生守	0
0026	40:28 あたりではじまるスーパーカリフラジリスティックエクスピアリドーシャス、あまりにも気迫がありすぎて『IT』観てるのかと思った	58	気づいたら脚に青タン	1
0026-001	エクソシストっぽくもある	0	えびふらい
0027	開幕からオタク全開で草	30	ノブりん	0
0028	49:00　ここ怪鳥の鳴き声	9	田畑政宏	0
0029	49:00 猿ギバラ	18	Y Y	0
0030	イヴ・サンタクロースの限定スカウトしてくれ、鬼のように可愛いぞ……絶対に後悔させないから…	37	さんムー	0
0031	あなたのおかげでこのゲームに課金したくても我慢できるようになりました、ありがとうございます	6	太田	0
0032	まじで心そこからデレステ愛しているのが分かるガチャ配信	9	丸の内10	0
0033	これ生配信だったのか…プレミアじゃないのか…	13	yoji hagihara	0
0034	なお幸子ちゃん。 イーロン・マスクの件でマジで世界に影響を与えまくっている模様。	3	ミク廃初号機	0
0035	この衣装、一定時間経つと時計の針がｺｯて動くの好き	32	光乃りり	0
0036	ロード長い時のｷﾀｷﾀｷﾀから青封筒になった時のｱﾚ､?が好き	11	きつねうどん	0
0037	厄災ガノンも逃げ出す咆哮	5	大福神の妖精	0
0038	おもしれぇ女…	5	たかはし	0
0039	ギバラおめでとう  (またMADの素材が増えたね…)	25	そりわ	0
0040	5:12 メリーポピンズ好きを自称することでなけなしのメルヘン要素をアピールするスタイル	26	みけ	0
0041	メリポピいいぞ ディセンダンドもいいぞ	15	春雨	0
0042	0:25 喘ぐな	5	ゆめあ	0
0043	ギバラかわいいよ	9	もちだのひと	0
0044	お疲れ様！ アレだけSSR来てもなかなか来なかったり、一度来たら連続で来たりと配信者として持ってるねぇ！  そういえば、今は「アイドル」からギフト渡せるようになってるよ！  ルークくんとの戦いも期待しています！	81	ひさひで	0
0045	おめでとう! 最後はマジで完璧だったね。	20	今北産業。	0
0046	この配信のすごいところは声です	6	コメントマンcomment man	0
0047	いやー楽しかった ただのオタクなところもっとだしてけ	33	牙狼ニ乃牙太刀	0
0048	つーか普通にすり抜け酷いな	3	ツヴァイブリュッケン	0
0049	久しぶりの生配信ガチャ助かる	5	dotism	0
0050	睡眠導入剤ギバラ配信助かる	3	天川淳志	0
0051	前からギバラの動画みててデレステはハマらんやろとか思ってたけど沼 棟方愛海ちゃんの担当になりました	2	ぽぴ	0
0052	ガチのエンターテイナーやな ここまでのリアクションが出来るのが凄い	14	ぽこんち	0
0053	スーパーカリフラジリスティックエクスピアリドーシャスが出てこない方へ Simejiというアプリを入れれば「スーパーカリ」まで入力すれば超変換クラウドで出てくるので参考までに……	96	コンティロマネ/イルミナたんふぁんくら部部長	2
0053-001	めっちゃでかいカリ首みたいな	0	でしはるちゃ
0053-002	メリーポピンズですね	0	はなちゃんねる
0054	スーパーカリフラジリスティックエクスピアリドーシャスって唱えると石が増えるのか今度試そう	3	たいと 月見うどん	0
0055	ギバラって顔から溶かされていっれる様な叫び声するから好き。	3	りんごりんごん	0
0056	49:00 雄叫びが新作のバイオハザードかとおもった	2	みぎのやじるし	0
0057	ギバラを機にプロデューサーが増えれば良いなぁ…！	3	ささくれ	0
0058	48:58 涅槃	57	zǝɯɔɹɐ	2
0058-001	誰か切り抜いて(願望)	0	あまとくん【底辺YouTuber】
0058-002	ディディーコングみたい	0	えびふらい
0059	スーパーカリフラジリスティックエクスペクトパトローナム	2	おめそ	0
0060	Vtuberかどうか疑う動画スタイルと投稿頻度。だがそこも好き。	12	回避餅	0
0061	最初めっちゃ吐いてて草	0	チキンバスター/ChickenBuster	0
0062	ごめんこれだけ言わせて 有浦はパリピじゃない	2	nack	0
0063	48:57 人類ではないなにか	8	DRA衛門〆	0
0064	動画の頻度たかくてうれしい😆	2	まるまるしんそく	0
0065	スーパーカリフラジリスティックエクスピアリドーシャスの流れでエクスペクトパトローナム詠唱してるヤツいて草	31	ざね	2
0065-001	メリーポピンズとハリーポッターの夢の共演	0	はなちゃんねる
0065-002	守護霊に引かせようとしてんの草	0	Mr.ユヅル
0066	殆どのPとでた時同じ反応で笑った	0	yuya a	0
0067	御伽原さんの詠唱すき	23	donutZone	1
0067-001	あんな長い詠唱、俺には覚えられない	1	えびふらい
0068	ちょいちょいピッコロが卵出すシーン みたいになるの好き	23	洩矢江林	0
0069	お顔見せなさいよ可愛いんだから	47	橘三柑	1
0069-001	？？「お○見せなさいよ！」	9	あほくさ
0070	0:25 ここエロイ…	2	Violet Eternity	0
0071	推しに！ お金が！ 使えて！ 飽和！！	1	なかじゅん	0
0072	おつえら〜 がんば	2	黒い腹	0
0073	江良ちゃんすごーい！！:_ギバラしゅげぇ:	0	ゆいと	0
0074	今日の感想 建前｢おめでとう！！｣ 本音｢私達呪われた...？w｣	0	あずさ	0
0075	6:50←ココ、くまのプーさんのティガー	0	ライブマラサイウォーリアー	0
0076	幸子出したときの反応が私と全く同じで草	0	もの	0
0077	初見がコレ見たら泣くぞw	0	#赫夜	0
0078	ギバラが発狂してるの見ると落ち着く 私はまだまともなんやなって	1	可愛くなりたい	0
0079	ギバラさんの影響でデレステ始めました! 140連して無事幸子ちゃん迎えられました!!!	4	୨୧ えす ୨୧	0
0080	48:51 忙しい人の為の幸子引き	0	うべー	0
0081	幸子とかすみん会ったら言い争ってそう	1	YAMA GUCCI	0
0082	どのゲームのガチャ動画でも楽しそうに唸るギバラ大好きよ	0	ただのゲーム好き	0
0083	なーんであおいのぉ？んとこ凄い好き	0	おくたん身体は少し強そうな	0
0084	スーパーカリフラジリスティック エクスピアリドーシャス！ とても長すぎる言葉だけど 大きな声で言えたらすっきり スーパーカリフラジリスティック エクスピアリドーシャス！	62	紳士.	2
0084-001	僕は知りません	0	ぴよぴよ
0084-002	メリーポピンズって今の子知ってんのかなぁ…	1	はなちゃんねる
0085	休日に観ると、動物館に来たような気分で楽しめます	0	くるまえび	0
0086	40:44 自分用	0	夜空.	0
0087	初めから2枚はいいゾ〜‪w‪w	0	如月詩織	0
0088	なんかスーパー幸子フェスしてて笑う	0	岩沢蘭	0
0089	今日は一段と猿で見てる方がとても元気になる	0	みおち	0
0090	一枚引いたら大体連続で引くやん	1	寝取り寝取られ振り振られ	0
0091	もうひたすらすこ:_ギバラはーと:	10	こぶたひめ	0
0092	幸子の笑顔で変質者がどんどん増えてるんですがそれは()	0	さんぱんたるぱん	0
0093	生配信初めて見たけどここまでインパクトが強いとは知らなかった。勉強になります	0	ゴルゴ三銃士	0
0094	シャニマスってゲームやって欲しい…絶対ハマりますよ…( ・∇・)	0	福犬紅月	0
0095	※この人の精神状態は正常です。	0	高め	0
0096	配信お疲れ様です！ リアルタイムで見ることがで気なくて残念だったけど、いつも通りめっちゃ面白かったです！  笑いと感動を届けてくれてありがとー笑	1	ノマネ	0
0097	開幕腹式呼吸ありがたい	0	ぼん	0
0098	初っ端からドラゴンの呼吸音みたいなの聞こえると思ったらそっちか…	1	キャベツの千切り	0
0099	ぎはらの嗚咽から始まる動画	0	真島太一	0
0100	1枚でたらそこから出が良くなるの笑っちゃう やっぱり物欲センサーって凄いんだなぁ…	0	ame_ yume	0
0101	ギバラさんが勇気出して配信してくれたから何回も見て楽しもうと思う。スーパーカリフラジリス	0	えびふらい	0
0102	おつえら〜 久しぶりのガチャ配信最高やったわ……この引いてる時の一喜一憂してる江良ちゃん良きだわ…… そしてテンション上がって色々と歌ってたから実質歌枠()	21	あいん	0
0103	初手から過呼吸になってて草	0	boy TKG	0
0104	6:50 フフフフフフフ~~~♪♪♪	1	Leo	0
0105	自動生成字幕が開幕5秒で殺しにくる	0	おめそ	0
0106	このガチャの前の限定ガチャを15:00までに引くの忘れちゃって(めっちゃショックだった…)幸子ガチャ引いたら10連で出てしまいました。	1	ぽぽんぽぽん	0
0107	幸子出てくれたギバラのおかげだ本当にありがとう。震えてやばい	0	かんだ	0
0108	43:00 現代にはもう廃えてしまった古代の踊りを再現する原人	0	ぱうろ	0
0109	スーパーカリフラジリスティックエクスピアリドーシャス	1	セシウム原子	0
0110	高評価	2	ばけもん	0
0111	49:01 お猿さん	0	ラムネラムネ	0
0112	おめでとう、実質無料だったね！ 流石だわ	1	Edmund 。	0
0113	今日と昨日の無料勧誘で 幸子1枚ずつ来てくれました！	0	ふふふ	0
0114	こっち側の御伽原 江良さんを知ってから昔の方見たらほんとに…笑  中の人って1年前とは変わってるんですかね…？？	1	。ゆう	0
0115	ギバラ最近、大声で騒げばウケると思ってない？？言っておくけど、超面白いよ？	10	ぜみ	0
0116	ガチャ動画とっても好きだけど近所から騒音苦情来てないか心配になるw	0	クリームココア	0
0117	開始3秒でエイリアンの続編決定したのかと思った！？	0	nekohikinobasu	0
0118	デレステやってるVTuberがいると聞いて見に来た	0	メダ	0
0119	26:51 こんな程度の刺繍……とギバラさんが言ってるのは、お忘れの人も多いかもしれませんが手芸部員だからです。さすが家庭的なだけあってこのくらいはお手の物らしいです 32:39 金に釣られるアイドルはアナタだけよ 38:17 呪文詠唱開始 40:06 呪文からのこれw 1:05:32 いつもの限界化MV鑑賞      忙しい人向け(ネタバレ)          49:00 1:01:24(この絵本当にいいな)	181	コンティロマネ/イルミナたんふぁんくら部部長	2
0120	0:25 やればできるやん	38	タラバかに	1
0121	あの、やって欲しいゲームあるんですけどやってくれませんか？ エリオスって言うんですけど、出来たらやってください🥺	0	りんか	0
0122	幸子………出すぞっ！って事ですねあーそうですねそうなんですよねわかります完全に理解しました。	22	ひいらぎ	0
0123	ギバラってこんな声やっけ	1	night forest	0
0124	試しに、スーパーカリフラジリスティック…歌いながら回してたら幸子出て驚いてる私(((; 'ω')))	1	由夏	0
0125	48:48 音量小さいなぁ	1	ただの横山チャンネル	0
0126	今までは切り抜き(ギバラ作)しか見てなかったけど、この配信は全編切り抜きクオリティで見ていて飽きないわ。	0	626号	0
0127	49:00 おまたせ	0	:ホワドリ	0
0128	2日連続プラチナ幸子(自慢	0	ほうじT	0
0129	メリーポピンズに謝れお前	0	不安太郎	0
0130	スーパーカリフラジリスティックエクスピアリドーシャス	0	桜月輝夜	0
0131	スーパーカリフラジリスティックエクスピアリドーシャス	0	みゆう	0
0132	スーパーカリフラジリスティックエクスピアリドーシャス	0	ヶ丘	0
0133	スーパーカリフラジリスティックエクスピアリドーシャス	0	風呂うさぎ	0
0134	メンバー限定ってどれくらいの頻度で配信してるんですか？	0	山田太郎	0
0135	ギバラさんのせいでデレステ始めちゃったじゃん	0	あずまなみすけ	0
0136	さっき無料十連で動く方が出ました。(^-^)	1	にゃんたろー	0
0137	0:09 ダースベイダー	0	サディワパドレス	0
0138	ツイステって言う[ガチャ]	0	佐藤良知	0
0139	無料10連で1発で来ました	0	ぺぺろんチーノ	0
0140	ギバラさんのおかげで無料20連目で動く幸子引けました！ありがとうございます！	0	真央天使	0
0141	低評価どうしたw  低評価芸（笑）？	0	ももきちももきち	0
0142	いや、今から動画観ようかと思ったけどなっがw	0	駄楽/daraku	0
0143	始めたてのPですけど無料10連で幸子出しちまった…	0	こんぶ	0
0144	最近ツイートもしてないし投稿もしてないんやが、大丈夫か？	0	a S	0
0145	ギバラちゃんの動画って元気出るんだよね。自分も爆死犯だから唯一の心の支え………ありがとうギバラちゃん………	0	紡_つむぎ	0
0146	よし！20連目ででるとか幸子最高かよ！と勘違いして喜んでたけど後々300連くらいしてたことを知る	0	らぶですおかゆん	0
0147	ガチ嗚咽→11:50	1	MishimaIzumo	0
0148	配信お疲れ様でした、幸子が出た瞬間に発狂してボイスが聴こえてない、それだけ幸子愛に溢れて止まらないギバラ❗️	0	神城アキラ	0
0149	えらちゃんのガチャ配信を見るの好きだから今後もたくさん課金してください()    ガチャの時立ち絵あんまり出てないから気にしてなかったけどめっちゃ噛みつく人おるんやなぁ…	11	マンバラバラ	0
0150	自分はっ…フレデリカがピックアップされるまでっ…石を使えませぇん	0	ルシファー痴漢電車	0
0151	なんでお前ら無料10連で引きよんねん！ワイも幸子が欲しいのに！くれ！	1	いんのもの	0
0152	この配信を見ながらAPEX LEGENDSをしたら、ギバラさんが幸子を当てた瞬間にチャンピオンをとれました ありがとうございます	0	のんたんの物置	0
0153	推しが出たならそれはもう無料なんだよ	0	ゆめいん	0
0154	これ見ながらギバラの目当ての子を無料10連ガチャで引くと罪悪感と優越感で心躍るわ	0	kanna	0
0155	ゲーム急上昇入りおめでとうな　 前半不憫なnew+プレカのすり抜けだったけど後半の連続幸子の引きはホントにびっくりした	0	C D	0
0156	スーパーカリフラジリスティックエクスピアリドーシャス！スーパーカリフラジリスティックエクスピアリドーシャス！スーパーカリフラジリスティックエクスピアリドーシャス！スーパーカリフラジリスティックエクスピアリドーシャス！アンディリディリディリアンディリラーイ！アンディリディリディリア	1	ごーちゃ	0
0157	I feel the pain	0	Frederick Ivan	0
0158	まって今親に猿の動画見ないでお風呂入りなさいって言われたんだけどあれ？これ猿の動画だったっけ？	2	フィムン	1
0159	にじさんじってVtuberの人が所属してるって聞いて来たんですけど御伽原 江良さんってVtuberさんの動画ってここで合ってますか？	3	はち	0
0160	お疲れ様でした〜！久々ガチャ生配信楽しかったです！ギバラに感化されて回したら40連目でプレミアムカット幸子来ました〜💕今後も楽しみにしてます👌✨	1	影月	0
0161	開幕日付更新杞憂してる人いるけど引かなかった分貯めとけるから大丈夫でしょ	0	ひよこ豆	0
0162	本当におめでとう！スパーシャ	4	ひがた	0
0163	More suffering i see.....	0	ARTS '	0
0164	汚いメリー・ポピンズ	0	mtb kzt	0
0165	ガチャ動画で覇権取れるくらいセンスあると思う。	1	soriano	0
0166	グ   ロ  配  信	0	河合美咲	0
0167	直視できないってことは輿水幸子は天皇だった…？	0	さんまる	0
0168	0:00 ここ予言発言	1	C D	1
0169	無料10連で引いてしまってごめんなさい🙏	0	セイさん	0
0170	蒸しちひろ俺もやったな～　ギアスコラボまではやったかな	0	yo会長	0
0171	メリーポピンズ懐かしいです。今は亡き母方の祖父が買ってくれたディズニーのビデオの最後に収録されている宣伝でよく見かけてました。 50年以上前の作品なのですね。	0	4perorinnga	0
0172	不動幸子好き	1	ざね	1
0173	ツイステのルークピックアップガチャは回さないんですか	0	Kento Hase	0
0174	初手から気持ち悪くて草     好きです	1	いぬ	0
0175	無料10連で出たとか言ったらギバラに殺されそうで言えない	0	ここ	0
0176	幸子のボイス全部掻き消されてるがな	0	トムにぃ	0
0177	なんで低評価多いん…悲しい	0	jngkkluvU	0
0178	49:00 ここから先約1分間の間は、イヤホンで大音量にしてお楽しみください。             聴覚が悪くなっても保障はしません。	0	ケロ	0
0179	11:45 you're welcome guys	0	Eri:Ki	0
0180	この動画は電子ドラッグですか？	0	青山銀子	0
0181	初見なんですが何かこうキメてらっしゃる？って思うくらいのテンションでくっそ笑ってしまった  ツイステってガチャの動画も見てきますね	0	おいしいカレー	0
0182	スーパーカリフラジリスティックエクスピアリドーシャススーパーカリフラジリスティックエクスピアリドーシャススーパーカリフラジリスティックエクスピアリドーシャス(？？？)	2	Ashley _	1
0183	これが限界オタク	0	雫零	0
0184	こわ           やっぱり姉御は迫力が凄いや。	0	白ノ宮萌香	0
0185	What is the game?	0	Nam Namvanbui	0
0186	見るの遅れたけどやっぱ江良ちゃん最高！いつもの通常モードだね笑 時々吐くなwｳｪ、ｳﾞｳﾞｳﾞｩｪw 幸子三体おめでとう！まさか30連連続ででるとは… ちょっと色々あって疲れてたけど江良ちゃんの動画見ると元気でる！本当にありがとう！これからも頑張ってください！ファイト!（佐々木潤子） もっと江良ちゃんの動画を楽しみめるようにデレステやってみよ笑 メリーポピンズも見てみよ	0	たくまん	0
0187	自分も幸子すきだから無料10連と普段から貯めてた石全部費やしてSSレア来たから期待したけどすり抜けでした      幸子……	0	蒼鉛	0
0188	かわいいね　 とっても好きだよ     幸子の絵	0	cat黒	0
0189	6:24 10連目(無料分) 8:50 納税 10:14 日付変更 11:00 20連目(無料分) 17:06 納税 17:44 30連目(アイテム) 21:19 40連目(アイテム) 22:10 50連目 23:31 60連目 25:39 70連目 26:44 80連目 30:07 90連目 31:12 課金音 32:22 100連目 35:38 110連目 37:38 120連目 38:39 課金音 39:09 130連目 40:21 140連目 42:53 150連目 46:26 課金タイム 47:37 160連目 51:36 170連目 53:17 180連目 54:48 190連目 1:05:20 MV鑑賞	340	白い白い未栄	1
0190	いつもみたいにBGMとして聞き流そうとしたら、開幕バイオハザード7のミアみたいな声してびっくりした。動画間違えたかと思った。	2	柘榴	1
0191	Vtuberでありながら立ち絵出さないの本当草	4	iceman national	0
0192	配信見に行けなかったので、今見ようと思ったんですけど、今日の分の無料10連引いてないことに気づいて、引きに行ったら幸子ちゃんお迎え出来ました、江良ちゃんありがとう（？）	0	砂風它《ゆな》	0
0193	なんか、無料10連で一発でお迎えしたのが申し訳なくなってしまうな、すまんなギバラ。	2	たるたる	0
0194	0:25	15	たらじろー	1
0195	18:35 ｳﾞｪ!!!!ﾕｽﾞﾁｬｲｯﾊﾟｲ!!!!!ﾜｧ!!!!!!ﾕｽﾞﾁｬｲｯﾊﾟ!!!!!!!!!!!!	5	0905 yuzu	0
0196	3食もやしご飯ならないレベルで重課金してね	0	魚沼産コシヒカリ	0
0197	ギバラの動画や配信で絵が無いことに慣れてしまった	3	空き缶	0
0198	メリーポピンズ好きな      スーパーカリフラジリスティックスエクスピアーリートーシャス	0	Ciambella Y.	0
0199	無料10連で引いちゃったごめんな	0	わっつぁん	0
0200	48:59 just an ordinary day of gibara  PS : anyone what jumon (spell) is she said to get what she want? lol	1	Flip Flop	0
0201	ギバラのいい所は被ってもいらねえとか言わないであーかわいい！！！とか言うとこ あとどんなキャラ来てもネガティブなコメントしないとこがいい そこがギバラの好きなとこ	4	なるたけ	0
0202	限界オタク代表	0	ねむいとても	0
0203	なんで少し低評価多いんや？	0	ガラパゴス初老	0
0204	幸子のシルエット見た時ギバラ(のお財布)しんだなって思ったし、覚醒後の幸子の衣装がアクシーズファム(フリフリ系の洋服店)ぽくてギバラに刺さりそうだなって思ったし、何より時計付いてるの見て完全にギバラのための幸子だなと思いました。	3	いずも	0
0205	自称・町の人気者ってなんかおもしろい	0	あや	0
0206	0:25	0	エネルギーアモ	0
0207	喉大丈夫っすか？	0	uki it	0
0208	あのごめんなさい、ブイチューバー…？ですよね…？モデルが見えな……(	0	奈良県民	1
0209	無料10連で幸子2枚抜きしてしまってごめんな……	1	牡丹ゆい	0
0210	vtuberのなのにもはや立ち絵すらないのは草	1	アキ	0
0211	御伽原……御伽原……御伽原…… 僕の推しを当てるなんて……許さない…… 私のところにも来いよーーー	1	るかるり「日領だよ〜	0
0212	What's up with the dislike ?	0	My name ain't valstrax	0
0213	Congrats for 3 copies of Sachiko *baps*	0	スキャットマン	0
0214	nyatsuki is going to be sharked	0	Kamomelover Kushima	0
0215	Sachicone	0	Kilan	0
0216	他のにじさんじメンバーと違いきちんと担当やアニバやフェスきちんと回してる江良ちゃん応援してます！	0	rei nart	0
0217	なんでこんな低評価多いの……？	3	るるんくちゃんねる	4
0218	どうせ経費よ……おもうがままに課金しちゃいなさいよ	0	阿辺山優一郎	0
0219	ついに生放送からも立ち絵が消えたVTuber	10	るるる	0
0220	1:09:15	0	たろこん	0
0221	1:09:15	0	郵便屋さん	0
0222	メモリアルガチャ150連爆死したけどギバラの動画見たら幸子が一回で出ましたありがとうございます😊	0	ぎぶぶ。	0
0223	初めて見たけど冒頭で既に汚くて草。 無料分で出した勢からしたら愉悦すぎて笑う。	1	舟雪	0
0224	自分語り失礼します。 無料10連で出ました。 失礼しました。	2	えび天	0
0225	低評価の変容とか、リアルタイムの推移でしか楽しめないものがある	5	02 hamo	0
0226	私そこまで吐きそうになったことないから、ガチで心配になると同時にガチで好きなんだなってなる	0	子守唄	0
0227	これを見てると無料10連で引けました なんて気軽に言えない...	0	魔法造兵ributember	0
0228	この配信を見て、やっとこデレステ始めました、そして無料10連で初ssがこのサムネの子で、プレカ？でした( 'ω'  )	1	幽霊	0
0229	低評価は幸子が出なかった人達ですか？？ww	7	にじさんじ追いかけ太郎	4
0230	久々に見たけどえらちゃんマジすげーな、推しじゃなくてもある程度覚えてるもんなのかｗ 俺は推しのお姉さん組しか覚えてねえわｗというか覚えてんの名前だけだなぁ、引いてから覚醒後見るタイプだから楓以外のお姉さん組引く時が楽しみだわ。 ほんと凄い、アイドル好きなのよくわかるわ、俺は性癖に刺さる女しか覚えないからなぁ…。 初めて知ったけど、装飾無い青封筒からでもＳＳＲって出るんやね、1時間動画だからさらっと出て余韻に浸って終わってるのかと思ったのに…これはつらいわ。 ・・・プレミアカット？ってなんの効果なんやろ・・・調べてこよ	2	ラムゥ【元FPSプロゲーマー】	0
0231	アニバ無料でコンプは許さない	0	tool	0
0232	9連でお迎え出来ました〜！いぇーい！！！！ あ...ギバ.....あー、ｯｽｰｵﾄｷﾞﾊﾞﾗｻﾝ...間違えたｷﾞﾊﾞﾗｻﾝ...あ〜...ｯｯｽｰ ＿人人人人人人人人＿ ＞  なんかごめんなさい＜ ￣^Y^Y^Y^Y^Y^Y^Y￣	0	不思議なシーク	0
0233	せめてVであれ	34	りゅうせい	0
0234	なんでこんなにも吐きそうにしているのか。。。何か生まれるんかな？	0	。 Zzz	0
0235	この配信見終わった後無料10連引いたら爆死したんですが、あまりにも可愛かったので石割った所、一発目でプレカ幸子ちゃん出ました‼️‼️‼️本当にありがとうございます‼️‼️‼️‼️	9	鎖骨	1
0236	この動画でデレステをもう1ヶ月以上開いてないなって思って開いたんだ,                  20連で出たﾖ,,(お願いだから御伽原 江良さんの運気急上昇してくれ)	0	katagiri	1
0237	あ、俺が無料１０連で引けた幸子ちゃんやんけ。課金乙です。	0	赤神紅蘭	0
0238	友達も私も10連目で引いたよん。 なんなら友達の私が引いたった。	0	はうみむ	0
0239	グロい	0	ジェネシス旦那マン	0
0240	dd	1	初ポケはダイヤモンド	0
0241	Premiumだから広告量見えてないんやがそんなに多いのか？まぁツイステのタペストリーかなんかで20万近く飛ばしたりしたらそうもなるか……	2	朝霧ルナ	3
0242	この人担当のセリフ全然聞く気なくて本当に自分大好きなのわかるわ	1	くまごろう	0
0243	この女運営と寝ただろ	5	ムニエル教授	0
0244	気づかなかったけどこいつ立ち絵も出さなかったのか……	7	喜田朝日	3
0245	せっかくの貴重な生配信にギバラの立ち絵がないのはちょっと寂しかったかな…。 まあ何かしらの深い考えがあってのことならいいんだけどね	6	mayer	3
0246	ギバラよ、可愛い見た目のアバターのおかげでプラマイ0になってんのに、アバター出さないなんて......	1	kaname	0
0247	ボイスちゃんと聞かないのはいただけないなぁ	1	/ももな	0
0248	通常配信してくれるのすごいありがたいけどなんというか仕方なしに配信してやってる感が出ちゃってるような気がしてしまいました。 今までやってた最初のBGMだったりエンドカードだったりもなくてこれだと動画と大して変わらないなと思ってしまいました。 色々配信やりたくない理由あるならメンバー以外にも言わないと解決しないだろうしモチベ低いなら無理しないで欲しいなと思います。	0	ゼシカラーミア	0
0249	なんでこんな低評価あるん？	3	ポメ	1
0250	コイツ立ち絵すら出さないのなんなの？	27	清田信長	13
0251	広告の数エグすぎやろ	3	める	4
0252	なんで当たるたびに吐くん？	2	藤原蒙古	1
0253	なんで配信してるギバラの顔がうつってないんですかね？	0	。 daibotti	0
0254	この人初めて見たけど広告つけすぎワロタ	1	まあくん	10
