0001	6:55 忖度民も空気読んで発進してて草	410	大名行列Hankai	1
0001-001	ハの大名行列hankai 順位譲ってあげる民草	0	ラーメンbot燃堂力
0002	55:08ざ〜こピロリーンﾌﾞﾘﾌﾞﾘﾌﾞﾘﾌﾞﾘｭﾘｭﾘｭﾘｭﾘｭﾘｭ	154	ゲェジインターネット	4
0002-001	脱糞してて草	0	たかみかん
0002-002	配信中に出したらV生活終わるナリ そうだ暴言吐いて誤魔化すナリ	1	不知火パスタ
0002-003	ここで出したら人生終わるナリ	2	Re mi
0002-004	かっ、唐澤貴洋くんっ！！	8	レッドブルRB16B
0003	ギバラの母国語(前世の部族の記憶が蘇った) 17:12 29:51 42:05 42:43	298	コンティロマネ/イルミナたんふぁんくら部部長	3
0003-001	マキシマムザホルモンみたい	3	Yoshiki Warawara
0003-002	@やおや  多分それ間違ってるよ	6	めのや
0003-003	17:20は祖先にレジギガスがいる人に現れる言語障害です	29	やおや
0004	1:05:13 クソザコボイス助かる	294	そこらの民衆	1
0004-001	そこらの民衆 しかもファックサインしてんのマジで草	14	れいじー
0005	29:50 ここ初期の藤原拓海	114	藤宮優	3
0005-001	30:14 アウト☆オブ☆眼中	3	美園千花
0005-002	藤宮優 EG6戦か	1	人斬り八宝菜
0005-003	草	0	弁天当麻
0006	32:18ここのギバラとんでもないことになってて草	73	ラムちゃん	2
0006-001	ギバラァ‥‥腕がぁ！！？	2	ジュン妹
0006-002	リョナ（）	1	mignon _
0007	今日の名言「クソザコがぁぁぁぁぁ！」  ギバラが元気そうでよかった。	80	しょーまん二頭筋	0
0008	23:23　自分を御伽原江良だと信じて止まない一般男性が、マリカで優勝していく放送	101	「夜中の夜明け」lover	2
0008-001	グランドlover ナチュラルに男性認定されてて草	6	河了貂
0008-002	バ美肉！？	4	コンティロマネ/イルミナたんふぁんくら部部長
0009	42:30 ここすき	53	おいしいからあげ	0
0010	25:39 お前頭シャキシャキレタスかよ…	5	ヌベベスコヌベスコ	0
0011	御伽の国の罵倒会	104	あぼん	4
0011-001	この品性の持ち主を探せ	3	z0 y.a x.b
0011-002	@エーミール 草	3	レッドブルRB16B
0011-003	落としたのはガラスの靴ではなく品性	25	エーミール
0011-004	あぼん ただのクソイベじゃあねぇか笑笑	6	ラー丸太郎
0012	自分用 23:00 この辺からグッとテンションが上がってくる 26:45 　ﾊｱｲ！（可愛い） 43:17 　マサオくん 47:19　絶対何かがおかしいと思います 47:55　何かがおかち 53:42　おかちいね！ 54:05　〇イ〇ックス 54:58　豊田真由子 55:55　豊田真由子 58:36　ばなにゃ 58:56　豊田真由子 59:38　にゃー！ 1:05:13　クソザコがああああ！	54	ぶりーず	0
0013	55:43 ｢やっちゃえ日産｣	20	ナカボンNakabon	1
0013-001	日産案件消えたな	1	霧雨ユナイテッド
0014	1:03:10  ギ「好きなの？好きなんでしょ？あたしのこと」 からのリスナーの反応をご覧ください。	58	蛇屋	4
0014-001	ギバラガチ恋勢	3	揚げたてコロッケ
0014-002	たまに「は？」のツンデレ居て草	10	kottin
0014-003	そうだよと好きしかなくて草	8	やめとけやめとけ
0014-004	皆考えることは同じだね！	6	マスクたりてる?
0015	ここまで面白い配信ができるのはやっぱりすごい。 ギバラの良い所が最高に見られた配信だった。 マジで身体に気をつけて過ごしてほしい。	42	タクト道産子	0
0016	1:03:57 ギバラをコースぐるみで貶める一部始終。	13	roselioification	0
0017	52:06〜52:35 御伽原キヨ。	103	すてちゃんねる / sute-ch	3
0017-001	キヨのやったゲームほぼやってるしタイトルもキヨに寄せてるし暴言の種類もキヨに似てるからもしかしたらガチでキヨ見まくってるのかも、、、	1	んひ
0017-002	思ったより御伽原キヨだったw	10	ゆづたま
0017-003	草	4	ひゅどらめしっしー
0018	しばらくギバラ摂取出来てなかった分染み渡るんじゃあ〜^^	4	兎丸	0
0019	帰ってきてくれたか…ギバラ成分足りなかったから助かった…	6	Violet Eternity	0
0020	ギバラ、配信しててもしてなくても愛してるぞ	5	モーフィアス2世	0
0021	ギバラ成分足りてなかったから助かった。	12	K-Syo	0
0022	思ってたよりも罵倒控えめだったな！！     マジで体調気をつけてな...	28	zawa yu	0
0023	おつえら〜！ 元気そうでなにより〜！ Miiの個性がみんな強すぎ笑 江良ちゃん節全開でむっちゃ笑った	13	アヲノ#調子極端	0
0024	ここまで罵声浴びせて頂けるとは、、 ご褒美です‼️	3	もんリオの社畜ネコ	0
0025	ずっと見てたらギバラのmiiのケツがエッチに見えてきた...	8	S Sure	0
0026	生きていたのか･･･(泣)	4	02 hamo	0
0027	このmiiで終始絶叫しまくるから血涙流す小梅太夫に見えてきた	7	らぎ	0
0028	舞踏会の開催場所までレースして負けるシンデレラ	5	クラッシュ万事休す	0
0029	1レース目に出てるギャンブラーみこさん某イキリウサギが先輩と勘違いしてた人と同じ人かな？	6	レティクル	0
0030	楽しかった、でも無理しない欲しい	2	西瓦	0
0031	17:12レジギガス	4	karaageモンハン歴9年	0
0032	久しぶり！すごく楽しかった！ 応援してます	1	言寺子お姉さんのエプロン	0
0033	ずっと待ってました くれぐれも無理はしないでくださいね 応援してます	6	コンティロマネ/イルミナたんふぁんくら部部長	0
0034	9:42 ギバラ視認してから後ろ投げにしてくるの草	2	暇人	0
0035	やっぱりギバラ摂取するのはやめらんねぇなぁ！！！	1	柳ユウ	0
0036	今回のギバラの声、某にじさんじの錬金術師の萌え声(笑)に似てる気がした	1	かしわもち	0
0037	17:10  ルイージ	2	はな	0
0038	やっぱ江良ちゃんの配信は最高だわ	0	やみい/朝日奈樒	0
0039	好き	0	辣醤ゴールデンライオンタマリン	0
0040	最初からやさぐれてるなぁって思ったけど、それでも可愛いってすごいな江良ちゃん	1	煤珠	0
0041	55:30こんなに汚ねぇスターの音楽は初めて聞いたわw	0	たまねぎ騎士06	0
0042	50:14 ドンキーのオカンみたいで草	0	* Misa	0
0043	なにより江良ちゃんが元気そうで少し安心した。まだ心配はしてるけど。	15	Kio/キオ	0
0044	最後ゴールしてからも当たられてるの悲しい😭	0	両声類に憧れる女	0
0045	配信してくれてありがとう。 元気が貰えました。 江良ちゃんにもどうかいいことがありますように。	3	おでん大明神	0
0046	18:17 愛すべきギバラ	10	オールマイト	0
0047	42:12  不良品掴まされるシーン	0	スナケシ	0
0048	生き生きしてて好きだぞ	1	WAVE HAKUTO	0
0049	やっぱりギバラの配信は安心するなぁ(麻痺)	1	ァアルマ	0
0050	43:22 ここコウメ太夫	1	雀豪目指す	0
0051	割と心配してたんだからな！！！！！！！！！ 元気そうで良かったよほんとに	1	ゆう	0
0052	もこう先生の娘のチャンネルはここでしたか。	0	田中洋一郎	0
0053	26:18 44:12 好き	3	nakko 1130	0
0054	54:59 ここ豊田議員	0	ほんやさん	0
0055	6割くらいマサオ君で笑った	1	かか	0
0056	55:57 ここ豊田真由子	0	千恵	0
0057	久しぶりの配信楽しかったです〜^^* おつえらです！！！	4	そふぃ	0
0058	久しぶりにギバラの配信見れて幸せ	1	DRAGON Z	0
0059	ぎばらかわいい	0	てるてる	0
0060	ギバラたくさんみれてニッコリ	1	檸檬きなこ	0
0061	久々に声聞けて嬉しかった…やっぱり面白いし3D適正やたらと高いかわいい	4	Adam Toy	0
0062	23:20ここ大蛇丸 うますぎて馬になったわね… (⌒,_ゝ⌒)	0	お覚悟をきめすぎた人	0
0063	待ってたぜ	0	ああ	0
0064	すぐプッチンプリンするギバラとおっとりルーナのトークからが観たい	0	katsumi -na	0
0065	ドンキホーテがきただけか	0	ナラティブさん	0
0066	地味な順位しか取れない御伽原地味	0	まじこ	0
0067	クソッ！クソッ！！なんでッ！なんでこんな女ッ！！   可愛いと思っちまったッッ！！！	0	ギバラ	0
0068	ダイスケはんみたいで草	0	wei wei	0
0069	11:50 ここのレースに出させてもらったENJOYです！ 1位取りたかった(遺言)	5	ENJOY	1
0069-001	２位じゃないですか！惜しいですね〜	0	DESIRE FROG
0070	Vチューバー界のもこう	0	兄より優れた弟	0
0071	さいのうなくてなえる ↑コレめっちゃ好きだわw	0	優曇華院	0
0072	うますぎてうまになったわね	0	Hinata Ikuta	0
0073	スナイプだらけで草	0	サディワパドレス	0
0074	第二のもこう現る	0	Wi-Fi	0
0075	23:35	4	ざんぐ	0
0076	これからも体に気をつけて配信してほしい 久しぶりの配信最高だった	1	リオン	0
0077	ハイドフェルドかよ みたいなコメで草生えた	0	シャンパンマン	0
0078	ギバラ姉貴元気で良かった…。 まあ、これからは自分のペースでのんびりやるといいだわさ	2	tomo兄貴	0
0079	マリカ杯出てたら普通に決勝出れてたんじゃないかなって思うけど言わないでおきますね	1	西のお暇	0
0080	ギバラはギバラらしくいてくれればいい	0	かかお	0
0081	本当は怖いグリム童話	0	カルマ 【Karma Scarlet】	0
0082	最近ギバラにハマって動画見てるんだけどあまりにもキ○と言ってること被りすぎてキ○ファンとしては真似て欲しくはないな〜て思っちゃう😭	0	チョコバナナ	0
0083	1:00:49はつぃ〜♫	0	たまねぎ騎士06	0
0084	とりあえず生きててえらい	1	ミジンコ	0
0085	43:20	11	Prin -	1
0085-001	マ サ オ く ん	0	早退太郎
0086	民度低いって言った後の発言おもろすぎ	0	鬼ソウル	0
0087	いつも配信見てるけど、  江良っちに元気づけられてるぞ！	0	ちゃこしぼう	0
0088	自分用　42:05　1:05:13　53:51　54:08～54:28　1:03:11	0	らむｗｗ	0
0089	かひぱら	0	CКазуманький корм CКазуманькcий корм	0
0090	初見だが、まことよりオモロイな。	0	もっチャン	0
0091	5:13 赤こうらを無敵解除後のギバラに当てる為にわざと止まってて草	0	サディワパドレス	0
0092	ちょっと心配してたから、元気そうで何より！ いつものギバラだ！	0	Altair	0
0093	配信してくれてありがとう！ ギバラ大好き！	1	32ギガバイトのUSBメモリー	0
0094	Great stream Gibara ❤	0	utkrkane1	0
0095	やっっっっっぱこれだよなあ！！！ って感じの、いつものギバラでした ありがとう江良ちゃん 無理せず自分のペースで頑張ってくれれば、ずっとついていくので！	8	佐々木太郎	0
0096	もこうとの違いを教えてほしい	3	Cocopoo2000	0
0097	23:30 お？使ってやんよ！            速くなってやんよ！	0	WEI HUA	0
0098	妖怪？	2	竜田あげる	0
0099	狙い撃ちされてね？w	0	竜田あげる	0
0100	頭がおかしくなるのは勉強だけ	0	Hinata Ikuta	0
0101	もうアンジュと結婚しろよ	0	ひすいたん	0
0102	おつえらー！ 今回はなかなかの暴言回で聞いてて楽しかった！() 頻度減っても気が向いたら配信してくれると嬉しい	2	みぃな	0
0103	ずっと背中かいてる？	0	大江戸温泉工業高校	0
0104	ギバラ成分足りなかったからよかった。色々大変みたいだけど無理しない程度に楽しんで。 みんないなくなったりしないだろうしね。	0	れみちゃん「ルイボスティー」	0
0105	36:00  38:10 罵ってほしかったワイ用	0	シュウ	0
0106	ヒ　ラ　オ　カ　チ　ャ　ン　ネ　ル	1	早退太郎	0
0107	1:05:13 〜　1:05:17 おばあちゃんが言っていた…	3	美園千花	1
0108	39:50 から触れられてない方のギバラのmiiで入れたけど入った瞬間弾かれて無人運転で参加だった。泣きたい ロード長かったりしたの僕のせいかもです。申し訳ないです。	57	リア。	3
0109	43:17 けっこうマサオくんで腹筋が辛い	0	ksyro sny	1
0110	43:20  スーパー3助	3	ウーピーゴールドバーグ	1
0111	54:05 ダイマックスにしか見えなかった     オワオワリでーす	0	Vect	0
0112	ギバラの暴言が全部もこう先生に変換されるのは自分だけかな？w	3	SCP- 040-JP	0
0113	54:04	3	hide	0
0114	54:20〜 ベイマックスなのか ガイナックスなのか ダイマックスなのか ゲイ〇ックスなのか 謎が深い	20	アルト_	3
0115	1:03:57リスナーの鏡見たいなタイミング	1	空白	1
0116	Está tía se atasca me deja jodido risawwwwwww	0	Daniel Alejandro Sotelo Miranda	0
0117	江良様の配信を生で観れる機会があまりないのが残念です... ですが、随時観ていこうと思います！生配信で観れたときは 一緒に笑い合えることを楽しみにしています！ 頻度減っても止まるわけではないとのことでしたので 自分のペースで配信頑張ってくださいませ！	5	柚原温泉街偵察部隊	0
0118	「ギバラは下手くそ」	0	桃源	0
0119	久々の配信を生で見れなかったのが悔やまれるぜ…	1	たこやき	0
0120	1:04:00 今日のマサオくん	0	福良小島	0
0121	眠すぎて2レース目終わったあたりでこの配信垂れ流しながらソファで爆睡したわ	0	マイナハム	0
0122	1:06:09	0	あまり	0
0123	43:22 ドラえもんで草	2	膣ハメの翁	0
0124	1:06:09	0	ちくわ魔王	0
0125	過去最高にギバラが強く出た回     何か辛いことがあったなら自分のようなリスナーの1人にどうにか出来る事じゃないのは分かってるんでせめて無理せず頑張らない時は頑張らないでください	12	しもた	0
0126	漸く見れた ぎばらが戻ってきた。 私が心配してたよりも遥かに大丈夫だったのも確認出来た。皆めっちゃぶつけてんねー心配かけたからその分のイジりかな  Twitterでちゃんと書きなさいな...バカ 制限でTwitterしか見れない私が悪いんですけどね!	1	よわむしArisia	1
0127	嗤えよ...3分程度しか動画が再生できない私をさ ......嗤えよクソが...  Ymobileの回線制限　マジでメンタルブレイカーでギルティだわ	2	よわむしArisia	0
0128	1:04:24	2	Rodrigo Flores	0
0129	とりあえずキノコ取った瞬間に馬鹿みたいに使うのやめよ笑	2	ヨガフレイム	0
0130	…？こんな喋りだっけ…？	8	blind touch	0
0131	23:30 私を使って早くなるな(逝くな)ふーん、エッチじゃん	0	蜘蛛	0
0132	ギバラ久しぶりの配信だけど、何かあったん？	1	moGnu ch	0
0133	4:00 で1位のだーく。と1:05:57 のキムジョンウンです対ありでした。	3	だ〜く	0
0134	ストーカー被害ってマ？	0	ラー丸太郎	0
0135	なんかいつもと声違うけど声優変わりました？	3	ジンギスカン	1
