0001	配信中何度も何度もあぁ本当に戻ってきたんだなぁって彼女の笑顔をみれたことが想像以上に嬉しかった これからも王候の一人としてそっと応援いたします	189	牙狼ニ乃牙太刀	0
0002	こんな感じでさらっと戻ってこないのかな～	14	あっち?こっち?そっち?どっち!	0
0003	最近ギバラの笑い声可愛くない？俺だけ？	190	ミルクティーのあれ	6
0003-001	こおんすたあち わかる	1	ミルクティーのあれ
0003-002	@Terry /てりー 俺はギバラの汚い声が大好きだぞ	6	あくれ
0003-003	完全復活（再度乗っ取り完了）	3	ゆなゆなアリス
0003-004	もう江良ちゃんは戻ってこないんだよ…	3	もっちー
0003-005	タミフルたろう どうせすぐ声汚くなる…	3	Terry /てりー
0003-006	今更になってもう戻ることの無い清楚キャラにもどろうとしてるんじゃない？	13	タミフル
0004	ほんとにこのシンデレラ面白い それを実感する度にため息と涙が出る	0	かなさか	0
0005	全部の配信見れてないからあれだけど、初配信の時の雰囲気とゲームで暴言吐いてる時と今回の雑談の雰囲気だいぶ違うね。最近の見てると言葉遣い良くて真面目に見える。	106	ゆきまるらいと	0
0006	13:40 SPぷちふる株主総会☆～ちょっとツラ貸せよ～ ＿人人人人人人人人＿ ＞ちょっとツラ貸せよ＜ ￣^Y^Y^Y^Y^Y^Y^Y^Y￣	102	Tomojin Murata	0
0007	アイドルとかVtuberとかそういう類で初めてガチ恋した 胸が苦しい	2	カネキケン	0
0008	"ギバラが帰って来た"という事実だけで涙出てきた(安堵)  もっと笑っておくれよ！	75	:ホワドリ	0
0009	We love you, Gibara-san!	2	Kammerer	0
0010	2:15:04　拾ってくれてありがとう…	122	。 Arumaki.jp	1
0010-001	テンポ。 そんときおったわ	0	杉田玄白
0011	結局今でも「理由は言えません」を曲げてはくれなかったな…  いや絶対応援はしますが	7	早退太郎	0
0012	5:15 前回のデレステ配信で 「引き際を学ぼう」 って自分で言ってたやんけｗ 最高でした  お疲れさまでした	77	ikuhiko!	0
0013	1:46:18 クラクション	19	koto koto	0
0014	1:46 開始	120	たくたこ	3
0014-001	うんち美味しい	1	ブデ
0014-002	ありがとナス	0	力也N.
0014-003	たくたこ 助かる	1	マギクス
0015	100日後に配信する22歳女学生（フライング）	8	サラダにょー	0
0016	1:03:53なんかこれ聞いてすげー嬉しくなったし応援したくなった。やっぱ俺らのシンデレラ最高だわ。	37	レインWith その他多数	0
0017	江良ちゃんの元気なとこ見てるとこっちまで元気になれる	6	やみい/朝日奈樒	0
0018	2:17:14 ラストのオヤジギャグでコメント欄が「は？」で埋め尽くされるの草	45	t t	2
0018-001	！？	0	徹夜3日目のゆうた
0018-002	アーカイブ勢だけど同タイミングでダジャレ言ってしまった…	3	ねこきゅうり
0019	1:02:55 めちゃめちゃ嬉しいしありがたい。 体調だけは気をつけて、、 1:04:48 ここからやっぱりみんなのギバラ 慣れてないこと出来ないのは当たり前やよね	42	リア。	0
0020	同時視聴1.3万とかいってたからやっぱりギバラは愛されてるんだなって思った	9	Ra ra	0
0021	実質I've	5	亡霊アザレア	0
0022	13:15御伽原江良と森中花咲のCDを激推しするギバラ てか曲を手掛けてくれた人たち凄すぎない？	61	琥珀-cohak-	1
0022-001	こだまさおりさんの名前見た瞬間心臓止まったぞ	0	アンジュ・香取ーナ
0023	この一か月半でだんだんとメンヘラになってく王侯達を見てきたから復活助かる	26	伊豆半島	0
0024	告知だけ見るとすごい清楚なアイドルだ・・・	43	アイスどす	0
0025	She loves me , and your argument is invalid	0	77TH REGIMENT MAHOU SHOUJO TRAP LORD	0
0026	糸くず発言がリスポーン地点	10	ボンドボーフラ	0
0027	ギバラ「安心して下さい！」安村感極まる	34	shige yama	1
0027-001	履いてますよ！	1	レッドブルRB16B
0028	おかえりギバラ姉貴！ 待ち望んでいたしこれから変わらずに応援しますよ！！	7	tomo兄貴	0
0029	2:08:38 つまらない質問して本当にごめんなさい。	64	ゆにおん	1
0029-001	ゆにおん 可愛かったから許す	4	鉛筆削り機
0030	1:31:00自分用	11	水まみれ檸檬	0
0031	おかえり！楽しみにしてるね！	2	レイアムル	0
0032	1:27:03 悲しげな顔	16	ポンデリング	0
0033	Vのイメージぶち壊してくれるギバラ発狂デッキはV未修民への布教時に重宝してる  大抵｢これがバ美肉ってやつ？｣みたいな反応されるけど	9	百合推進委員会一途純愛両片想い愛好課	0
0034	結婚したのか．．．？ 俺以外の奴と．．．	116	丸ペロロンマル	10
0034-001	コケッココケェ…	0	4 YAMA
0034-002	ここまでテンプラ	1	ハロウィン
0034-003	ここまでテンプレ	0	宗教法人ケイオスユニオン
0034-004	時系列歪んでますよ	0	ささ
0034-005	今夜貴方と眠りたい	0	orz yuki
0034-006	結婚して1年。大好きだった彼と再会してしまったアナタ。	5	田生
0034-007	お前と結婚するのは、俺だと思ってた…	6	makuana seyuseyo
0034-008	今夜は…返したくない	8	めぐめぐ
0034-009	「今夜」で検索	8	アホの人
0034-010	ﾃﾚﾚﾚﾚｰ携帯恋ゲーム	10	Papapa
0035	復活感謝	8	こねこね・こねる	0
0036	江良ちゃんおかえり！	2	いっしー	0
0037	概要欄TUTAYA	2	ぴかもん	0
0038	ギバラ最高！	3	ァアルマ	0
0039	あれ...いつのまに... 復活おめでとうです！	2	1000人に1人の視聴者ぴぴ	0
0040	56:09 2:12:54 メンバーになってはじめて 拾われたコメなんで記念に	62	唐揚げサブレ	1
0040-001	唐揚げサブレ おめでとう🎊	0	ちゃちゃまる
0041	ずっと大好きだぞギバラ！	5	ジュン	0
0042	やっぱギバラ大好きだわぁ〜	1	wktk丸	0
0043	老害：最近の若者はなんで定時に帰るんだ！！！ ワイ：定時だからでは？？？？？	27	レモンパピコ	1
0043-001	当たり前だよなぁ…？	2	タクタクブサイクへの膝蹴り
0044	最後の「るん！」がおもろい	1	ジョン黒桜	0
0045	元気そうで何より またいつもの汚い罵声聞かせてください	26	ヒロノシ	0
0046	ちゃんと予約したぞギバラ...	1	h ke	0
0047	サムネのドヤギバラがめっちゃ可愛くて悔しい。	1	つきしろ	0
0048	完復全活	2	不眠	0
0049	見る前に寝落ちしてしまった…	1	裏起毛Socket	0
0050	米ほぐすのに団子できるのは天才的すぎw	1	モンド	0
0051	やっぱギバラなんだよなぁ	2	easy 4時に何してるのは	0
0052	「なーんて」が好きすぎる	0	エトシル	0
0053	50:45自分用	19	15パエリア	0
0054	やっぱギバラなんだよな	2	imoyoukan 124	0
0055	いやぁ久しぶりにホントに楽しかった	21	まりも野郎	2
0055-001	まりも野郎 お兄ちゃん！？	0	ぽこぴー
0055-002	自分用 1:41:27拾ってくれてありがとう	5	まりも野郎
0056	悔しいが、ギバラしか見てないなー 他のかたの配信を見るのを努力するわ	1	uso tsuki	0
0057	曲デレステ陣いるから実質デレステ	3	幼女	0
0058	おかえりシンデレラァ！ 愛してるぞギバラァ！！	4	シンデレラ親衛隊員	1
0058-001	おかえりシンデレラァ！ 大好きだよ江良ちゃん！ 愛してるぞギバラァ！	2	ジュン妹
0059	酒飲んでると思われるほどに楽しそうに配信してるギバラが好きだぞ	0	あきゅう	0
0060	俺らがおるからこれからもどんどん天井してけ	2	コーディエ[清楚]	0
0061	好き	1	軽空母瑞鳳	0
0062	1:02:25 ウ  ン  チ  ー  コ  ン  グって知ってるぅ？	9	コンティロマネ/イルミナたんふぁんくら部部長	0
0063	復活って逆になんかあったん？？	2	ああ	0
0064	1:42:24  エレベーターの音声案内	2	どあのぶなが	0
0065	ことことか川田まみとか凄いな	1	生天目	0
0066	配信お疲れ様でした、最近の気温差でお身体を崩さないようにして下さいね！	9	神城アキラ	0
0067	1:09:00 電子レンジで卵温める時は破裂しないようにラップしたらいいって教えて貰った。  料理しない父に。	31	弁天当麻	2
0067-001	料理する家の母親それで卵出してたから大丈夫 爆発しない程度に火を通す感じで	0	積雪なのめーとる
0067-002	ラップした卵食ったら口に入れた瞬間爆発するゾ	4	観賞用ベーコン
0068	はーちゃんガチャ見たあと寝落ちして見れてなかったけどやっと見れた	0	稜ちゃん	0
0069	この配信見る前すごく眠くて多分配信中に寝ちゃうなーって思ってたけど最初の奇声で目が覚めたし話面白くて本当に最高の時間だった 戻ってきてくれて本当にありがとう	6	林檎りんご	0
0070	おかえり	2	ロセ	0
0071	おかえり	2	しめ	0
0072	やっぱりいつ見ても可愛いな！ 無理しないでゆっくりでいいから配信、頑張ってください！	0	薄野颯	0
0073	やっぱりギバラやな	1	masa name	0
0074	始まりの音楽が一番メルヘンだったな	1	カマキリ遊戯王初めました	0
0075	音楽マニアでもないワイでも聞いたことある名前なんだから楽曲制作陣は半端ないんだろうな	2	はなかっぱ#UGK。	0
0076	可愛い	1	nozumi nozumi	0
0077	今日の深夜かと勘違して行けなかった😢	9	わたがし	1
0077-001	アサルト 自分もです(´；ω；｀)	0	ユーリ
0078	なんでもない話をしてる江良さんが凄く可愛く感じるんです。	18	早退太郎	2
0078-001	@シャトラテ。 江良"様"と呼べよ！！(カ○リーオ)	1	早退太郎
0078-002	江良ちゃんじゃない…     ギバラだよ…	0	シャトラテ。
0079	全活完復	1	ふくば!	0
0080	御伽原酒飲んじゃだめなタイプやん（自分もそうだから飲まない	1	ヒーラー	0
0081	にじさんじの女芸人枠復活！	0	闇潜み	0
0082	声聴いてるだけで幸せ(？)	0	毛に酢	0
0083	1:46 開始 4:55 9万の話 7:45 配信休みの間の一日 12:15 森中を推す御伽原＆ぷちふるの話 45:00 カフェ？告知 47:42 青木志貴とのコラボの話 57:40 レバガチャダイパン 1:04:42 お好み焼きの話  とりあえず今見たとこだけ	118	881 CODE	0
0084	貴方は本当にいつものギバラさんですか？	1	チキチッキー	0
0085	初手、情緒不安定助かる	7	はなびら	0
0086	2:17:39 コメント読んでくれた記念	15	眠りぬこ	0
0087	と、配信者が言っています	0	高千穂幼稚園	0
0088	みんなが汚い声って言ってるやつ聞いて来ました。男らしい声好き	0	傘傘	0
0089	全活完復	0	yasaka yasaka	0
0090	おかえりなさい俺たちのシンデレラ	10	カモミール	0
0091	ギバラが幸せそうで嬉しい	5	タモリモリ	0
0092	サムネのビールで察して音量下げといて良かった	5	あいぬえお	0
0093	メジャーデビューってすごいん…	4	柳ユウ	0
0094	おかえり	1	欲しいname	0
0095	友達以上恋人未満の立ち位置に居たい人生だった	3	風神	0
0096	やっぱギパラなんだよなぁ	0	つきよも	0
0097	これ魂の叫びに耐えかねた近隣から 苦情きて引っ越すことになって 準備してた１ヶ月だったんやろか	1	月見大福	0
0098	デビューおめでとうございます！ 絶望ビリーのカバーも待ってます！ (絶望ビリーが分からない人は調べてみよう)	2	コンティロマネ/イルミナたんふぁんくら部部長	0
0099	てめぇの心配はしてねぇぞギバラ焼肉のタレ 俺が心配してんのはえらちゃんだからな	0	473人の時乃空防衛省 /official YouTube	0
0100	これ聞いて宿題したらテンション上がってめっちゃ捗ったのでオススメ。	2	西瓜	0
0101	ダジャレ言った瞬間全員辛辣になるの草	13	じゃがポテト	2
0102	今日も江良ちゃんは可愛かったな… 途中からわかりやすく酔って砕けた感じになってて深夜テンションも相まって彼女との通話みたいな気分になったわ  まぁ彼女いたことないんですけど	21	ねこ	1
0103	貴女は男ですか？	0	キュアべっちー	0
0104	7:05 7:05 7:05	1	しん-くろろふぃる【shin966】	0
0105	努力は裏切らないと思うよ。裏切るのはいつでも自分自身。	13	いろじろ	0
0106	やっと見れるようになったぇらちの近況動画に感涙しつつ皆に待ち受ける事実とは・・・ 概要欄には・・・完全ではないだと・・・ あ、解説と一説の答えを書いといたよながったるいので見なくても良いけど    私も病んでたしあせくせしてたからいいんだけども	0	よわむしArisia	1
0107	今さら気づいたんだけど、シンデレラの本名ってエラなんだ。はぇー。	0	k k	1
0108	なんだかんだ言いながらリスナーの事を大事にしてくれてるギバラが大好きなんだよなぁ… そんなギバラにスパチャ投げられなくてすまん	0	タクタクブサイクへの膝蹴り	0
0109	王の帰還	2	プリズンマジメ君ch	2
0110	1:33:47 かんっぜんに自分用 コメント初めて拾ってくれて嬉しかった。 これからも体に気をつけて毎秒配信してください	19	アホファインダー	0
0111	1:13:42 ｢天才とは、1%の閃きと99%の努力である｣ 誰にでも当てはまりそうだが、凡人が99%の努力をしても、1%の閃きが無ければ99%の努力は無駄になる、という事。	3	西瓜	0
0112	アルバムたのしみだな～特典全部欲しいけどお金無いからAmazonのはとりあえず買うけど、もう一つをあにばーさる、ゲーマーズ、アニメイトか迷う	4	コウレ	0
0113	この配信なかったら CD予約しないところだったわ  迷ってるおまえら！ この動画をみたらCD買いたくなるから見ろよ！	5	キーハロ	0
0114	お前は笑ってんのが一番やぞ     ﾊｼﾞﾒﾏｼﾃｪ…ｵﾄｷﾞﾊﾞﾗｧ…ｴﾗﾃﾞｽ…ﾊｧｯ…	23	あぶらあげ	2
0115	なんかあったんですか？  すみません誰か教えてくれませんか？  お願い致します	0	Ritu	2
0116	誰や 飼育小屋から 出したのは	4	たけし*	1
0117	1:04:43 お料理の話 初期設定:大学４年生で手芸サークルに所属している。 *_料理、掃除なんでもこなす家庭的な女性。_* いつか素敵な王子様が自分を迎えに来てくれると夢を見ている。   家庭的とは一体………しかも料理できるって書いてあるし	10	コンティロマネ/イルミナたんふぁんくら部部長	3
0118	1:10:53 センスと努力の話 1:13:45 ごますり 1:16:05 自分を助けるのは自分だけ(ほんまそれ)  こういう価値観や考え方の話好き 普段こういう話する友達ないので...	0	かずき	0
0119	2:20:05  コメント拾ってくれなかったので	7	No Janome	6
0120	引退の理由はこの中にありそうだな。  多分精神的に疲れたのかな？	3	レイジさんだよ	0
0121	最近のギバラの動画を見て思ったこと      最終兵器○達やん	2	O. Y	0
0122	そもそもなんで配信できなかったの？誰か説明プリーズ	1	岡村隆史	2
