0001	1:07:52｢下がれ、ヴィオラ！｣で下がってるのは金髪の方だけじゃないんだよね	17	花芙蓉	0
0002	1:32:55  ヴィオラちゃんの死体を見るの辛いからコメント欄に視線を移すえらちゃん可愛い	71	うに	0
0003	1:28:23 そうだよ、やっぱギバラと言えばこうでなくちゃ	90	えるぷりあ	4
0003-001	陽気な幼女→興奮したチンパンジー→狂った小猿	1	Raikili
0003-002	何の気なしにタップしたら鼓膜破れたわ	1	ウミウシ
0003-003	ギバラの発狂いいよね	2	登録しないとミサイルが飛んで来ます【1500人目標】
0003-004	親　の　声　よ　り　聞　い　た　咆　哮	18	いや新大久保で草ァ!!
0004	最近、配信復活してくれて嬉しい	47	ピーチ姫	0
0005	1:29:23 えらちこういうボイス出してくれたらいいのになぁって思いましたまる	61	あのまろ	2
0005-001	あなたたちリョナラーですね？ 握手しましょう。	0	ドラバブル.
0005-002	首○めとかかな？	2	Raikili
0006	42:56 この顔芸よ	23	Nerikosan	0
0007	1:28:26 ギ　バ　ラ　動　物　園　開　演	49	JA DE	1
0007-001	🦍🦧🐒「かなり恐怖を感じた」	11	いや新大久保で草ァ!!
0008	6:36  お腹押したらこんな音出す黄色い鳥のおもちゃあった	8	絶対に切れないミサンガ	0
0009	21:42 ここ好き	22	兵庫コッセツ	0
0010	16:44 江良ちゃんの貴重なラミエル	41	eos T	3
0010-001	天才か？	0	ラーメン丸
0010-002	セントラルドグマに穴開けてて草	0	修也福田
0010-003	まんまで草	0	てぃ
0011	逆走しても逃げ切れたの本当に笑った	7	もみ爺	0
0012	ヴィオラ(エレン)…江良 エレン(ヴィオラ)…ギバラ って感じでギバラにピッタリなゲームだな おつえら	5	toshi	0
0013	1:24:31 の流れ外でくそわろてもーた	8	みかん	0
0014	配信復活してくれてるのめちゃくちゃ嬉しいです！	7	neru 15	0
0015	1:28:24 隠れミッ〇ー	4	Ketaけた	0
0016	1:07:13の父さんがちょっとイケボ	8	夕阳红牧羊	0
0017	連チャン お疲れ様🙋	18	ひでまる	0
0018	1:34:51 ふかいなぁ(二重の意味で)	14	なんじゃこんじゃ山田	0
0019	48:40 好き	21	はらまき	0
0020	おつえら！めちゃくちゃ大変そうだったけど、最後まで見れて良かったです！	0	1ポン酢	0
0021	23:08 頭部貫いてるように見えるから、殴られてるとしたらジャイアンのパンチより強いと思う。	2	かみかわなおし	0
0022	1:28:33 テッテレレ～	0	あびすabyss	0
0023	1:11:52 ちゃちゃまる化してて草	0	ぽよ	0
0024	手芸サークルじゃなくて、演劇部でしょ	6	やまなし	0
0025	55:17 ヴォォォォイ真ん中じゃねえかああ すこ	0	go_flac	0
0026	うちがやったら多分イラつきすぎて投げるわ	0	___ 13moe	0
0027	14:28 たぎってきたぞぉ	0	go_flac	0
0028	通常配信助かる	2	木曽川	0
0029	江良いがんばった！ やっぱええストーリー。	0	hidemouth隠れねずみ	0
0030	1:34っていう序盤からぎゃん泣きされてわろけた元気でる	0	すが	0
0031	白い花って範馬の家に咲くらしいですね	0	やふたろう	0
0032	なんで他人が発狂してんのがこんなに面白いのか…	0	shou o	0
0033	烈海王みたいな叫び声してますね	0	頭の悪い人bot	0
0034	1:26:27 ライザップ？	6	ひなぎくhinaggik	0
0035	ゆっくり休んでもろて	1	15パエリア	0
0036	はぁぁぁあ…ようやくメンバーになりました٩( ᐛ )و この頑張り見せられたらもう迷わなかったです…！！ 本当に…おつえら！！	1	mio ko	0
0037	これを5倍速でやってた人凄いな	1	卍巫神楽卍売・荒除け	0
0038	1周目あんなに泣いてたのき 今はばぶばぶ言いながら撃たれるようになって…	0	やぁらかい	0
0039	エレン（中身ヴィオラ）連れ回しとギバラ動物園は安定の面白さよな	8	奈落神扇	0
0040	おもろひ	0	鼓舞沙羅堕	0
0041	これ小説読むとエレンちゃん目線になるんだけど…これはエレンちゃんのハッピーエンドかな…どっちも救いようがない悲しい物語で大好きです！ ギバラさんやって頂いて嬉しいです！ありがとうございます〜	0	りりりり	0
0042	49:22	4	えだまめ	0
0043	小説買うのをお勧めします	2	nkpkrn	0
0044	バットエンドですね。これは	3	モンスト	0
0045	何度も何度もやられながら少しずつ進んで行くその姿  元のヴィオラちゃんのようだ……	3	ひさひで	0
0046	🧡	1	ゆうけいびー	0
0047	次回顔公開！	0	伊藤弘汰	0
0048	55:20	0	ロンハル	0
0049	1:24:09 ここの館内大逆走狂おしいほど大好き、腹よじれるくらい笑った	27	白い白い未栄	0
0050	やっぱり理不尽な死が多いよなぁこのゲームは	10	すしわ	0
0051	ホラーゲームを江原ちゃんがやるともうギャグなんよ。	1	井上風太	0
0052	42:08	0	時雨	0
0053	1:24:18 引きまわ逆走してからのオチが最高に面白い 1:28:20 おめでとう！！！	21	そこらの民衆	0
0054	「昔はtrue end見て鼻すすって泣きながら実況してたのに、今となってはちょけながら読み上げれるんやもんなぁ。成長ってすごい」とか思ったけどギバラもあの頃と中身入れ替わってるわ解散	2	るるる	0
0055	猿の知能テスト	3	マグ味噌	0
0056	1:28:23 🐒	3	ユッキー	0
0057	1:19:28 ちゅっ	7	ぐぴぐぴもぷもぷ	1
0057-001	これは確かに「ちゅっ」ですねぇ	2	ボラファン
0058	天駆けるモグラ	0	ぽっちゃり	0
0059	1:29:24 台詞読み 前回のと聴き比べるとイケボっぷりが増してる感じがして普通に聞き入ったわ だから「死ねよ。」のところ凄く期待してたんだ・・・。	10	一人ちくわ祭り	0
0060	 もうひとつのエンドも頑張ってクリア出来たの 本当によく頑張りましたね、おめでとうございます！	1	コンティロマネ/イルミナたんふぁんくら部部長	0
0061	最後の方うるさすぎて、何も聞こえなくなった	2	清楚担当 辛子山葵	0
0062	(忙しい人向け)エンドを見たい方はこちら 、2種類あります 1:06:04  1:28:23   1:29:25 フルボイスアテレコ助かる	10	コンティロマネ/イルミナたんふぁんくら部部長	0
