0001	久々に動いてる御伽原見た気がする	1066	黄鼬	13
0001-001	@佐藤バカルディ メン限は割と配信してるよ！	0	sky high
0001-002	豚骨らぁめんニキ それは違うよ（カットイン）	2	ダンボール兼発火剤
0001-003	二　　ー　　ト	1	豚骨らぁめんニキ
0001-004	なんかもうやる気なさそうですね	4	佐藤バカルディ
0001-005	あっぷるてぃー青紅茶 そうですね	4	いや新大久保で草ァ!!
0001-006	アガ民は民度低い 笑い方イルカだから？	2	あっぷるてぃー青紅茶
0001-007	ｷｭｨｨｨｯ	3	しぐしぐ
0001-008	ハカ太郎 電脳少女シロさんのことです。	8	いや新大久保で草ァ!!
0001-009	アガ民は民度低い 🐬って誰？	0	ハカ太郎
0001-010	たしかに	10	水嶋周
0001-011	🐬の配信でもっと躍動感のあるぎばらがいたゾ	39	いや新大久保で草ァ!!
0001-012	@ハマハル おっとこれは失礼した	45	黄鼬
0001-013	御伽原じゃないよギバラだよお	86	ハマハル
0002	初手ローターは草	1083	いや新大久保で草ァ!!	151
0002-001	@もちまる 今日楽しかったね！( ´ ▽ ` )嫌なこと全て忘れたわ笑笑	0	いや新大久保で草ァ!!
0002-002	@もちまる 最近会えないね｡ﾟ(ﾟ´Д｀ﾟ)ﾟ｡悲しい😭	0	いや新大久保で草ァ!!
0002-003	@いや新大久保で草ァ!!  今会えますか 公開ランダムにいます( *´︶`*)	0	もちまる
0002-004	@いや新大久保で草ァ!!  久しぶりです 今会えますか 公開ランダムで待ってます。 けれど勉強などあるかもしれないので今日じゃなくてもいいですよ	0	もちまる
0002-005	@いや新大久保で草ァ!!  美鶴です	0	もちまる
0002-006	@もちまる 何という名前ですか？	0	いや新大久保で草ァ!!
0002-007	@いや新大久保で草ァ!!  ハーイ 私も今日は多分ずっと公開ランダムチャンネルにいるのでいつでもどうぞー！	0	もちまる
0002-008	@もちまる また連絡お願いします。	1	いや新大久保で草ァ!!
0002-009	@もちまる 明日ならいつでも良いですよ。	0	いや新大久保で草ァ!!
0002-010	@もちまる ごめんなさい...病院行ってました...すいません🙏	0	いや新大久保で草ァ!!
0002-011	@いや新大久保で草ァ!!  お願いします！！！！	0	もちまる
0002-012	@いや新大久保で草ァ!!  今会えますか。それか14時 話したいことがあるので、公開ランダム来て下さい 内容は _gyさんのことについてです	0	もちまる
0002-013	@いや新大久保で草ァ!!  また会おうね！！笑	0	もちまる
0002-014	@もちまる 久々に会えましたね。😇遅れてしまってすいません😣また今度会いましょうね。♪(*^^)o∀*∀o(^^*)♪今日は楽しかったです。😊	1	いや新大久保で草ァ!!
0002-015	@いや新大久保で草ァ!!  いない、。 なので３6チャンネル来てください	0	もちまる
0002-016	@もちまる 了解です😇	1	いや新大久保で草ァ!!
0002-017	@いや新大久保で草ァ!!  ごめんなさい 病院に行ってました 今行きますね	0	もちまる
0002-018	いないよーヽ(￣д￣;)ノ=3=3=3	0	いや新大久保で草ァ!!
0002-019	@いや新大久保で草ァ!!  ありがとうね あやまりたいことがあるから14時に公開ランダムチャンネル来てください	0	もちまる
0002-020	@もちまる あと今行ったらひより先輩の話題になってましたよ。	1	いや新大久保で草ァ!!
0002-021	@もちまる 14時にランダム行きます。	1	いや新大久保で草ァ!!
0002-022	@もちまる いきます	0	いや新大久保で草ァ!!
0002-023	@いや新大久保で草ァ!!  久しぶりです（*｀・ω・*）ゞ 今会えますか 少しだけいいので話があります  無理だったらどっかの午後14時に公開ランダムきてください	0	もちまる
0002-024	@いや新大久保で草ァ!! (*ˊ˘ˋ*)｡♪:*°	0	もちまる
0002-025	@もちまる 受験終わったからこれから遊べるね♪(*^^)o∀*∀o(^^*)♪	0	いや新大久保で草ァ!!
0002-026	@もちまる ｡ﾟ(ﾟ´Д｀ﾟ)ﾟ｡	0	いや新大久保で草ァ!!
0002-027	@いや新大久保で草ァ!!  お久しぶりです！ 今日はお知らせがあります！！ クリスマスって言っても24日だけど迷路のメンバーでパーティーをしようと思ってます！ たくさんでは無いですが私の知ってる限りの友達を呼びます！  日程  12月24日 場所  迷路オンラインとりあえず公開ランダムチャンネル 時間   午後19時〜20時30分 私はもう冬休み入ったのでまた沢山会いましょうね👫   お返事お待ちしてます！	1	もちまる
0002-028	@いや新大久保で草ァ!!  はーい(〃ω〃)	2	もちまる
0002-029	@もちまる まあ、とりあえずいける時に行くね😍	1	いや新大久保で草ァ!!
0002-030	@いや新大久保で草ァ!!  なんでだろ……😿	1	もちまる
0002-031	最近全然通知来ない😢	0	いや新大久保で草ァ!!
0002-032	@もちまる 受験決まったので、今度からは空いてる時間、又はひよりさんが呼んだ時間に行きますね	0	いや新大久保で草ァ!!
0002-033	@いや新大久保で草ァ!!  いま会えますか？ 公開ランダムで待ってます	0	もちまる
0002-034	@もちまる .............................	1	いや新大久保で草ァ!!
0002-035	@いや新大久保で草ァ!! 居ない……	0	もちまる
0002-036	@もちまる しょうって人マジで気持ち悪い🤢	0	いや新大久保で草ァ!!
0002-037	@もちまる とりあえず行きます😅	0	いや新大久保で草ァ!!
0002-038	@もちまる しょうとかいう奴のせいで行く気失せたわ....	0	いや新大久保で草ァ!!
0002-039	@いや新大久保で草ァ!!  ３6チャンネルで待ってます	0	もちまる
0002-040	@いや新大久保で草ァ!!  結構荒れてたねしょうのことで(   '−' )･･･ 明日よろしくです！	0	もちまる
0002-041	@いや新大久保で草ァ!! へ ごめんなさいm(_ _)m16時15分来れなさそうだから19時に来るね	0	もちまる
0002-042	@もちまる 😇😇😇😀👍	0	いや新大久保で草ァ!!
0002-043	@いや新大久保で草ァ!! へ 今日は無理なので明日の16時15分に公開ランダム集合で！！	0	もちまる
0002-044	@いや新大久保で草ァ!! おけ今行くね	0	もちまる
0002-045	@もちまる 塾だった。ごめん🙏	1	いや新大久保で草ァ!!
0002-046	@もちまる 😇いくー	0	いや新大久保で草ァ!!
0002-047	@いや新大久保で草ァ!!  いま会えますか？公開ランダムで待ってます	0	もちまる
0002-048	@いや新大久保で草ァ!!  少しだけでいいから今会えますか？公開ランダムで待ってます	0	もちまる
0002-049	@いや新大久保で草ァ!!  よろです(´-ω-`)	0	もちまる
0002-050	@もちまる (*´∀｀*)わかりました〜	0	いや新大久保で草ァ!!
0002-051	あ、でも今じゃないていいですよ。 水木金の16時30分に公開ランダムにいれば話せるので 土日の場合15時くらいでお願いします！！	0	もちまる
0002-052	@もちまる \(//∇//)\	0	いや新大久保で草ァ!!
0002-053	@いや新大久保で草ァ!!  大丈夫ですよ いま会えますか？話したいことがあるので３6チャンネル来れたら来てください	1	もちまる
0002-054	@もちまる 音信不通ですいませんでした	0	いや新大久保で草ァ!!
0002-055	@もちまる やっと治ったw	0	いや新大久保で草ァ!!
0002-056	@もちまる \(//∇//)\	0	いや新大久保で草ァ!!
0002-057	@いや新大久保で草ァ!!  もう直ったかな....... 今会えますか。少し聞きたいことがあるので３6チャンネル来てください。	0	もちまる
0002-058	最悪やん	0	もちまる
0002-059	@もちまる Wi-Fiぶっ壊れて2.3日スマホ使えなくなった...ﾁｰﾝ（＾ω＾）	0	いや新大久保で草ァ!!
0002-060	@いや新大久保で草ァ!!  今会えますか 公開ランダムで待ってますー	0	もちまる
0002-061	@いや新大久保で草ァ!!  テストは嫌だよね〜	2	もちまる
0002-062	@もちまる 難しかったよー(´°̥̥̥̥̥̥̥̥ω°̥̥̥̥̥̥̥̥｀)	1	いや新大久保で草ァ!!
0002-063	頑張ってね！！📖📚	2	もちまる
0002-064	@もちまる 今期末試験真っ只中だから金曜から遊べる（＾ν＾）ごめんなさい🙇‍♀️	1	いや新大久保で草ァ!!
0002-065	アナちんへ 今迷路出来ますか？ 公開ランダムチャンネルで待ってます	1	もちまる
0002-066	@もちまる しかも何が一番やばかったかってチャット荒らすわ、4ねとか無差別に言うわ、暴言吐くわ、で最悪だったから俺名前変えた。あとうざかったから罠仕掛けたら死んでて笑ったw	1	いや新大久保で草ァ!!
0002-067	最悪やん	1	もちまる
0002-068	@もちまる 今行ったらしょう団長とか言うADHDがいた....((((；ﾟДﾟ)))))))	0	いや新大久保で草ァ!!
0002-069	@いや新大久保で草ァ!!  今迷路出来ますか？公開ランダムチャンネルで待ってます	1	もちまる
0002-070	@もちまる (⌒▽⌒)ｿﾀﾞﾈ	2	いや新大久保で草ァ!!
0002-071	これだったら会話できるね！(*´ω`*)	1	もちまる
0002-072	@もちまる 通知きた(^O^)	1	いや新大久保で草ァ!!
0002-073	わーい	0	もちまる
0002-074	@もちまる サブ垢でコメントしまーす（＾ν＾）	3	いや新大久保で草ァ!!
0002-075	@もちまる (´・ω・｀)	2	いや新大久保で草ァ!!
0002-076	ごめんやっぱ36チャンネルで	1	もちまる
0002-077	@いや新大久保で草ァ!!  これ送れてるかな？	1	もちまる
0002-078	アナちんへ 迷路出来ますか？ 公開ランダムで待ってます	1	もちまる
0002-079	@もちまる ╰(*´︶`*)╯♡	3	いや新大久保で草ァ!!
0002-080	いいですよ😺 明日会えたら会いましょうね。	1	もちまる
0002-081	@一般アンテ好き高校生 (● ˃̶͈̀ロ˂̶͈́)੭ꠥ⁾⁾	1	いや新大久保で草ァ!!
0002-082	@もちまる 通知来なかった...ごめん🙏	1	いや新大久保で草ァ!!
0002-083	アナちんへ 今迷路出来ますか？公開ランダムで待ってます	0	もちまる
0002-084	@いや新大久保で草ァ!!  今迷路出来ますか？ 公開ランダムチャンネルで待ってます！	0	もちまる
0002-085	アナちんへ 今会えますか公開ランダムで待ってます	0	もちまる
0002-086	もう2人付き合えよ	1	一般アンテ好き高校生
0002-087	@もちまる (๑╹ω╹๑ )ﾊｲ！	0	いや新大久保で草ァ!!
0002-088	また会いましょうね！	0	もちまる
0002-089	@もちまる 今日マジで楽しかったですｖ（＾＿＾ｖ）♪また会いましょうねψ(｀∇´)ψ	0	いや新大久保で草ァ!!
0002-090	@もちまる いない...	0	いや新大久保で草ァ!!
0002-091	はーい	0	もちまる
0002-092	@もちまる いく	0	いや新大久保で草ァ!!
0002-093	アナちん今迷路出来ますか？公開ランダムで待ってます	0	もちまる
0002-094	@もちまる いく	0	いや新大久保で草ァ!!
0002-095	アナちんへ 今会えますか 公開ランダムで待っています	0	もちまる
0002-096	@もちまる 行きます	0	いや新大久保で草ァ!!
0002-097	アナちんへ 今会えますか？公開ランダムチャンネルで待ってます	1	もちまる
0002-098	@もちまる 行く	1	いや新大久保で草ァ!!
0002-099	久しぶりに会えますか。 会えたら会いたいです。 公開ランダムで待っています。	1	もちまる
0002-100	オケです(๑•̀ㅁ•́๑)✧	1	もちまる
0002-101	オケです(๑•̀ㅁ•́๑)✧	1	もちまる
0002-102	@もちまる 無理ですわ（ ;  ; ）	0	いや新大久保で草ァ!!
0002-103	アナちんへ 今迷路出来ますか？	0	もちまる
0002-104	確かにしょう団長は嫌い それでアナちん1チャンネル来てくれる？エマって人がアナちんに話あるんだって私は来れるか分からないけど	0	もちまる
0002-105	@もちまる あっちから突っかかってきたのに、めちゃくちゃ怒っててマジできしょかったわ。	1	いや新大久保で草ァ!!
0002-106	@もちまる しょう団長って奴マジでキモかったわw吐き気、めまい、痙攣だわw	1	いや新大久保で草ァ!!
0002-107	アナちんへ 今度は猫くん！ではなくて、エリーって人が話したいことがあるらしいから2チャンネル来てください。私は途中から来るね	0	もちまる
0002-108	アナちんへ 迷路でねこくん！って人が呼んでいるから公開ランダムに来てください（^人^）	1	もちまる
0002-109	アナちんへ 今迷路出来ますか？できるのなら公開ランダムチャンネルで待っています。（17時35分）	0	もちまる
0002-110	ありがとう😻	1	もちまる
0002-111	ひより先輩 大丈夫だよー🙆‍♀️🙆‍♂️ヽ(*＾ω＾*)ﾉ	1	いや新大久保で草ァ!!
0002-112	今日はありがとうね(´-ω-`) あまり話せなくてごめんね	1	もちまる
0002-113	今行くね公開ランダムに	1	もちまる
0002-114	ひより先輩 いいよ	1	いや新大久保で草ァ!!
0002-115	あ、待って今から風呂だから7時20分からでいい？	1	もちまる
0002-116	ひより先輩 できるから行くね。少ししかできないけど	0	いや新大久保で草ァ!!
0002-117	できるなら迷路公開ランダムにいるね	1	もちまる
0002-118	今から迷路できるの？	1	もちまる
0002-119	ひより／美鶴先輩）だよ♪ ♬ ヾ(´︶`♡)ﾉ ♬ ♪ んで美鶴は本名	0	もちまる
0002-120	ひより先輩 なんで名前にしてますか？	1	いや新大久保で草ァ!!
0002-121	頑張ってねいつでも迷路にいるから！(●'д')bﾌｧｲﾄです	1	もちまる
0002-122	ひより先輩 \(//∇//)\	2	いや新大久保で草ァ!!
0002-123	しつこくてごめんね(><)心配してて・・・ 試験頑張ってね！！	1	もちまる
0002-124	ひより先輩 ごめんなさい🙇‍♀️🙇‍♂️俺試験2週間前だからあと2週間したらまたやろ！本当ごめんm(._.)m	2	いや新大久保で草ァ!!
0002-125	アナちん何かあったの？ 私話してるけど返信してくれないから心配なんだよね・・・  今日迷路出来ますか？ できるなら返信して 後公開ランダムで待ってるね(11時半）	1	もちまる
0002-126	アナちんへ午後13時に迷路出来ますか？できるなら公開ランダムに来てください	1	もちまる
0002-127	アナちんへ 今迷路出来ますか？できるなら17時30分に公開ランダムにいるので来てください	1	もちまる
0002-128	アナちんへ 先に3チャンネルで待っています。	1	もちまる
0002-129	ひより先輩 ♪（ｖ＾＿＾）ｖｖ（＾＿＾ｖ）♪	1	いや新大久保で草ァ!!
0002-130	♪♪♪ ヽ(･ˇ∀ˇ･ゞ)(ˊ•̤ω•̤ˋ)	1	もちまる
0002-131	ひより先輩 了解	1	いや新大久保で草ァ!!
0002-132	アナちんへ 明日迷路できる？もし出来たら午後17時10分に3チャンネル来てー	1	もちまる
0002-133	私迷路オンライン19時5分からやるんやけど一緒にやりませんか(つω`*)	1	もちまる
0002-134	平日でできるの今週だけかも(´•̥ _ •̥`) 私は今から公開ランダムに行くのよー	1	もちまる
0002-135	ひより先輩 （＾∇＾）	1	いや新大久保で草ァ!!
0002-136	ひより先輩 わかりました。また今度時間が有れば行きますね	2	いや新大久保で草ァ!!
0002-137	はい！‪w‪w私休みの日にやっているので‪w一応	1	もちまる
0002-138	ひより先輩 今日も楽しかったですね。(*´꒳`*)	2	いや新大久保で草ァ!!
0002-139	ひより先輩 了解	2	いや新大久保で草ァ!!
0002-140	アナちんへ 今日出来ますか？‪w‪w 出来たら公開ランダムにいるので‪w‪w 15時に来て‪w下さい‪w‪w	1	もちまる
0002-141	ひより先輩 また会いましょうね(´∀｀)	2	いや新大久保で草ァ!!
0002-142	嬉しいです(*´▽`)	1	もちまる
0002-143	ひより先輩 今日会えましたねヽ(*＾ω＾*)ﾉ	2	いや新大久保で草ァ!!
0002-144	ひより先輩 了解	1	いや新大久保で草ァ!!
0002-145	アナちんへ 午後7時10分に36チャンネル来てくださいもしくは公開ランダムチャンネルへ！	1	もちまる
0002-146	ひより先輩 了解👌てかこんなとこで会いましたね	1	いや新大久保で草ァ!!
0002-147	あ、アナちんもこのYouTube見てるんだね！あのさ今迷路で会える？話したいことがあって公開ランダムで待ってるね	1	もちまる
0002-148	令和ちゃんねる	0	揚げたてコロッケ
0002-149	腹    八    分    目	8	オビワン背伸ーび
0002-150	無事死亡しました	15	中低音LOVE
0002-151	*開          幕           十             割*	32	shein
0003	20:49　一人左にスーーーーって流れていってて笑った	533	紅月	1
0003-001	コンベアで運ばれてるんやろなぁ…	3	ダンボール兼発火剤
0004	26:26 触んじゃねぇ！！！オルァ！ブッコロスゾ！！！お前！！！←こわい お前やぞ←こわい お前やぞ！(2度目)←かわいい	106	咲影	0
0005	6:56 やばいw 音量を3分の2ぐらい下げて再生しましょ	92	ぉぱ	0
0006	18:19 よいしょ！ブエエエエエエエ！！が一番好き	217	一人ちくわ祭り	0
0007	26:26 ｻｧﾜﾝｼﾞｬﾈｪ!!!ｵﾗ!ﾌﾞｯｺﾛｽｿﾞ!!!   すきw	577	Ho UI	4
0007-001	全文字濁点ついてて草	2	コズミック害鳥
0007-002	ベーシックジン 自己紹介やめなさい😅	3	いや新大久保で草ァ!!
0007-003	まぁアンチはほっとくのが1番やで	9	絶対クラスに1人はいる根暗でオタクのコミュ障の陽キャ
0007-004	@ベーシックジン えw  お前こそ頭大丈夫？ 精神科行ってもろて	14	アニメ好き
0008	ほぼノーカットなのに開幕でカットしてて草	242	M初老爺	0
0009	7:04 ここの思考回路三枝と同じで草	330	伊藤渡辺佐藤高橋	0
0010	33:57 この試合で声出して笑った	92	さんしょうお	0
0011	9:02 ここめっちゃ悪魔っぽくて草	74	幻覚バカオアシス	0
0012	42:51 1番笑ったw	188	白虎リン	0
0013	ここすきポイント 6:57 ｼｬｱｱｱｱｱｱｱｱｱｱ 11:45 フルーツ 28:40 ﾌﾞﾌﾞｰ	182	ゅぅゃょゎぃ	1
0013-001	28:40ここや！絶対ココ！ あぁ行けんｶｯﾀァ…  ここや！ あぁ違っﾀｧ…	2	UMP
0014	8:09 ちゃちゃまる	59	たねぽんぬ	0
0015	6:50〜7:00　までの叫びがすげえ好きw	15	おはナスカ	0
0016	26:52 ここの「お“前”や“ぞ”！！」(キレ)(2回目)すき	5	雪染いちご	0
0017	ここからの流れホントに好き 34:47	253	サネアツ	1
0017-001	右下めちゃくちゃ笑顔なのも余計草	0	小桜もも
0018	やっぱり下手な萌え声より親近感の沸く地声の方が好感持てるな	322	奇跡のキチガイ	10
0018-001	おっふ	0	みや
0018-002	心美照橋 アニ豚も見てます	3	ただのあきびん
0018-003	カオナシバチャ豚ワラワラでワロタ	1	照橋心美aka論破名人
0018-004	VがVを捨て、残ったのは猿…ハイリスクノーリターンやん	2	ダンボール兼発火剤
0018-005	まさし雅 稼ぎが全てや。	1	くれちゃんはし
0018-006	なかせい 他のライバーでも地声の人はいるけどギバラはなんか汚かったからなぁ	3	HPY 2Z2Z2Z
0018-007	ソースマスター そうやな、推しが楽しく配信できる環境を作るのが俺たちリスナーの役目やしな。楽しんでいこうや。	4	ネギま!!
0018-008	ネギま!! おけおけ　お互い楽しんでいこうや	4	ソースマスター
0018-009	昔は大炎上してたらしいな	17	なかせい
0018-010	リズム天国も今思えば十分江良ちゃん側だった気がする…	29	中島アウゲリータ 旧宇治抹茶
0019	最近生放送見ないと思ったらメン限ばっかりだったのか	52	はーるー	0
0020	41:03 つ゛か゛む゛な゛っ゛!゛!゛	6	シンドジラ	0
0021	26:25 ここ一番好き笑笑	54	na TSU	0
0022	フ　ォ　ー　ル　ガ　イ　ジ	397	やんゆー	16
0022-001	ちょっと昨今こわいけど○あるから大丈夫か	0	mimu kei
0022-002	察するボブゴリラ4世終焉を フォルノハブ	1	かま
0022-003	🤫	1	Courtney Van
0022-004	やんゆー フォールアウトのスピンオフかな？	3	Zz_生姜焼き_zZ
0022-005	やりますねぇ！	8	スローロリス
0022-006	F	0	モンすば
0022-007	゛	5	キリト
0022-008	シ	5	スナック
0022-009	イ	5	まな
0022-010	゛	5	たこォ
0022-011	カ	5	ゆらちんの首が回らない
0022-012	ﾚ	8	コンティロマネ/イルミナたんふぁんくら部部長
0022-013	ノ	6	コダマがるグラ推し
0022-014	ー	7	DDLCのナツキ推しのほのりん
0022-015	ォ	6	ああ
0022-016	フ	6	ヘリウムイオン
0023	ギバラの何が腹立つって時々可愛いところだよな…	251	泣き顔くん	9
0023-001	あんまいじりすぎるのも良くないかもね	1	ダンボール兼発火剤
0023-002	音ギバラ見て	0	中島アウゲリータ 旧宇治抹茶
0023-003	個々のコメ欄あったけぇなぁ(錯乱)	5	スマイリーシエラ
0023-004	もはやどんな悪口言ってもアンチ判定受けないのである種の無敵と化しているな	9	Bear Offline
0023-005	辛辣すぎて笑う	6	7%の男
0023-006	ほんまそれなギバラきもちわるい	3	Amemiya_ wani
0023-007	@Amemiya_ wani えらちゃんに擦り寄らないでほしいわこのギバラとかいうゴリラ	8	のりべん
0023-008	えらちゃんの擬態	7	ガラパゴスささみ
0023-009	時々江良ちゃんみたいになるよね	24	Amemiya_ wani
0024	13:06ここすき	9	カネキケン	0
0025	6:48 自分用	18	りょーちゃん	0
0026	24:01 の「ふざけんなよマジで」がかっこいい	66	チャンネル登録される度に発見されやすくなる先輩	0
0027	姉御のあのしゃべり方に最近実家のような安心感を感じてるんよな	243	マルルヤック	2
0027-001	ギバラ姉御	9	Amemiya_ wani
0027-002	弟とか甥相手と楽しそうに騒いでる姿がよく似合う子だと思うギバラ	40	黒髪天使
0028	多分ギバラとfall guysはカレーとハンバーグぐらい相性がいい	222	てつ	5
0028-001	UT- UT ふーん、リッチじゃん	3	ダンボール兼発火剤
0028-002	カレーとライスとハンバーグを合わせればいい(天才)	0	UT- UT
0028-003	カレーとご飯の方がいい	3	梨が好きな人
0028-004	@あずぱか ビックリドンキー行けば分かる	0	鈴男
0028-005	@あずぱか うまいで	5	Tomojin Murata
0029	39:48 ここからの可愛い	20	DAN	0
0030	6:57 ばかうるさ笑笑笑笑笑笑笑笑	14	大槻華純	0
0031	とてもギバラらしくて良いね、展開が悪くて騒いでる様が好き 「まって」「ヤバイ」「あ゛あ゛ー！」だけで飯が食える 配信頻度高いならメンバー入ろうかなあ	391	黒髪天使	7
0031-001	まめ 例えがニッチ過ぎる()         でも激しく同意()	2	J M
0031-002	まめ おまえは何を言っているんだ	2	ダンボール兼発火剤
0031-003	エロ漫画で見るエロより、一般紙で見れるエロシーンの方がエロく感じるよね	10	まめ
0031-004	王侯は皆に優しいで(ﾆｯｺﾘ)	1	J M
0031-005	@コンティロマネ/イルミナたんふぁんくら部部長  詳しい説明ありがたい	4	Ziggety Zag
0031-006	今日はニコニコで月一ラジオが、 毎週火曜夕方18時と水曜朝6時にはギバラさんの組んでるユニットのラジオが超A&G+でありますね	21	コンティロマネ/イルミナたんふぁんくら部部長
0031-007	メンバー入ってもいいと思うけど、ラジオもやってるからそっちもオススメ	16	Ziggety Zag
0032	7:04 くっそ笑った	2	ひややっこ	0
0033	6:48ｳｯｷｰｳｯｷｳｷｳｷ	9	しぐしぐ	0
0034	少ししか見れないのでピザポテトを置いていきます	194	wawawa	12
0034-001	@kinako[fps中毒患者] 食べかすくん？	1	GEN T
0034-002	玉袋弄っておきますね	1	劇場版ドラえもんのび太のガチガチ大勃起
0034-003	@Cucumber like a  その栄養すいとりますね	1	Nyaspix
0034-004	@なぎ. ならそこにいる貴方を食べますね	2	Cucumber like a
0034-005	鶏冠の大魔神 ギバラが食べたあぁぁぁぁゴミカスぅぅ！！しねぇぇぇ！！！とﾜﾀｼﾓｲﾚﾃﾖを食べときますね。	7	なぎ.
0034-006	そのうんちギバラにあげてきますね	7	ぴよぴよ
0034-007	何？二人はムカデ人間なの？	14	太田西
0034-008	鶏冠の大魔神 じゃあその食べた袋のうんちだしときますね	11	しらる
0034-009	眠いnemuribito なら舐めた袋を食べときますね	12	まみむめも子
0034-010	kinako[fps中毒患者] なら食べ終えた袋舐めておきますね	12	眠いnemuribito
0034-011	@まるまるしんそく じゃあその食べカスを食べますね	10	kinako[fps中毒患者]
0034-012	ぼくが食べておきますね	20	まるまるしんそく
0035	39:47猿のオモチャ	123	ブローノブチャラティ	3
0035-001	@Amemiya_ wani 上手いなぁ	0	ᴅᴠʟ_ ᴄʜɪɴᴏ
0035-002	自己否定の鬼と化したわに  語感で草	8	カカツロイ
0035-003	シンバルカンカン基地外玩具	16	Amemiya_ wani
0036	I should try to catch one of these live. She's so lively.	28	Madaggar	0
0037	メン限めっちゃ面白いので入ってよかったわ	51	ゆき	0
0038	学校でガイジっつったら学年集会開かれて説教されたゾ	4	メテオターボ	0
0039	うちのインコが起きました	22	ペンケース	0
0040	23:08のﾌﾑﾅ゛ｯが可愛い	5	オタケサンドロス	0
0041	34:00〜の流れマジで草	10	ばなぁなぁ	0
0042	21:53 ここすき	7	うえじゅー	0
0043	最後の叫びなんか心にきた…	4	santa	0
0044	ギバラのリアクションほんと好き	21	BB最高	0
0045	動画名ライン踏んでて草	36	ENJOY	0
0046	いやー今回もギバラの奇声が聴けて安心したわ	15	ヒロノシ	0
0047	隙あらば取っ組み合い精神好き	14	Y Reo	0
0048	鼓膜が何個あっても足りん…	9	ヨッシー愛護団体会長やしゃまる	0
0049	なぁ、最近動画の投稿頻度が上がってきてほんと嬉しい。ありがとうございます	2	u Ta	0
0050	これ一昨日やって、めちゃくちゃえらちゃんにやって欲しいなって思ったら通知来て叫んだよね、、めっちゃ嬉しい😭 だってえらちゃんがこれやったら絶対発狂するじゃん？	3	すあままる	0
0051	サムネ可愛すぎて	11	ギョーンギョーン	0
0052	34:50 ココ傑作	4	おへその国からこんにちは	0
0053	一応メン限も見てたけどこんなうるさかったか…？	5	立風tachikaze	0
0054	メンバー4つ入ってるんだけどギバラの入ろうか迷ってる。。。。	113	ぺぴ	10
0054-001	@ZEN 了解です！ありがとうございます🙇‍♂️	0	wawawa
0054-002	IZ BACK  サブスクスタイルの課金は結構な額払うことになるのに意外とお金払った感が少ないから計画的にした方がいいと思う	4	ZEN
0054-003	@スナック あ〜了解です！ありがとうございますm(_ _)m	0	wawawa
0054-004	@wawawa というかそもそもメン限がそもそもない人も居るからメン限ある人のとこ入ってる	0	スナック
0054-005	@スナック 還元率が高いってどんなんですか？？メンバー限定配信が多いとかですかね？？自分もメンバー入ろうかめっちゃ迷ってて、、	0	wawawa
0054-006	ギバラはメン限の頻度もそこそこなので入って損はないですよ	3	める
0054-007	入ると幸せになれる	6	haru
0054-008	自分還元率高いとこしか入ってねぇ…	6	スナック
0054-009	入らない選択肢なんてあるの？      まぁ僕には課金の余裕はありませんけど	36	まるまるしんそく
0054-010	課金勢羨ましい	15	コダマがるグラ推し
0055	最初の3秒でお腹いっぱいになっちゃった。 残りはまた今度見ます。	2	りが	0
0056	あ・・・ありのまま今起こった事を話すぜ！『おれはベットに入って寝ようとしていたがいつの間に動画を見終わっていた』な・・・なにを言っているのかわからねーと思うがおれも何をされたのかわからなかった・・・頭がどうにかなりそうだった・・・御伽原 江良の叫びだとか御伽原 江良の発狂だとかそんなチャチなもんじゃあ断じてねえもっと恐ろしいものの片鱗を味わったぜ・・・・・・	26	レズビアンの王女	1
0056-001	ギ　バ　ラ　ァ　ァ　ｧ	2	Amemiya_ wani
0057	口が悪いの好きです笑	4	結城雲雀	0
0058	19:45 個人的にここの流れがめちゃくちゃ好きです	14	じこ	0
0059	ゲームが上手い江良さんに第三次スーパーロボット大戦α 図鑑コンプリートするまで終われない耐久生放送をお願いします。	5	中島アウゲリータ 旧宇治抹茶	0
0060	45:34 大事なことなので貼っておきます	22	ひさひで	0
0061	他のVtuberも見たけどやっぱりギバラ	5	バナナオフィス	0
0062	江良ちゃんの喉よりも隣の住人からクレームがこんか心配になるほどよう叫んどったな	6	Maki	0
0063	歌もラジオもいいけど、やっぱギバラは配信だよな	6	Ziggety Zag	0
0064	19:49 かわいいww	1	кᴀᴇᴅᴇ	0
0065	37:48ここの変化好き	1	アニメ好き	0
0066	落下リアクションすき 1:04 1:20 7:20 7:28 7:57 8:08 18:45 22:25 23:01  上手くいってるところから思いっきりミスするギャップに笑いました。 江良ちゃんのわーわー言ってる様子がすごく楽しそうで好きです。	11	里	0
0067	やっぱギバラは最高だわ	1	桜ねこ	0
0068	26:26 自分用	0	アキー	0
0069	江良ちゃんが楽しそうにゲームしてるのを見るだけで幸せなのだが、私はおかしいのだろうか	3	早退太郎	0
0070	ギバラが可愛く見えてきた……誰かたすけてください	1	RYaBEV	0
0071	ギバラの立ち絵久しぶりに見た気がする	1	東堂カミオ	0
0072	ギバラ信じられねえくらい自由にやってて好き	2	シン天ぷら	0
0073	7:07〜 ほんま草	0	やみい/朝日奈樒	0
0074	6:40 ここ好きすぎる	0	ユル	0
0075	今回はプレミアム公開行けましたよおー！	1	るな	0
0076	あのさぁ…	3	Sunless Rider	0
0077	開始3秒で御伽原江良を感じられる神動画	0	紅ギョーザ	0
0078	表で動いてるの久しぶりに見たわww	0	しゅーと	0
0079	いつも通りうるさくて助かります！ 期待を裏切らない安定のうるさささ(ﾟ∀ﾟ)━!	1	山口ぐちタン	0
0080	ギバラが楽しそうで良かったです💡	0	ろーん	0
0081	猿みたいに叫ぶギバラを見て猿みたいに笑う私🐵	0	骨はどうせ砂と化して消えるのに	0
0082	39:50 ペットショップASMR	1	AB BB	0
0083	6:50 ギバラ猿	1	兵庫コッセツ	0
0084	19:25チーターいて草	0	何もしない人	0
0085	最近昔の江良ちゃんを見て懐かしんでる... 今はギバラに吸収されてしまった...	1	弦巻こころ	0
0086	6:48 マジビビったわww	0	チャンネルTai	0
0087	作業のBGMとして聴いてます おかげで眠れなくなりました	1	Yoko Ichi	0
0088	最後の悔しさがかなり伝わってくるw	0	ぴにゃにゃ	0
0089	所々いつもここからの片鱗が見え隠れしてるの笑う	0	たか〜	0
0090	開幕ほんと草	0	最弱	0
0091	お疲れ様でした(,,・ω・,,)	0	閃空裂破	0
0092	こいつらこの見た目で身長183cmあるのか………	41	コンティロマネ/イルミナたんふぁんくら部部長	2
0092-001	ま？	1	アミルカレアンドレア
0092-002	デカすぎんだろ...	3	寿司
0093	34:50 自分用	0	プリースト21	0
0094	大玉ころがしの時うるさすぎだろw	0	甘無 霧のお絵描きゲームちゃんねる	0
0095	45:22 ここディスクアニマルアカネタカ	1	揚げ豆腐レモン醤油	0
0096	うｐ乙です。ギバラさんめっちゃ可愛い。	0	ゼロキ	0
0097	出オチで草	0	黒坂ねう	0
0098	出オチで草	0	太陽	0
0099	出オチで草	0	微熱風鈴	0
0100	この動画を開いて3秒でリビングで妹の前でこの動画を開こうと思った事を後悔した	0	たかしたかし	0
0101	ロックンロールの逆転劇かっこよかった	0	デザインあ	0
0102	初手ピンクロー○ター草	1	かるしうむ。	0
0103	10:33 自分の配信を見直した感想	3	ペータ	0
0104	ギバラがおる😭感動😭	0	未来のユードリック	0
0105	ギバラってセンスとか直感は結構光ってると思う	1	Km crooow	0
0106	開幕ピンクローター草	0	かいん【kain】	0
0107	久しぶりやなギバラの姿見見るの	1	蜜柑褸那	0
0108	チーム戦大体仕事してなくて草生える	1	11 november	0
0109	さくらんぼバナナ､､､🤔	0	しらラー	0
0110	まとめ動画たすかる！🥰	0	ろっか	0
0111	最初から汚い‪w	0	クニュkunyu	0
0112	あー、もう、元気になる笑	4	三日月わしょーい	0
0113	こういう動画は好き。見ててたのしい！	0	ふえるワカメ	0
0114	大玉の赤かわいそうw	0	ぷにウルフ	0
0115	中身公開されたから見に来た	0	おめそ	0
0116	あつ森のマイル以降全然生配信ないからぴえん	1	モッチーン!	0
0117	初見です ギバラさん見た目めっちゃ可愛いのに 普通にぎゃーぎゃー言うのほんと草 そういう人すきww	0	小悪魔な蒼	0
0118	開幕草生える	1	鮭喰	0
0119	39:33　富士サファリパーク	0	士道	0
0120	3つとも何故か開かない壁の所面白過ぎましたありがとうございます😇	0	玲愛A	0
0121	大玉転がしのところうるさすぎて	1	A a	0
0122	ボンバーマンにトラウマ覚えてて草	1	カルピ酢	0
0123	開幕ピンクローター	0	えびふらい	0
0124	濁点系実況者	1	-きしめん	0
0125	ﾌｩｰ!↑の声が○獣先輩と大差ないんだよなぁ	0	koh	0
0126	最初の動画見た後にこれ見たんですけどどゆこと？？	1	K汰	0
0127	フォールガイズ1位耐久して欲しいなw	0	i- Ce	0
0128	久しぶりの実況動画でうれしい	0	機星 彩 /個人VTuber	0
0129	開幕ドシモなの草	0	Moco	0
0130	フwォwーwルwガw◯wジw	0	ボカロ廃人	0
0131	口悪過ぎて草	7	さく	0
0132	めっちゃギバラしてる	0	サボテン丸	0
0133	G！I！B！A！R！A！A！ギバラ！！	0	重音色kasaneiro	0
0134	三枝様とのコラボお待ちしております	0	マトリョーシカ	0
0135	やっぱギバラ純粋にゲーム強いんだよな…	0	*ゆかりとます*	0
0136	また動画出して欲しいな(๑╹ω╹๑ )	0	いや新大久保で草ァ!!	0
0137	6:49 気迫がすごい	0	インツイ	0
0138	今振り返る旅してます	0	いいことでもあった委員長ちゃん	0
0139	最初のライブのときから声が変わってる声変わりかな？この年で	0	レッド	0
0140	フォールガイジってほんとトロールゲーだと思う	35	やみぃちゃん	0
0141	開幕ピンクローターはしんどい	0	かねだ	0
0142	42:47←ここで掴み返した時に変な声で笑っちゃいましたw ((  ( (つ・・)つ ﾎｰｰｳ !!	1	こいつの名はシフ	0
0143	なんかもう全部が汚すぎてむしろ綺麗に思えてきた	0	コッペパン	0
0144	いつも通りのギバラで安心した	0	shige yama	0
0145	かわいいなぁ（白目）	0	近所の斎藤さん	0
0146	音量最小にしても迫力がエグい	0	スケスコ	0
0147	うるせぇから好き	10	サイレント騒音田	0
0148	タイトル確信犯	0	人生の勝者is武々夫	0
0149	どう見てもピンク□ーターで始まるゲーム実況はこちらです	0	世界の野獣	0
0150	6:57ここ0.25倍再生してみ？w	0	ああ	0
0151	こっわw	0	ヤオガミザミ	0
0152	1位取るまで終わらない配信楽しみに待ってます(◕ᴗ◕✿)天才か？	0	Littlegreen men	0
0153	ほぼ配信で草	0	ちゃちゃまる	0
0154	音量MAXで動画開いたらこうだよ…	0	ピロシキ	0
0155	清楚さフリーフォールガイ○	0	横山縦	0
0156	初手から草	0	voya	0
0157	プレミア配信で草	0	sinji akita	0
0158	実際ファインプレー多くて面白いね	0	びぃけぇ	0
0159	うるせーーーーーーーー	0	Kかさなはま	0
0160	割と上手くて草	0	チラシChirashi	0
0161	大玉笑った 味方に地雷引くと辛いよね	0	早退太郎	0
0162	江良ちゃんのお部屋って、 音楽室みたいなところなのかな？ バーチャルだから、関係ないか…	1	sato*	0
0163	メンバーに入りたくなったのでメンバーに入りました(天下無双)	0	随行支援ユニットポッド153	0
0164	初手最悪で草	0	E bi	0
0165	Thank you for blessing us with your scream	0	anon anon	0
0166	最近見始めたけど基本音割れしてるんだ…	0	すーぱーお魚屋さん	0
0167	星願！星願！星願ァァァァァァァァァッ！！！！！！！	0	てつりんx_	0
0168	こいつらこう見えて180センチぐらいあるんよな…………180センチのローター……	12	るるる	3
0169	飛んできた	0	ねこゆき	0
0170	清々しい発狂ぶりだな	0	P	0
0171	しれーっと下ネタ言ってて草	0	アオノaono	0
0172	開始3秒でど下ネタをかますにじさんじの鑑	0	ミチミチボトルペット	0
0173	7:07自分用	0	叶翔	0
0174	最初からクライマックス定期ギバラ	0	96 Raven	0
0175	19:31  やっぱギバラはギバラやな…(予言)	19	猫猫	0
0176	6:57 えぐい	1	ニスイカ	0
0177	あれっ初手ピンクどこかで聞いたような	0	みなも	0
0178	ピンクローター… 飛ばされたい…  なるほど	0	b_yn air	0
0179	6:57 バリ叫ぶやん	0	Z.U.ミーさん	0
0180	何だろう……たまにマサオくんの声が聞こえる気がする	0	カモミール	0
0181	ギバラ配信してなかったからどういうキャラか忘れたわ	0	Rd U	0
0182	リアタイみてえなあメンバー入るか....	0	Yhara	0
0183	出落ちでワロタ	1	墨染袖男	0
0184	人間性は落ちたな。	1	Marimo Walking	0
0185	サルも落ちるっていうし妥当。	0	カイザー	0
0186	6:57音量注意	0	Sora	0
0187	タイトル変なとこに○つけないでもうて。進んで誤解を招こうとしないでもろてw	0	なーもー	0
0188	見どころも聞きたい声(奇声)も満載で最高だった(」’ω’)」ｵｫｵｫｵ!!!ｳｳｩｩｱｱｫｵ!!!!!!あばばもおるァ他にも多々聞きたいのがいっぱいあってよかった…本当に素晴らしい声帯だ…かなり上手いから見てて楽しいし…にじさんじ杯みたいなのやって欲しい	1	冬波豹希	0
0189	ちばにゃんからきました	0	シズくん	0
0190	いや弱すぎ	0	さばろーう	0
0191	このピンクローターの身長、183cmなんですよね…………………………	0	うめちゃづけ	0
0192	かわいいよギバラ	0	もちだのひと	0
0193	ピンクロ…(￣▽￣;)あと配信切り方よ（笑）壊れたかと思ったわ。	1	Shadow!ぶりぶり	0
0194	18:42 からのくだりすき	0	ましろんぬ	0
0195	fallゲェジって呼んでるわ	1	タナトス	0
0196	喉強えな…	0	はいうぇる	0
0197	初手ピンクローターネキ	0	ああ	0
0198	最近動画動画しないね	0	かのこう	0
0199	初手ローター助かる	0	サンシャイン藤原	0
0200	初手ピンクローターで無事リビングで見てたワイ死亡	0	ぴよぴよ。	0
0201	35:27きっっっしょ	0	LUNASA GISSY	0
0202	8:09 ここayuwoki	1	花鳥風月	0
0203	ヤッパリギバラ、ゲームのセンスは本当にある	0	元老	0
0204	伏字の意味ないの草	0	ひろし姉貴	0
0205	初手から酷すぎんだよなぁ	0	しゅん·····	0
0206	まだ活動してたんや	0	ばけもん	0
0207	直球タイトルしゅき	0	C C	0
0208	初手問題発言は流石っす	1	めろんぱん	0
0209	初投稿の動画からここに飛んだんですけど、声と口調の豹変っぷりにビビりましたw	0	飴林檎	0
0210	また声変わりした？	0	飲めない飲料水	0
0211	1位取る配信やってもろて	0	そこらの民衆	0
0212	開幕ピンクローター発言はどうなん…？	0	田井中律	0
0213	スンドゥベルメロンチョ	0	Switc ma_n	0
0214	最叫のVTuber	0	黒崎凪	0
0215	climb（クリンブ）かわいい	1	すすづ	0
0216	コメントで灯火ってやつがピンクローラーって言ってたけど ピンクローラーってなんだよw	0	ああ	0
0217	ピンクロー、、、😡	0	マツイさん	0
0218	鼓膜クラッシャー	0	りすは	0
0219	9:43 「キ◯タマ？」	0	沖ちゃん	0
0220	メン限だったのか助かる	0	ふるし	0
0221	フォールガイズってメン限で何時間やったの？	0	こおり	0
0222	るん！	0	今福匠杜	0
0223	ローター(183cm)	1	えすのじとぱーず	0
0224	人間って…醜いな	0	鈴蘭	0
0225	かわいい	0	田中かずまさ	0
0226	良いビデオ亀裂	0	angel mendoza	0
0227	06:30〜06:57 ここすき	1	gezor	0
0228	初手ローターで社会的に死んだんだけど。	1	楓。	0
0229	34:46なんならここからおかしい	0	k a k i p i	0
0230	いや、ギバラうま	1	にじさんじ追いかけ太郎	0
0231	7:07 はい？	0	うんち	0
0232	● ● ● ● ● ● ジ！？	0	灰兎	0
0233	伏字に悪意を感じる	0	ドスマッカォ	0
0234	しょっぱなから下ネタかましてるw	0	華南華北	0
0235	初手下ネタ安定	0	リング・	0
0236	34:58 メロコアのライブかな？	0	noop	0
0237	フォールガ○ジ	0	かわよる	0
0238	ギバラの汚い声はいいぞぉ…… 1位耐久配信楽しみにしとるで!!	5	あいん	0
0239	今日も江良ちゃんかわいいね	2	やの	0
0240	全てが可愛いと思える俺は末期	0	Pacifist	0
0241	久々にギバラみたけど最近はガチガチに地声なんだな	0	ピザの膝	0
0242	初投稿と変わらないなぁー	0	Weight Gainer	0
0243	自分の都合のいいように捉えてるな。	0	おかもっチャーハン	0
0244	あばばばばばばばばすき	0	ままま	0
0245	叫ぶ人にはこのゲーム相性いいなぁ	0	烈海王	0
0246	ツイステから観始めたんですけど、作業中に聞いてるだけでも笑ってしまうｗ	0	aki	0
0247	メンバー入るか。	0	ニッグさん	0
0248	0:00これさ…どうみてもピンクロータ… 俺と同じことを考えてた人がいるとは思わんかった…	0	。えりえーる	0
0249	I have not seen a translation of her in awhile. Love you gibara!	0	Dammit !	0
0250	えらちゃんしか勝たん、、、	0	ちゃき	0
0251	開幕ピンク〇ーター言ってるけど…コイツ公式で身長１８０あるんやで…	0	焔神崎	0
0252	7:04何これ...S○X？	1	ワサビィ丸	0
0253	息をするように下ネタを言うシンデレラ	0	ゆいと	0
0254	なんでプレミア公開なんだろう	0	tayo po	0
0255	フ ォ ー ル エ イ ◯	0	ごりさん	0
0256	しょっぱなクソ酷いの草	0	ねゆ	0
0257	開始早々オワタ	0	ゆち	0
0258	基本的に自分に甘く他人に厳しい態度大好きよ	0	非常食先輩	0
0259	音割れギバラ	0	けあ	0
0260	親の前で見てしまいました。許しません。	3	士善	0
0261	フォートナイト	0	みどり64_Midori64	0
0262	さ''わ''んじゃね''ェェェが完全にヤンキーで草	0	こみゅこみゅ	0
0263	いつの間にギバラのCVがオランウータンに変わったんだ？	0	うそつき	0
0264	初手からクライマックス	0	rev limit	0
0265	元ネタの生みの親のセンス的にギバラとFall  Guysが合わないわけがないんだよな	1	Lute	0
0266	あー	0	古明地姉妹達のch.	0
0267	ギバラのくせに妙に上手いのにやめろ 誉めたくなるだろ	0	山田隆	0
0268	ツイステガチャの動画から見始めたけどこの･･･えらちゃん？で読み方あってるでしょうか、めちゃめちゃ面白いんでチャンネル登録しました。( ◜ᴗ◝)	0	そらまる	1
0269	ギバラVtuberの中では上手いやん うるさいけど	0	ちとっち	0
0270	神回	0	M. Jack	0
0271	はね飛ばされてるやん‪w	0	もちまる	0
0272	タイトルなんの違和感もなくフォールガイジって読んだわ	14	カルピス123	0
0273	開幕10割	0	ちかひ	0
0274	最近ファンになって動画見始めたんですけど、声が寿司なので聞いてて落ち着きます😌	5	TSUTAYA	1
0275	まじでくそ萎えることあってテンションだだ下がりだけど、ギバラちゃんの動画見てたらまじで忘れられる。なんでこんな元気出るんやろ。	0	ズオ	0
0276	ahhh i really want to catch a gibara stream live	0	detective duck	0
0277	メン限配信だったのに声高い？ クレカなくて事故配信で入ろうとしても入れなかったから投稿めっちゃ助かる	0	みぃな	0
0278	殴　る　ぞ         謎の威圧感	0	テトチャンネル	0
0279	Hey guys! We have a gift for you!	0	なんじゃこんじゃ山田	0
0280	すごく面白かったです！	0	*カトチャ	0
0281	声低くなった？	0	佐藤バカルディ	0
0282	ピンクローターて、某キ◯とおんなじこと言ってて草	2	KYMNN 。	0
0283	ほぼ全ての罠にかかる女    魏バラ動物園 6:49	0	ナースコール	0
0284	みなたん、○に入る言葉は？　　　　　　　　　　　ジ	0	Unknown Eater_カズカズ	0
0285	ここまで清々しい音割れもなかなかない	0	モリタイチロウ	0
0286	6:50 すごいな… this certainly is something	5	Junct	0
0287	気配消えたと思ったらいきなりでてきた メンバーさんおしえて このひとはもうメンバー限しか配信しないのですか？？？	12	haruki haru	0
0288	ここで必要なのがゴミカスゥーーーなんですよなぁ	0	Sugar& peix	0
0289	あ〜、これはいいシンデレラしてますわ	0	うなぎ隊長	0
0290	初見です´ω`*  親戚からの勧めで見たのですが、面白いですね´ω`*  チャンネル登録しときました´ω`*	3	ゆかいなお姉さん	3
0291	この人英語読めなさすぎじゃない？？？かわいいね	1	ひゃひゃ	0
0292	あれ？いつもより声低い？	0	死ぬ間際ファミリー	0
0293	世界一フォールガイズがうまいシンデレラ(?)	0	バキ	0
0294	きらいな人に送ろう 18:10 26:26 35:27 39:00 41:15	165	リボンマリン	4
0295	初見です。テンションに惚れました。すこです	0	もふちゃん	0
0296	タイトルがもう草	0	yuki	0
0297	ぎばらは彼女には欲しくないけど、友達には欲しいタイプ	0	あむ	0
0298	45 minutes of blessed gibara yelling = music to my ears :love: 39:47 chimpanzee moment	24	Ruki	0
0299	久々にギバラ見たけど相変わらず声汚くて安心した	0	白樺棗	0
0300	姉御の実況横で女友達がゲームしてる感じに似てる	2	7ヵ月前・ 3日前	1
0301	最近ギバラさんにハマっているんですがマジでメンバー入ろうかなと思っている所存です	23	つつ	8
0302	急がば回れって言葉知ってる？	0	玲白瀬	0
0303	*フ　ォ　ー　ル　ガ　イ　ジ*	0	ガンギマリン	0
0304	途中から見てるんだけどピンクロー〇ターのくだりカットされてるのかな？？	0	ごーちゃ	2
0305	34:50 左が外れてるの見て真ん中と思うギバラ 34:53 真ん中に当たって正解じゃない事を疑問に思いながら右に向かうギバラ 34:55 右が当たりなはずなのに通れない事を謎に思うギバラ 34:56 なんで左が空いてるの！？！？って思うギバラ 35:00~35:09 おかしいと言い続けるギバラ	1	ロイド	0
0306	im always wandering is she ex delinquent or yankee or her personality is like that from the start its so funny watching her angry lmao	0	kusama ID	0
0307	お前なら清楚やれる	0	WoW_iu	0
0308	7:07	0	ゴンザレス増田	0
0309	切り抜きだと思って概要欄見たら「元動画」が無くて察した	1	みりん	0
0310	Vtuber辞めたの？	0	Ay run	0
0311	0:00 下ネタ	12	* omiso	0
0312	こんなに品性の欠片もないVtuber初めて見た。 (褒め言葉)	0	くるみ	0
0313	We go from 18:10 to 45:22	0	Tony Wizdard	0
0314	26:48	0	黄瀬くん	0
0315	は？ばかですか？おいしゃさんいきますか？	0	koumei1o8ky310	0
0316	37:47	0	伊藤渡辺佐藤高橋	0
0317	まてみんなフォールガイムの可能性もあるぞ 鎧武	4	中部ずい-nakabe zui Vtuber-	3
0318	メン限でしか配信しなくなってしまったな	2	りんりん	0
0319	6:53 黙れ	4	ぴよぴよ	0
0320	この人に声とワードセンスと発狂の仕方がそっくりと言われたので来てみました。生き別れかな？	1	らんうす	0
0321	丸には何が入るんやろうなぁ… メン限だけではもったいないギバラみが溢れる配信 逆にメン限入ればこんな配信が見れる可能性も！？ それは、実質無料！ さぁあなたもメン限に入るなら今！	80	しょーた	5
0322	めっちゃ泣いてて呼吸もままならなかったんですけどギバラさんの発狂聞いてたら心が落ち着きました…本当にありがとうございます	2	小桜もも	0
0323	was wondering if she played this game, since it brings out the worst state of hologroup vtubers. guess im not disappointed	0	ZeWorld	0
0324	猿やん（予言）  追記（感想） 絶叫や暴言、更には下ネタがなくとても清楚な配信でした。 猿やんという予言が外れた事をここに謝罪します。 少し音が小さいと感じたのでイヤホンで最大音量にすると非常に快適に楽しめると思います	1	召喚!スティックのり!	2
0325	お疲れ様です🤗🤗  Let's do the live version next time? 🥺	1	Taura	2
0326	この動画を見てギバラのメンバーに入りたいと思ってる君達 御伽原のメンバーは月額490円から入れて、基本2時間以上のメンバー限定配信が見られるし、表では聞けない話等様々見聞きできるぞ！ 最近は配信頻度が少ないと皆様思うだろうが、裏を返せば御伽原のメンバー配信アーカイブを見るのにうってつけ！ さぁ、君もメンバーになろう！	26	白い白い未栄	17
0327	予告で既に面白い	1	エリート	0
0328	獣	0	ハヤテ	0
0329	何回汚い声出るかな	1	ニクル	0
0330	個人的に好きなシーン 5:26 指揮出来てない大玉転がし 17:42 ハメ技 18:21 よいしょぶええええ 24:16 きっしょ(迫真) 34:51 最高の撮れ高 37:49 リベンジ 42:41 ぷろれす？(競技違うぞ)	36	コンティロマネ/イルミナたんふぁんくら部部長	1
0331	Okaaaaaaaaaaaay	0	Nestor Ceniza	0
0332	しょぼんに続いて伝説できたってマ？	0	マトリョーシカ	0
0333	メンバー入りたいけど金が…他のVのもあるし月1000円飛ぶことになるとバイトできないからきついな…まずどのくらいの頻度で配信してるんだろ？	1	神無月ころも	1
0334	そこを○で伏せるな	2	* omiso	0
0335	34:50 チーム戦じゃなくてもこういうわざと扉壊さない地雷っているよね  邪魔するためだけにゲームしに来るならやらなきゃいいのに	1	早退太郎	0
0336	フォールガイジってコメントしようとしたら既にいた。やはりギバラはフォールガイジ()	1	心音	0
0337	スリザリオ雑魚いですね！	0	FKO だだいち	0
0338	こんなクソおもろいに決まったとるやんけ… 絶対発狂してるよ(固定観念)(預言)         メンバー入りたいよぉ… 同情するならGoogle Playカードくれ、それか現金くれ	3	鹿目タツヤ	5
0339	ジ	0	ユウチノ	0
0340	Fall guys.We have a gift for you! ◯に入るのジかな？	3	絶対に結婚するライナー【登録者1000人で結婚】	0
0341	the funny thing is that i understand what is gibara saying whithout me knowing japanese lol	1	C2	0
0342	学生でクレカが作れずメンバーに入れないので賛歌歌います     ｸﾚｼﾞｯﾄｶｰﾄﾞｶﾞｱﾚﾊﾞﾅﾆｶﾞﾃﾞｷﾙ”ｳ”ｳ”ｳ”ウ”↑ お”しの”配信が見れてェ↑ コ”メ”ン”ト”でお”う”え”ん”ガデキ”ル”ゥゥウ↑(血涙)	2	241 7575	0
0343	るしあ‥‥‥	0	西まんじゅう	0
0344	第1回 0:04 時計の針 52→38 2:00 しっぽとり 38→27 4:25 長縄跳び 27→16 5:37 大玉転がし(チーム戦)16→11 7:08 蜂の巣落下 11→脱落  第2回 8:12 ゲート破り 51→39 9:41 玉守り(チーム戦)39→26 11:47 果物記憶 26→19 13:43 ブロックパーティー 19→12 16:07 フォールマウンテン 12→脱落  第3回 17:12 プロペラ 54→41 ※39位くらいでゴールしてセーフ 19:26 感染(チーム戦)41→脱落  第4回 21:04 プロペラ 57→42 ※4位でゴール 22:15 シーソー 42→30 23:49 リングくぐり(チーム戦)30→20 26:13 長縄跳び 20→12 27:21 フォールマウンテン 12→脱落  第5回 28:17 ゲート破り 56→42 29:31 しっぽとり(チーム戦)42→31 31:56 スライムクライム 31→脱落  第6回 33:07 アメリカンクラッカー ？→43 34:13 ドア破り 43→脱落  第7回 35:41 CD ？→42 36:55 ゲート破り 42→31 38:01 スライムクライム 32→18 40:20 サッカー(チーム戦)12→6 43:21 しっぽとり 6→脱落  大雑把なので、あとで編集しなおすモン	26	くまモンnagi	1
0345	ギバラもしかしてキ○みた？	0	K M	0
0346	I turn my headphone volume to max to hear the cute noises of Gibara	0	Alex	0
0347	Zi	0	夢見の凰札	0
0348	ギバラも最近つまらなくなったな	0	nuko	1
0349	最近お前一般フォロワーには見向きもしないな	5	ハリモグラ	0
0350	なんで生放送しないんですか？しゅうにゅうだいじょうぶですか？	0	草製造機	1
0351	知ってる人いないと思うけど、P〇rn hubに出てましたよね？	0	メロ。	0
0352	なんでこの人配信しないの？	8	だーよし	1
0353	あれ？ギバラいたんだ。ガチャ動画からてっきり生声実況者に転職したのかと	2	ワカメかくせい	0
0354	今回ヤンキーみたいな声スゲーけどどうしたん？生理？	1	中島アウゲリータ 旧宇治抹茶	0
