0001	すすり泣く声を喘ぎ声だと勘違いするやつ初めてみたわ	20	せい	0
0002	クロエのレクイエムやってたんだ！？ これはマジで泣いた作品、小説も買って読みました。 あとギバラ大好き😘愛してる。	6	カネキケン	0
0003	2:00:40 ギバラバージョン	30	リア充キラーELへんなの	0
0004	クリアおつえら～ 同じブリキの時計さん作の 幻想乙女のおかしな隠れ家も名作だから是非プレイしてほしい	38	ニコ	0
0005	22:22 この辺りからのテンションの上がり方がガチ	19	なふぅ	0
0006	true endが本当に感動するから是非見てほしい…！！	21	白林檎	0
0007	1:35 開始	8	AFOぼっち党員	0
0008	4時前に見ながら寝てたら鼓膜破れて起きたゾ…	12	sushi	0
0009	sya〇muと同じゲームをやってて草	8	かけごはんらーゆサブ	0
0010	NormalEND普通に感動するし辛い部分もあるんだけど、クレジット部分の魔法少女めるるたんで全部持ってかれたわ	4	もりぃ	0
0011	最後の別れの曲がまた良い味だしてんなぁ…	5	ビースト後輩	0
0012	2:41:50 カプリース24番に怯える音ゲーマー(チャット欄)	9	DO NOT ESCAPE FROM ENDIMION	0
0013	配信お疲れ様でした、1番かわいそうなのはピエールかな？誰にも必要にされなくてシャルロットに罪をなすりつけられてる！	6	神城アキラ	0
0014	フリーホラーなら狂い月希望です💓	1	RIE	0
0015	ボートレースの曲のくだりでめちゃくちゃ笑った	4	ホージロザメ	0
0016	ロリは純愛シチュでいいんだよなぁ…	2	makuana seyuseyo	0
0017	そう言えばロリコンの前はショタコンだったもんな……	7	コマド	0
0018	初めて知った作品でしたがとても良かったです +ギバラのショタ演技助かる	6	dotism	0
0019	4:17:32 ﾊﾟﾋﾟﾎﾟﾋﾟﾎﾟ!?	6	not_UMR	0
0020	久しぶりに見て感動して泣いた、このゲームを遊んでくれてありがとうギバラ	1	yuuto	0
0021	シャルロットの愛情を煩わしく感じるミシェルとミシェルの愛情が重荷になってるピエール…てぇてぇ…	0	shou o	0
0022	ドキドキ文芸部やって欲しいわぁ	2	李徴子	0
0023	出来ればtrue endを見たときのギバラの反応が見たかった。。。🥺	0	みーちゃん	0
0024	Re:membreとかやって欲しいなぁ...	0	しもがも	0
0025	オロホスの夢もやってほしいです！	1	ああ	0
0026	長時間おつえら〜！ クリアほんとにすごい！ おめでとー！！ 何故こうも心に来るのか…… 誰も救われねぇ… みんな救われて欲しいと願うのは 自分のエゴなのだろうか…… 色々考えさせられるゲームだったね	7	アヲノ#調子極端	0
0027	3:32:25 解体ショーは楽しかったかい	0	ヲタ活蓮くん	0
0028	ボートレース草	1	秋春	0
0029	この放送リアタイした人は放送終わった後速攻別エンド見に行っただろうなぁ…w	10	ゆーと	1
0029-001	そりゃ気になるもん（笑）	1	夜咲
0030	えらちゃん頑張りました(^-^)/	0	銀炎の翔太	0
0031	トルゥーもやってみたほうがいいよ！	0	ぁぁぁぁ	0
0032	3:32:04 球磨川禊	13	たにし	1
0032-001	だって、僕は悪くないんだから！	1	プティ・バンビオウル
0033	うわ面白そうなのやってんな生を見逃したの悔しい	0	さかゆう	0
0034	こころなしかギバラの手がワキワキしてる気がする	0	てけ	0
0035	ギバラにデトロイトやってほしい	0	通りすがりの叶え隊	0
0036	ラ・カンパネラもﾄｰﾙﾊﾝﾏｰじゃなかったか弐寺erたちよ・・・	0	HA-KO	0
0037	2:18:55 ボートレース	10	Taka	1
0037-001	ボートレースニキ助かる	1	秋春
0038	ぎばー	0	らず	0
0039	まっっっって好きなゲームやってくれて嬉しい 友達と小学校の時にタピオカの曲流しながらやったなぁ…懐かしい	0	水風船	0
0040	クロエのレクイエムを完走したならcon amoreっていう続編というか後日譚みたいなのがあるからそっちもやってみてほしいですね	1	佐和山之妖狐	0
0041	sy〇muさん!?	6	猫缶	0
0042	これ見る度に某大物YouTubeｒさんを思い浮かべてしまうんだ😭	5	ふらのY	0
0043	別エンドもめっちゃ気になる。あと泣き声を喘ぎ声ってことにすると全く怖くなくなりました！ありがとうございます()	0	じゃがポテト	0
0044	長かったなあ	0	月火水木金正日	0
0045	我も情報0なので憂鬱な気持ちで見てくぞ...🥺 苦手なんですよホラー。青鬼とかは腐るほど見たけど他はマジ無理ビックンビックンする 実況者の位置に立ってコメントするのとビビりながらひんひん言うのは全然違う...	2	よわむしArisia	0
0046	2:30:02 汚食通ギバラも固まるフルコース	0	クラッシュ万事休す	0
0047	2:48:54 おトイレ	1	かいわれ	0
0048	53:47  2:03:12	7	たいやき	0
0049	1:05:30 ここパプリカみたい	0	月火水木金正日	0
0050	この作品、作者の方が学生の時に作成された処女作のゲームっていうんですから、ほんと凄いですよね！大好きです！	5	ましろ	0
0051	おつかれさまっす、フリーホラーゲームにハマってるなら『幻想乙女のおかしな隠れ家』お勧めですよー！	1	Lupine	0
0052	残念ながら配信内で見れなかったトゥルーエンドはくっそ感動するから見てみて欲しいゾ……	7	Anko Azuki	0
0053	懐かしいゲーム	2	たこすけ	0
0054	長時間配信おつえら！	0	くそざこな恆瑪 のぶめパパ	0
0055	誰かnice boat のくだりどこかわかる人いますか？ 追記: 2:19:04です	5	さはら	2
0055-001	曲八 まじ感謝。ありがとうございます！	1	さはら
0055-002	2:19:04	1	曲八
0056	トゥルーエンディング見てきたけどまじくそ感動するからみんなも見て欲しい まじ見てない人は人生の八割損してる	8	美少女	1
0056-001	ピエールの回収はほんと必要	1	クラッシュ万事休す
