0001	コロナの影響で外に出られない視聴者に対して動物園を疑似体験させてくれる神配信	1167	モモンガ	8
0001-001	@yo-CCPomzave _d44 酷い言い様で草	6	ゆなゆなアリス
0001-002	千葉ビート そうですね、猿への配慮が欠けていました 謝れよギバラ	30	yo-CCPomzave _d44
0001-003	yo-clochhee _d44 猿に謝って	19	コウイカ君
0001-004	動物園ってか猿山	7	yo-CCPomzave _d44
0001-005	動物園に失礼やろ	14	sinθ
0001-006	かびるんるん 猿でもこんな汚く叫ばんぞ	17	鮭鯛
0001-007	この動物園猿しかいねぇじゃねぇか	61	かびるんるん
0001-008	グロ画像多い動物園は嫌や	41	Len _Tommy
0002	43:43 デ　ィ　ス　カ　バ　リ　ー　チ　ャ　ン　ネ　ル	525	上司	10
0002-001	ご立派ァ！	0	カルロスゴーン -レバノンで大迷惑!?-
0002-002	上司 くぁ	0	こうた
0002-003	助かりますw	0	お茶
0002-004	ギバラはコオロギを食うからサバイバルでも生き残れそう（小並感）	3	ジュン妹
0002-005	エドが喰われそう	0	彼氏持ちは彼氏の脳を破壊するチャンス
0002-006	What a good chimp species you got there sir	5	Kuunibyou
0002-007	この時の顔可愛い	4	ままま
0002-008	ニホンザルとコモンマーモセットを足したような鳴き声…… これはギバラザルですね	12	おすず。
0002-009	ぱぴの. 食おうとするな	18	yo-CCPomzave _d44
0002-010	？？？「しっ！あっちの方向を見て下さい、ギバラというVtuberがいますね。あれはこのガチャ沼では貴重なタンパク源となります。捕獲を試してみましょう。」	140	ぱぴの.
0003	この人、メジャーデビューした正真正銘のアイドルですからね？	244	天峰ゆき	0
0004	36:53 問題のシーン	733	Pot /	10
0004-001	光乃りり 共感してくれてありがとうやで！！	0	高尾咲智子
0004-002	高尾咲智子 デレステ初見ならこんなもんでしょ🙃	11	光乃りり
0004-003	三日月王我主 理解力無さすぎて草	0	高尾咲智子
0004-004	あひあひ 元　々　終　わ　り	1	かんかんみかんカンカンみかん
0004-005	光乃りり ありがとう	2	グレーテルのパンくず
0004-006	三日月王我主 刺繍入り青封筒（つまりSSR確定）を小馬鹿にしたってことやで	87	光乃りり
0004-007	どーゆーこと？	1	グレーテルのパンくず
0004-008	最大のプレミ	2	チョビ
0004-009	今回の最大の敗因	8	ハピネスアロマ
0004-010	くわくわ 終わりの始まり	15	ru sa
0005	1:05:46 ドラえもん召喚	634	佐藤太郎	9
0005-001	完全にキマッてるギバえもんで草	9	ファリム
0005-002	ウｱﾞｱﾞｱﾞｱﾞｱﾞｱﾞｱﾞｱﾞｱﾞｱﾞｱﾞ(ドラえもん召喚儀式)	2	とぶいちゅっぱが好きな生命体りくメンのお寿司
0005-003	のび太からのドラえもん	0	ショウヘイ.K
0005-004	She sounds like old woman. Lol	1	Neon Lasttite
0005-005	光乃りり 言われてみれば納得できるわ	2	ハピナスナスナス
0005-006	ハピナスナスナス 真似しやすいからじゃない？	2	光乃りり
0005-007	なんでにじさんじって旧ドラえもん多いんですかね...	26	ハピナスナスナス
0005-008	似てて草	14	健全なこー
0005-009	もう僕はダメだがそっくり過ぎて草	87	_-*bun bun*-_
0006	叫べる環境が無いのでいつも堪えてるけど、天井まで引いたオタクは皆内心これくらい発狂するんだよな… おつえら	378	雪たなか	5
0006-001	@だうとん  何も思わないわけ…そんな裕福だったら苦労しませんよ。	1	アリアアリア
0006-002	推しのガチャ産SR0SSR4しかないPは限定回ってくるまでに200連ぐらい貯めるからそんなに精神に来ない額で済む	0	ラムネ佐久間印
0006-003	天井予定でも引き弱だと途中無心じゃなくて(遠い目)状態にはなる。	0	陽炎兎
0006-004	なんとなくですがガシャ引いてる途中は発狂したり叫んだりするけれど逆に天井確定を悟ると虚無になってたり、あ、天井ですねって逆に冷静になってたりするイメージです	31	ハピネスアロマ
0006-005	Pは担当天井行くの覚悟完了してるから何も思わないんだよなあ… 途中で引いても特訓前後揃うし	1	だうとん
0007	43:40 Now that's a random chimp event	239	tigris115	3
0007-001	moncky つづり違ったらごめん🙏	4	三色玉かけ
0007-002	It's 43:36	5	mata Hari
0007-003	How she did that lmao, gibara is such a bro	6	mata Hari
0008	1:04:47　幼児退行ギバラ	411	平和1000	0
0009	44:13 一瞬江良ちゃんの意識が戻るシーン	79	AB BB	1
0009-001	なお、直前まで猿に意識を呑まれてたもよう。	1	ヤックルン、
0010	50:03ここヤカン	284	けんこう	2
0010-001	第六使徒	6	アルヨウバン
0010-002	ドロシアソウルかな？	4	武秋竜風
0011	初見さんはガチャってこんなにも人を狂わせるのかって思ってる人いるかもしれないけど、これがギバラなんだよ……	321	CandyGhost 。	6
0011-001	ワイがリアタイで見たから天井いったんかと思ったわ	0	いんのもの
0011-002	@夜走 リズム天国は江良ちゃんだから……	1	彼氏持ちは彼氏の脳を破壊するチャンス
0011-003	@きつねこいなり 初配信なら癒される｢かも」知れんぞ	2	とぶいちゅっぱが好きな生命体りくメンのお寿司
0011-004	音ギバラに癒してもらえ	0	夜走
0011-005	樋口楓さんの壺男見てコメントしたら、「おとギバラさんに癒してもらえ」と言われて来た者なんですが、これ、完全にガチャのせいですよね……（と信じたい） ごめんなさい、見る動画間違えました……	12	きつねこいなり
0011-006	そうなのか...()	4	shpe
0012	43:40 自分用	160	改	0
0013	香川県がこの配信見てゲーム規制を決めたって本当ですか？	138	タケフノコ	6
0013-001	コンティロマネ/イルミナたんふぁんくら部部長  ギバラは猿に分類されるので オスかメスかのどちらかですね←  まあ僕的にはオスと思ってますけど←	3	麺職人
0013-002	@コンティロマネ/イルミナたんふぁんくら部部長 性別不詳に決まってんだろ！	0	ああああああ
0013-003	@ゴリゴリゴリラ あっそっかあ	0	コンティロマネ/イルミナたんふぁんくら部部長
0013-004	@コンティロマネ/イルミナたんふぁんくら部部長 男だよ!	1	ゴリゴリゴリラ
0013-005	香川にたった1人で挑んだ女？男？	2	コンティロマネ/イルミナたんふぁんくら部部長
0013-006	ギバラvs香川は草	21	ジャガイモ三世
0014	配信したかったってのは最初の奇声で10000%分かったわ 24:01 ここすき	310	つきよも	1
0014-001	ギバ式エビオ構文ですね…。	5	-No,107- bohrium・Bh・element
0015	42:10 右下の最近使用したアプリ欄にソーセージレジェンドあって草	226	Pot /	4
0015-001	すごい捗る情報助かる	1	ああ
0015-002	51:28  新しいイベの推し、ソーセージ...？？？	22	ややめねこ
0015-003	くわくわ  最近ハマってて課金したいアプリって......	15	リトルグレイ
0015-004	@くわくわ  配信ネタの為にちょっとやっただけだと信じてたのに…	11	ろりばばぁ
0016	43:43 ここの表情好きなんだが分かる同志いる？	192	はむしく	5
0016-001	恵まれた容姿から繰り出される猿のような奇声	1	中島アウゲリータ 旧宇治抹茶
0016-002	(。・_・。)ノ	0	ダークサイド・サブ
0016-003	🐒🐒🐒🐒🐒🐒🐒🐒🐒🐒🐒🐒🐒🐒🐒🐒🐒🐒🐒🐒🐒🐒🐒🐒🐒🐒🐒🐒🐒🐒🐒🐒🐒🐒🐒🐒🐒🐒🐒🐒🐒🐒🐒🐒🐒🐒🐒🐒🐒🐒🐒🐒🐒🐒🐒🐒🐒🐒🐒🐒🐒🐒🐒🐒🐒	11	No Janome
0016-004	晴空てる 動物園の環境音は足りてます	7	フォン
0016-005	顔に対して音声が最悪	63	晴空てる
0017	1:40 開始 3:53 ﾊｧｧｧｧｧﾁｬｧｧｧｧｧｧﾝ‼︎‼︎‼︎	124	軽空母瑞鳳	0
0018	43:40 問題これは誰？ ①チンパンジー②オラウータン③ゴリラ④猿⑤ギバラ⑥御伽原 江良	139	CandyGhost 。	9
0018-001	比較的落ち着いているギバラですかね	0	S IB
0018-002	同義だよなこれ	0	ずっと真夜中でいいのか?
0018-003	6だな	0	ヨッシーであります
0018-004	6以外のどれかだな	1	とぶいちゅっぱが好きな生命体りくメンのお寿司
0018-005	ジャングルの奥地	0	imoyoukan 124
0018-006	ほぼ該当するの草	3	レインWith その他多数
0018-007	DSのリズム天国のモアイのやつ	4	クレナイ‐kurenai-
0018-008	おさるのジョージとチーズを足してパトカーで割った声	22	S yaqeet
0018-009	CandyGhost 。 発情期のギバラですかね	16	おいしいしゃけ
0019	1:07:57 天井してスカウト確定してはーちゃん引くシーン	143	ササササキ	1
0019-001	やっと来たね…がちでなんかやばそうだった	11	ねこきゅうり
0020	えらちゃん叫んでいい物件に引っ越ししたのかな	56	丸に鶴の丸	0
0021	43:43飼っているサルが動画に映り込んだよう	39	寝取り寝取られ振り振られ	0
0022	You're laughing, we're watching a woman fall into despair and you're laughing.	26	P.A.N.D.E.M.O.N.I.U.M.	1
0022-001	yes	7	Harry Mahar
0023	最初はね、メシウマメシウマ♪って考えてたけど途中から、ね…	44	チョビ	0
0024	44:13 「叩いちゃダメ…」が好きすぎる	22	YOTOTA BASURU	0
0025	あの どの時間から再生しても発狂してるんですけど	53	多魔	0
0026	1:46 初手猿ギバラ	85	fuku warai	2
0026-001	目をつぶればおさるのジョージ	1	87%を9回連続で外した男
0026-002	最初から壊れてて草	2	エインセル
0027	I just witnessed an anime girl slowly falls into insanity.	11	VL Rune	0
0028	こいつデレステ配信する度に伝説作るよな	42	鮭鯛	0
0029	43:40 野生のゴリラ	28	たつのおとしご	0
0030	最近あんスタで五万爆死したと思って死にたくなってたけど僕より爆死してて元気出ました！ありがとう！(๑˃̵ᴗ˂̵)	82	百獣のカイドウ	1
0030-001	(5万も十分とんでも)ないです	10	こも
0031	ガチャは悪い文明　ギバラが証明してくれた…	17	リディア1	0
0032	地獄のような配信だった… これから見る人は気をつけて…	26	バスタオル	0
0033	配信見てた時あまりの発狂で「泣かないで」としかコメントできなかった	24	ゆずれもん	0
0034	1:08:20〜のにっこにこ笑顔→イケボの流れ最高にすこ	4	ワシャーシーク	0
0035	1:03:06 ガチャ廃人ギバラ	6	パープルザメ	0
0036	48:35 アイデンティティ	5	EZ PZ	0
0037	43:42 江良ウータンとか言われてて草	8	暇人	0
0038	48:34 アイデンティティ（ギバナクション）	6	ゆーの	0
0039	この動画では人類の進化、そして人類の退化など人の神秘について学ぶことのできる素晴らしい動画となっております。 音量はMAXにしてみてください	11	かにかま	0
0040	消える前に全力で見返す... 今からでもメンバー入ろうかしら...	2	cock fail	0
0041	見てるこっちが目を背けたくなる……お疲れ様	26	四月一日	0
0042	大丈夫か、広告つけて元取り返せよ	8	かっきー	0
0043	43:40南米お猿のジョージサイレン	3	にぎにぎランド	0
0044	9万円の聞き納め	2	R M	0
0045	悲しかったなぁ いっぱい課金しても運営には振り向いて貰えなかったか...次の配信まで心折れたまんまかもだけど頑張って	11	五月雨ギバ	0
0046	開始直後はあんなに楽しい時間だったのに、、、、	5	神城アキラ	0
0047	後半もう見てられなかった…	21	ヨット	0
0048	54:37 ハハッ	40	zǝɯɔɹɐ	0
0049	終始楽しそうで俺は幸せ(*˘︶˘*)	6	狂乱のペンギン	0
0050	ぷちふるの出ない上に年いってる方になってしまったか・・・	4	一人ちくわ祭り	0
0051	こんなんでも可愛いと思えてしまう自分が恥ずかしくもあり誇らしくもある	12	ポム汰	0
0052	ときどき猿が乗り移るのすき‪w‪w	2	べベ	0
0053	どんなにメシウマでもキャパを超えると胸焼けするんだなって‥	9	過信	0
0054	程々の不幸は笑えるがここまでグロいと笑えねえ……ガチで辛いやつ	6	空き缶	0
0055	最初から観に来たかった…	2	マッチ売りの少女	0
0056	外出禁止ですが動物園にきた気分になれました！ありがとうございます！	12	sit	0
0057	後半から見始めたけど…ヤバかった	3	最上しなも	0
0058	初期の第一声「あっはじめましてぇ、御伽原 江良です♪」 現在の第一声『ｸﾞｭｷﾞｷﾞｪｴ;bｴｪｪ;^--』	10	ゆなゆなアリス	0
0059	初見どころか常連もバイバイしそうな出鼻	7	ろりばばぁ	0
0060	いろんな動物がでて楽しめる素敵な配信でした(^o^)	5	DVCAM64	0
0061	人ってこんな簡単に壊れるんやな・・・	8	龍壱【がぶりえら痛車】	0
0062	リアルアキバボーイズが唯一投げ銭しなかった配信ってこれ？？？？？？？	5	江戸川乱歩	0
0063	どうやってこんな声出してるかが気 になりすぎる	8	みか	0
0064	2:45第3の人格…？	2	ああ	0
0065	Thank you for funding the servers!	2	Sun	0
0066	1:40 初手奇声	2	Luna runa	0
0067	なんか終始、鳴き声が聞こえてた	2	〜本物〜Mike	0
0068	43:50 ここまじで猿	2	和露田草男	0
0069	This, this is the stream that got me into vtubers	1	TKATGW	0
0070	鼓膜がいくらあっても足りない配信でした。  おかえり江良ちゃん	2	白猫	0
0071	1:39ギバラジャングル開園	74	ゲェジインターネット	3
0071-001	ちゃちゃまる氏  ５ヶ月に渡って開園してて草	0	ヤックルン、
0071-002	ギバラ動物園開園	0	ジュン妹
0071-003	閉園お願いします	3	ファスカキララ
0072	久々に見たらホラー配信じゃねぇか、背筋が凍るわ	4	ハムハム	0
0073	1:04:48 幼児期のギバラ	3	zeroゆっくり	0
0074	最後の満面の笑みよww	0	R136 a1	0
0075	よく、がんばりました💮	4	ポテト男爵	0
0076	Legendary. Truly a class of her own.	1	death72	0
0077	これはまじで笑えんて…	11	駆逐艦が主力のT督	0
0078	初見ですが面白いですね！！               コオロギ食べてそうな声してますね	4	幼児向けしまじろうダッチワイフ	0
0079	43:43 御伽原 猿	4	かたみみ太郎	1
0079-001	かたみみ太郎 予想の15倍くらい猿で草	1	秋本
0080	発狂する度に新規メンバー増えるのマジで草	1	うーぶ	0
0081	今回のギバラの敗因 「浮気したにも関わらずはーに謝らなかった」	3	光乃りり	0
0082	まじ死ぬほどおもれぇww さすがギバラやw	2	imoyoukan 124	0
0083	最後の満面の笑み　こっわってなる	0	ただの横山チャンネル	0
0084	インフルエンザの時に見る夢	16	Tomojin Murata	1
0084-001	インフルの夢の方がマシ	1	とぶいちゅっぱが好きな生命体りくメンのお寿司
0085	＿人人人人人人人人人＿ ＞　確率は収束する　＜ ￣Y^Y^Y^Y^Y^Y^Y^Y￣	12	何か感じる	1
0085-001	0ノット  今日の配信は勉強になったなぁ	0	ろりばばぁ
0086	36:29 こっち見んな (自分用)	2	鈴カステラ。	0
0087	LEGENDARY! Love you, Gibara!	0	Александр Потоцкий	0
0088	最後死んでて草	0	凡才物理学者	0
0089	最後小声の「…ヤットキタ」に狂気を感じた	1	本山大雅	0
0090	I lose a bit of my brain cells each time i watch this video	1	010_Harsh Raj	0
0091	切り抜きと歌でしか見たこと無かったけど配信ガチやばいやつで草生える	2	。ゴーヤはにがい	0
0092	43:33 あつまれオトギバラの森	22	そこらの民衆	1
0092-001	猿山じゃん	1	あがさまる
0093	43:43 57:19  自分用	1	石川由依	0
0094	復帰したと思ったら死んでて草	2	九郎	0
0095	途中見てたけどマジで天井まで引いてたか……	3	Akira Sai	0
0096	36:20 類い稀に見るセンシティブヴォイス(？)	1	ゆっきー	0
0097	初っ端おもろすぎやろ笑笑笑	0	ドラえもん	0
0098	ギバラ好きww	0	マカロニグラタン	0
0099	爆死するんだろうなと思って金曜ロードショー見てたら案の定爆死してて草	2	イヒ〜ッ	0
0100	御本人によるまとめから来たけど本当に最初の最初から飛ばしてるとは思ってもなくて新年初笑いをキメてしまった	0	poyo	0
0101	ここに建てた病院が逃げたぞ！追え！	0	zaki-mism	0
0102	家のオカンもたまにこんな感じなってるなぁ‥	2	ういうい侍	0
0103	9:02 ここ気のいいお姉さんでめっちゃすこ	2	AB BB	0
0104	1:41 ガチャすら引いてない状態で発狂すな	0	ヤックルン、	0
0105	開幕のテンションの落差エグすぎて草	0	たまら	0
0106	57:00 これはマジで草	0	ゆうゆう	0
0107	何この、委員長の上位互換みたいな人笑	1	独奏歌ーアリアー	0
0108	1:08:21 ウソみたいだろ。死んでるんだぜ。これで…	4	*パナの間	0
0109	毎朝ニュース見てるとこいつがシャブで捕まった報道がないか心配でソワソワしてる	1	kei lice	0
0110	にじさんじ全く知らないけどこの人なら推せる	2	ジャズ大名	0
0111	９万があれば何ができるのテーマ好き	0	ろくでなす	0
0112	最初マジで猿やんw	0	だいごろう	0
0113	あっだまおっがしあんね‪w ほんとで好きだわ	0	社畜	0
0114	1:40~   初手から何聞かされてんだ俺。	1	まっちゃラテ	0
0115	どうした？お前の欲しがってた アイドルだぞ。笑えよギバラ。	2	不屈のもなか王田中	0
0116	最初からクライマックスで草	0	太田奏	0
0117	今日一日で例の動物の森もうひとつできそうやな…	0	のりしお	0
0118	エテギバラ好き	0	りゅん汰	0
0119	初めて行った生放送がこれだった 入った瞬間「ｱｲｯ！ｱｲｯ！ｱｲｯｱｲｯ！ﾌｫｰｵｯ！ﾌｫｰｵｯﾌｵｰｫｯ！！」 って言ってた なるほどこれが通常運転	1	しらたき	0
0120	よう頑張って、、、身を削り、、、お疲れ様でした	0	観音坂海斗	0
0121	初っ端から笑わしに来ないでw	0	yuki	0
0122	タイトルが虚しすぎる	0	ヨネりん	0
0123	御伽原エラー	1	ばる	0
0124	ようこそ、ガチャの沼へ…	0	かっさん	0
0125	このチンパンジーの女の子可愛いですねぇ	0	黒蜜杏仁豆腐	0
0126	爆死予定ED草	2	みかん	0
0127	Twitterで見て気になって見たけど、想像以上にヤバかったw	0	オメガ	0
0128	開幕の発狂でギバラが本当に戻ってきたと認知できたやっぱギバラ好きだわ	0	マックフライドポテトXL	0
0129	まさかの、動物園の飼育小屋からの配信だったな	2	キーハロ	0
0130	えらちゃんのガチャがいっちゃんおもろい	0	ヨネりん	0
0131	開幕から発狂してて草 動物園に来たのかと錯覚したわ	0	おもち	0
0132	最初のチンパン具合がヤバイ	0	ご主人	0
0133	近くにいた親に「うるさい、猿」と言われました。(-_-)	0	山猫	0
0134	猿に退化してて草	0	ガタノクジラ	0
0135	ほんとに猿の鳴きマネうまくて尊敬する	0	ねこじま	0
0136	36:22　ここトムブラウン	1	ドラゴリラカフトール	0
0137	※全編 怨霊注意でございます....	32	。みつ原	3
0138	りあむでの神引きのツケしっかり払ってて草 いや、逆にかわいそうになってきたわ	1	お抹茶を飲みます	0
0139	58:51 こっちみんな	1	ちくわ大明神P	0
0140	最初しばらくは「メシウマ！」だったが忘れてたよ、どんなに旨い飯も食いすぎると嫌になって泣きたくなることを・・・	1	オンダイ	0
0141	この生配信を見たらスマホが猿になりました、どうしてくれんねん。	0	なん何	0
0142	こわれちゃっちゃ！	0	en *	0
0143	天才月ノどうぶつ園 美兎園長「この猿うるさいですね」	0	MIN・∀・TO / 湊兎	0
0144	This is Cinderella that i in love😂😂😂	0	Alternative Account	0
0145	17:10 ガンギマリ中国人	1	マロニー	0
0146	43:42 フクロテナガザル	3	yo-CCPomzave _d44	0
0147	これは本当人間失格ですね　草	0	Tenryu [TH]	0
0148	糸くずとか言うから....	2	Mr ナルシスト	0
0149	最初はメシウマだったのに、途中から不憫すぎて泣けてくる…	0	前髪後退守備	0
0150	まあデレステは課金でmv諸々着実に進化してるから・・。グレートジャーニーの演出凄いし、あらかねの器も良い曲だし次はギバラちゃんの好きなりあむの曲だし	2	デレステの民	0
0151	マジで病院行ったほうが良い	0	優しいヤクザ	0
0152	猿の真似した時のコメで 「正体表したね」で腹筋ねじ切れた	0	パラアス	0
0153	生きてるって感じするわ	0	カ力カメ	0
0154	最初早耶いいなと思ったけどこれはきつい....	0	し あ わ せ.	0
0155	どうぶつの森(ギバラの姿)	0	ポテト男爵	0
0156	アーカーイブなのに急上昇入って草	0	物語	0
0157	面白かった	0	この子に七色の祝福を	0
0158	完全に俺と同じ流れで草 まぁ俺は美玲ちゃん２枚出ましたけど？（震え声）	1	えじゃふぉいchannel	0
0159	17:10　ジャングル	0	gorira	0
0160	これを可愛いと思えたら末期	0	七色に光る君の最強の切り札でした	0
0161	どんなギバラも好きだぞ、、、	0	ジゥクトゥグ	0
0162	大好き	0	wktk丸	0
0163	43:43 一人ジャングル 43:56一人消防車	1	fiana	0
0164	叫べる環境が無いのでいつも堪えてるけど、天井まで引いたオタクは皆内心これくらい発狂するんだよな… おつえら	3	雪たなか	0
0165	42:31 地味にすき	0	法月まさお	0
0166	1:40　開始	0	Rotter.	0
0167	(;´Д`)っ·( ﾎﾟﾁｯﾄﾅ【字幕（自動生成）】	0	落下星	0
0168	これがサイレンヘッド…	0	燕飛ぶ	0
0169	猿の帰還で草	1	時雨	0
0170	この配信見てたらおなか痛くなってきたんだけど…	0	簡素	0
0171	切り抜き10秒まで再生したところで、これまず本編で見なきゃと思わせてくれたから切り抜きってありがたい。	0	Narumi Hayase	0
0172	37:27 モータインバータ	0	Vになったミール&うにゅ?すけ	0
0173	ギ虐いいゾ～＾コレ	0	下北沢のアサシン	0
0174	ギバラのマネしたら声が枯れた。 ※ただのアホ	1	あーうーフォトナ殺ってる	0
0175	コメントにあったギバラクションほんまにほんへそのまんまで草生い茂った	0	b a	0
0176	This is some Chaotic alignment and I love it	0	Vik 2?	0
0177	1:08:20 クッソいい笑顔で草	0	おちゃわん	0
0178	久々に配信来た！って思ったらこれだよ　全く飽きさせてくれない🥶	0	ハニーバジャー	0
0179	お金大好きだからこそイイネ♪	1	ヒポポタマス	0
0180	消防サルがいたのは覚えてる	1	gしゃんぷー	0
0181	グロボタン3つで 閲覧注意認定でーす♪	0	U-suke 2240	0
0182	44:10 マサオくん	2	ゆろ	0
0183	途中からカイジの「ある意味桃源郷…!」みたいになっとる…	0	j j	0
0184	ギバラの叫び声でアニポケのウツボットを思い出しました	0	Arles‘あるる’	0
0185	上昇負荷(天井)	0	柳ユウ	0
0186	マジモンのホラー配信で草	0	ちくわ大明神P	0
0187	喉が心配です	0	毛に酢	0
0188	60連でやめておけば・・ 60連の時と終盤の差が凄い	0	Tom	0
0189	80連撤退がよめていれば…	0	baluto	0
0190	胃が痛い……	0	コロン	0
0191	36:20 あぁん♡♡ ﾋﾟｨｬｱｱｱｱｱｱｱｱｱｱｱｱｱｱｱｱｱ!!!!!!	0	鰹たたきくん	0
0192	逆GOで草	0	かたつむり	0
0193	泣いてもええんやで	0	うに丼	0
0194	最高音どのくらいだろう	0	ベージュ色Beige	0
0195	えらちゃんガシャ配信はやっぱり神引きして狂喜乱舞してる方が楽しいなって	0	霜野	0
0196	正直、幼児退行ギバラ良かったよね… 綺麗に鳴いてたよね…	0	club-warszawa	0
0197	47:21 チョッパ制御	0	Vになったミール&うにゅ?すけ	0
0198	1:05:49　ギバえもん	2	absolute eyes	0
0199	りあむ艦隊動画より高評価多いぞ。やったな！	0	職安マン	0
0200	とにかくご飯が美味しかったです。	0	chi raq	0
0201	祝！幸子イベきましたね～イベ走るジュエルの貯蔵は十分ですか？	0	reinart	0
0202	最もオラウータンに近い人間	0	喫茶店ラギ	0
0203	50:30 ここすこ	0	ほむゆき	0
0204	にじさんじのもこう	0	法定ペンギン2号	0
0205	始まってすぐギバラの頭おかしくなったと思った まぁ元々なんですけど	0	リヨ	0
0206	1:40 スタート	0	Hiroyuki Satoh	0
0207	復活してしまった狂乱	0	琥珀-cohak-	0
0208	12:46 酸素ボンベ	1	どなどな	0
0209	1:08:20  ここらへんニッコニコで好き	1	*にゃんまりむ	0
0210	ﾋｪｯ…	0	海のくま	0
0211	初手猿は草 おかえり	0	黒い腹	0
0212	すっかり奇声芸人に	0	TAB＠飛鉄塊乗り	0
0213	最初スマホ見ながら始まるの待ってたら どこからともなく奇声が聞こえてきてまぁじでビビった	0	修羅々木さん	0
0214	とある小梅Pを見てた時と同じ気持ちになりました。	0	亀ちゃん	0
0215	エテギバラ爆誕	0	HoDaArc	0
0216	どうしてぇぇぇ↑え～えぇ↑が自分と同じタイミングで歌いだして草生えた	0	アスパラ	0
0217	初めて見に来たギバラの配信がこれで良かった…気がする	30	センター試験の人参	3
0218	かわいそう	0	Ape	0
0219	32:01 天井まで出なかったのはこれが原因なんやなって	1	シー	0
0220	運を使いきったなww	0	アルファタウリ	0
0221	シャーデンフロイデ	0	ショウヘイ.K	0
0222	始まりのBGMを聞くと戻って来たなと実感する… おかえりなさい江良ちゃん！	0	貴二月	0
0223	たまたま動画見ました。 ファンになりました チャンネル登録します！	0	ネルエネ	0
0224	お風呂配信?	0	D君子	0
0225	後半見てられんな	0	ろろ	0
0226	ゴミカスしねええ　越えそうなくらい面白い	1	ただの横山チャンネル	0
0227	変わってなくて安心した	0	うさぎ難民	0
0228	昔からガチャでここまで発狂できたことないわ エンターテイナー気質でうらやましい	0	ぽこんち	0
0229	教祖様を崇めなかったから...	0	Hanakappa	0
0230	43:41 深刻な人間離れ	2	ぼたん	0
0231	御伽原動物園	0	よきち	0
0232	こういうのがギバラのいいところなんやなって	0	牙狼ニ乃牙太刀	0
0233	俺これでギバラの好感度さらに爆上がりしたわ まぁ…うん…なんか同情するところ多くてさ…	0	バイオテクノロジー	0
0234	わいもよしのん天井行ったから仲間だね	0	いっしー	0
0235	1:04:48 ここコウメ大夫	2	通勤特快許可局	0
0236	家でテレビみてて奇声が聞こえると思ったらおまえかよ	0	まとまん	0
0237	最後の泣き顔、なんかもう全てが抜け落ちたような顔しててすここここここ	0	しろこ	0
0238	あの時間にこんな叫べる環境どうなってんだよw	0	ぼちぼちぼっち	0
0239	なーの方に接触を止められそう	0	ふぁいΦ	0
0240	流石に今回は猿だったなぁ。	0	Sulu_すぅさす。	0
0241	偉い人にこの動画見せたらガチャ規制できる気がする	0	Moc hocho	0
0242	前半後半でテンションの差がえぐい…我もかれこれ推しに3天井見せられてるから気持ちわかるぞ…200連超えるともう無になるよね。	0	なこ	0
0243	神配信	0	KP myon	0
0244	この人人生楽しそう。うん。	1	あゆ	0
0245	最初見たとき「何この子、めっちゃ可愛い❤️なんか清楚だなぁ」　 今「あー、今日もギバラだぁ。」	0	福沢諭吉	0
0246	ダーウィン進化論を否定してた人たちに1番見せたい資料。	1	長ネギ	0
0247	44:15 ママやん	0	ずっと真夜中でいいのか?	0
0248	もう立派なバーチャル界の亀井Pだよ...	0	貧脚	0
0249	これぞギバラ	0	まな板	0
0250	43:45 お さ る の ジ ョ ー ジ	0	小町	0
0251	なんで開幕何も起きてない段階から猿化してるんですかね…	0	甘エビ mk2 mod1	0
0252	初手猿モード	1	A凛	0
0253	ギバラ動物園	0	bad松	0
0254	自分用 1:40	0	そら	0
0255	19:28  ギバラフム	0	アリソン北藍亞	0
0256	ホラー映画のやられ役と猿とチンパンと部族とほんの少しのホモ・サピエンスしかいない…たまげたなぁ…	0	ワシャーシーク	0
0257	1:04:45 43:33 1:02:57自分用	2	カゲロウデイズ	0
0258	1:00:00からガチでアツかった	0	船木	0
0259	48:15  ここすき	1	shion詩音	0
0260	ギバラのどぶ森配信だけなんでこんなにグロいのだろうか	1	HaQ	0
0261	なんだこいつ…	0	モーネアホカト	0
0262	1:05:11 ケツ叩かれるギバラ	0	kazu	0
0263	猿と幼児の音声が足りてなかったので助かる。	0	長谷川圭一	0
0264	ギバラ完全敗北	1	いっちゃん	0
0265	1:40 開幕10割	0	TheUltratzan	0
0266	お掃除が得意なだけあって、綺麗な真っ白封筒が沢山出てくるやね❤︎	0	せかい	0
0267	おじさんは悲しいよ	0	とにいろ1216	0
0268	1:04:32 ここぐだ子(cv:金田朋子)	0	kamu Lit	0
0269	1:08:21 顔が昇天してて草	0	フォレストミラーひらめ天井丼	0
0270	これ天井で間違って別のアイドルスカウトしてたら歴史の教科書載ってたんじゃない？	0	セイエイ切ない	0
0271	なんだいつものギバラじゃん	1	たっとーつ	0
0272	ダルビッシュの30万課金見て感覚おかしなってたけど普通は10万も突っ込んだらこうなるわなw	0	彼氏持ちは彼氏の脳を破壊するチャンス	0
0273	これは救済が必要ですね...	0	Two-Dimension Acquaintances	0
0274	天井があるだけいいじゃねぇか...	0	大好きカラオケ	0
0275	御伽の国の舞踏会？	0	鮎身	0
0276	39:58　だいじょーぶだって安心しろよー　平気平気30分で5万	0	アライあん	0
0277	これがデレステなんだよな…	0	パチパッチ	0
0278	すいません初見なんですけどこの人動物園で配信してるんですか？それともこの配信主が人ではなく猿なんですか？	1	限界浪人生	0
0279	神回。	0	テペサンサイドチェスト	0
0280	発狂助かる	0	Ry u-	0
0281	1:08:21 ﾔｯﾄｷﾀﾈｪ...（満面の笑み）	1	creepy man	1
0282	その••••••なんだ•••ドンマイ•••	1	ロセ	0
0283	1:39 ど     う     ぶ     つ     の     森	0	、カトー	0
0284	1:08:25守りたいこの笑顔	1	うむ	0
0285	口が悪いのは知ってたけどこんなにヤバイ娘だったんですね、猿じゃんw	1	ご注文はシャロですか?	0
0286	TUTAYAになっとる	0	菜花黄名子	0
0287	こいつはヒデェ…	0	出水右	0
0288	1:08:21 そしてこの顔である 菩薩かと思ったわ。	0	サラダにょー	0
0289	2:41 みんな猿とか幼児退行とかギバえもんとかに突っ込んでるけど正直この修学旅行で1人テンション爆上がりしてる様もなかなかおもろいと思うんだ	0	kamu Lit	0
0290	こうやって人は課金やギャンブルにハマるんだなあ 気をつけます	0	なにぬねのあいうえお	0
0291	1:08:24 やっと報われたって顔してる	0	Kenta Kondou	0
0292	どこで動画撮ってんのか聞きなるVtuber個人的一位	1	ザクセン選帝侯フリードリヒ	0
0293	おい、お前らの推しだろ？どうにかしてくれよ…	1	あきゅう	0
0294	ひたすらにグロい…見てるだけでしぬほど辛い	0	あさぎ	0
0295	普通にキモいおっさんで草生える	0	ああああ	0
0296	おつえら〜！ ガチャってやっぱ怖いねぇ まぁある意味豪運で実質無料で 推し手に入ったし良かった(良くない) いやほんとお疲れ様……	0	アヲノ#調子極端	0
0297	心が痛い	0	milk sava	0
0298	43:44停止表情可愛い	3	ダークサイド・サブ	1
0299	凄い偏ってるし間違ってんのも分かってんだけどこの配信を全部観ないと真のギバラファンとは言えない気がする	0	まみむめも子	0
0300	マジで100連して推しが出なかったからデレステ一旦画面から消したけど上には上がいるもんだ……	0	えすえす	0
0301	ち　ひ　ろ　は　見　て　る　ぞ	0	MM名古屋	0
0302	開幕猿	0	Lee 3sung	0
0303	無理にテンション上げようとしてて見てて辛さが勝ってしまった … それはそうと復活＆天井おめでとう。 自分も天井民でしたよトホホ	0	らたなの	0
0304	るん！じゃないが	0	塩タン	0
0305	大丈夫だギバラ、あんスタには天井ないから、これ以上の地獄が待ってる	0	改	0
0306	人力Jアラートやめろよ	0	Peo pl	0
0307	43:41 and here we can see a gorilla in her natural habitat	1	Kick Daruma	0
0308	目当てじゃないアイドルが来ても微妙な反応したりは極力せずに喜んで、貶したりは決してしない一点は本当に尊敬するわ   それ以外は基地の外	0	いるか。	0
0309	28:23 あーでもはー↑ちゃんが世界一可愛い！！！！！	1	macaron	1
0310	chad guy: gacha is funny !oh my waifu in first yolo! nice!	0	pedro cayo	0
0311	1:40 開始  …え？	2	Red PIum	0
0312	やば。	0	忠犬犬公	0
0313	こんな方も救われる宗教があるんですって…!?	7	-No,107- bohrium・Bh・element	2
0314	一　人　動　物　園	1	きつねこ。	0
0315	酒何十杯飲んだ？	0	クロマグロ	0
0316	すげえよな、人類ってここから進化したんだもんな。	1	てちん	0
0317	This stream is leyendary	0	Erieeh No	0
0318	1:05:38 絶叫ビーバー	0	Áka ne	0
0319	深層Web 人類悪顕現 ビースト	0	pine tree	0
0320	4:25 ギバラ「風呂場だと思ってください、濡場ですね」 僕「？？？？？」	2	namigi yawata	2
0321	ん？動物園かな？😓	0	ふぇいと	0
0322	うるせえぞ。もっと大声で精神崩壊しろ。	0	・鼻毛わっしょい体操	0
0323	にじさんじ動物園へようこそ。 さて、ここはお猿さんの厩舎です。 ボス猿の名前は「ギバラ」ちゃんといいます。 くれぐれもお金を取られないように気をつけて下さいね。	0	MIN・∀・TO / 湊兎	0
0324	無駄に声が響く部屋だからかより悲しみが溢れてくる	0	月見guys	0
0325	汚ねえ声だな〜すこ	0	NA NL	0
0326	こんな声出して隣から苦情とかこないのかな？なんか心配なんだけど。	0	いもいも	0
0327	所々準備しチンパンジーの音声サンプル再生してるの草    えっ？してない？そんなはずないやろ…？	1	拙者、Vの者すこすこ侍で候	0
0328	43:42 *reject humanity, return to monke*	0	Naufal Achsan Daffa	0
0329	これが噂のアニマルビデオですか？	0	バンドデシネ	0
0330	この動画はガチャは人を狂わすという歴史的に重要なものだから後世に残そう	0	そりわ	0
0331	開幕ギバラブッパつよつよ	0	ベルさん	0
0332	45:10   物欲センサー  45:15   物欲センサー？？？？？？？？	0	ややめねこ	0
0333	アーカイブでスキップせずに見れた猛者おる？	0	TTT SSS	0
0334	引っ越し直後って部屋広くて音響くよな？	0	一ノ宮康	0
0335	叫べる環境が無いのでいつも堪えてるけど、天井まで引いたオタクは皆内心これくらい発狂するんだよな… おつえら	0	雪たなか	0
0336	哀れなオタク…	0	伊藤	0
0337	43:40 猿	1	龍ヶ崎紫暮	0
0338	復帰早々SSR刺繍を糸くず呼ばわりしD社に喧嘩売りながら動物園RPを天井までする いつものギバラで安心した	0	オーレ・ウェルギウス	0
0339	猴教亡了....	0	平凡悲剧	0
0340	自分の天井は思わず天井見上げるほどだけど、人の天井ほどおいしいものはない。	0	BLUES ROCK	0
0341	デレステのガチャ回してるときが一番狂ってるよね…    すまんいつも狂ってた	0	苧環**	0
0342	グロ動画やめてください	0	ENJOY	0
0343	うわああああもうだめだぁああもうぉおもうぼくはだめだあああもうどうとぅればいいのぉおおなんでなんででえねぇなんでなのおおなんであたしはちゅうれててててれててててれててててれててててガチャが出ないぃいガチャガチャガチャガチャガチャガチャガチャ楽しいガチャガチャガチャガチャ天井楽しい天井楽しいあっガチャガチャガチャガチャ	10	ロドリゲス	1
0344	1:39 スタート やっぱギバラの配信はこうでなくちゃ！と思わせる配信でした。 復活おめでとう！！これからも応援するわ！！！！！	20	BLUE 350	4
0345	This feels like... Watching Animal planet again.. with Gibara, AND i like it.	0	Assault Hetz	0
0346	グラブルやってるせいか全然多く感じない 感覚壊れる	0	金正恩	0
0347	Gacha brought out the demon in her	0	insanelol	0
0348	1:40 *I LOVE THIS WOMAN!!!!! *	1	SephCon Uno	0
0349	Looking for english comment	0	Adri Fauzan	0
0350	香川県は…正しいことをしようとしているのかもしれないな…	1	けんたっぴー	1
0351	How to Basicかな？	0	東方巧	0
0352	フェスでガチ爆死して天井してる身からすると、ギバラの豪運は恨みたいものがあるんだけど、ちゃんと天井しててギバラも人間なんだなと思いました	0	sushi	0
0353	ガチャ回して頭おかしくなるやつなら知ってるけどよ なんでお前回す前からそのテンションなんだよw	0	うんこ太郎	0
0354	はーちゃん「(ガチャは)お遊びだって分かってても、点(SSR)とられるのは悔しいし。だから、本気！(天井一直線)」	0	山北生	1
0355	恐怖映像	0	トムヤムクン	0
0356	57:22 the source for her GOMIKASU-original mix-	1	Kagero	0
0357	gacha strikes again lol	1	Juju	0
0358	Lv1 seiso era chan Lv100 waga dai majou gibara-sama	0	mata Hari	0
0359	1:07:57 視聴者歓喜のギバラ天井確定の絶叫ボイス(音量注意) (メシウマ)	3	アッキー実況チャンネル	0
0360	Day 15 of quarantine me : 1:40	0	Mista老陈	0
0361	ギバラの発狂(太字斜字は特に必見) 1:40 地獄の一丁目 30:43 バーロー  34:50 グロ画像 36:23 まっしろ 36:47 *_糸屑_* (正確には発狂ではないがこれが後々……) 38:27 ﾀﾉｼｨﾅｱ ﾀﾉｼｨﾅｱ 39:31 GO is GOD 41:01 6万溶けたとわかった瞬間 43:18 待ち合わせに遅れそうです 43:40 *_猿ゥ！_* 44:07 クラリネット破壊＆球審白井 47:21 部族 48:28 どうしてぇぇぇ→ギバラクション 49:56 次で6万分 51:31 まってよぉ〜 52:29 急速に金が溶けていくことに絶望 52:42 度重なるグロ画像 54:10 驚きの白さ 54:49 消される！消される！ 57:18 *_9万があれば何ができるぅ♪_* 1:00:04 母国語＆嘔吐原 1:02:57 ｶﾞﾁｬﾀﾉｼｨ 1:03:09 ガチ泣き 1:04:35 幼児退行 1:05:49 ギバえもん 1:07:57 天井確定	917	コンティロマネ/イルミナたんふぁんくら部部長	8
0362	this is the most cursed thing iv ever watched god have mercy on gacha players god have mercy on us all	0	knife	0
0363	1:08:25 ニッコニッコで草	4	にじさんじたろう[vtuber 切り抜き]	0
0364	初手から荒ぶってんなギバラ	0	レイチー	0
0365	来ちゃって青い人のネタじゃないの？なんで流出してるの？	0	・3・	0
0366	この人何者？	0	ちぃまる	0
0367	my favorite gorilla streamer	3	Single Impact Guy	0
0368	Her noises are scary but I still love her. GIBARA FOR LIFE!	0	野代	0
0369	The game's desire sensor was going off so hard that she wouldn't get who she wanted until the scout system kicked in...	0	Elfire II	0
0370	3:55	0	普通の人	0
0371	この人のファンは動物園けっこう好き？違ったらごめんなさい	0	n sa	0
0372	もうなんなんこいつは	0	さくらもち	0
0373	555+ very funny55	0	Lดีย SaYoNaRa	0
0374	ここ最近のガチャ配信の豪運が収束したか... ごっつぁんでした	0	えんぢ。	0
0375	1 hour of Gibara became a gorilla while pulling gacha	0	Kuunibyou	0
0376	50:32	0	頭痛餅	0
0377	reject humanity  return to monke	1	Cyberdragonis 1300	0
0378	20連で出てきた俺この動画見てからだと嬉しくなった	0	雨宮アヤメ	0
0379	gibara: 🙊💴✂️🐵🙉💴✂️🐒🙈💴✂️🦍	0	MLVXD Prime	0
0380	43:40	0	AduMan	0
0381	Gibara ❤ you	0	utkrkane1	0
0382	ギバラがどんなに汚い声になっても🐒になっても可愛いとしか思わなくなった。あと凄く元気が出る。      俺はもうダメなのかもしれない	3	_ sasa	0
0383	Monky noise	0	Fuji	0
0384	まあ出るやろ・・・そういって沼にはまった課金兵を何度か見てきたよ。ギバラさんアイドルやろから可哀想に思った人もおるだろうけど、俺は心の汚いやつなんでねｗメシウマでしたｗ人の爆死は蜜の味ｗ　というか今までが凄すぎたよｗ   まあ課金兵の人たちはすげえなぁってはいつも思ってるよ。こういう人たちが会社支えてんだろうから。俺はほんとにまじでお金ないから見てるだけなんや・・・。ガチャは悪い文明。無理のない課金でがんばってくれ・・・。	0	kone	0
0385	天井か、まあ天井までに引ける確率理論値半分くらいって言うしね、、、	1	/らじこへっど	0
0386	DIO 「俺は人間をやめたぞぉぉぉぉ！」       ギバラ「ホーウァッ↑ ホーウァッ↑ ホーウッア↑ オッ！　アイ　アイ　アイ　アイ　アイ　アイ　アイ　アイ　アイ　ホーウァッ↑ ホウァ↑ホウァホウァ ホホホッホホッホッキャキャッキャッキャッキャッキャッキャッキャッキャッキャッキャッキャッ　ホーーーーーーウァ　　 ホウァ↑ ホウァーーーーーーーーーーーーーーー↑ーーーーーーーーーー↓ーーーーーーーーーー↑(甲子園)‼︎‼︎‼︎‼︎‼︎」 DIO 「！？」	0	アマモ#	0
0387	1:00:06	0	Gren tree m	0
0388	デ   ィ   デ    ィ   ー   コ   ン   グ   レ   ー   シ   ン   グ	0	はぐれメタル	0
0389	1:07:52 神引きの瞬間	4	くき	0
0390	ごめんギバラ、無償10連1発目で出た	1	なꪔ̤̱	1
0391	17:16 17:55 19:50 25:48	0	ああ	0
0392	50:03エヴァでまごころをきみに出てきた量産型が2号機にロンギヌスの槍をぶっ刺された時のアスカみたいですね。	1	紙コップ	0
0393	50連回してトータルSSR4枚抜きでよしのんと美玲ちゃんきてくれたけどはーちゃんきてくれなかったので スカチケではーちゃん迎えようと思います、、  美優さん赤のドレス持ってる～！  提供割合的に50連くらい回したら1回は確定見れる計算になるねんよな  あ、天井おめでとうございます、、  御伽原、、スクスタもしよう…？ スクスタは彼方ちゃん推し、、	0	あかちゃんかいじゅう	0
0394	あんまりガチャ動画とか見ないから知らないんだけど配信したら運営が課金代負担してくれるんじゃないの？ホロの白上フブキは運営が石買ってたっぽいけど	0	ロリロリローリロリ	0
0395	貴方はベルモンド教を信じますか？      信じる者は救われます。	3	ちごいげくxd	1
0396	推しが見えたから見にきたけど、これ見たら1日1回無料1連でだしたことに何故か申し訳なくなった…。	0	みはや	0
0397	この人なんでこんな怒ってんの？	0	ジョニィ・ジョースター	0
0398	こんな手抜きの二次元の萌え豚キャラが動いてるのが好きなやつらの気が知れんな	0	Es Ma	0
0399	スパチャで受け取ってる額に比べたら9万なんて端金だろw お前らの収入とは桁が違うんだからこんな演技真に受けて同情してるとか虚しすぎて草	1	ちゃり	3
