0001	28:30 これ見たかったやろ？	107	Michael He	2
0001-001	天才かぁ～？	0	タクタクブサイクへの膝蹴り
0001-002	助かる	0	NK
0002	初めて江良ちゃん見つけた時焦って何していいかわからんくて殺してしまった...	92	狂い塩	8
0002-001	ゆう 閃いたと同罪	1	UT- UT
0002-002	@UT- UT なぜに？	0	ゆう
0002-003	狂い塩 通報した	0	UT- UT
0002-004	えらい	4	浦田祥宏
0002-005	ﾋｴｯ	0	トータルテンボス。
0002-006	狂い塩 サイコパスな追っかけオタクみたいなコメントで草	26	ぽこちん
0002-007	どこ？	0	霧雨ユナイテッド
0002-008	狂い塩 えぇ…	3	をあ
0003	5:06 無事鼓膜死亡	47	チモ芝	0
0004	41:20 欲に負けた女	59	みーるすなっち	0
0005	25:15 手のひらドリルすこ	71	そこらの民衆	0
0006	椎名の時は自ら餌になるやつがいっぱいいて完全に姫プレイだったのに この差よ…	30	belyt	0
0007	27:28　GIBARA HUNTERとGIBARA GOMIKASUに絡まれる	29	ナツメグ	1
0007-001	hunterのスペルも間違ってて草	2	Int
0008	1:19～1:20　ここすき	6	クワトロ・1993	0
0009	0:00 いきなりかわいい	29	Era. ERROR	1
0009-001	おと【御伽原江良〜最後の人格〜】 お前どこにでも返信しすぎやろ	0	--マサオ
0010	ギバラが可愛くて可愛くて仕方ない	11	32ギガバイトのUSBメモリー	0
0011	これを見る為に生きてる	3	りー	0
0012	るんすこ	3	うどん	0
0013	おつえら〜！ 台バンが連発しててむっちゃ笑った スナイプはしゃーないよねぇ まぁ別ゲーで1位取ってたし実質1位	7	アヲノ#調子極端	0
0014	時々イキリバラで草	0	4 YAMA	0
0015	欲望という名の絶望！	1	神城アキラ	0
0016	弱肉強食のミミズ強奪バーゲンに突っ込む江良さん!　一言「私は謙虚に行きますから」　どうやらかすみ取り戦術(笑)で行く模様!!が!此処は欲望に忠実なギバラ選手!今日とて絶叫突進で即しょんぼり賢者タイム! 目的の上位入りは難しそうだぞギバラ!?如何にして生き残るのか!その欲の皮の突っ張り具合にご期待下さい!	2	よわむしArisia	0
0017	I need subtitles!1!1!1!1! 😆	0	Phil X	0
0018	次からはマップ消さんとな‥	0	Mw Mw	0
0019	吉本感すごい	0	シェルヴァス	0
0020	Agar.io配信観れなかった(泣)	3	タクタクブサイクへの膝蹴り	1
0020-001	同じく…	1	貴二月
0021	28:30  1:17:18 台パンギバラ 47:38  気づいたらギバラにくい散らかされてた	4	リア。	0
0022	指示厨の身勝手さがよくわかる配信	0	玄和っさんkurowassan	0
0023	おかしい　この放送のギバラかわいい	3	ぐらも	0
0024	おつえら〜 今回のギバもよきよきだった... 嗚呼すこ	0	ユウキ【幼糖】	0
0025	初日で8000は上手くね？	2	アッキー	0
0026	28:30 1:07:14 かわいそうにテーブルわ RIP Table	9	merinメルかりや	0
0027	もう終わってた…	1	Vりゅ龍 :XX	0
0028	なんか所々デーモンコアくんいるなあ	1	--んをわ	0
0029	ちなみにAgarioで一位になるのははこのゲームの1000倍難しいです。	0	だよだよ	0
0030	おつえら！ スナイプ多くて地獄でしたね（白目）	2	tomo兄貴	0
0031	roaaaaaaaって名乗ってました。 リスナーの方々もギバラさんも対ありです！	6	ほーねっと	0
0032	びっくりしたよ。まさか周りのミミズのほとんどがリスナーだなんて。	6	霧雨ユナイテッド	0
0033	I bet so many people wanted to be a vtuber's desk/table. So some anime girl like Rushia and Gibara can physically interact with them, even by hitting.	0	Kuunibyou	0
0034	何気に上手くなってますね	0	堕ちん歩党の大逆襲インポテンツ、イマラ.ターザンの気筒包茎炎完治までの奇跡の一週間	0
0035	台パンめちゃくちゃリズミカルw	2	堕ちん歩党の大逆襲インポテンツ、イマラ.ターザンの気筒包茎炎完治までの奇跡の一週間	0
0036	39:31 ここ上手い	3	やくはく	1
0036-001	美味い？	0	くいずのまっしゃー
0037	イヤホンしてるのに隣の人がビクッてしてた	1	ニロ	2
0037-001	--マサオ  お前の方がうるさそうやな ( •́ฅ•̀ )ｲｷｸｯｻ	0	ニロ
0037-002	ヒロ あなたの鼻息がうるさかったんです	0	--マサオ
0038	今来た定期	1	佐々木トランポリン	0
0039	ぎばー	2	らず	1
0039-001	オト【御伽原江良〜最後の人格〜】  らー！！	0	らず
0040	自分用  24:47 特大ブーメラン 25:55 めっちゃ笑い出す 28:33 ついにブチギレる 31:37 おすそ分けとか言っておきながら横取りしてて草 32:42 食物連鎖→そして自分も食われる 38:40 はあああああ⤴︎(音割れ) 41:20 自滅 48:04 あ 48:53 やっぱり欲張る 50:45 可愛い 54:37 は？なんだこいつ？(威圧) 56:41 #%$@○°☆♪&"¥~£>*！！！ 1:00:30 超音波1 1:02:59 半泣き 1:03:33 誘惑の数々 1:03:45 「ダッシュしたい〜！！！😖」 1:04:11 ダッシュしてないのに結局餌になる 1:05:22 暴言助かる 1:06:46 ダッシュしないしたいしない…！！ 1:06:55 誰もとらないで！！！ 1:07:17 ギバラ壊れ始める 1:10:35 ギバラついに壊れる 1:12:30 「重！！！💢💢」(渾身の叫び)	0	8 世紀前・7 年前・6 か月前・5 週間前	0
0041	おつえら～ slither.ioのほうやってたけど江良ちゃん全然見なかったよ・・・ スナイプしたかったなぁ・・・ 最後らへん同じ鯖だったんだけどなぁ・・・	1	暇人が通る	1
0041-001	スナイプは…	0	れいれい
0042	cutie	2	KonaSquid	0
