0001	1:18:58身体の交渉 cv御伽原江良	203	ゲェジインターネット	1
0001-001	委員長と同じことしてる	1	ひーま
0002	1:17:36 ここいぬい	144	エインセル	0
0003	ギバ　　　　(下位魔法) ギバギー　　(上位魔法) ギバギーバ　(最上位魔法)	149	こばミン	10
0003-001	新種のグロンギかなにか？	0	アバラボネ
0003-002	じゃがポテト 湯婆婆みたいで草	1	ばなぁなぁ
0003-003	ギバラギギバラギギギバラ	0	伊リdieS
0003-004	最終形態 ギバラーラ.ラーララ	1	O. Y
0003-005	メラ メラミ メラゾーマ みたいにいうな	4	レッドブルRB16B
0003-006	@逃げマス- なん‥‥だ‥とぉ（バタァ）	0	ジュン妹
0003-007	今のはギバギーバではない…  ギバだ	3	逃げマス-
0003-008	ギバーバ(上位魔法)	3	じゃがポテト
0003-009	全クリした後に出てくる隠し要素的なあれな魔法 🔥🔥🔥🔥🔥🔥🔥🔥 🔥オトギバラ工ラ🔥 🔥🔥🔥🔥🔥🔥🔥🔥	9	ジュン妹
0003-010	語感がギアルギギアルギギギアル	13	てぃ
0004	54:04 ぶっ…	194	そこらの民衆	4
0004-001	なるほど、ほうきの音をオナラと勘違いしてるのかと思った	3	pelvis birth
0004-002	@イケメンクス 強く生きて	5	陰陽
0004-003	イケメンクス もっと笑って生きて	20	赤毛の錬金術師
0004-004	人生初めて吹いた	9	イケメンクス
0005	20:49島の選び方	59	毛に酢	0
0006	1:30:33 ここ笑いすぎて腹痛えw 右下に名前書いてあんのになりすまししてるし即バレして挙句の果てに消されてるしw	57	コンティロマネ/イルミナたんふぁんくら部部長	0
0007	48:30 「ちょったぬきちさぁ二人っきりに なりたいなら二人っきりって言わないとわかんないじゃん！」 って言ってるけど実際言ったら 顔真っ赤にして照れ顔になりそう。	94	ミルクティーのあれ	0
0008	マイクラの時も思ったんだけどギバラって案外自由度の高いゲームだとなかなか困ってるところあるよね 非常にかわいい	73	牙狼ニ乃牙太刀	0
0009	4:38 ラスボスで草	39	ドデカミングレート	0
0010	29:45の点呼の返事最後可愛い	23	こばやしししゅんき	0
0011	14:23 ギバギーバ誕生の瞬間	42	らぷらす	0
0012	9:16 懲役太郎ならぬ懲役花子で草。	3	オーク・マコト	0
0013	今日で大量の王候から注目を集めてしまったテリー伊東さん	16	木星	0
0014	ギバラ姉貴のあつ森はやっぱり面白い。	6	tomo兄貴	0
0015	ギバギーバがツボで名前でるたび腹抱えて笑ってたww	6	おいも	0
0016	1:18:57 えら同人みたいに！	17	石井へのよぐぼヌ	0
0017	1:21:10 ジャパネットギバラ	17	ブンチョリ	0
0018	ギバラ途中からキヨみたいなっててすこ	3	たろーしょー	0
0019	おつえら〜！ 無限にみれる配信 テリーい！は素直に吹いた笑	3	アヲノ#調子極端	0
0020	急上昇は草	2	Ritu	0
0021	11:25 ｢ウラガンキンやん｣ でくそ笑った	2	蒼碧あおみどり	0
0022	配信お疲れ様でした、良く聞いたらキャラがセリフを喋っていてビックリしました、ミニたぬきも可愛かった❣️	2	神城アキラ	0
0023	引き笑いすきやわ〜	0	毛に酢	0
0024	ギバギーバってクウガの敵みたいだな	15	light light	3
0024-001	ギ・バギー・バ	0	マロニー
0024-002	たまにグロンギ語話してる気がしてきた	2	ニコチンロイド
0024-003	light light でもギバラ自身アークルだしよく分かんねえな	1	土星の王
0025	サムネの手抜き感すき	2	りおん	0
0026	1:38 1:38スタート	45	ちろも_V推し	1
0026-001	ㄘㄋたそ 助かる	3	チューバ吹き、
0027	最初ワイの回線が遅いのかと思った	0	毛に酢	0
0028	パッと見デリーい島(デリート)だと思ったらテリー伊藤なのか...	1	341 pank	0
0029	2:12:30 ここで遭遇したタランチュラの捕まえ方 タランチュラはこちらに気づくと足を上げて威嚇してきます。それでも動いているとこのように追いかけられてしまいます。 低いリスクで捕まえるには ①タランチュラを見つけたらゆっくり近づく。 ②こちらに気づいて足を上げて威嚇してきたら止まる。 ③足を下ろして威嚇するのをやめたら再びゆっくり近づく。 ④②、③の手順を繰り返しある程度まで近づいたら網を振り下ろして捕まえましょう。  サソリでも同じやり方で捕まえられますよ。 もし追いかけられたら逃げまくってある程度距離を離せたら振り向いてからタイミングよく網を振り下ろして捕まえましょう。一度に2匹以上追いかけてくることは無いので安心してください。	49	コンティロマネ/イルミナたんふぁんくら部部長	5
0029-001	@死なない不死者 までぃか！やったことねかった。今度やってみるぅ	0	ヤドカリ
0029-002	@ヤドカリ  2歩以上走ると反応するから、1歩ずつ近付けば足上げてても関係無しに簡単に0距離まで詰められるよ。	0	死なない不死者
0029-003	ギバラだがら素手で捕まえられるやろ(適当)	0	じゃがポテト
0029-004	ダッシュで近付いていい感じのタイミングでキャッチ←	0	ヤドカリ
0029-005	カナエの方法が1番手っ取り早いけど難しい…	0	yukasa
0030	ギバラちゃんも梨が実る島か	0	ユーエムアール	0
0031	志貴くんが見にきたときいて	0	ゆう	0
0032	SMASH The PAIN島を推したかった	0	光竹:かぐや	0
0033	サムネが一昔前のゲーム実況のサムネ	0	くろごま	0
0034	14:27とてもイイ感じだと思いますー(棒読み)	27	チャンネル登録される度に発見されやすくなる先輩	1
0034-001	ﾏｽｰ	0	さんさん
0035	ひゃっこめ	0	ねこすけまる	0
0036	自分は初日の看板に「たぬきちくさくね？」と書きました	11	NEØ*と*	2
0036-001	花畑チャイコフスキー  あいつは絶対風呂入ったことなですよ 加齢臭とアンモニアの混ざった独特の臭いが……。	1	NEØ*と*
0036-002	Tttt Nnnn かわいそ‪w	0	パルプンテ・ローマ
0037	島名とプレイヤー名がまじで草	0	やみい/朝日奈樒	0
0038	スローライフの局地みたいなゲームで、課金ですべてを解決したがるのはさすがに草 前回の9万溶かした弊害がきてますねこれは…	1	ringo Rui	0
0039	1:11:32	9	チューバ吹き、	0
0040	村が猿だらけになりそう	1	すがすが	0
0041	1:44:13 真面目に可哀想だった	6	チューバ吹き、	0
0042	いつの間に気色の悪い乙女ゲーに刷り変わったのか	1	クラッシュ万事休す	0
0043	2:14:03	6	チューバ吹き、	0
0044	おつえら！	1	:憎めない人	0
0045	10:30 kyと同じこと言ってて草	14	匁223	2
0045-001	ハムストゥー ｋｙ猫の絵も描いてましたね	1	匁223
0045-002	ギバラ確かKY見てるって言ってた気がする	1	そら3415
0046	開始1:38	2	れんこんぐ	0
0047	途中でなぜか値落ちしたわ	5	-No,107- bohrium・Bh・element	3
0047-001	好き♡	2	さんさん
0047-002	なぜか値落ちになってたわ	3	-No,107- bohrium・Bh・element
0047-003	カブかな？	4	さんさん
0048	〇ヨ。と同じような発送してて草	8	あかパックン	1
0048-001	誰かに送るなよ笑　 てかどんな送り方だよ	3	立花拓也
0049	1:37	2	ほおるけえき	0
0050	まあたぬきちがラスボスなのはあながち間違えじゃないな()	0	じゃがポテト	0
0051	1:06:20 【速報】ギバラの王子様筆頭候補はテリー伊藤	13	コンティロマネ/イルミナたんふぁんくら部部長	0
0052	釣りするとき毎回声出るのかわいい 1:45:26 1:46:42 1:47:55 1:50:03 2:03:26 2:04:11 2:04:30 2:09:02  1:44:12 ......	61	結しいか	2
0052-001	わかる	0	つきよも
0052-002	天才かぁ？	0	ミルクティーのあれ
0053	前流行ってるやつやりたくないとか言ってたくせにちゃっかり楽しんじゃってて草	2	タミフル	4
0053-001	この配信の裏ではって意味でした。わかりにくくてすみません	0	hi- muro
0053-002	もうあつ森ブームすぎたの！？	0	タミフル
0053-003	周りはArk戦争やってたんだよなぁ	0	hi- muro
0053-004	周りがやってたらやりたくなるんだよー	0	さんさん
0054	大体のライバーはリセマラしてるのにギバギーバはキャラを嫌がってたのに全くしなかったのがとても性格の悪さの中にある天然の優しさがあってとても良かったと思ったのでここに賞します。            令和18年度1月1日	7	鈴木	1
0054-001	未来人ニキいて草	0	いの
0055	たぬきちと班長大槻似てないか？	0	シー	0
0056	流行りに乗らない言うてたようなないような？あれ？	3	アリムARIM	2
0056-001	@東雲ゆた やりたい言ってたのは知りせんでした。それは申し訳ないです。	0	アリムARIM
0056-002	昔からやりたいって言ってたのとにじArkの戦争の裏でやってるからねこれ	5	東雲ゆた
0057	猿がどうぶつの森とか...。	0	観賞用ベーコン	0
