0001	10:34 キノピオ似すぎで草	138	つちなか	0
0002	陰湿な荒らしコメントは報告っと	33	Rペニシリン	0
0003	コメ欄にやべーやついるけど反応せずに通報安定やね	45	レタス春巻き	0
0004	1:35:00 ここから放送事故	123	圭ちゃん	4
0004-001	あまちゃペービー2世 めんど	1	Prinkだ
0004-002	いやw実際きもいw	1	晴晴
0004-003	もちかしわ 嫌がらせ、いじめ から ほかのユーザーに対する嫌がらせでいいぞ	6	おやすミンミン蝉
0004-004	@あまちゃペービー2世 このコメントって何で通報したら良いと思う？	4	もちかしわ
0005	49:19の急いで確認する感じが可愛いww	29	円野遊	0
0006	変なの沸いてたから報告したけど、独身云々だけはちょっとだけ迷ってしまったことをここに謝罪します	41	天気雨	7
0006-001	@天気雨 分かる（呼び方はきっちり変えるのも愛だなぁ）	0	Tackmyn Y.
0006-002	実際ギバラが大好きな人は山のようにいるから(自分含め)、本人には言わないけど。  本当、調子乗ってるギバラも、暴言吐きまくるギバラも、自分自身で扱き下ろしてた自己紹介の江良ちゃんも、とこたゃにうざ絡みするギバラも、お歌配信の可愛い江良ちゃんも、ホラゲの時のビビリ原江良ちゃんも全部可愛いよ。	2	天気雨
0006-003	Tackmyn Y. 説明ありがとう(о´∀`о)	0	天気雨
0006-004	@ひろひろ あんまりここで言うべきことでは無いけど、アンチ君が一人ここに湧いて10件くらい中傷コメントを残していってたんですね、今は消えてるけど… その中傷の中に「そんなんだから独身なんだよw」みたいなものがあったので、まぁ、そういうことです。	0	Tackmyn Y.
0006-005	変なのとは？	0	ひろひろ
0006-006	同士よ	0	Tackmyn Y.
0006-007	草	1	佐々木匠磨
0007	怒涛のツッコミと綺麗な落ちで放送事故も面白くする天才	15	くぼし	0
0008	こういう親戚と一緒にマリオパーティーできたら楽しいなあ、としみじみ思う	12	そこらの民衆	0
0009	あちゃまペービー2世ってやつめっちゃ文句言ってて草	11	* sukesan	0
0010	8はガチで良作	13	T K	0
0011	青鬼よりもクロエのレクイエムよりも 1人で時計合わせと地味ゲーとホームランをループしてるギバラが1番のホラーだった	16	きっきー	0
0012	今日のゲームも余裕やったなw 余裕どころじゃ済んでないわ	4	コンティロマネ/イルミナたんふぁんくら部部長	0
0013	最後の方、切り抜き確定やな	9	顔がヤベー奴	0
0014	荒らしやってる奴つまんな 絶対集団で行動出来ないやつじゃん	18	。まっつー	0
0015	最近ギバラ3D多いな	10	たしぽん	0
0016	最後、哀愁漂ってたなぁ、、、	3	はるぽんこつ	0
0017	このゲーム本当懐かしいな あの頃は気楽に遊べる友達が…ヴッ	6	和辛子	0
0018	最後の落ちがきれいすぎて笑った	0	カワウソ	0
0019	マリオパーティシリーズで一番好きだわ8。銀行の奴とか特に	8	コマド	0
0020	キャサリンのことずっと「ブチュルス」って呼んでたなあ......	2	とっきい	0
0021	手がやばい笑笑	1	招き猫	0
0022	ブスってバカにしたやつにぐちゃぐちゃにされてるの笑える	1	ドデカミングレート	0
0023	キノピオギバラすき	4	てぃ	0
0024	ギバラ可愛いよキバラ。声も喋り方も最高	0	ta ma	0
0025	51:05キノピオ出現	3	Tatsuya.J	0
0026	ドロドロすぎて草	0	セブソマリソ	0
0027	ぶっちゃけTwitterの2時間で4回に閃いた	11	マーガリン	0
0028	なんか変なやつ湧いとるな(--;)	2	パンコッペ	0
0029	荒らしは無視+ブロック安定な       独身(ﾎﾞｿｯ)	7	チュッチュ	0
0030	これ缶振るミニゲーム来なくて良かったなぁ…	0	ZIBUN	0
0031	1:30:49 ここ大好き	0	nakko 1130	0
0032	独身？ 何言ってるの（婿候補の）皆様がいるじゃないですか！	2	tomo兄貴	0
0033	孤独…親にしかられて悲しいってレベルじゃねーぞ	7	頭脳明晰な億泰	0
0034	かわいい	1	--マサオ	0
0035	57:34 ここすき	0	Rick ,	0
0036	データ消したのって本名でやってたからかな…。そりゃ消すしかないよね…	0	ゲラルトゆうた化した	0
0037	サムネに釣られてきたが、コメ欄に社会的に孤独そうなのいるが大丈夫かな、将来が心配。ギバラの独身は…まぁ。	8	Nano putian	0
0038	このやべーやつなりすまし指摘されたやつとかだったら笑う	4	タンゲルネフ	0
0039	バラギアラ御伽原江良風に漢字表記にすると薔薇儀阿良になりそう【デュエマ勢に伝われ】	9	招き猫	1
0039-001	デュエマコラボま〜だ時間かかりそうですかねぇ〜？ WIXOSSコラボしたから大丈夫だって〜	1	ユーグレナ
0040	ギバラの配信で寝落ちするとは思っていなかった。。。	6	K3	1
0040-001	Kagg50 そのくらい心地よかったって事でおk？	0	アイコンかわいいだろ?
0041	15:57 ゲーム内ですらハブられるギバラ	7	水飲み放題	0
0042	22で独身は普通では…？	0	キタキツネャーン	0
0043	ギバラが独身？いや、俺が結婚するからそれはないな。	8	ブンチョリ	0
0044	前半のなろう系キノピオ無双、後半の無敗地獄	3	さわらび	0
0045	うｐ乙です。一人パーティしてるけど可愛いギバラさん。	0	ゼロキ	0
0046	ギバラに親を殺された奴がコメント欄にいて草 そしてなんで生配信のチャットで神崎士郎いるんですかねぇ…	1	ゲンム桜庭	0
0047	ここにコメントするの久々すぎて泣ける もうマトモに見れなくなってひと月分か・・・めちゃんこつらい	0	よわむしArisia	0
0048	あまちゃんベービーなら俺の隣の男の友達の他人にポジ種ヤバ交尾仕込まれてるゾ …(諦観	5	鹿鳴館	0
0049	【クロスパネル】 1:35:38〜 はっぱでかわくだり 1:37:30〜 ホームランダービー 1:39:09〜 いまなんじ？ 1:42:03〜 カートでレーシング 1:43:57〜 いまなんじ？ 1:46:10〜 はっぱでかわくだり 1:47:45〜 ホームランダービー 1:49:31〜 カートでレーシング 1:51:22------------チャンスタイム------------ 1:51:58〜 はっぱでかわくだり 1:53:32〜 いまなんじ？ 1:55:26〜 結果発表 1:56:00〜 カーニバルカード配布	39	£(F.K.)£	0
0050	サムネかわいい	8	コンティロマネ/イルミナたんふぁんくら部部長	4
0050-001	@あまちゃペービー2世 お前の住所	0	ああ
0050-002	@あまちゃペービー2世 植木鉢さんはまともな事しか言ってねぇよ！ 明日からしっかり学校行きな!!!	0	佐々木匠磨
0050-003	@植木鉢 おまえもな	1	あまちゃペービー2世
0050-004	吐き気したよね	1	あまちゃペービー2世
0051	22才独身。。。。   おじさんと住む？←	0	Yu Min	0
0052	22岁的猴子，能活那么久？	2	赵天鹏	0
0053	いまなんじ？→怒涛のにじさんじで草	14	コンティロマネ/イルミナたんふぁんくら部部長	5
0053-001	@あまちゃペービー2世 おそらく自分で自分のコメントにいいねしてるのクッッッッッソ哀れで草	3	Nano putian
0053-002	@あまちゃペービー2世 住所と本名特定	1	ああ
0053-003	@救世主 まあこういうクソガキは反応されると図に乗るんで無視して無視して報告ですよ	4	コンティロマネ/イルミナたんふぁんくら部部長
0053-004	あまちゃペービー2世 笑っとるやん	13	救世主
0053-005	コンティロマネ/イルミナたんふぁんくら部部長 そこリアタイで見てて吹いたw	3	momonga des
0054	3d多用しええな	6	欲しいname	0
0055	ギバラにはずっとひとりぼっちでいてほしい、好きだよギバラ	4	ああ	1
0055-001	はぁ??好きだとォ？     "大好き"の間違えだろ？	0	-No,107- bohrium・Bh・element
0056	めっちゃ懐かしい	1	マヒマヒシイラ	0
0057	あまちゃペービー2世 アンチすんなよ(　˙-˙　)	10	momonga des	3
0057-001	りくまる それを言うならスリルちゃう？w	0	momonga des
0057-002	あまちゃペービー2世 リアル楽しんできな !	2	りくまる
0057-003	リアルガチで楽しくなさそうだよね...	4	TOO Arcadian
0058	ヤベー奴わいてるな	11	身から出た鯖	1
0058-001	身から出た鯖  誰かなって下にスクロールしたら察した笑	4	Elsie感
0059	サムネの泣いてるギバラかわいい	5	牙狼ニ乃牙太刀	1
0059-001	融合じゃない!ゆー5  ﾜﾀｼﾏﾀﾞｶｴﾘﾀｸﾅｲﾉ	0	momonga des
0060	１ヶ月たって戻ってコメント見てみたけど荒らしきえてるね	0	。まっつー	2
0060-001	ねこきゅうり 何て言ってるかは忘れたけど暴言言ってたね	0	。まっつー
0060-002	結局なんて言ってたの？	0	ねこきゅうり
0061	👍	3	Comrade Trump	0
0062	にじさんじの…"ギバラ"ってライバー、居ますよね… 私、あの手…あれ見た時…その、下品なんですが…フフ…  下品なのでやめておきますね…(にじ3D、やはり神)	21	ぺったんぺったん	2
0062-001	やめとけ！やめとけ！ あいつは付き合いが悪いんだ 「しょぼんやろうぜ」って誘ってもゴミカスとか絶叫して楽しいんだか楽しくないんだか…  『御伽原江良』22歳 独身  料理・掃除はまじめでそつなくこなすと思いきや今ひとつ品のない女…… なんか家庭的っぽい気品ただよう顔と物腰をしているため初見にはもてるが 王子様からは芸人とかギバラとばかり呼ばれているんだぜ 魔女の家を見る限り悪いやつじゃあないんだが これといって特徴のない……影のうすいおt...女さ	12	らっきょきっきょ
0062-002	寸止め吉影すこ	5	ラー丸太郎
0063	マリオパーティーって1人でも楽しめるんだな	1	かず	0
0064	バッターボックスに立たせると流石の打率だね	0	ろりばばぁ	0
0065	手の動きがなんか怖い。	1	黒崎優	0
0066	こーゆーのってコメント拾ってもらえると嬉しいよね。   あ、はい、ぼっちでパーティゲームして、コンピューターボコるの楽しいっすよね、なんかすんません	22	あきゅう	7
0066-001	@あまちゃペービー2世 住所特定	0	ああ
0066-002	@あきゅう まじでごめんなさい	1	豚野郎
0066-003	どうでもいいけど俺のコメントの下でいい争わないでくれ、ギバラは面白い、それでいいじゃないか	4	あきゅう
0066-004	@あまちゃペービー2世 あれ、俺褒めてる？w	1	豚野郎
0066-005	@豚野郎 この動画を誉めている時点で底辺	0	あまちゃペービー2世
0066-006	@あまちゃペービー2世 あの文でどうしてそうなった？w底辺は理解できないか？w	3	豚野郎
0066-007	@植木鉢 それは君のことかな？	0	あまちゃペービー2世
0067	ぎばー	3	らず	0
0068	やっぱ見てて思うけどギバラ勝つの全然面白くないよなぁ、Wii パーティが神回やったわ	1	春夏秋冬	0
0069	初見です。質問ですがうp主は女性だよね？言葉の端々に男っぽさがあってわからなくなったので、あと声って編集で変えられるものなのですか？	1	猫耳レム	5
0069-001	猫耳レム 一応責任を...      嘘です笑 ごめんねちゃんと女性の方だよ、これから推してくれるとうれしい	2	Sローマ
0069-002	ちゃんと誤解解かないと笑     俺は解かないですけど	2	sette_ 11
0069-003	とんでもない誤解生まれてて草	2	おふぃすニャー
0069-004	@Sローマ 中の人は男ということかぁ😭	0	猫耳レム
0069-005	江良ちゃんは女の子だけど ギバラは漢だぞ	1	Sローマ
0070	きも	0	あまちゃペービー2世	1
0070-001	可愛い♥	1	絶対に結婚するライナー【登録者数1000人で結婚】
