0001	御伽原江良って本当は心が綺麗で素敵な子なんだなって…ごめんな、ギバラしか見てなくて	254	GACKT出陣	0
0002	おそらくまだ多くには知られていない御伽原江良の魅力が全パートに溢れている最高なシリーズでした。正直虜になりました。謝れ	183	樹形図	1
0002-001	謝罪の要求がボーボボなみに理不尽で笑う	35	きのあかり
0003	御伽原江良が愛される理由がこの配信で痛いくらいにわかりました	67	ヘルエスタ王国難民ray	0
0004	この子のデトロイト配信優しいから好き	173	きのあかり	1
0004-001	俺も基本的にはギバラとおなじ選択肢だったけど、たまーに○せ！ソイツ○せ！！！って思ったりしたから、デトロイトやりたくて仕方ない 個人でルート変わってくのすごすぎる	16	NOV -
0005	この娘は感受性がすごいなーって思った。 カールがマーカスの描いた絵を置いたままにしていただけで感動できるとことか、いろいろ感じる能力が高いしいい子だなぁって思った	37	主砲トラの	1
0005-001	そういう風に捉えられるあなたも感受性が素晴らしいと思います…（泣）	0	みゃみゃこはむむ
0006	カーラ編だけ選択肢が意地悪とまでは言わないけど、善良な人間が苦しむ選択肢が多かった気がするよ。世の中の縮図かねぇ。悲しいなあ。	133	とっつぁんボーイ	2
0006-001	@バナージ・リンクス ゲームだと終始割り切って出来る人ならいいけど、これまでプレイしてきて、カーラとアリスにどこまで情が湧いてるか	8	とっつぁんボーイ
0006-002	返しちゃって皆やられるもんなぁ…	5	バナージ・リンクス
0007	本当に徹頭徹尾優しくてこっちまで泣いちゃった…。  あと、最近メンバーになった王候はメン限動画の前にコミュニティの1番古いのから順にメッセージを見てくれ。  きっとメンバーになったことを後悔はしないはずだから	112	紳士.	2
0007-001	王侯の鑑じゃん	3	橘三柑
0007-002	言いたいこと全部言ってくれた ありがとう	21	estate 0808
0008	2:37:42 +あと江良ちゃんのデトロイトで何が好きかって、仲間助けるか助けないかって所で｢いやいやいや！助ける助ける！｣って即決すんのがもうね、うん、好き。 +江良ちゃん愛してる 2周年おめでとう。2年間ありがとう。 お疲れ様。	160	ぽへ	1
0008-001	わかる かっこいい	11	tmk mj
0009	優しい人なんだなとただただ実感して、その選択の結末に涙した。 個人的な我儘にはなるけど是非とも、Life Is Strangeをプレイして欲しい…	100	随行支援ユニットポッド153	1
0009-001	わかる。彼女にはぜひ人間の心情や心理を感じて欲しい。あとアンドロイド映画の代表作である『A.I.』を見て欲しい、我々がAIについてどのように接するべきなのか考えることが出来るから。	7	iwakazu3237
0010	1:36:47 Vtuber界のシンデレラによるカボチャの馬車に乗り遅れた話	60	岸田卓也	0
0011	1:46:32 恐らく停留所でチケットを返していなければ主要人物は全員生存して終わっていたと思う ただ「チケットを返す」ギバラの選択を含めて、ギバラの優しさと温かさを見ることが出来て、素晴らしい配信でした	186	アルプス一万円	1
0011-001	正しかったか正しくなかったかは人それぞれだもんな	22	Nao#4
0012	日本人はもっぱら平和的なルートを選ぶらしい、もちろん大半がチケットを返す。国民性が凄く反映されるゲームだけど、ギバラのプレイにもすごく優しさが見て取れて楽しかった。お疲れ様でした。	47	さらね。	0
0013	切り抜きとかガチャとか有名だし、箱推しだからコラボもよく拝見してて、本当は真面目な方なんだろうなとは前から思ってました。  でもここまで優しいお人柄とは思いませんでした。  チャンネル登録してて本当に良かったです。たまたま気になってたデトロイトの実況が始まって、完全初見で江良ちゃんと一緒にプレイした気分になれて物語を楽しめました。	43	かむぱっく	0
0014	アンドロイドを操作してるはずなのに何でこんなに人間性が出るんだろうか 推してる理由が詰まってた	77	柳ユウ	0
0015	本当に最後までギバラはギバラの道を進んでて良かった マジで最後の方は俺も泣いてたわw	43	絶対に結婚するライナー【登録者数1000人で結婚】	0
0016	最初はギバラのことめちゃくちゃうるさいロリコンだと思ってたけどこの配信は江良ちゃんの優しさが見えるよい配信でした	71	セバスピヨ	0
0017	感動した。 あと、優しさは時に報われない事もあるんやなぁ…って思った。(チケット返した分岐で)	47	a S	0
0018	ガチャ動画のネタバレ防止とか見てて結構ちゃんとしてる所もあるんだなーとは思ってたけど、このデトロイト配信全体を通して江良ちゃんの優しさや可愛らしさに触れることができて本当に良かった。発狂芸とか下ネタに注目が行きがちだこど、やっぱり江良ちゃんはシンデレラなんだよ	47	コトコットン	0
0019	前から見てたけど今回が初コメです 個人的にカーラ編でルーサーの遺体を降ろさずに3人一緒に向こう岸まで辿り着こうと一生懸命ボート押したところに一番感動しました…	48	SANGO	0
0020	32:53 初見の方激ヤバ注意 🦹‍♂️ここすき🦹‍♂️	37	ENJOY	0
0021	カールの「戦って変えるしかない」のところ,どうやって「戦う」のか,わざと曖昧にすることでマーカスに自分なりの戦い方を選べさせてるんだよね,助言はする,しかし最後はマーカスの選択に任せる,戦え,しかしここで諦めるなというカールのマーカスに対する海のように深い愛を感じた,決してよくできた親ではないかもしれないが,息子達に対する愛は誰よりも深い,尊敬に値する1人の父親だ	57	インモラル田中	0
0022	初対面が険悪で好感度が上がったと思ったらすぐ下がってたハンコナが最終的に擬似親子みたいな友情を築けたのが尊い…個人レベルではあるけど人間とアンドロイドの共存への希望に見える	18	仮アサクラ	0
0023	ギバラのこと切り抜きでしか見たこと無かったから勘違いしてました。悔い改めてチャンネル登録しました。 すごく良かったです。	18	母義母	0
0024	選んだ結果何があっても どんな未来があっても たとえ守りたかったものが救えなかったとしても 一番重要なのは「江良ちゃんが自分に正直」であったこと お疲れ様です 他の未来をみるのもよし あえてこのままにしておくのもよしです  ただなぁ！個人的なわがままだけど！もっと色んなゲームでギバラが感情移入してるとこみたいなぁ！ ただ、もちろん、どうしたいか選択するのは江良ちゃんの自由だからね どこまでも、付いていきます	81	牙狼ニ乃牙太刀	0
0025	ギバラ本当のシンデレラだわ… 優しさで溢れすぎてる	8	塩れもん	0
0026	デトロイト配信散々見てここまで感情移入するライバーは初めて見たかもしれない 普段の狂気な猿と違って、このシリーズは母性と優しさが溢れ出す江良ちゃんが見れるから本当に好き いつかメン限で別エンドを迎えるの楽しみ	16	ユル	0
0027	個人的に1番人間味のあるライバー 本当に好き	9	鼓舞沙羅堕	0
0028	初めてみたデトロイトがギバラでよかった…	20	おかかよ	0
0029	優しすぎて人生苦労しそう	31	三日月凌牙	1
0029-001	それでいいと思う	8	TOO Arcadian
0030	江良ちゃんほんとに優しくて思いやりがあって見ながら一緒にいっぱい泣いちゃった、、 まだ学生だから金欠でメンバーはいれないんだけど今年の春からバイト始めて絶対江良ちゃんのメンバー入るよ！！ 改めてクリアおめでとう！！	51	ふしぎだね!	0
0031	ギバラの実況動画をちゃんと観たのが今回で初めてだったんだけど、人気な理由が分かった気がする	28	ぐりずりぃ	0
0032	Thank you for streaming this game. When I first got to know you, I thought you were ok and not as good as people say you were. But now I have watched you steaming this game,  it was very enjoyable and how you tried to save everyone made like you alot more. Congratulations for hitting 500k subs and hope that you are doing great this year. You are really a caring and a hardworking person.	50	The Legion	0
0033	カーラもルーサーもアリスを救えて本望だったと思うよ	35	マークツー	0
0034	1:17:34　ここめっちゃ力強くて好き その後のマーカスのセリフも大好き	15	ぐぴぐぴもぷもぷ	0
0035	たとえ目的の為でも、絶対○してやる！って思った相手でも、常に争いや危害を避けられる選択をし続ける平和な考え方。 状況が悪くなるとわかっていても、仲間を見捨てる選択肢を取ることはなかった所。 いつも悪い感情も含めて素直に出す江良ちゃんだからこそ、行動に凄く心打たれました。 DBHの配信は最後まで見たこと無かったんだけど、江良ちゃんの配信は毎日楽しみでした。ありがとうございました！	37	スナケシ	0
0036	優しすぎるよ…ギバラ…もう直視できないくらい優しい 純粋な心とか綺麗な気持ちに親切すぎて俺には眩しい アリスのことアンドロイドって知った時の反応、見てて苦しかった…最後まで見せてくれてありがとう	29	ウパー	0
0037	10:03  自分用	16	哲学者	0
0038	いろんな配信者のデトロイト観たけど全然違うしやっぱり人間性がでるんやね ギバラの中に江良ちゃんをみた…	9	HENTAI紳士	0
0039	江良ちゃんの選んだ道、選べなかった道全てに江良ちゃんの魅力が詰まってたよ。すごく優しいから選んだ道を本当にこれが正しかったのか疑ったかもしれないけど、これは正解の無いゲームで江良ちゃんだけの物語なんだって思ったから、自分の選択を信じて欲しい…！  デトロ初見が江良ちゃんで本当によかった、ありがとうね！おつえら～！	39	ばっしー	0
0040	ギバラさん毎回ギリギリのルート選んでるのに最後まで行ってるのすごい	19	Miifa 325	0
0041	クリアおめでとうギバラ リアタイ出来なかった事が悔やまれるほど良い配信だった  選択肢に「説得する」があると必ずと言っていいほどそれを選び 自由や権利ではなくただ生きたいと訴え 誰かの犠牲に泣く事ができ ストーリー上何度も揺れ迷ったが、最後の最後は一切の迷いなく解放した そんなとても優しく強いギバラが大好きになる配信だった 自分が推し始めたのはごく最近だが、数多のVの中で見つける事ができて良かったと思うよ	52	元帝国秘密警察・女児型	0
0042	最後のハンコナは一番最初に酒捨てたりとかしてたのが、最終的にああなった感じが最高やった。	4	NAME NO	0
0043	選択の一つ一つに心の綺麗さが滲み出ていてすごく感動しました その綺麗さが導いた美しい結末だと思います        僕は終盤に半端な選択ばっかりして主要キャラクター全員死亡させるという考えうる最悪のエンドを迎えました😅	10	YUKIMURA[ユキムラ]	0
0044	もうあまり意味ないかも知れませんが、一応各話のタイムスタンプ    3:12 コナー11話 21:14 交わる運命 1:03:09 魂の夜 1:22:14 運命の分かれ道	20	ひさひで	0
0045	これはFBI側も間違っては居ないってのがまた深い物語なんだよな	15	hibiki rna.	1
0045-001	何を正しいとするかなんよな 人間を守るか、情に従うか	1	霧雨ユナイテッド
0046	マジで心は江良ちゃんなんやなって...推します	7	ヌベスコを崇める旅人	0
0047	このゲームの辛いとこらは優しいだけじゃ全員生存は目指せないというところにあるよね。 優しさ全一お疲れ様でした。	12	てぃ	0
0048	ギバラの配信あまり見たことなかったけどデトロイトの配信全部みたら好きになった	6	主砲トラの	0
0049	もしメン限で他のルート漁る配信するならマジでメンバー登録するまであるわ  切り抜き意外で初めてこの人の動画をちゃんと観たけど、このシリーズだけで好きになれる要素が詰まっとる	9	Anyan	1
0049-001	他ルート目的じゃなくてもメン限配信を見る価値はあるぞ。(メンバーであるとは言っていない)	2	霧雨ユナイテッド
0050	1:40:10~ 江良ちゃんがニュースキャスターみたいになっとる……	2	wktkエレちゃん	0
0051	最強の優しさに心打たれました。	19	dimaboll夕莉	0
0052	チケットの所もし夫婦二人だけだったら選択は変わってたのかな…	8	ねすとねすと	0
0053	ギバラは、もともと好きだったけど｢デトロイト」やってる優しい江良ちゃんを見てからめっちゃ好きになったお疲れ様！	5	人望激アツヘルエスタ警察	0
0054	後半の選択って本当にシビアでリアルだよね… 大きな選択肢1つミスるだけでバドエン直行しちゃう	6	*うさにゃん*	0
0055	コナー一体も死なせてないのすごいな	4	スポポビッチ	0
0056	優しさの詰まった配信だった…	7	おだんご	0
0057	ストーリーは大体知ってるのに、情感たっぷりとプレイするからいっぱい貰い泣きしちゃったわね。江良ちゃんを好きになって良かったと思えて、もっと好きになる配信でした。ありがとう！	6	mmm	0
0058	ボロ泣きのぎばら、良い。 ぎばらのデトロイト配信全編通して本当に素晴らしかったです。	21	あーたん	0
0059	物語関係ないけど江良ちゃんの「えるいち」 が好きだった	13	めたるすらいむ	0
0060	最後まで真剣にゲームに向き合ってて、泣きながら見入ったよ 間違いなく名実況でした。御伽原江良の物語を見せてくれてありがとう！	11	half realistic	0
0061	58:58 ここすき	11	仙水秋穂	0
0062	キバラの動画の中で一番好きなデトロイト実況を最後に見に来た…底無しに優しい子だ😭	1	M I	0
0063	優しいえらちゃんマジですこなんだわな	17	オハヨーー	0
0064	コナー1回も死んでないのすげぇな 俺コナー4号とか言って笑ってたんに	14	野菜生活	0
0065	デトロイト配信最終回、お疲れ様でした。たまたま貴女がこのゲームをプレイ為さっており、拝見した次第です。 先ず、驚いた事が見守っている視聴者さんたちの数が物凄く多い事でした。貴女が様々な方々に慕われているのが実感致しました。 「貴女の紡ぐ物語」を最後まで見届けさせていただきました。貴女は本当に優しい方なのですね。 古今東西、個人勢・企業勢問わず、40人以上の配信者さんのデトロイトを見届けてきました。また自身も4周程プレイしましたが、何度観ても感動出来る素敵なゲームです。 カーラ編は悲しい結末となりましたが、最期までアリスを守り続ける事が出来、本望だったのでは？と思います。心成しか、カーラが笑っていた様に自身はそう見えました。 機会があれば、もう一度貴女の手でカーラたちを別の形で幸せに導いていただきたいです。 ※超長文、大変失礼致しました	9	ひづるみゆつき	0
0066	初めて見たけど良い人だね。5分見るだけのつもりが約三時間見てしまった。	5	デッドガイレッド	0
0067	初見のデトロイトがどこまでも優しくて感情が豊かなギバラのデトロイトで本当に良かったと思ってる	5	えさら	0
0068	本当にいい人だなギバラは…	12	殿りゅう	0
0069	ほぼ同じルートだったからめちゃくちゃ共感したわ 最後のアリスを守る選択はやっぱどう考えてもそうなっちゃうよね	7	TOO Arcadian	0
0070	めっっっっちゃ優しい	14	サバカバ	0
0071	切り抜きでしか江良さんを見たこと無かったので デトロイトの配信で御伽原江良さんの印象が良い意味でがらりと変わりました 見る前はちょっとヤバめの人なのかなって思ってましたw でも優しい人なんだなぁって、楽しい配信をありがとう。	6	umi	0
0072	いろんな方のデトロイトの実況見たけど、えらちゃんのが１番見応えがあった！ 毎日配信お疲れ様でした！	13	yuki	0
0073	ちょっと残念な物語になったけど それも江良ちゃんの優しさの表れなのかなって	19	tmk mj	0
0074	不器用だけど優しいからギバラは推せる	20	void	0
0075	9:12 黒人とかを人じゃねえって言って奴隷扱いしたりするやつ	3	リットバジ	0
0076	今までの偏見を覆され、見ていてとっても心が温かくなった配信でした。この配信を見て人として尊敬しました。。。	7	Chii Kamaru	0
0077	良いゲームだった…江良さんの配信初見でしたがこんなんファンなるわ…	3	リュウ.	0
0078	江良ちゃんの変異体はギバラなのか……それとも誕生日の時の……うっ、頭が、	5	15パエリア	0
0079	最終回は匂わせ民およびネタバレ民が酷かったがそれ以前は普通に良リスナーばっかだったし、ギバラの素晴らしい一面が見れてよかった お疲れ様	10	エーマχ	0
0080	改めて本当にいいゲームだと再認識出来た	6	dotism	0
0081	シンプルにサムネが可愛い	4	田中デーモンヨシヒコ	0
0082	デトロイト毎日配信お疲れ様でした！内容も感動したのですが泣くえらちゃんに釣られて泣きそうになってしまいました！またこういったストーリー系ゲームプレイしてくれたら嬉しいです！	9	シルソルカ	0
0083	ギバラが可愛すぎて悔しい…	5	メハタコ	0
0084	心底見れてよかったと思ってる	1	バキ	0
0085	御伽原 江良っていう1人の人間がよく分かるシリーズだった	3	スラルYouTube初心者	0
0086	その優しさが故に何度も何度も壁にぶつかったけど絶対に諦めずに、でも冷静さは失わずに優しい選択を貫いて道を切り拓いたのは圧巻だった 最後まで見届けられてよかった。ありがとう。	28	ノッル.	0
0087	アリスはもちろんトッドについても考察して感情移入しちゃうあたり江良ちゃん優しいな	4	浅	0
0088	綺麗なゲームだったし心が綺麗な子がやってたから、夢中になって見れた。 YouTubeの配信ってこういう感動も得られるんだと感じた。 江良ちゃん配信続きでお疲れ様。 感動させていただきました。	6	キノリル	0
0089	32:40「ほんとにっ虐殺だ！世の中の人間は分かってきてるよ！！」からの39:00ごろまで・・・     以前このシーンを見た時はただびっくりしただけだったけど、この配信でやっと製作者がやりたかったこと分かった。このゲームすげえわ(今更) 差別や偏見が悪いのが頭では分かっててもいざ目の当たりにしたときに理想通りの対応をするのは難しいんだろうな。「頭でわかる」の次の段階に進めた気がする。	7	hiro tuji	0
0090	大変お疲れ様でした☺️ 悲しかったけど良い物語でしたね。 ありがとうございました(^3^)/	8	ひでまる	0
0091	コナー君が変異体にならないルートめっちゃかっこいいんだよなあ	2	オムナイト先輩	0
0092	最近配信多くて嬉しい	8	りょうりょう	0
0093	ゲームのストーリー全く知らない状態で見てるから本当アリスのやつ鳥肌だった、、	4	せーや	0
0094	凄く良い配信だった…もう一周してきます…。	3	骨はどうせ砂と化して消えるのに	0
0095	初見の人達はマジでこのシリーズは見て欲しい	2	天キノ	0
0096	ここでガチャ配信が来たらそれはそれでギャップ萌えなんだろうなぁ	17	にじさんじ追いかけ太郎	2
0096-001	とっつぁんボーイ  その変異体すら俺らは愛する良エンド	9	しらす豆腐
0096-002	優しかった江良ちゃんはギバラに変異したって言われそう	15	とっつぁんボーイ
0097	ありがとう…ありがとう…（；＿；）	2	アキツナ	0
0098	カーラ編はチケット返さなかった場合の方も、マジで感動できるから、そこだけでも後でやってみて欲しい	3	積雪なのめーとる	0
0099	クリアおめでとうございます、とても面白かったです！	3	ちょろ63号	0
0100	こんなカーラルートあったのか。知らなかったから最後は新鮮な気持ちで見れた。ほんと選択肢の幅が広くて、人によって結末が異なるからこのゲームはすごい。 ギバラも本当は心優しい女の子なんだってことを思い出した。	5	【 inini 】	0
0101	デトロイトで口がギバラなだけで心は江良ちゃんってよくわかった	2	シェイシェイ	0
0102	面白かった！ 以下ネタバレ       ギバさんの優しいプレイに没入していたのでカーラの救われなさが辛かった…	8	ポンデリング	0
0103	この一週間えらちゃんのギバラ以外の部分を見れてよかった✊🏻💖 えらちゃんはすごい優しくて本当にシンデレラなんだなって思えたよ デトロイトやってくれてありがとう！！ えらちゃんのおかげでこの一週間たのしくすごせたよ〜〜！！	4	ぱうむ	0
0104	ガチで面白かった ありがとう	4	レモンティ	0
0105	最後ずるいなあぁああああ あんなにハンクはアンドロイド嫌ってたのに…あーーほんとずるいなああああ	2	よす	0
0106	何人か今までに見てきたけど1番平和なルートだった、、優しすぎる…ガチ乙女…。	2	はやみん	0
0107	40:06 ここ辺りにギバラを推す理由が詰まってる	1	そりわ	0
0108	このデトロイトの配信のおかげでギバラの優しさが知れた。 最終回までありがとう。	2	チキンバスター/ChickenBuster	0
0109	振り返るとギバラより江良ちゃん強めだったなぁ、今回。 めっちゃ優しくて素でいい選択肢を選んでて感動したわ。	3	かれいど	0
0110	配信お疲れ様でした、やっぱりギバラは優しいですね、後フルコンプするのかな？数日後にフルコンプしたぞ〜！とか言いそう！	2	神城アキラ	0
0111	ギバラの優しさによる素晴らしい物語をありがとうございました…！！(;_;)	8	鈴錬	0
0112	今回のデトロイト実況で江良ちゃん好きになったよ。綺麗な心持ってる可愛い子ね	1	青汁	0
0113	最高だった	3	かやぴー	0
0114	1:27:47　???「準備は一任するわ」	2	ランドミンバン	0
0115	最高だった、やっぱりギバラは優しい 他のストーリーゲームもやってほしいuntil dawnとか	3	まるまるしんそく	0
0116	ギバラのデトロイト配信全パート追って、改めてギバラの推しでよかったと思えるほど最高の配信でした。 ギバラの平和に解決しようとする姿勢、そしてみんなを救おうとするところがに良かったです。 これからもギバラの配信、動画楽しみにしてます。 最後に           カーラ編で沈んだ気持ちを癒やすために初配信振り返り動画見てきますw	8	マルコメ	0
0117	江良ちゃん優しすぎてもう清楚やん好き	1	Pacifist	0
0118	切り抜きの影響でいつも発狂してる感じの印象が強かったんだけど、この配信でちゃんと見てみたら、めちゃくちゃ慎重で優しすぎるくらいに優しい子なのかも知れないなって印象が変わりました。 今まではよく知らないで「ギバラ」って呼んでたけど、これからは親しみを込めて「江良ちゃん」って呼ばせてもらうね 。 素敵なストーリーをありがとう！ おつえらでした！	4	おぱちょ	0
0119	ほんと最後久しぶりに泣いた…えぇまじかぁ〜…	2	ふーんで?	0
0120	新年早々本当に良い物を見せてくれた、本当にありがとう、お疲れ様でした。	3	一人ちくわ祭り	0
0121	強く優しく素直戦闘天使:御伽原江良	8	罗宁	0
0122	今まで見たデトロイトの中で1番見てて自分の意見と合ってて面白かったし、1番平和だった。だしギバラ優しいんやなって思った。	1	迷子の天使	0
0123	いつもは奇行ばっかり目につくけど、江良ちゃんの本質はこの優しい心なんだなって思った	1	サキ中	0
0124	毎日ありがとう 初めて最初から最後までこのゲームみたけど本当に良いゲームだな……	2	まっちょ	0
0125	いきがい	6	なさ	0
0126	マジで良かった	4	アオミドロ	0
0127	本当に良い配信でした。 感動した！ありがとう！	3	らむｗｗ	0
0128	ハンコナてぇてぇ…	3	青い人	0
0129	ギバラもいて江良ちゃんもいて御伽原江良なんやなって… やっぱ応援したくなる優しい人だなあ	3	あるぱか	0
0130	江良ちゃんの考え方とか好きだけど一蹴をひとけりって覚えてるとこも好き	2	Jレモン味	0
0131	江良ちゃんの魅力が詰まった配信でした☺️ こういうところが好きなんよな…🙏 （またゲーム実況してくれて嬉しい！） ありがとう🙏🙏🙏	6	りばー	0
0132	こうやって自分が正しいと思った選択を見られるのが本人にとっても視聴者にとっても1番だよ。ギバラはいつも発狂してたり変なことを言ってたりするけどこういうところを見ると正直で心が綺麗で好き。	18	hugh雨夜	1
0133	1:12:47青い髪のステーシだ！	1	IamMe	0
0134	おつえら！ここまで続けて来てくれてほんとに嬉しかった！毎日の生き甲斐やった！ありがとう！！ 個人的に出だしの受付Androidのとこ好き	4	輪廻	0
0135	おつえら～！ 最後のカーラとアリスのシーン……。久しぶりにもらい泣きしちゃった😥 デトロイトは本当に深く考えさせられる、良いゲームだった…！！	6	重音色kasaneiro	0
0136	クリアおめでとう！感動して涙出た デトロイトすごくいいゲームだった、ギバラすごく優しかった	11	yuuto	0
0137	幸せになって欲しい	3	海外の喰種	0
0138	こんなん泣いちゃうわ...	2	もふもふ	0
0139	ギバラガチ恋勢増えちゃう	4	豆ぴーなっつ豆	1
0140	いや…凄い面白かった😭 江良ちゃんの優しくて率直な意見が良さを引き立たせてるわ	0	みゃみゃこはむむ	0
0141	なんだろう、散々江良ちゃんとかギバラとか言われてきてたけど、 この配信だけはどちらでもないたった一人の「御伽原江良」だった デトロイトは良くも悪くも人の中身が見えてしまって、中には残酷だと叩かれる実況者もいて、それでもこの優しさに溢れる選択をしてくれたことに感謝しかない 魅力が詰まってる 終盤メンバーが増えたのも納得だよ	2	尾木右	0
0142	Detroit配信最終回 ギバラの喜怒哀楽全てが詰まった配信 最後まで平和と愛を貫くギバラ… 途中困難な場面に何度ぶつかってもあくまで一貫して結末に持っていく姿は応援せざるを得ない。 まさに、魂の震える配信だった… ギバラの配信や動画の中で1番好きな配信になった。  普段は全くそんな気ほとんど起こらんけど、途中泣いているギバラを愛おしく感じて仕方なかった… 連日の配信お疲れ様、最高だった。	17	しょーた	0
0143	でとろ！アケロイド市警だ！！	1	駄楽/daraku	0
0144	コナーとマーカスかっこよすぎやろ	1	Freeze	0
0145	今更になってしまったけど全編見終わりました！ ずっと気になってたデトロイト、初めて見たのが江良ちゃんで本当に良かった。今までよりもっと江良ちゃんの事が大好きになった！！！ 江良ちゃんらしさが沢山詰まったプレイだったと思います、ありがとう	1	*よえ	0
0146	Ibの時みたいにギバラの実況で全エンド回収して欲しい。	0	Arisa	0
0147	デトロイト実況お疲れ様！！今まで見てきた中で1番見入ってしまったデトロイト実況だったな... そして､この配信を通して本当に江良ちゃんは優しい子なんだなっていうのが知れてとても良かった！！ リアタイで見たかったなぁぁぁぁぁ😢	2	ゅ-	0
0148	江良ママ...	1	Lolan	0
0149	このゲームでトッドに同情して泣ける人どんだけ優しい	4	sora ninn	1
0150	Thank you for the stream Gibara! Your choices in this game were really interesting! I dont see a pure pacifist route in this game (minus killing todd).	1	Elfire II	0
0151	Really enjoyed you playing Detroit Become Human. Fun fact: I'm from Detroit	4	Kevin Schoenherr	0
0152	色々驚かせる場面で普段見られない人間らしさが見えて嬉しかった 皆が知らないような人間性が見えて安心した（後方大人面）	0	黒い腹	0
0153	2:37:44 ここすき	1	五十嵐モンスーン	0
0154	プレイヤーがコナー、マーカス、カーラの内面を決める。彼らの優しさはプレイヤーのもの。 ギバラは素晴らしいra9だった。	14	boldwin 777	1
0155	メン限で他ルート攻略の配信やったらダイジェスト動画のご慈悲おねがいします	2	神無月	1
0156	なでなで	1	卵戦士	0
0157	こんな感じでもっと配信増やして欲しいな...でもお疲れ様、このゲームの衝撃で体調崩した人もいるのでゆっくり休んでくれ！！	6	めいめい	0
0158	アンドロイドが心の壁を打ち破り、変異体として目覚めるシーンは、人間の深層心理にも実在する心理描写だったりもします。 人は変わろうと努力すると、変わらないでいようとする心理も同時に働く。  変わりたいけど変われない。 何故変われないのかと言う、変わる為に障害となっている原因を障壁として描写し、 1つ1つ破壊して行く事で自我を変えて変異する。 心のホメオタシスを見事に表現しています。  綺麗な描写と表現、重厚なシナリオ。 物語は時に辛く、時に悲しい決断を迫る場面があるけれど、 選択の1つ1つが優しさに満ち溢れている、良いプレイングでした。  時折聞こえてくるキタナ・・・心底困った声も、とても魅力的でしたねｗ 完走、お疲れ様でしたｗ	4	あある	0
0159	トッドが生きてたらバスのとこで再会するよ　改心してるから割とマシな感じでちょっと話すよ	0	ユル	0
0160	最近乾燥気味だった目が潤いました！ありがとうございます	4	あはは	0
0161	めっちゃよかった。江良ちゃんすき。	4	保登心愛	0
0162	選択が基本的に「道義に反することはしない」「暴力に訴えない」「人を助ける」で ずっとキャラに感情移入してて ギバラの良いところが出てる配信でしたね。 これたぶん、ギバラと一緒に話を追いかけたおかげで一人でプレイするよりも感動が深かった気がする。 ほんとお疲れ様でした！	2	るりえ	0
0163	このゲームやってる時の江良ちゃんは好きだな。	4	クセの極み乙女	0
0164	このゲームの怖いところが人間なら死んでもいいって考えになるところ。 アンドロイド主観だから余計アンドロイド側の考えに寄ってしまう。 一見アンドロイドが正義に見えても、人間と大差なかったりする	2	なつみかん0p0	1
0165	20:15 江良ーが起きた瞬間	3	ガンギマリン	0
0166	ツイートで人間嫌いになりそうながらも、最低限の犠牲でエンドを向かえる…優しいなー	2	ギバギバラ	0
0167	初見でチケット盗む選択取ったらやべえよ　やれないことではないけどあまりにやりにくい	3	松岡 まさみ	0
0168	カーラ編は残念だったけど、人それぞれエンディングが変わるのもこのゲームの良さやね。お疲れ様でした。12時間全部見させていただきました。  カーラ編ハッピーエンドは、個人的に一番グッとくるエンディングですので、時間があればプレイしてみてください。	8	rara natadecoco	0
0169	アンテの配信で言ってたけど攻撃してくるものだけは倒す精神はまじで賢いと思う       これは江良ちゃんだわ()	2	うっきー	0
0170	一番泣きそうになったシーン 1:36:40      嘘ですほんとは 2:10:30 江良ちゃんの好奇心のおかげで救われてるんだよなあ…… 本当に純粋で、いい意味でゲームに没頭してて、ゲームの魅力と江良ちゃんの魅力を両方楽しめました  たぐいまれなる感受性を持ってる江良ちゃん、これからも応援します！ アマンダ裏切らないルートは自分で買ってプレイして確認します！ 素晴らしいゲームをありがとう！！	2	ひなぎくhinaggik	0
0171	けいくん発狂動画しか見たことなかったけど編集無しの生放送も面白いね	0	桐生ちゃあああん?	0
0172	1:44:17 ここプレデター	4	てぃ	0
0173	Funnyy Live Streamed!	1	Dynamo、ダイナモ	0
0174	56してなければバスのとこで改心したトッドに会えるよね。たしかチケット貰えたんだっけ	1	閲覧用めふぃすと	0
0175	22:53 57:24	0	みゃみゃこはむむ	0
0176	最後までふざけないでプレイしてて見てて楽しかった。 違う方のデトロイトも見たいのでにじさんじ内でまともにデトロイトをプレイしてる方を教えてください🙏	9	れい	9
0177	rA9はなんだったんや	1	くろあ	2
0178	粉カスてぇてぇ	1	閲覧用めふぃすと	2
0179	めちゃくちゃ優しいしキチンと物語に入っていて、いい意味でイメージと違くてビックリしたと同時に完全にファンになりました😀  今からゴミカス動画見てきます。	7	ぱんさーくん	0
0180	2:37:43 (未視聴の方は一通りここまでご覧になってからの視聴を強く勧めます)      このcパート本当にグッと来ますね……てぇてぇ………	9	コンティロマネ/イルミナたんふぁんくら部部長	0
0181	1:47:48	1	ゲッティ	0
0182	I'm amazed at how much she streams right now, she had more streams these two weeks than 6 months ago, and I'm glad she's streaming again.   I just found her, did something happen? Content burnout?	3	Justineアザヤカ	0
0183	何回みてもアリスにイラついてしまうw	1	みみみしんた	0
0184	ごみかすーしｓねええええ	1	マクスウェル方程式	0
0185	チケット返済するはなんの意味もない行為です、実際そも時点でアンドロイドは人間を殺すつもりはない、人間はバスを乗て逃げる必要ないです	1	Keigyo Lee	3
