0001	ルイージが帰れなかったのは「天文台の存在を知らない」のと、「星を渡る力を持ったチコが一緒にいないから」です	13	ステラ・ベリー V-CandyHouse	0
0002	1:33:12 おーばけおーばけごごっごー♪	23	はらまき	0
0003	土管からドッカーン！w 53:33 ついに消え入るロゼッタボイス 46:58	23	ゅぅゃょゎぃ	0
0004	1:28:49  視聴者に向かって投げてるの草	5	-ゆうつき	0
0005	7:59 チラッと見えてたね	8	つまち	0
0006	58:08 「何でその土管素通りすんの！どーかんがえても引き込まれそう！」	11	Senshu Izumi	0
0007	1回やられた後、理解して2回目クリアできるの見てて楽しい。プレイに共感出来る感じがする。さすが江良ちゃん！	10	kty	0
0008	1:24:19 ジュニア戦	1	ぺぺ	0
0009	45:27 メロメロテレサ 49:46 テレサのセリフ読み 1:30:06　クリアしてスターが出てる間マリオが尻押さえて飛び上がってる状態で止まってるの草	14	コンティロマネ/イルミナたんふぁんくら部部長	0
0010	懐かしい！！	1	柘榴ちゃ	0
0011	食べたいなの言い方ほんま好き	0	アイリア	0
0012	今日も楽しかったです‼️ゆっくり寝て昼夜のバランスを取り戻しましょう☺️	5	ひでまる	0
0013	ラミエルの声出せると聞いて来ました。	4	electron sorceress	0
0014	29:35	4	risore	0
0015	29:33	5	はらまき	0
0016	リピーターを大事に	0	海外の喰種	0
