0001	解像度が高すぎて終始笑ったｗ 6:23～ アルフィーくん劇場開始 14:54 ネタバレ厨 17:00 興奮のあまり、動揺 39:56 指示厨  10:21 40:48 OHHHH YESSS！ 36:16 ねぇどんな気持ち？ねぇ？	25	そこらの民衆	0
0002	パピルスを勘違いオタク扱いしてたけど、江良ちゃんも大概で草	29	カラフルうどん	0
0003	ギバラの方が勘違いオタクなんよ()	3	トワイライト/黄昏	0
0004	メタトンが登場する度に興奮することになろうとは	14	kty	0
0005	デトロイト→アンテと、江良ちゃんの実況がある生活に慣れすぎて、江良ちゃん無しには生きられない身体にされた	20	s h	1
0005-001	同じで草	1	ただの一般人
0006	御伽原さん初めて見たけど、可愛らしくて驚きました	9	淡白質	0
0007	かざ(ん)ちゃんまとめ 24:06 出会い 25:32 ぷちふるてぇてぇ 50:52 雑かざ おまけ 9:06〜 オタクの解像度が高いアルフィーのセリフ読み上げ 28:04 ツンデレ江良ちゃん 40:48　センシティブ	25	コンティロマネ/イルミナたんふぁんくら部部長	0
0008	メタトン(cv:御伽原江良)が好きすぎる	6	真中瀬凛	0
0009	40:49 ループ用	14	立風tachikaze	0
0010	江良ちゃんセリフ読むの上手いねぇ！ オタクくん    6:15 ………                10:22    40:48 ギャルゲー    27:51	8	ゅぅゃょゎぃ	0
0011	色んな声が出せるんですね😅 楽しかったです⤴️ありがとう😃	2	ひでまる	0
0012	10:16 俺も壁ぶっ壊してド派手に登場したい	0	暁の蛇拳士ショオツィオ	0
0013	NPCにオタク認定されて否定→自らオタク口調を使う流れから天然のギャグセンスを感じた	3	dotism	0
0014	おつえら〜 アルフィー＆メタトンのコンビ、ツッコミどころ満載で面白かったw	1	重音色kasaneiro	0
0015	メタトンのアフレコボイスめっちゃ好きなんだが…	0	梅の香り	0
0016	ワンピースの下り、全く意味わからんくて笑ってたらまさかの勘違い	1	時雨	0
0017	ホットランドのBGMいい	3	えびふらい	0
0018	この時間帯の配信を観るのが日常になってしまった	0	いのる	0
0019	キャラのセリフ読みがすこ	0	Bot 1	0
0020	47:29よーーーくみてみると？	10	ぬるぽ	4
0020-001	@Anyan 本当だ！ありがとうございました！	0	煉獄さんガチ恋勢
0020-002	@煉獄さんガチ恋勢 画面左端をどうぞ	0	Anyan
0020-003	全然わからん・・・ 何があるんですか？	0	煉獄さんガチ恋勢
0020-004	Flowey?	0	sky high
0021	ギバラってなんでこんなそれっぽいオタクの真似上手いの？	0	わたし	0
0022	40:58さつじんロボのキラキラキッチン	6	絶対に結婚するライナー【登録者数1000人で結婚】	0
0023	23:00くらいのorzで「orz」の意味知った ずっとおろぞって読んでた	1	Vオタク	0
0024	posibilidades de encontrar un comentario en español son 0,00,000000000001% 😥	0	[contenido eliminado] :T	0
0025	アルフィーのアテレコが気色悪すぎて無理だった	1	まっさん	0
