0001	12:30　ビックカメラのリズム感で好き	1090	うちこお嬢様	27
0001-001	remix素材追加と聞いて	2	Ura Ken
0001-002	Twitterから参上	3	かわいい子
0001-003	聖地巡礼	2	なつみかん0p0
0001-004	twitterから来たわ	3	麻生太郎
0001-005	Twitterから来た( ´ ▽ ` )ﾉ まんまで笑ったww	3	かえまる。
0001-006	まんまで草	2	ぷぷ
0001-007	予想以上にビックカメラw	2	ピーマン
0001-008	Twitterから見に来た ガチじゃん	3	よねみら
0001-009	みにきた	2	山野悠一
0001-010	@_ただの暇人_ ﾍｲｼﾞｨ!ｿﾚﾊｶﾝﾆﾝﾔﾜ!	1	うちこお嬢様
0001-011	2:42 ここも1.5倍速くらいのビックカメラ	4	ままんじゅう
0001-012	このコメントは上にあげるべき	2	KOH
0001-013	想像以上にビックカメラだった	3	なぁちゃん
0001-014	@うちこお嬢様  えへぇ♡ワイと同じやね/// ほな、結婚しよか。手ぇ離したら殺すで	6	_ただの暇人_
0001-015	見にきました	3	マシュマロ
0001-016	@_ただの暇人_ Twitter見てもらうと分かるんですがニートなんですわﾆﾁｬｱ	2	うちこお嬢様
0001-017	みにきた	3	かきのたね
0001-018	ビックビックビックビックカメラ🎶  いっくいっくいっく食べたいな🎶	7	ayumi
0001-019	行〜っく行っく行っく食べたいな♪(小並感)	5	ふれいむ
0001-020	同じく聖地巡礼	5	はまりん
0001-021	Twitterから	8	おーえいちいーえぬ
0001-022	これは草	4	: ACE
0001-023	伸びそうだからコメ残しとこ	3	エルビウス
0001-024	見に来た	5	zawa
0001-025	これか… 天才かぁ？	4	つー
0001-026	古参アピしとく	8	しじみちゃん
0001-027	お前のバイト先ビックカメラだろ特定したわ	42	_ただの暇人_
0002	※パソストとは「パーソナルストーリー」の略で、カードを手に入れると読めるストーリーのことです ※パンストではないです	596	ぱる	2
0002-001	サムネでパンストに見えた私は末期	0	レモんんちょ
0002-002	ケイトがパンスト履いてんのかと思った	49	劉東成
0003	ギバラ、自分の名前設定ギバラじゃなくて監督生のデフォルトネームのユウでやってるのなんか好き	782	まこゴリ	4
0003-001	なるほど御伽原ギバラか…	9	たかみかん
0003-002	動画用	20	サク
0003-003	本名ユウ説	54	あめ
0003-004	江良じゃなくてギバラなの草	105	一般通過ぽてと
0004	ｩｴ"ｯ　ツイステの世界でも箸使うんだ フォークでラーメンとか食べるんだと思ってた あ"あ"あ"あ"あ"あ"あ"あ"あ"あ"	392	ぁあらあら	1
0004-001	まあ好きな食べ物に駄菓子とかあるからね、、、	13	田中。
0005	パソストという言葉を知らず、パンストの隠語だと思い、ギバラが推しのパンスト姿を愛でてるんだと思ってしまったことを反省致します。	627	セシリー店長	3
0005-001	大丈夫や俺もサムネ5回くらい見てパンストやと気付いたから	8	ザクセン
0005-002	@カネキケン  🚨🚓	14	SCP-096シャイガイ
0005-003	ギバラの使用済みパンストを想像してしまった 💡	12	カネキケン
0006	すっごい気持ち悪いこと言ってい？……キスg((何〜？？ のとこ好き	213	うらみちお兄さん	2
0006-001	@リンカンリンカン  たすかる〜	2	ロキソニン
0006-002	13:37だね	10	リンカンリンカン
0007	グルーヴィーしたんだけど、本当に死んだ、ケイトくんオタクじゃないけど本当にギバラさん並みに変な声出したし好きになった	247	だる子	3
0007-001	@キメラA 引きました！推しはヴィ様ですが期間限定キャラは引くようにしていて、引いたSSRはグルーヴィーするようにしてます〜	0	だる子
0007-002	@キメラA 無自覚って怖いな……(真顔)	3	ふわ
0007-003	グルヴィしたってことは引いてる…？ ということは君、既に沼に片足ハマってるのでは？？？？	5	キメラA
0008	軽音部はギバラの６万円部だった…？	164	やきたこ	0
0009	パンストと勘違いしたわ	207	なえり	9
0009-001	@ですよ毛利 自分もそっちの方思ったw	0	まみむめも子
0009-002	パンティアンドストッキング	1	ですよ毛利
0009-003	@マグロのお兄様 ( ˙꒳˙  )ﾁｮﾄﾅﾆｲｯﾃﾙｶﾜｶ(((	1	しましま
0009-004	@ゆっくり莉奈 持ち主に愛用されてたパンツが持ち主の最期まで一緒暮らす感動的なほのぼの系ストーリーだよ	5	マグロのお兄様
0009-005	@翼。 パンツのストーリー？	4	ゆっくり莉奈
0009-006	( ˙꒳˙  )ﾁｮﾄﾅﾆｲｯﾃﾙｶﾜｶﾝﾅｲ	5	しましま
0009-007	@ゆっくり莉奈 ちょっとわかんない	7	翼。
0009-008	@翼。 なにそれ	8	ゆっくり莉奈
0009-009	パンツストーリー？	17	翼。
0010	甘いもの食べられないから最初から頼まない、なんていい子すぎんか？？？ 全マジカメモンスターよ見習え。	64	夜雨	0
0011	本日のパワーワード  私    が    け   ー   く    ん (まぁシンデレラやもんな)	136	スヌーピー癒し	0
0012	正直youtuberとかよく分からないし、vチューバーもよく分からないんだけど、御伽原さんが推しに興奮したり好きを語るのを見るとなんか回復する。  自然とガチャ動画見てる自分がいる。  好きな物を好きーって言えるのって、いいよね。	190	森野モリゾー	0
0013	けーくんのバースデーの告知が来た時にさ、にじさんじヲタの兄に「ギバラ生きてるかな」っつってスクショを送ったんよ 秒で死んだギバラのツイートが送られてきたよね、、、	227	たいまい	0
0014	13:16 ここすき	142	ノッル.	0
0015	カフェ巡りの後けーくんとラーメン食べて帰ってこいよ………	105	あゝ無常!	0
0016	予言：開始１秒から発狂	158	Y, A	0
0017	けーくん愛が強すぎて監督生の返事すら否定して「いいじゃぁぁん！！！」って言っちゃうとこ大好きです()	50	パクチーサンド	0
0018	私も姉ちゃん達にもっとひどい扱い受けてるのかと思ってたから、今回のパソスト見て安心した	43	山桜ヒナ	0
0019	11:44  綺麗な2コマ落ち	25	真島吾朗	0
0020	バースデーのグルーヴィー、高確率で好物食べてるイラスト出るってことはさ、カリムくんのバースデーはココナッツジュース飲んでる可能性高いってことか……？？？ 想像したら可愛すぎて死んだが。	72	一般通過ぽてと	5
0020-001	イデアは切り分けたケーキをオルトに渡してる？見せてる？感じでした……！参考までに！	0	【】羽中結衣【】
0020-002	@どこにでもいる伊藤誠 スミレだったのかあれ！！ 紫の星がいっぱい散らばってんなーと思ってましたw	3	ところで私のコンタクト知らん?
0020-003	@ところで私のコンタクト知らん? トレイのケーキにスミレの砂糖漬けみたいなのついてませんでしたっけ？	5	どこにでもいる伊藤誠
0020-004	アズールオタワイ アズール先輩が唐揚げ頬張ってる姿を想像 無事死亡	25	みゆうい
0020-005	参考までに ･ジャミル→宴、山盛りのフルーツ ･エース→チェリーパイ ･ジャック→サボテン ･トレイ→でかいケーキ ･リーチ兄弟→イチゴのってるケーキ ･ルーク→レバーパテ ･イデア→オルトと1切れの青いケーキ ･リリア→トマトジュース ･ツノ太郎→皆が盛り上がってる中、ベランダでぼっちだった ･ケイト→辛いラーメン	28	ところで私のコンタクト知らん?
0021	（ちゃちゃまるの）ラム肉のディアボロネーズかけ	69	カール	0
0022	13:20 自分用              動揺しすぎてぶつかるギバラ	33	カフェP	1
0022-001	助かる	0	ブロウ
0023	限界オタクは健康にいいぞい	52	醜女ちゃんネル	0
0024	案の定イカレてて安心しました。	52	。なぐろぢゃ	0
0025	けーくんとおそろのスマホケース発売されてよかったね〜(｡╹ω╹｡)	51	田友	0
0026	開幕からケイトさんより低い声出てて草	35	ぬぬべぢょん	0
0027	13:17のヴｱﾞｱﾞｱﾞｱﾞｱﾞナンダァァァ⤴︎ がめっちゃ好きww	15	通りすがりのおにぎり	0
0028	3:50 あなたがそのブランドになればいっぱい愛してもらえるのよ	28	宇賀神とりもち	0
0029	12:00  江良ちゃんの話聞こえてなくて、気まづくなってんの好きw	9	たかみかん	0
0030	🔥YouTube🔥	3	あああいいい	0
0031	3:20 ここやっば笑(予言)	63	マグロのお兄様	1
0031-001	気になってるだけであった	1	SATAN KURISU
0032	ラム肉のグリル・ディアボロソースかけは知らんけど、似たようなヤツなら某ファミレスにあるよ 食ったことないから、どんな味かは知らんけど	33	青禾	0
0033	ごめんなさい、サムネのパソストがパンストにしか見えなくて気になってきちゃいました😭	2	輝晶	0
0034	11:55 ？？？	6	ゅぅゃょゎぃ	0
0035	声も言葉のセンスもリア友に似てるんだよな笑	4	Bell	0
0036	おめかしけーくんのパソストは夢女夢男製造機。	12	とーる	0
0037	やばい！！！！！ケイト先輩欲しい〜って思ってガチャ引いたら！！！！     実験着イデア完凸した！！！！ギバラマジック！！！！！！！	3	ポポ井ポポ味	0
0038	脱いでるは草	7	はゆ	0
0039	けーくんのパンスト姿が見れるのかと思って爆速で飛んできた私を誰か殴って	6	Tomo source	0
0040	ラーメン1杯食べられないギバラかわいいな？？？	5	俺氏	0
0041	ギバララーメンいっぱい食べれんてめっちゃ少食じゃん	10	くまごろう	0
0042	パンストだと思って…けーくんがパンスト履くのかと勘違いしてしまた	10	めくりん	0
0043	2本助かるお疲れ	11	とカた	0
0044	ギバラさんの動画見て自分の推しのバースデーパソストで生きていられるか心配になりましたありがとうございます	3	go Rin	0
0045	ギバラがパンスト被るって本当ですか！？	28	絶対に結婚するライナー【登録者数1000人で結婚】	0
0046	グルヴィけーくんの唇えっちですよね・・・ 叫んだ	9	無機質_mkst_	0
0047	私も甘いもの嫌いなんだよね〜って言った1分後に 手のひらくるっくるして草	3	アシガル	0
0048	チバニャンが素材に使いそうなところばかりで草	5	そりわ	0
0049	誕生日とかどうでもいい、甘いもの多すぎてダルい、、って言って欲しかった	9	立ち食いそばおすわり	0
0050	歌詞です暇な人向け  パーソナルストーリー！自体新しい、 パーソナルストーリーそのけーくん主体の って言うのを凄いひさびさに見るから すっごい緊張する！！ すっごい緊張する！ お誕生日おめでとうございます おめでとうございます… ｳﾞｳﾞｳﾞｪｴ"ｩ"ｪ"ｴ"ﾊｱｯﾊｧｯ!ｳﾞｴ"ｯ" こちらこそ、 バースデー衣装お似合いですね お、お似合いですねｹﾍｯ､ｸﾞﾌｯ ﾋｲｩ!!ｼｭｷ!ｹｰｸﾝｼｭｺｲ!ｼﾛｲﾌｸﾆｱｳﾖﾈ! ｲﾔﾃﾞﾓｸﾛｲﾌｸﾓﾆｱｳﾃﾞﾘｮﾘｮﾃﾞｼｮﾃﾞｼｮ! なに！？ｸｩｯ…ｶﾜｲｲｨ!ｶ"ﾜ"ｨ"ｲ"ｶﾜ"ｲ"! いいよぉ！毎日着て！かわいい！かっこいい！ スキィ…それはやめた方が… なんで！！い"い"じゃん！きてればいいじゃん！ 凄い冗談通じないやつみたいな奴になっちゃった じゃん！誕生日で忘れ慣れないエピソードは ありますか？ なんか、え？急になんとも言えない感じ、 あっ、お姉、お姉ちゃん達、 気になる！姉ちゃんズ！ そうよね、そうだよね！ うっ、いいじゃん！なんかむつまじいというか うぅ…ﾁｭｸﾁｭｯｸｶｯｸｱﾊｯｱﾊｯ! かわいい！ちょ待って幼い頃のけーくん 想像しただけでかわいいまって！ うぇ…かわいい！かわいいものばっか ばっかの言い方ばっかの言い方！！ けーくんなにが好きなの？なにが… なにが好きなのぉ？ いやー待って！今の！今の！今の笑い方は ずるい！鼻で鼻でフフンみたいな！ みないなの！フフンｳ"ﾜ"ｳｴｴｳｴﾌﾞｴ"ﾌﾞｴ" んね？いいじゃん仲良し兄妹じゃん！ 今日は主役ですね　主役ですね… そうだよ！毎日、毎日私にとっては主役 みたいなもんだけどね！めっちゃ噛んじゃった どんな1日にするんですか？ ちょちょちょ気になる気になる気になる！ お持ちのスマホケースについて、 何か思い出があれば聞かせてください！ それ売って！私もそのスマホケース欲しい！ かわいいね…欲しい私ものそのブランド品 すっごい、すっごいなそんんなにガチのブレンド なんだそれ待って今の今の抽選販売になりますの 言い方！ちょっと店員さん風に ﾖｿﾌﾞｴ"ﾁｭｷﾁｭｷﾁｭｷﾁｭ!それ、それ、いいのぉ？ それいいのかぁ？え？ え？かわいいガッカリしちゃったのぉ… で、どうしたの？かわいいねぇ！ うえっ！？ちょまってﾁｭｸｩｩｩﾙﾙ 待って、今のリリアちゃんのさぁ！ 真似？真似っこなのぉ？なぁにぃ？かわいいねぇ なんですか？つか、リリアちゃんは どこからそれ入手してきたの？ ジャンク品だったりしない？ ﾋﾍﾍﾍﾍﾍリリア様らしいちゃっらしいね！ かわいい…おぉ…どっから、そうだよねどっから 入手してきたかってとこだよね いや、わかんないリリア、 ならワンチャン、こぉなんか知り合いのつて、 みたいな感じの可能性は高いけどね お二人は同じ部活なんですよね？ 軽音部？軽音部の話しちゃうの？ﾋﾟｭﾘｭﾘｭ えぇｲｲﾈｪｶﾜｲｲﾈｪｶﾜｲｲﾈｪﾁｭｷ… いいなぁいいなぁそれそれ オフショットでください！ 動画あげてくださいYoutubeとかにい！ あげてヨォ！いやでも楽器弾いてる けーくんはかっこいいじゃん絶対！ 歌うじゃん！しかも絶対！えぇしゅき… ふーん…けーくんはまぁ真っ当な感じは するけどねなんとなく 残り二人の問題だよね。 ｴｴ!ﾏｯﾃｳﾞｪﾄﾞｩｴﾙ"ｴ"ﾙｴｳﾞｴｳﾞｹｰｸﾝｴｳﾞｴｳﾞ 待ってけーくんが歌うラブソングですか！？ ポップで、カッコいいラブソング！？ 聞きたい！聞きたい！聞かせてヨォ！ 聞かせてよぉ！ポップでカッコいいラブソング 誰だ！！誰だポップでカッコいいラブソング 阻んだの！リリアか！？ うぅあぁ…そう、カリムはぁカリムきゅん ﾌﾌｯﾌﾂ…リリアは論外なんだよないつも ぬぅあ…ソロで！ソロで歌って欲しいですね！ ソロで歌ったやつ聞かせてくれないかなぁ？ お願いCD買うよ！無限に詰むから… お願いします…うえぇ…部活いいねぇ 軽音部は、いいねえ！こう、３人仲良し かわいいねぇ！どういう流れになるわけだ？ 他は？好きな料理はなんですか？ えっ！辛いラーメンでしょ？ なんだって！？！？なんだって！？！？ 急に難しい、まって、辛いラーメンじゃないの？ ラム肉のグリルディア↑ボロソー↑ス↓かけ どうした？なに私、待って、 ラム肉のグリルディアボロソースかけは 流石に用意できないぞ、 流石に誕生日とはいえ用意できんぞ ぁあそういうことね！なるほど カモフラージュってわけか！ そういえば最近みたいな感じじゃ無いもんね！ 実はずっと好きなんでしょ！！！！！！ いいねぇ！たしかにオタク君がよく Twitterにオタク君のメディア欄 見るとラーメンの写真しかないみたいな こと結構あるもんね！ そういう話じゃないのかね？ うえぇ…えええ！ラーメン私も通おうかなぁ 一杯食べれないんだよなぁ… 嫌いな料理はなんですか？ 甘いもの？ｩ"ｯ!ごめんね、ごめんね 答えにくい質問して、 ちょーっとちょーっとか、かわいいなぁ！ ちょっーとか！そうだね、 ﾋﾋｨｯ…バレてたねぇ！私も甘い物苦手だから 気持ちはわかるよ、胸焼けするんだよね、 わかる。ねぇ！何待って！ﾅﾆｲﾏﾉﾅﾆｲﾏﾉﾅﾆｲﾏﾉﾅﾆｲﾏﾉ なにか甘い物が嫌いにハアッ！ 理由とかあんの？えっ？単受に胸焼け とかじゃなくて？ちなみに私は単純になんか 段々食べてて辛くなって無理になったよ！ めっちゃ、昔！ほぉ…ほぉ… ぁあ…食べ過ぎて逆にってやつかぁ… へぇ…私は本当に気付いたら駄目になってたけど なぁ…いい姉ちゃんじゃん！ いい姉ちゃんだななんか軽悪な感じの中かと 思ってたけど普通に仲良さそうで安心した え？え？超お姉ちゃん思いじゃん なに！？けーくん…姉ちゃんズが なんか凄い苦手ですっげえこき使われてる みたいなイメージだと思ってたんだけどﾅﾅﾅﾅ 凄い仲良いじゃん！ うわぁ…昔から我慢強い子だったんだね けーくん…うわめっちゃわかる、わかる いや。かわいい写真撮りたくてぇ それよくスイーツ行くけどぉ 甘い物食べ、食べれないから 結局なんか凄い気持ち悪い思いして、 もう行かないって思うんだよねわか？ わかる！今私も言った！おんなじこと言った！ これはもう通じ合ってるなぁ…もうもうも 私とけーくんもう一緒、お揃いなんなら 私がけーくんまである 何！？ごめん、あのぉ今、今 言ったことは聞こえてないってことだよね！ いこぉ、そうしよう！そうしよう！ 私、甘い物大好き！甘い物マジで好き いやーもう全然甘いもの好きだから そんなんでよければ私全然食べますよ！ 甘い物いいんですかむしろ！ いやイクゥ！イックイクイク！ 食べたいなぁ！うわぁお腹すいたな モグモグモグあー甘いものが食べたいな モグモグモグモグモグｳｴｯｳ"ｴ"ｯｶｯｹｪｶｯｺｲｲ!ｶｯｺｲｲｳ"ｪ"ﾃﾞｰﾄｼﾞｬﾝﾃﾞｰﾄｼﾞｬｧﾝｱﾏｲﾓﾉｺｸﾌｸｼﾃｸﾙﾈｪ! 頑張って、頑張ってその日までに 甘いもの克服する！ 楽しみにしています。 改めてお誕生日おめでとうございます なんでぇ！なんで、なんでこの監督生、 監督生私じゃないからか 私と監督生違うから この監督生けーくんにデートに誘われてるのに 微塵も動揺していない！おかしい、 なんでぇ？うわぁ！なんだぁ！ 痛て…ううﾋﾋｨｯかわいい！何！ちょ待って！ 待ってこれ脱いでる！脱いでるじゃん！ 上着まってぇ↑ﾋｲｯｯｯｶﾜｲｲ!ｳﾜｯｧｧｧｧｧ!ちょ、 すっごい気持ち悪いこと言っていい？ キスが… 何？うえええ！ｳﾊｧｧｱ!ｳｵ"ｵ"ｳ"ｴ"ｴ" 今ぁ…何が起こったんだろ？ 私は今デートに誘われたのか？ 一緒にカフェ巡りしようよ もちろんけーくんの奢りで言われたっけ？ あってる？これ夢？ いや、夢じゃないよね、これ現実、 いや誘われましたね今カフェに デートに誘われましたね今私 うぇっ？いや、しかもこぉ〜 あれだね兄妹仲良いお姉ちゃん 姉ちゃんズの話も聞けて、仲良し軽音部 ほんわな軽音部の話も聞けて ぁぁ…幸せだよ…幸せだよ誕生日…  	69	ミルクティーのあれ	6
0050-001	編集済みついてないのすご …  （）	0	ゆっくり冴月麟
0050-002	お疲れ様です！	0	ゆっくり名も無き英雄チャンネル
0050-003	お疲れ様です。 歌詞ありがとうございます。 歌ってみますね	1	かたつむりちゅんすけ
0050-004	カラオケで歌おうと思ってたので助かります！ ありがとうございます！  あと1つだけ……兄妹じゃなくて姉弟だとおもいます！	2	東雲アリス
0050-005	この歌詞でチバニャン曲作ってくれないかな	1	A4版
0050-006	歌詞ありがとうございます 助かります	3	なつめさんち教徒
0051	終始ニャンちゅう	10	人参	0
0052	リリアちゃん急に出てきて私も無事死亡しました。	5	ゆーどー娯楽部屋	0
0053	このコメ欄のみんなパソスト(パーソナルストーリー)のことパンスト(パンティストッキング)と勘違いしてんの草	8	田中。	0
0054	今回のガチャ動画広告 KATE（化粧品）ばっかで面白い	3	-shu shu	0
0055	12:01の即答のごめん草 けーくん白も似合うけど黒のシャツがかっこよすぎてなんかもうすき…しかもグルーヴィー画像の髪の毛と肩になんか乗っちゃってるのと首飾り(？)が似合いすぎてるのみてほしい	4	すずあ	0
0056	パソストがパンストに見えた同志が思ったよりいて安心している	2	賞金首	0
0057	ギバラが幸せそうで何よりです	3	ろくでなす	0
0058	7:54～のくだり好きww  なんだってぇ？って好きなんだがw	1	しーまる.	0
0059	最高に気持ち悪くて好き	2	*うさにゃん*	0
0060	確かけーくんのスマホケース発売されたよねよかったねギバラ	2	とうはな	0
0061	ボイスの反応も見たいんじゃぁぁあ〜〜🙇‍♀️🙇‍♀️🙇‍♀️	2	m h	0
0062	けーくんパンストですねっ！！！通報します！！！🚓(ネタです。。。)	12	まりも話	0
0063	番外編も楽しみにしてますー！	6	すーぱーぬこ	0
0064	やっと、見れるー！！ 待ってた！！！！	5	えり?	0
0065	闇のけーくんも最高に見たいけど、姉に優しい天使の弟けーくんなんて、、需要しかない、、、、、ﾀﾋ、、、、	1	_な	0
0066	ケイト黒い服似合うんだけどなあ	5	まなしゆりつたう	0
0067	御伽原さん安定でにっこりです	4	佐鳥です	0
0068	イッツアディール	4	マルチネスザンデル	0
0069	そういえばケイトの話とかギバラの動画見て大体内容覚えたんだけど(←)ケイトの母と姉ちゃんズの話は出てきてるのにお父さんの話は一回も出てきてないね... たまたまかな...?	6	稲荷貉	1
0069-001	あとお母さんだけお母さんじゃなくて母親呼びなんですよね…謎( ˘ω˘ )	0	今ならマックナゲット15ピースが390円
0070	途中で手のひらドリルしてて笑った	1	おとうふ	0
0071	限界オタク助かる！需要しかない！ｗ	3	Itsuki	0
0072	もっともっとツイステあげて欲しいです～ ギバラさん見てると凄くテンション上がる✨😍✨	4	na ru	0
0073	反応がホントに面白いわww	0	ピースワーク	0
0074	キスが…(カット)が好き	2	Non	0
0075	笑いすぎて死ぬかと思った 限界オタクギバラ最高です	0	いろはにほへと	0
0076	GROOVY絵開放後の反応が面白すぎるww 私の推しも2月誕生日だから、ギバラさんの反応めっちゃわかるw 一挙手一投足に反応するあたり、オタク楽しんでる😎	0	かえまる。	0
0077	今日の動画も面白かったです！ 最っっっっ高でした！！！！！！ これかも応援してます！！頑張ってください！！！	1	例咲透邪	0
0078	8:11この料理ってたしかトレイ♧の料理でしたっけ？	1	H B	0
0079	イ　モ　ト	2	すうゆっくりチャンネル 活動休止中	0
0080	反応面白すぎておなか痛い	0	Haru Tanaka	0
0081	グルーヴィ絵に映ってるのはエースかな…？ ああいうことするのはトレイのイメージがあったけどそっか〜エースか〜🤭	1	やばば	0
0082	ｳﾜｧ"ｧ"ｧ"ｧ"なんだァァァ！？！？で笑った 推しのあんな姿見れたらそりゃそうなるよね… リドルくんまでまだ時間あるからゆっくり耐性つけていかないと…	2	ひー。	0
0083	甘い物の克服ふぁいとー(っ'ヮ'c)	1	ひき茶	0
0084	サムネがパンストにしか見えなかった	1	なの	0
0085	8:03 一番すこ	0	今ならマックナゲット15ピースが390円	0
0086	ケイトのグルーヴィーエースと並ぶくらい良かった………初見震えた つかケイトの作画いいの多くない？？イベントも2つ出てるしえらちゃん枢やなと繋がってる？？？	19	ほりのfg	0
0087	めっちゃサムネパンストすぎ	0	かの	0
0088	ギバラちゃんが嬉しそうにはしゃぐ姿を見てるだけで癒される	0	ロキソニン	0
0089	13:17 すき	3	ハル様(halu0173)	0
0090	思ったよりビックカメラで笑った	0	すぺ	0
0091	可愛い かっこいい 好き の3点セット	1	ちゃこ	0
0092	限界ギバラ大好き	0	、シウソム	0
0093	ギバラと基本推し同じだから叫びたいのわかる。私も叫んでた。	0	sota hazu	0
0094	グルーヴィー絵に変わった瞬間、音声だけドラゴンボール始まったかと思った…	0	藍よしなに	0
0095	この動画を見て推しは自分に似るを初めて納得できた	0	なかなな	0
0096	サムネのパンストに釣られた人多くて草	0	・ロザリア・	0
0097	12:33 食べたいなー(棒)	1	アムニス	0
0098	ツイステわかんないけどけーくんかわい・・・(なんだこの後ろの奴！？) ツイステわかんないけどけーk・・・(後ろの奴なんだ！？) の繰り返しだった	1	いといろ	0
0099	けーくんスマホケース出ましたね(((	0	mika	0
0100	某Z会Pってよく喋れてたんだな	3	するめまんじゅう	0
0101	ひたすらにオフショット欲しがるの草	1	Yumeka Aizawa	0
0102	めちゃくちゃ関係ないこと言います。      エースくんケイト先輩に水注いでるだと！？！？！？！？！？ トレイ先輩じゃなく！？！？！？ デュースくんでもなく！？！？！？！？ リドル寮長でもなく！？！？！？！？！？  あのエースが！！！！！？？？？？？？？	74	みゆうい	3
0103	サムネパンストに見えましたすみません。 ちなみに天井で出ました	1	りひとユウ	0
0104	けーくんがパンスト履いてんのかと思って勝手に興奮してた	0	人間失格	0
0105	パソストがパンストに見えましたことをここに報告致します	1	心綺楼れな	0
0106	パンストかと思った	1	朝霧	0
0107	サムネ見てパンストの話かと思ったわ(笑) 姉ちゃんズのパンストを被るけーくんを想像してもーた	0	ドアラさん	0
0108	ケイト先輩が可愛すぎてギバラちゃんが苦しそうな声出してる時、どうしてもドラ〇もんの声にしか聞こえなi(((( ギバラちゃんのツイステ動画大好きです🥺💕	0	暁。	0
0109	スマホカバー発売になりますね、おめでとうございます(^^)	0	みどり	0
0110	ギバラ、香水でけーくんの部屋背景ちゃんと交換したかな？	0	杏	0
0111	パンストかと思った	0	愛に飢えた愛紅-めく-	0
0112	よかった…     生きてた。	72	たぬき。	0
0113	13:32　2434の使徒、エバラミエル降臨！	0	Y M	0
0114	けーくん絡みでまだギリ言語喋ってるギバラちゃんの動画初めて見た気がする	0	みぎのやじるし	0
0115	コメント欄パソストをパンストと勘違いした人多くて草	0	既視感	0
0116	何日後かの自分見てるみたい	0	真島吾朗	0
0117	サラッとトレイ先輩らしき人が隣で水注いでてニコニコした☺️☺️☺️	0	花屋	0
0118	サムネパンストかと思た	0	おもち	0
0119	けーくん優しすぎ…ハーツラビュルの子たち自分を押し殺しがちで泣けてしまう…	0	光香	0
0120	スケボーあげたのカリム君って聞いてめちゃくちゃビックリしました😂さすが金持ちだなって思いました(ーー゛)	0	坂本和希	0
0121	甘いもののくだりでマジ爆笑した、ネタがよくわかってらっしゃるけーくん	7	Saaa	0
0122	パンストに見えた	0	なり	0
0123	終始荒ぶってて安心しました	0	ボカロ依存症のモブ	0
0124	パンストに見えてしまいました 。 すいません 。	0	えむ 。きろくようです 。	0
0125	ギバラの動画の広告必ずツイステで嬉しいんだけど	0	うみ	0
0126	荒ぶるオタクほど面白いものはあるだろうか、	0	りな	0
0127	最初から発狂してて好き	2	nozumi nozumi	0
0128	12:32 ここドラえもん	0	白湯万弓	0
0129	推しのパンストって読み間違えたけど、ギバラさんなら「あぁ～…」って違和感なく受け入れてしまった(笑)	0	ナッシュ・クロービス	0
0130	ディアボロソースってサイゼになかったっけ	0	M Miya	0
0131	けーくんがパンスト履いてる立ち絵を眺め舐め回す配信かと思いました申し訳ございませんでした	0	逆巻まい	0
0132	8:03 ディアボロソースならサイゼリヤで食べれるよ！ラム肉じゃなくてチキンだけど	0	庭師KING	0
0133	もぐもぐするな	1	つー	0
0134	けーくんと恋人になれないギバラ‥‥	0	りるこりるぶ	0
0135	8:03 草	20	しましま	0
0136	ん？パンスト？ギバラならケイ君のなら食べれそう、、、(錯乱中)	1	神城アキラ	0
0137	9:23 うちの田舎のじいちゃんこんな感じだったわ   ギバラさんが幸せそうで何より…けーくんHPBだ…	1	マヨネーズ	0
0138	わたしもさっきパソスト全部読みました😭総じてケイトダイヤモンド最強😭😭♦️	0	みいちゃん	0
0139	ちょっとちもい	0	葛西育美	0
0140	肉イベ動画出してください🙏	0	一条アヤネ	0
0141	パンスト?	0	まりーごーるど	0
0142	ごめんパンストかと思ってなにこいつって思ってしもた パーソナルねうん	0	、ゆーは	0
0143	フルボイス…フルボイスなんだよ………よ゛… けーくんSSRどれも開花後結構ｱﾒﾘｶﾝな顔しててすき… 軽音部イベ待ってるよｫ〜〜〜…	0	千羽.	0
0144	見る抗うつ剤	0	NOE	0
0145	もはや保護者ですき	0	Saaa	0
0146	すっごい気持ち悪い事言っていい？ キスg(((ﾌﾞﾂｯ…	0	こっちぃー	0
0147	パンストに見えた同志挙手	8	parrot party	0
0148	引けないので助かる	0	ほい	0
0149	ラム肉の料理ならサイゼのが安くていいと思う。	0	暁由	0
0150	ギバラ、パソストをパンストって読んでごめんね	0	ゆいな	0
0151	わぁぁぁぁなんだぁぁぁ…いてっ     ツボなんだけど	0	あると	0
0152	にじさんじ一雄叫びを聞かれた女	6	猫猫	1
0153	いい限界化だ	3	ねこ	0
0154		11	kana orwk	0
0155	一弟妹としては、ケイトの気持ちが痛いほどよくわかる 向こうも善意なのはわかるんだけど、受け取ることも辛いし断ることも辛い 仲が良いと思うのかもしれないけれど、そうとは言いづらい…複雑なんだよ 下のきょうだいだからこその感情がわかりみ深すぎて	1	canadettinus	0
0156	パソストってなんや…	5	yuki	3
0157	けーくんとカフェ巡りデート良いなぁ😭監督生と変わりたい！	0	hiro	0
0158	久しぶりやねぇー	1	憲兵	0
0159	初コメントをします😃私の監督生の名前がユウなんですね(゜ロ゜)偶然ですかね？	6	チューミ	1
0160	12:28    12:28   12:28    12:28         ふぅ……	7	はぁ?	0
0161	ストッキングフェチのワイ、サムネをパンストと読み間違える	0	カネキケン	0
0162	㊗️💯㊗️	1	プロゲーマー のご意見番	1
0163	私｢デートじゃん｣ ギバラ｢デートじゃん｣  グルーヴィーイラスト見た際  私｢ぎゃあああああ｣ ギバラ｢ぎゃあああああ｣  たまたま動画と自分の声がハモって1人で笑ってしまいました……ギバラさん完凸おめでとうございました……👏🎉	2	A. K.	0
0164	パソストが入ってこないくらいギバラが濃いーの	0	リク	0
0165	正直可愛い        あケイト君じゃないよ？そうだけどそうじゃないよ？ギバラが可愛い	0	雲の上のおバカ	0
