0001	個人的感動シーン  2:13:39	15	現場ねこちゃ	0
0002	今回もかしこかった！ ぶっ刺さってて笑っちゃった 2:34:53  ゴルシ手なずけ 4:20:15  推しの登場シーン 6:00:26  ちゅー	27	ゅぅゃょゎぃ	0
0003	いつの間にか寝てしまった… 6時間も配信お疲れ様です 31:32 カチコチキノコおにぎり	16	チカちゃん	0
0004	自分でプレイしたのと全然違う進め方するからわくわくしながら見れる。 アフレコもいい。	25	kty	0
0005	江良ちゃんリーバルのこと絶対好きになるだろなぁとは思ってたけどやっぱり好きになったか	16	天キノ	0
0006	推しに限界化する推しの姿に限界化したオタクです	20	マークツー	0
0007	4:19:39 推しとの邂逅(愚の骨頂) 5:40:20 推しとの個人面談	73	そこらの民衆	0
0008	ウマ娘に影響されちゃってまぁ... 白馬なら｢シラユキヒメ｣っていう馬がいましてね？	7	あふらとかび	0
0009	この馬は白馬なのか芦毛なのか？	7	1031 flea	0
0010	2:43:36 思い…出した！ 4:19:31 思い…出した！Part2	2	Niy / ニー	0
0011	江良ちゃんのゼルダ見るのが最近の楽しみになってる	5	てぃーーーもちょーん	0
0012	4:03:30 ご機嫌な撮影シーン(っ'ヮ'c)	30	ひき茶	0
0013	リーバル好きなところ気が合いそう	8	アシタカ	0
0014	ギバラはなんだこの鳥うぜーなって言うかと思った…(偏見がすごい失礼) 良かった…推しだからってかなんか凄い安心した…	4	消費期限切れ	0
0015	わいもリーバル推し！！！😂 ダウンロードコンテンツの英傑たちの詩のリーバル最高だから是非、、、	20	_な	0
0016	推しに出会えたえらちが見れてめちゃくちゃ面白かった…！！ 長時間お疲れ様！	8	たると	0
0017	馬刺し可愛かった	8	にじさんじ追いかけ太郎	0
0018	長時間最高です！ 江良ちゃんはやっぱ天才だわ！ おつえら〜	4	しじみちゃん	0
0019	普通に考えて６時間って……お疲れ様です🌼	3	ひでまる	0
0020	ネタバレになるから詳しくは言えないけど、マジでDLCは最高なんだよ リーバルは絶対推せる	16	ミジンコ	0
0021	リーバルいいっすよね…	3	shiki magatama	0
0022	ワイもリーバル好き	4	あじぇあじぇ	0
0023	かわいい	4	凜皇	0
0024	かわいい	4	パンプキンhappy	0
0025	ワイリーバル推し、リーバル好きな人が増えてくれてうれしい リーバルかっこええよな DLCとか無双でも出番あるからそっちもやって欲しいですねぇ	32	アルミ_35P	0
0026	4:20:00 リーバルとの初対面	32	ズッキーニ	0
0027	っぱリーバルなんだよな	3	Well Played	0
0028	限界化してる江良ちゃんマジで好き	13	Ramu	0
0029	今回も凄い楽しい配信だった〜！	32	美処女戦士性ラームーン	0
0030	限界オタクとロリコンと節約家とド下ネタと馬に優しい姿が同時に摂取できてとても満足度が高かった	34	ノッル.	0
0031	このゲーム気づいたら時間すぐたっちゃうからほんと怖楽しい	1	電気の人	0
0032	私はブレワイファンで、御伽原江良さんの配信を初めて見させてもらいました。すごいゲームお上手ですね。馬との触れ合いとか英傑の人柄とかも楽しんでくれててめっちゃ嬉しかったです 01:01:46「大きなちから」の祠ってここまでおもしろくプレイできるものなのか！と驚きました テンポいいし撮れ高もあってめちゃ楽しかったです😆チャンネル登録しました〜	51	とく2	0
0033	長時間配信助かる！ 寝落ちしてしまったからアーカイブ見るね！	1	oliwell 81	0
0034	3:54:10 合いの手クライミング	0	炭酸水	0
0035	3:10:59　ぐーすかぴーって何だよかわいい	8	柳ユウ	0
0036	やっぱ新衣装ええなぁ…	1	つぶみWiNG	0
0037	江良ちゃん好きだよ。 頑張れ	6	K. Y.	0
0038	ゾーラの反応があれだったからリーバルに色々言われてキレて「我ハイラル人ぞ！？」とか言うと思ってたら刺さっちゃったか〜〜〜〜	1	仍なお	0
0039	楽しかった!	1	ヨッピ丸	0
0040	愚の骨頂だよね？リピート用です。 5:57:05 5:57:05 5:57:05 5:57:05 5:57:05 5:57:05 5:57:05 5:57:05 5:57:05	36	コンティロマネ/イルミナたんふぁんくら部部長	0
0041	いっつも矢が足りなくなっちゃうね	0	nasunasu 00	0
0042	根の優しさが見える多感さと、ゲームIQ高めの進行と、たまに2週目をやるゲームで見られるドライさがいいんだよな	2	A Mr	0
0043	31:40 カチコチキノコ	18	遼/Ryo	0
0044	リーバルへの反応が予想外だった。 でも他のコメントは割と予測出来てたみたいで驚き！ 流石、王侯の方々…！	7	yuki	0
0045	1:32 開始  3体目の神獣を探しに  28:36 白馬欲しい！  43:05 祠　門をくぐる者 1:01:45 祠　大きなちから 2:05:47 祠　２つの球は空への導き  2:34:00 白馬発見！ゴルシと名付ける 2:43:43 ゼルダとの記憶(王家の馬　デレ期)  2:53:07 祠　狙うは刹那 3:31:43 祠　力の試練　極位 3:35:41 ゼルダとの記憶(祠の調査　ツン期)  3:56:27 リトの村到着 4:19:41 リーバルとの記憶  神獣へ 4:36:43 リト族のテバと出会う 4:44:46 VS神獣ヴァ・メドー  神獣攻略 4:50:24 神獣内部へ到着  4:54:18 マップ入手 5:03:26 制御端末1 5:12:06 制御端末2 5:17:55 制御端末3 5:23:54 制御端末4 5:27:34 制御端末5  5:29:24 ボス　風のカースガノン戦	15	紳士.	0
0046	5:57:23あぁごめんごめん	4	えびふらい	0
0047	以下タイムスタンプ    1:30 ゲームスタート 4:30 襲われている旅人 10:35 盾サーフィン 16:00 ガーディアンとの遭遇 18:45 う回 25:50 馬との遭遇 26:30 泣いてる乙女 27:50 平原外れの馬宿 29:45 料理 その１ 42:30 ルヨ・タウの祠  1:01:00 ヤカー・マタの祠 1:12:40 スペランカー 1:20:40 平原の塔 1:35:29 二つの輪 1:49:45 丘陵の塔 1:55:10 鳥人間チャレンジ  2:05:10 キワ・ザタスの祠 2:08:00 私の弓がーっ！？ 2:18:40 マリッタ馬宿 2:23:15 モンヤ・トマの祠 2:34:00 白馬チャレンジ 2:43:14 記憶 その１ 2:50:35 タバンタ大橋馬宿 2:52:43 シャオ・ヨの祠  3:09:23 タバンタの塔 3:17:40 大妖精シーザ 3:25:55 コログの実 3:31:20 ティナ・キョザの祠 3:35:38 記憶 その２ 3:42:00 リトの馬宿 3:44:21 料理 その２ 3:55:30 リトの村  4:03:35 ウツシエ 4:06:18 アコ・ヴァ―タの祠 4:19:40 リーバル 回想 4:25:30 シャ・タワの祠 4:36:15 飛行訓練場 4:43:15 ヴァ・メドー 突入 4:49:00 ヴァ・メドー 内部 4:50:40 リーバル その１ 4:54:15 リーバル その２  5:12:00 リーバル その３ 5:17:50 リーバル その４ 5:23:50 リーバル その５ 5:27:30 リーバル その６ 5:29:20 ボス戦 5:42:00 リーバル その７ 5:46:26 報告 5:54:57 リーバル 振り返り  6時間のロングラン配信お疲れさまでした。 江良ちゃんが旅をしてる感覚が伝わってきて好きです。	9	里	0
0048	少し気になったことがあったのですが 2:38:27 あたりなどで聞けるこの馬宿のBGMがA whole new worldに聞こえるような気がしたんです…… は？違うじゃん！と思われたら申し訳ないです	11	コンティロマネ/イルミナたんふぁんくら部部長	1
0048-001	たしかに似てるかもw 今後は「A whole new world〜♪」に聞こえちゃいそう	0	とく2
0049	3月10日までにクリアしたいから今回いつもより長時間だったんかな	12	mi ka	0
0050	ありがとう	4	世界で一番愛してる江良ちゃん	0
0051	don't go, gibara :"(	19	nate kigger	0
0052	ありがとう。 ギバラ。	2	ヤグラ	0
0053	あとよっか	1	にじさんじ切り抜き隊長	0
0054	卒業するんですね	2	リスくん	0
0055	引退するって本当ですか？？	9	c ab	4
0055-001	←これやめろ！←これやめろ！←これやめろ！←これやめろ！←これやめろ！←これやめろ！←これやめろ！←これやめろ！←これやめろ！←これやめろ！←これやめろ！	0	ああ
0055-002	@絶対に結婚するライナー【登録者数1000人で結婚】 このコメント好き 俺のコメントはクソみたいなもんだから消すか… 早く結婚してくれ	2	つぶみWiNG
0055-003	ギバラを引退して御伽原 江良になるんやで	12	絶対に結婚するライナー【登録者数1000人で結婚】
0055-004	ここで言うと荒れるで注意！	19	おでんくんツンツン男
0056	もう少しか	1	にじさんじ切り抜き隊長	0
0057	引退！？	1	オリオンφ	0
0058	今日学校でギバラ引退するん？って皆騒いどったで           愛されてますね()	11	Space黄金比	0
0059	Oh no Gibara is in love with Revali lol	3	Roy Eme	0
