0001	ヘッショ決めまくっててやっぱセンスあるなと。回避でラッシュ決めてるとこもいつか見れそう。	35	kty	2
0001-001	少ししたらライネルを笑顔で狩るようになってそう	2	Round
0001-002	江良ちゃんゲーム上手だから割とすぐに見れるかもね	3	テニス[硬式]
0002	やっぱりゲームのセンスはあるなぁ 1:49:41  朗読助かる	12	ゅぅゃょゎぃ	0
0003	47:30の流れほんと草(っ'ヮ'c)	24	ひき茶	0
0004	47:31 ここのゴリ押し好き 3:08:10 えいえい！	25	はらまき	0
0005	1:10:53 「我なんとか人ぞ！？」←New!	4	MrJohn00993	0
0006	しっかり観察するのが非常にグッド 高評価ですわ	3	狼人	0
0007	我英傑ぞ？	6	Cocopoo2000	0
0008	王の娘だって分かった途端ミファーへの態度が手のひら返したみたいに変わるのめちゃくちゃ面白いな	5	スラマッパギ	0
0009	ヘッドショットを連続で決めるところすき	1	Aオムライス	0
0010	2:37:57  またのんき先生が描いた例のシーン  3:24:46  支持厨ミファー	6	ヒルドギガドロ	0
0011	ゾーラ族との絡みがめっちゃ面白かったｗ	0	KDダイスケ	0
0012	ギバラが楽しそうに料理してるだけで明日も頑張ろうと思える	1	ずち	0
0013	カースガノン戦序盤の槍だけで挑み敗れるギバラの姿は100年前のミファーの再現であったのだ	0	h t	0
0014	シド王子はめっちゃ褒めてくれるから江良ちゃん向きかと思ったけど代わりに戦ってくれない男は駄目なんやな、意外  じゃあリーバル編とかどうなるんや、楽しみにしとこ	2	大名行列Hankai	0
0015	ビタロって強化してたっけ… カースの本体には無理やでと (氷撃ち返しはできるけどね)	0	生きない亀	0
0016	イキリンク草	0	カーズ様	0
0017	弓さばきが上手すぎるｗｗ	3	サンチャ	0
0018	1:10 開始  ゾーラの里 29:41 ゾーラの里到着 33:40 祠　押し出す力 1:21:15 ゾーラ族の王と対面 1:34:52 ミファーの記憶を思い出す  神獣へ 1:53:43 ライネルと初遭遇 2:13:19 VS神獣ヴァ・ルッタ  神獣内部 2:19:17 神獣内部到着 3:06:05 ボス戦	19	紳士.	1
0018-001	助かるラスカル	2	チープドロップ
0019	戦闘を極力避けてきてるけど戦闘慣れするためにもこれからは積極的に戦闘した方がいいのかもな そして増える死亡シーン	5	たかしわ	0
0020	🌼🌼🌼	1	ひでまる	0
0021	クソガキイキリプレイええぞーリンクまでクズに見えてくる	0	nana sasa	0
0022	ミファー切ない、、ミファーのテーマは音程がミとファがメインになっているという小ネタがあります	1	_な	0
0023	ツイステやってよーーー今アズールの誕生日なんだよーーーー	0	Koto Taka	0
