0001	ギバラの選択肢の多くは良く言えば危機回避悪く言えば保身に走りがちなんだけど、何かを成すにはまずは生きていなければならないというギバラの意志と、自分が生きる範囲外ではできるだけ誰かに優しくしてあげようという心根が見えて正直言って大好き こんなに人間らしいデトロイトは初めて見るかもしれん	69	元帝国秘密警察・女児型	0
0002	本当にデトラのギバロイト好き	65	絶対に結婚するライナー【登録者数1000人で結婚】	1
0002-001	オトギ！バライト市警だ！	19	a S
0003	27:39　ここで顔傾けてるの最高に江良ちゃんらしい	82	ぐぴぐぴもぷもぷ	1
0003-001	流石ロリコンやな(´・ω・｀)	0	アイスあり
0004	登録者数50万人突破よりも、アリスの下着が気になって仕方ないのは草だった 母性とロリコンは共存するんやな… ひたすらに平和を求めるギバラこの先に彼女望む未来は来るのだろうか…	44	しょーた	0
0005	江良ちゃん50万人突破おめでとう🎉🎉🥳	48	逆巻まい	0
0006	1:14:41 カールじいさんを忘れてるのか？ってギバラが言ってたけどちゃんとカールじいさんの言葉覚えてるマーカスに感動	28	Ame	0
0007	ギバラの優しさが滲み出る選択嫌いじゃないし好き	23	539 NMR	1
0007-001	ゴミカス死ねって言った人とは思えませんよね	0	せーや
0008	1:44:38 自分で集めたアンドロイドにビビり散らかすマーカスくん	52	タイタス炊きたて	0
0009	江良ちゃんめっちゃやさしい 13:57  14:50 絶対に笑ってはいけないアンドロイド尋問 27:19 服を脱がせる（この瞬間に50万人） 30:10 自己紹介デッキ 1:14:11 やさしすぎる決断 1:26:55 ハンクの命令を聞いただけですぅ	62	そこらの民衆	0
0010	各話のタイムスタンプ  3:23 コナー9話 23:32 カーラ7話 46:42 マーカス9話 1:16:45 コナー10話 1:29:35 マーカス10話	37	ひさひで	0
0011	1:19:23 アマンダとそっくりさんのシーンだけスタンプを置いておきます。	35	一人ちくわ祭り	0
0012	尋問タイム笑っちゃった 14:30 ～	17	ゅぅゃょゎぃ	0
0013	江良ちゃん登録者数50万人突破おめでとう🎊	14	絶対に結婚するライナー【登録者数1000人で結婚】	0
0014	1:14:00 ここせっかく平和に進めようとしていたのに仲間を〇され、それなのに報復せず見逃すんですから…… どれだけの仕打ちを受けようと余程のことがない限りは〇さない……何度も言いますが江良ちゃん本当に優しいです	25	コンティロマネ/イルミナたんふぁんくら部部長	0
0015	33:59　それまで感情移入しつつ話してるのにここだけ素に戻るのほんと草	6	フォル	0
0016	選択肢に真実と嘘があっても絶対嘘つかないところ好き	12	ウパー	0
0017	ギバラはいいやつなんだな……	9	まみゆたに	0
0018	37:34 ここ真相気づくの早すぎてやっぱえらちゃん頭いいんだなって思った	3	ひなぎくhinaggik	0
0019	今まで見てきたデトロイトで一番優しさ溢れててめっちゃ好き	3	チキンバスター/ChickenBuster	0
0020	マーカス、なんか既視感あると思ったらコードギアスだわ	4	最果てのカリフラワー	0
0021	1:26:55ここ悩まなかったのびっくりした	7	ころっと	0
0022	50万人本当におめでとう！！ 最近配信多くて助かる	4	シャムロック	0
0023	仲間の命を思ったら解散しかないよなぁ…でもここで撃つのはアカンよかろうならばクリークになるよな	8	Arisa	0
0024	14:45 ここのこんにちは好き	16	siwa wakame	0
0025	コナーがクロエを撃たないルートのハンクとの会話めちゃくちゃいいよな コナーの返しが完全に人間	5	ツルハシ	0
0026	江良ちゃん50万人おめでたい！！	3	まくすち#アーゴヨンをすこれ	0
0027	デトロイト実況見る度思うけど、アンドロイド店乗っ取る時点で平和じゃなくね？ってなる。	14	rara natadecoco	1
0027-001	というか、かなりの器物損壊してる	3	いかにんげん
0028	50万人おめでとう	5	M B	0
0029	50万人本当におめでとう！！	2	三日月 耶麻 / Yama Mikatuki	0
0030	江良ちゃん優しい… 好きになったかも……いやっ何でもないや。 （本人には言えねえや）	18	クセの極み乙女	0
0031	えらちゃん50万人おめでとう！！🎉 デトロイトで優しいえらちゃんを知ることができて本当にうれしい🥺💖	2	ぱうむ	0
0032	50万人おめでとうございます！	7	コンティロマネ/イルミナたんふぁんくら部部長	0
0033	50万人おめでとうございます！ この配信が毎日の楽しみです。	4	Remon *	0
0034	スパゲティとピザとコーラは国民食だから	2	ミヤケン[Miyaken]	0
0035	江良ちゃん50万人突破おめでとう🎊	5	物吉審神者	0
0036	今日も おつえらです⤴️ 楽しかったです☺️	5	ひでまる	0
0037	ロリを剥くシーンで50万人行くの草	4	Lv99もっさん	0
0038	50万人おめでとう！！！これからも頑張れ！	3	Perfect M	0
0039	50万人おめでとう！	4	張りネズミ	0
0040	50万おめでとう	3	あいぜっとch	0
0041	チャンネル登録50万人おめでとうございます	3	ちょろ63号	0
0042	50万人おめでとう！🎉	4	マダタスカル共和国	0
0043	50万人おめでとう！！	1	フラティー	0
0044	50万人めでてえ！	2	アキツナ	0
0045	ギバラいい反応するわ	1	爽	0
0046	50万おめ〜🎉	2	和辛子	0
0047	27:20 ロリコン	21	ENJOY	2
0047-001	劇  団  ひ  と  り	2	ずんだ餅
0047-002	ここタイムスタンプつけてる人ロリコンかよ	3	ENJOY
0048	屋上行っちゃうとサイモン生存フラグ折れちゃうから行かなくて良かった	0	黒沢クロワ	0
0049	45:10 せんたっき♪	0	むむむ	0
0050	一瞬メトロイドと勘違いした	0	暁の蛇拳士ショオツィオ	0
0051	プールが赤いのは縁をよく見ると分かるけど、水が赤いんじゃなくて壁面および床が赤いだけなんだよね	0	エーマχ	0
0052	500000!	2	Bwaka 67	0
0053	そこ逃げちゃうの？とはなったけどこれもギバラが選んだ一つの物語だからこの先がすごく楽しみ	3	えさら	0
0054	just let me say this again, congrats on reaching 500k subscribers :)	7	Zellrang	0
0055	おつえら～！ch登録者500Kおめでとうー！🎊  主人公たちの行動が、お互いの状況に複雑に絡み合ってきた…。 サイモンとの再開は初見で、本当に嬉しかった…！	2	重音色kasaneiro	0
0056	店舗を襲撃することに疑問を持つのは日本がいつまでも変わらないことと関係ないわけでは無い……	2	まみゆたに	0
0057	これは邪悪なギバラからデトロイトビカムヒューマンを通じて江良ちゃんが解放されるまでの物語	11	岸田卓也	0
0058	クロエを撃つとハンクにめちゃくちゃ罵倒されてめっちゃ関係悪化します　何故知ってるかって？ノータイムで撃っちゃったから…	1	ユル	0
0059	店舗のアンドロイドを無理に覚醒させて自由意志を与えなくてもいいんでは？ って言ってる所本当にそうなんだよね、コナー編で「誰にも命令されないなんて初めてで屋根裏に隠れてた」って供述したアンドロイドもいたし 人間だってわりとそういう所ある 日本は場所やコミュニティに縛り付けがちだけど、 欧米は自由主義が走ってそれはそれで「自由という価値観に閉じこめられている」所はあるってどっかで聞いたな マーカスのこれは「まず自分が社会でどういう立場に置かれているかを知り、 その上で社会でどうありたいかを自由に選ぶんだ、選ぶために権利を求めるんだ」って事だろうから、 そもそも自意識がないと始まらないので覚醒させている、という所はあるんだけど……原語はどうなっているのか気になる所	6	川上綾子	1
0059-001	たしかにろくでもないオーナーに当たるかどうかは運だし、トッドみたいなやつかカールみたいなやつかわかんないし、そもそも性サービス用のアンドロイドが居るしで、悪い扱いを受ける前にそもそも救ってやろうってことなんじゃないかな	0	ユル
0060	マーカスはカールの家に居たときも殴られたりはしてなかったけど、「自分のために生きてはいなかった」からね カールの世話をするって大前提があって、それがアンドロイドが自分の人生を生きられない奴隷としての扱いってことでしょ	0	ユル	0
0061	えらちゃんなら動かない方選ぶと思ってたんだが…ギバラチキっちゃったかあ…	2	スカーレットフランドール	0
0062	1:51:44	3	eggplants	0
