0001	やっぱり地頭がいい！というか普通にかしこい！ 3:53  パーヤの日記(ルート解放) 1:19:18  はじめてのほこら	10	ゅぅゃょゎぃ	0
0002	何回もやれば身につくから失敗が成功に変わってからキラキラ笑顔になるの良いよね	7	黒い腹	0
0003	今日は主に祠とかコログのしれんだったけど理解がすごい早かった。ほかの謎解きも見たいなー	8	kty	0
0004	謎解きのセンスはあっても戦闘のセンスは微妙（オブラート）なの、江良ちゃんって感じする	5	柳ユウ	0
0005	37:18 ホールインワン 1:18:45 初見ではじめてのおつかいクリア 3:29:48 初見でゲートボールクリア 3:42:53 ワイら	24	そこらの民衆	0
0006	3:22:31 高所恐怖症の視聴者を試してくる江良ちゃん	12	立風tachikaze	0
0007	2:56:35 イライラポイントを一瞬で突破し煽る江良ちゃん(っ'ヮ'c)	17	ひき茶	0
0008	39:34 ホールニューワールドに聴こえるBGM、ぽわぽわ歌うの好き 2:58:20 江良ちゃんのお料理好き 2:16:15 江良ちゃんにおこられずに済んだ… 3:57:43 雷に打たれるかどうかにわくわくなの可愛い 3:59:40 VSライネル、良い戦いだった	13	はらまき	0
0009	1:11:25　難解祠の謎解きをさくっと解く　これは本当に凄いと思った	3	フォル	0
0010	ライネル一発で討伐するのえぐいw	1	仁御使莉緒	0
0011	2:59:20 ここら辺混ぜないでって言われてあきらかテンション下がってんのよね...作ってる間のムービーもスキップしてるし... 好きにしなって言われた途端元気になっとるの可愛いか？	0	絶対に切れないミサンガ	0
0012	4:00:24 高難易度技のダルケルラッシュ発動してんだけどすごすぎない？？？え？普通にすごい。	0	どんな呪いも幻想殺しで無効化する上条当麻	0
0013	ありがとう	0	世界で一番愛してる江良ちゃん	0
0014	1:04 開始  マスターソード探し 3:54 パーヤの日記  22:52 祠　力の加減 51:05 迷いの森 58:19 コログの森  体力が足りないためコログしれんを受けに  1:09:36 祠　命運は星の数  1:18:21 コログしれん　はじめてのしれん 1:25:55 祠　ダ・チョカヒの祝福  1:29:41 コログしれん　操りの力のしれん 1:38:01 祠　クン・シダジの祝福  1:42:06 コログしれん　燃えずのしれん 1:55:21 祠　マーム・ラノの祝福  足りない分祠回収 1:59:51 祠　力の試練　極位　リベンジ 2:18:51 祠　エレキの通り道  2:31:21 マスターソードを手に入れる  強化と探索 2:40:09 鳥人間チャレンジ　リベンジ 2:44:37 ハテノ古代研究所でシーカーストーンを強化 2:53:02 祠　ジズ・カフィのからくり 3:12:50 祠　力の試練　序位 3:29:38 祠　カツ・トサのからくり  3:40:24 アッカレ古代研究所 3:59:43 ライネル(青)と戦闘 4:19:27 アッカレ古代研究所で古代兵装が作れるようになった	12	紳士.	0
0015	これが噂のギバラちゃんですか	1	マエダタロウ	0
0016	最近のゲーム配信サムネめんどくさくなってるの草	1	おんおん	0
0017	🌼🌼🌼	1	ひでまる	0
0018	みれん	0	チンチンバキバキ刃牙範馬	0
0019	チバニャンと一緒にポケモンバトルで世界をひっくり返すって本当ですか！？それなら応援します！頑張ってください！	0	fish_boneホネンビィー	0
