0001	アンダーテールの醍醐味は実況者ごとに全く違う選択をするところだと思うので、コメントで自分の希望を押し付けたりネタバレしたりしないでギバラが進む道を楽しもうね	416	はいはく	3
0001-001	@SPAM 改心したんか…?	5	盆栽の人[ボン]
0001-002	これに尽きる(元極悪指示厨)	25	SPAM
0001-003	それな	15	フライドpoteto
0002	アンテファンが嫌われてる一番の理由が ネタバレと指示だから、皆やめようね。	111	ゲット虚無	0
0003	むしろ作者が想定していたであろう初見の進み方をしてると思います。このまま好きなように突き進んで欲しいものですね！！	159	鮭鍋佐門	0
0004	これからアーカイブ見る初見勢へ チャット欄が結構な地獄だから閉じてから見ることをオススメします〜 それはそれとしてえらちゃんのアンテみれるとは思わなかったので嬉しかった　配信してくれてありがとう 次も楽しみ！平和なチャット欄目指していこう！	145	微生物恐怖症	4
0004-001	予想はしてたけどやっぱり地獄か。 事前の警告、感謝する。	2	ジョニィ・ジョースター
0004-002	もっと早くこのコメント見れば良かったぜ、、、	2	ぴえん
0004-003	@絶対に結婚するライナー【登録者数1000人で結婚】  よく考えたらそうかもしれん　すまん書き換えとくわ　指摘感謝	16	微生物恐怖症
0004-004	地味にPルートって単語がネタバレじゃね？	8	絶対に結婚するライナー【登録者数1000人で結婚】
0005	クソ花のチュートリアルのとこ親切だなあコメばっかりで好き	96	みゆ	0
0006	マジで一切アンダーテールの情報を入れずに来たって事が分かる配信でしたね。  この先の江良ちゃんがどんな選択をするか完全に読めないので続きが気になる…！	82	紳士.	0
0007	アンテってやっぱ自分の考えでその後のストーリー展開が変わっちゃうから誘導コメとかやめて欲しいな。	86	kitii s	0
0008	いいんだよ。ここから「戦わない」選択肢を取るか「戦い続ける」選択肢を取るかがアンダーテールの面白いところなんだからさ。最初から完璧な行動を取れるニンゲンはいないよ。	23	てぃ	0
0009	ギバラ全くの初見みたいだからどんな感じでやっていくのか楽しみ あと初見さんはコメ欄を非表示にすることを推奨します	66	ロザリンド	0
0010	初手がばがばで腹筋崩壊したしその後字が迫ってくるのホントずるい	47	Sa Lt	0
0011	ぼくの好きな展開以外いやだっていう子は可哀そうだけどこれらゲームの魅力をまったく理解出来ていないのよね。メンバーでもネタバレに近い指示している人いるから、本当に悪気がなくてえらちゃんのために正しいと思ってやってるのが余計につらいわ  (トリエルの声真似お姉さんボイスだけ切り抜いて販売お願いします)	45	el aik	0
0012	分かってたけど指示する人多いな〜  個人的に江良ちゃんには全ルートやって欲しいので初見は沢山敵とか倒したり自由にやって欲しいなあ で、やり直したくて感情グチャグチャになってるとこ見たいね	41	えだまめ	0
0013	デトロイトの次にアンテとかマジで神ゲーの連鎖やん とりあえずエンディング見るまでやって欲しいわ	67	絶対に結婚するライナー【登録者数1000人で結婚】	0
0014	17:55 ギバラ「ほっぺをぎゅーってしてあげたくなっちゃう」 癒やされるわぁ……	42	ひなぎくhinaggik	0
0015	意図的ではなく操作方法がわからずにたたかうしてたのには笑ってしまった	32	もん	0
0016	初手フラウィーのせいで全員裏があると思ってるの草	29	もん	0
0017	これでいいんだ これがいいんだ これがみたかったんだ 江良ちゃんのこのゲームの配信ずっと待ってました 最後まで楽しんでくれたらいいなぁ！	51	牙狼ニ乃牙太刀	0
0018	初見でトリエルの攻撃が当たらない演出見ないで勝てたの凄かった！攻撃もほぼ真ん中で上手かった！	27	kty	0
0019	1:04:08 ここからの笑い方すこ	43	そこらの民衆	0
0020	江良ちゃん避けるの上手くない？ 続きが楽しみ～！	28	ゅぅゃょゎぃ	0
0021	アンテのこと自体は知ってたけど、どう言うストーリーなのか知らなかったから江良ちゃんと同じ気持ちで見れて良かった 江良ちゃんにはアンテ完全初見のまま続けて欲しいな	42	えるぷりあ	0
0022	ギバラちゃんがトリエルの吹き替えしてる声すっごい綺麗	25	藤本紗帆	0
0023	が　ば　が　ば	41	ただのカカシですな	3
0023-001	@ナズナ そのあと「が↑ばがばでいこう。ガバガバ↑で」って言い直してるの卑怯だと思った	3	ひなぎくhinaggik
0023-002	@ひなぎくhinaggik その直後に大きくなってこっちくるの卑怯すぎる	5	ナズナ
0023-003	命名の瞬間 4:52	3	ひなぎくhinaggik
0024	ギバラの実況ってもしや面白い？	16	:1は素数じゃない	0
0025	5:05 「がばがばが迫ってくる」	6	ナズナ	0
0026	ルートの存在を知るのは一週目が終わった時が1番いいと思	2	パイナポ太郎	0
0027	8:16ここの笑い方が正しくフラウィ	5	ねこきゅうり	0
0028	まさに完全初見って感じで新鮮だった	15	。しいま	0
0029	8:15 はなちゃんの笑い声	1	フラティー	0
0030	感受性が豊かで感情移入した相手には入れ込む一方どうでもいいやつに対しては殴ったり殺したりすることをためらわないんよねギバラ、だからこそパピルスに対してどんな反応するか楽しみだ	5	クリスマス	0
0031	ギバラ切り抜きでしか見てなかったけど、アンテの最初の落ちた人間死んでるって聞いてあーそうゆう考え方できるんかって思った元アンテ民でした。	2	盆栽の人[ボン]	0
0032	アンテ配信は基本的にコメ欄見ない方が楽しめる	5	たにし	0
0033	初見ワイ、最初の花でめちゃ驚く	1	コダック	0
0034	江良ちゃんはゲーム慣れしてない人なので、温かく見守れたらいいですね	5	柳ユウ	0
0035	明日も楽しみにしてます(^3^)/	4	ひでまる	0
0036	最近配信いっぱいでうれし〜！！ 続きも楽しみ	0	Yo ne	0
0037	ここの反応好き(小声)50:57	2	ニアネコ	0
0038	久しぶりにギバラ見たけどやっぱ最高やわ	0	かまこう	0
0039	最後泣いてしまった	1	all time detalls	0
0040	おつえら〜 UNDERTALE、良い世界観だね！	3	重音色kasaneiro	0
0041	ギバラがついにアンテやり始めたか…	2	元士希	0
0042	妹に誘われて、PS4版で初見感想 「お前は既に、俺の心をたぎらせた‼︎」	1	七宮武生	0
0043	ガバガバの子供はマズイですよ…!?	2	ひろ	0
0044	めちゃくちゃ面白いことになってるな…。続きが気になる。	0	s h	0
0045	強くなるの早いし話し合い出来ること分かってからも戦う事しか知らないしナチュラルボーンGだな…	1	にわにわにわにわとりがいる	0
0046	行動が予想通りすぎて草	1	パチモンド・パンダデス	0
0047	デトロイトからいい娘やなって思うわ 普段汚い言葉使ってわーぎゃーしてるけど素直なんやで…	1	黒い腹	0
0048	おお・・・これに手を出されましたか。楽しみすぎる。	0	mebiusu0	0
0049	このスタート初めて見るから楽しみ	0	Ayato	0
0050	最近定期的に長編ものの生きがいを供給してくれて助かる	8	ノッル.	0
0051	「落ちたニンゲンが死んでるのに」 なんてメタい発言…	1	じんじん	0
0052	パピルスのノリ合いすぎてて笑った	0	ユル	0
0053	待っててって言われて待ってる素直なギバラかわいい	1	ゆきうさぎ	0
0054	パッケージなくゲームを買える時代に寂しさを覚えてるオジサンだけど、アンテに関してだけは本当に初見、一切情報無しでプレイして貰えてうれしい	6	Ryuta N	0
0055	デトロイトからの初見勢ですがこのゲームもすごい選択別れると思うので楽しみに追っていきますわ！	1	リュウ.	0
0056	エンディングまで沢山泣きそう	0	カンザキハヅキ	0
0057	最近配信頻度高くて嬉しい	1	1ポン酢	0
0058	いいっすねー　真エンディングが今から楽しみやなー　やっぱアンテ初見勢の動画はこれが一番楽しみ	0	タク	0
0059	え！ギバラがアンテ知ってるの！？	0	kiiro	0
0060	めちゃ面白い	0	risore	0
0061	騙されてて草	0	時雨	0
0062	UNDERTALEは初見だからチャット非表示で見てたけど、やっぱりネタバレコメあったのかw	1	dotism	0
0063	トリエルさん…	0	いのる	0
0064	ギバラ かわいいな	0	투르아바	0
0065	ギバラって可愛いよな	0	忍野すえきち	0
0066	23:52 猿の知能テスト	5	レバ_	0
0067	スティックじゃなくてカーソルでメニューは選べたはずなのにな…	0	婿ダイン	0
0068	開始早々人間不信になるギバラ草	0	ねね	0
0069	無意識に殺戮道突き進んでるの草	0	#FFF FFF	0
0070	殺しちゃったとかやってしまったとかそういう発言だぁいすきなのでこういう動きしてくれる方が助かる これから追っていくのが楽しみだ	0	drop ddd	0
0071	こういう初見が1番面白いゲームを推しが完全初見でやってくれるのほんと嬉しい。 トリエルのセリフを読む江良ちにそこはかとなくバブみを感じて凄くいい。	0	イオグランデ	0
0072	たのしいね	0	b_yn air	0
0073	こんな最高なことある？	0	琥珀-cohak-	0
0074	喉が渇いたら水を飲むように、 アンテの配信では指示厨が湧き出す。 これは世界の真理だろう。	0	サカトウ	0
0075	好きな人が好きなゲームをプレイしてくれるのはなんだかとても嬉しいです。 最後まで是非プレイしてほしいです。	0	chappy 【チャッピー】	0
0076	待   っ   て   た	0	zui zui	0
0077	一生たたかうしか選択できてないの笑う	2	Hal	0
0078	いつ自分のしたことの意味に気付くのか見てて面白い	4	あのラジオ	0
0079	チャット欄地獄で草	9	ぱすた	1
0079-001	チャット欄だけじゃなくてコメント欄にもアンテ厨沸いてて笑えない 親殺しとか初見で殺さない方が難しいでしょ。アンテの民度どうなってんねん…	2	ぱすた
0080	The most unwholesome vtuber I know playing the most wholesome game I know	0	ak marina	1
0080-001	in a not very wholesome way... but it's her first playthrough i guess.	0	Bob Wardson
0081	魔女の家の時は感受性豊かだなーって思ってたけど、このゲームではめちゃくちゃ冷めてて草	0	カラフルうどん	1
0081-001	だって死んでるのは可哀想な女の子じゃなくてただのモンスターだし……	1	足拭きアスファルト
0082	最高	0	鷹隠（ﾀｶｸｼ）	0
0083	そもそも普通のゲームは攻撃するのが普通だよね？　攻撃を妨げるようなコメントはちょっと...	0	リットバジ	0
0084	20:00 フラウィーおるやん	0	由良弘兼	0
0085	ギバラには最終的に罪悪感で泣いて欲しい	29	WHITE ALBUM	3
0085-001	よしみんなで泣かせよう	0	ちろ
0085-002	分かりみがマリアナ海溝	0	大納言横丁
0085-003	ほんまにそれ	0	moon flower
0086	製品版のちゃんとした吹き替えは初めて見るから楽しみだなぁ 全ルートやるんですよね？	0	PoH.奏音	0
0087	フラウィに ○ねって言われて笑う江良ちゃん…どんな情緒…	0	mmmk	0
0088	誘導コメはやめて欲しいけど、bボタンは知っていて欲しい	1	こめむぎ	0
0089	目指せキルリーダー！	1	ghostQ	0
0090	56:41 56:55	0	ヒロ	0
0091	フラウィーが人畜無害そうなゴミとか言われてて草	0	えびふらい	0
0092	ギバラってやっぱり面白いわ      正直尊敬してる	1	涼風青葉モカ	0
0093	予想：全員殺す	1	うべー	0
0094	初手Gルートの確率ってめちゃくちゃ低い上に、ゲームコンセプトを知らずにプレイしてるみたいだから多分Nルートで落ち着きそうだね！	0	じゅーん	0
0095	1:06:48	0	A light	0
0096	いや、指示厨より指示厨にネタバレするなって言うやつの方が鬱陶しいわ アンテは初心者には厳しすぎるねん	0	ラーメン丸	0
0097	ぎ　ば　ら　が　ば　が　ば	2	えな	2
0097-001	早口言葉 （かえるぴょこぴょこ　みぴょこぴょこ　みたいなリズム）  ギバラばらばら　ギバらばら 合わせてぎばぎば　バラぎばら ギバラがばがば　ギラぎばら 合わせてぎらぎら　バラばぎら	0	午前の紅茶
0097-002	解釈一致	1	えな
0098	……………………？……？？……………………………何…………………？なんか知らん間にUNDERTALEの……………………え……………？何……？？？？？？？	0	だだ	0
0099	小ネタバレ↓         まあゲームの内容とかじゃないけどすごいモヤモヤ感があった〜 まあアンダーテールはそこを何回もやって分かってくみたいのがあるから	6	ムキムキマッチョマンしゅう	0
0100	親殺しめ	0	はち%ポケ	1
0100-001	完全初見だから仕方ないでしょ	0	ぱすた
