0001	ギバラもこう見るとウマ娘っぽいよな。	205	ヨシフ・スターリン	4
0001-001	いつかコラボが起きてギバラが競馬場を全力疾走してたら笑い死ぬ自信がある	11	お米さん
0001-002	ゴジラとゴルシ足したの間違いじゃない？	16	山ちゃん
0001-003	アグネスデジタルとゴルシを混ぜて２で割った感じだろうか？	5	ランブルゴリラ
0001-004	猫耳をそのままうま耳に変えたらそのままウマ娘行きできますよね……	5	かわあい
0002	ギバラのガチャ配信はクレイジーだけど、愛があるよな 限界を迎える中で推しだけじゃない好きがいっぱい詰まってる	222	しょーた	2
0002-001	愛が人を狂気へと駆り立てる	2	お米さん
0002-002	愛がある故のクレイジー	7	となりにトトロ
0003	8:45 御伽原が叫ぶだけ	378	kty	1
0003-001	今　日　の　み　ど　こ　ろ	11	みんちあさん
0004	ギバラの新衣装ハーツラビュル感があってかわいい	188	なめ	0
0005	好きならオペラオーの2000年有馬記念は一見の価値あり 史実のこいつはかっこいいなんてもんじゃない	16	ベアルネーズ	0
0006	8:41かわいそうは良き^^	22	15パエリア	0
0007	画面落ちた時は飯ウマと可哀想が入り混じった感情で一杯で笑うしかなかった 引けてよかったね	25	えるぷりあ	0
0008	無慈悲のNO　SIGNAL	15	てててのて	0
0009	8:49 自分用	20	まくすち#アーゴヨンをすこれ	0
0010	たぶん現状、キャラの絶対数がそんなに多くないから確率上げちゃうとすぐコンプリートになっちゃうよね。ゆえに渋くしてる	1	さすらいのコメント野郎	0
0011	推しは推せる時に推しとけ…	104	白猫	1
0011-001	そういう事ですか……(	1	。すや
0012	36:30 気づいたら石が増えてる！不思議ー！	179	一人ちくわ祭り	0
0013	最初から最後まで見どころたっぷりでしたね これぞ江良ちゃんのガチャ！って感じでした 最初のは……ちょっと…… と、とにかくおめでとうございます！	22	コンティロマネ/イルミナたんふぁんくら部部長	0
0014	バクシンバクシン言ってるギバラ可愛すぎる	11	まにしゃん	0
0015	25:04　Eclipse first演出初めて見た	46	false 9	0
0016	39:47 四连爆 进	8	terSs E	0
0017	ギバラ好きな人ゴルシも好きそうっていう偏見ある。。。	6	中山心	0
0018	ウマ娘は廃課金まっしぐら  あとキングヘイロー好き	6	宝石	0
0019	昨日→シンデレラ 今日→サル	5	Qw3rTY丶	0
0020	8:45 ここからです😊	85	よんすん	0
0021	ギバラのガチャ動画は良いぞ〜	8	bag sand	0
0022	背景真っ黒なの草 ギバラやなぁ	6	kei lice	0
0023	16:05 江良ちゃんは添えるだけ	55	canadettinus	0
0024	ギバラ＋ガチャは心配でしかない	8	so yu	0
0025	笑いの神とガチャの神に愛された女	3	ろくでなす	0
0026	にじさんじのゴールドシップ	73	しゃば味噌	1
0026-001	1秒後にどうなっちゃうか本人にも分からない	6	おめそ
0027	世紀末覇王に限界化する猿	4	abgrund_徒然	0
0028	9:30 単細胞生物	83	もみやで	1
0028-001	ヤプール人	0	白米おにぎり
0029	肝心なところ映らなかったのが面白すぎるw	2	つー	0
0030	やっぱプロガチャリストはちがうわ	4	tukasapop	0
0031	事故もガチャ運もいろんな意味で持ってる	3	イブキ	0
0032	26:50 オーソレミオ	48	tatiaoi_	0
0033	これが有名なクレイジーガチャリストか すごいな	3	ひだぐま	0
0034	サクラバクシンオーしかURAいけないのだが	3	オリオン	0
0035	新衣装可愛いよな…	2	通りすがりのメンヘラさん	0
0036	これを見ながら引いたら無料分一回でオグリキャップサポート引けました	2	むっちゃん	0
0037	始めたばかりでこのガチャしてて 1回目の10連で テイエムオペラオーでました	0	rr TR	0
0038	一ウマ娘を追ったらデス声得た。	68	渚々浜雅悠希	0
0039	冒頭のウマ娘ちゃん、ギバラちゃんに空目してびっくりした笑	1	ri ri	0
0040	推しが騒ぐのをこれほど笑いながら見るの幸せ	16	まっくろマッサン	0
0041	ﾊﾞｸｼﾝﾊﾞｸｼﾝ！ おつえら〜！引けてよかった！	1	wawawa	0
0042	ガチャ配信の割に時間短いなと思ったら、ここまで運良かったとはw	1	青鹿毛	0
0043	ギバラとゴルシ、出会ってほしいねww	5	T roa	0
0044	ギバラの見た目もウマ娘っぽくて馬生えた	9	絶対に結婚するライナー【登録者数1000人で結婚】	0
0045	9:45 ここアメーバ	1	かまぼこ	0
0046	豪運がすぎる	1	かおですよ	0
0047	ガチャとバクシンの相性が良すぎるw	0	ただのカカシですな	0
0048	感情100%ガチャ好きすぎる	0	、シウソム	0
0049	かわいそうは、かわいい	1	ボルテック弁務官	0
0050	ガチャ以外も配信して欲しいな	1	あいぜっとch	0
0051	8:34 最高の撮れ高	63	コンティロマネ/イルミナたんふぁんくら部部長	2
0051-001	撮れ高(撮れてない	1	みんみん
0051-002	本当に撮れ高の神に愛されていると思うわ	0	i chuchu
0052	シンボリルドルフは理事長ではなく会長です	1	尻包丁chanel	0
0053	今後どのVがウマ娘を配信してもこの取れ高を超えることはないだろうな…	37	石山本願寺	0
0054	本当にありがとう	1	はるきHaruki	0
0055	ギバラ「はぁ〜キレそう」 自分「キレてたやんか」	8	すわぴちゃん	1
0055-001	ほんとそれ むしろブチギレ状態からようやく落ち着きを取り戻してきたところ	0	鶺鴒
0056	嗚咽助かる	1	ナムル	0
0057	8:16 ｢ここで無料パート終了でございます｣ まさかこれがフラグだったとは……	26	えいちえす	1
0057-001	途中で映像が乱れるって有料チャンネルかな？	0	鶺鴒
0058	ギバラ頼むから横画面でオネシャス	1	しらあおい	0
0059	初出の娘のスクショ撮れないのは辛すぎてハゲるし吐くしハゲる	0	Amalia Cortot	0
0060	なるほど	1	長谷川融合	0
0061	抽卡实况在最关键的地方出事真的是很悲伤。。好惨。。	0	terSs E	0
0062	たづなさんほしいね	0	しらすさん	0
0063	🐴🐴🐴🐴( ﾟДﾟ)ｳﾏｰ	1	ひでまる	0
0064	8:45 画面外で捕食されとるか？	8	伊藤	0
0065	Thank you ♡ ♥💕❤	1	Bang Dream	0
0066	25:10 草 直接吓吐了(	5	terSs E	0
0067	TMオペラオー　ジョッキーの 和田竜二 騎手に雰囲気凄い似てて凄いと思う。	0	tabi- [go-Da]	0
0068	ギバラが本物の馬にツッコミませんように	2	MOMAMOMA	0
0069	2000年、有馬記念。 勝ち続けると、すべての馬が敵になる。 その馬は、完全に包囲された。 道は消えたはずだった。 テイエムオペラオー。 お前はなぜ走れたのか。  『年間全勝のレジェンド』  その戦いに、人は夢を見る。　 さぁ、夢を見よう。	15	tabi- [go-Da]	0
0070	ギバラちゃん久しぶりに見たらその服なんですか  引き良くて嫉妬しちゃうw	4	さやま	0
0071	配信お疲れ様でした、ノーシグナル、カタカナで見るとかっこいい！	0	神城アキラ	0
0072	ガチャ配信助かる ウマ娘面白いけど育成がむずい	1	dotism	0
0073	バクシンバクシン！	1	かずや	0
0074	わざわざここに書きに来るアホもアホ	69	蒼星の夜明	0
0075	ちばから	2	kouki yanagita	0
0076	この世にはこれだけ発狂するほど ガチャに命賭けてる人もいます。 無論、私もその一人を自負します。 開発頑張ってよかったねサイゲさん。	1	SEVEN SENSE	0
0077	0:10 開幕ゲップ始動とは恐れ入る	0	秋水エイジ	0
0078	かわいいよ、ギバラ	0	もちだのひと	0
0079	モチベ下がってたのは最近の配信と頻度で察せた ギバラはにじさんじを知ったきっかけだかそれなりに悲しい	30	サートゥルナーリア	0
0080	バクシンバクシン	1	neru 15	0
0081	本人も流出なんて予期してないから例のことに関してここに書き込むのやめような	105	ヨシフシュヴァシヴィリ	9
0081-001	@胡桃沢三郎 そうなんやwそういうなら誰も予期してなかったのかも知れないわw でも表に出て欲しくないのなら言わなければ良かったのにな	0	9 12
0081-002	@9 12 誰もメン限配信の発言が表に出るなんて思ってないでしょってこと。なんなら表立って話してほしい内容でもないでしょ。なんでわざわざメンバー限定で話してるのに普段と同じ条件を課さないとならんのよ。	4	胡桃沢三郎
0081-003	誰か翻訳して	0	9 12
0081-004	@9 12 メン限配信が元ネタとかじゃないのかこれって。それなら予期はしなくないか。ギバラが高学歴超エリートと思ってるなら話は別だが。	0	胡桃沢三郎
0081-005	引退みたいなデカいニュースを流出しないなんて不可能だろ 切り抜きアップロードはともかく	5	坂田銅時
0081-006	予期してないのは流石に頭悪いと思う	5	9 12
0081-007	@ああ KYの化身で草	18	ルリ
0081-008	@ああ やめようなって言った上からこれか	64	氏神
0081-009	引退悲しい😢	7	ああ
0082	取れ高の鬼	1	koHip	0
0083	V豚の悪いところ全部出てて草	87	野獣先輩と愉快な仲間たち	1
0083-001	何が駄目って元々民度終わってるのに より酷くなってるとこ	5	カニのぷろ
0084	リスナーという集団の中にいることを自覚してないから、一個人の勝手な行動(メン限配信切り抜き)ができるんだよね。そんなことをしているリスナーがいるから善良なリスナーも悪者扱いされる	23	中野フーイ	0
0085	大好きだよ	7	なっさーTV	0
0086	vは将来性ないから、稼ぎ時に稼いでスパッと辞めるのはある意味賢明かもしれないな。	45	rara natadecoco	0
0087	正直抜ける	0	桐生ちゃあああん?	0
0088	新衣装なのに…	11	チェカ・	0
0089	引退マジか… 卒業しても応援してるで…	16	白猫	0
0090	10:04 「あ゛あ゛今……ちょ今解決策として今江良ちゃん映してるところに……ちょあたしを映してるところに」  江良ちゃん映してるところに  江　良　ち　ゃ　ん　映　し　て　る　と　こ　ろ　に   よってギバラ≠御伽原江良 Q.E.D.	34	ネアンデルタース	2
0090-001	@伊藤 そのあとわざわざ言い直してるからなぁ…	4	Round
0090-002	自分のことを名前呼びするイタイ女かもしれない。	5	伊藤
0091	Kawaii 25:21	2	KMM _HKG	0
0092	ずっとずっと大好きだよ	11	虚無	1
0092-001	8:45　↻　見どころ	6	虚無
0093	まだ稼げる	13	村雨	0
0094	ポルカサーカスの座員になられたんですか？	2	りるる	0
0095	頭がおいついてないんだけど、え、YouTubeの投稿も辞めちゃうの？；；；；；；	9	hanaaa	0
0096	引退まじですか... この配信見てて、テイエムオペラオーが出た時クソおもろい事故が起きてやっぱこのv何か持ってるもんあるなってて思ってすげえわってなってたのに	9	KEN	0
0097	嘘だと言ってくれ	2	7 7 3 t	0
0098	このガチャ見ながら引いたら4枚抜きしたので低評価です！	0	ぽんず	0
0099	達者でな	8	としふく	0
0100	おつかれ	0	オリオンφ	0
0101	引退って知って来た〜 てかまだ2年しか経ってなかったんだね…！知名度的にもう10年くらいやってたのかと笑 最後まで自分らしく駆け抜けてくだせー！	8	ザクセン	0
0102	ギバラ卒業ってマジ？	7	影丸	0
0103	卒業かぁ、、、、、、、	5	エルモに彼女を取られ嫉妬するクッキーモンスター	0
0104	メン限切り抜きとか流石バチャ豚（笑）	8	Ranger5_ha_GOMI ．	19
0105	久しぶりにエラちゃん見に来たんだけど何だこの衣装。船長かよ	4	あなこっぽら	0
0106	I've never seen this kind of Gacha live.	1	時雨改五	0
0107	初見なんだけど…               引退って‥	7	ゲッペルズ総統閣下	0
0108	Hola el avatar está muy bonito	1	Yatzil España	0
0109	中華vキャバクラの方に転生するんかな？	12	ねもうす鳥	2
0110	vってなんでみんなしてこんな人気なんやろなぁ。配信者ならもっとおもろい人いっぱいおると思うんだけど	10	こきょう	14
0111	どうせその内信姫みたいになるやろw	10	タチャンカ様	13
0112	引退か…残念だな。	9	ジューシーマヨドック	0
0113	えらちゃん引退聞いて泣きそう......	2	ひいらぎふとし	0
0114	ありがとう	2	世界で一番愛してる江良ちゃん	0
0115	多分稼ぎ切ったから引退するんだろうけど、 最後の最後で引退前に漏らしちゃうとかホントにバカすぎて草	29	あまくい	7
0116	新衣装で稼いで、次は引退配信でもう一儲けっすね！！！	6	するめ。	0
0117	頼むからホロには転生しないでね。汚点は増えて欲しくない	15	コブロン	7
0118	いやあ引退の2文字だけでイキり散らすバカがこんなに集まるとはねえ。	3	utamaru3581a	0
0119	御伽原さん辞めるの？	4	炭水化物	1
0120	引退か	1	N Assa	0
0121	まぁ配信頻度も低いし飽きたか、自分の素の性格に合うキャラに転生するんだろうな	19	Nuer	2
0122	面倒くさい事になる前に逃げべ🤣 こんな未来ないコンテンツ、お金稼いでサヨナラ！🥰	9	68あかさ	1
0123	卒業すんの？	2	小さな嘘をつく奴	0
0124	え	0	ふねて75	0
0125	引退・・・・?嘘だろ、、夢見りあむへの 「汚オォォォォ　ﾉﾎｫ」も聞けなくなるのか。 寂しい。	1	フレア団のカエンジシ	0
0126	ほ、ほんとに引退しちゃうんですか？	1	ゆたんぽch	0
0127	😍😍🔥🔥	0	Dynamo、ダイナモ	0
