0001	最後に遊んだ作品が自分の好きなゲームで嬉しい。 残されたアーカイブが消える前に出来る限り辿ります。 本当にお疲れ様でした。	49	ナクト	0
0002	江良ちゃんの配信を見るのはゼル伝が初めてでした。卒業されると聞いてとても残念です。少しの間だけですが、楽しませてもらいました。ありがとう。達者で。	12	月そば丸	0
0003	And just like the game, she ends her journey.	12	Lancynical	0
0004	1:21:45 萌え声生主    正直可愛すぎてビビった	6	川手.	0
0005	そうかギバラは歴代ゼルダ未プレイだからリンクが倒してゼルダが封印するっていう王道パターンを知らないからゼルダがおいしいところ持ってたように感じるのか	57	むらくものみこ	0
0006	正直勝たないで欲しいと思ってた。でも勝った瞬間勝ってくれて良かったと思えた。おつえら！	91	おーい綾鷹	0
0007	存在が忘れ去られない限り御伽原 江良という存在意義はずっと残り続けるから忘れてはならない	0	いのらん	0
0008	1:17:11 ちゅき 1:35:15 迷子のリンクくん 2:29:41 ﾋﾞｴｴｴｴｴｴｴｴｴｴｴｴ 2:39:37 怨念がおんねん！ｗ	82	そこらの民衆	0
0009	Thank you for streaming one last time on my birthday. 大好き .	0	CrowFeit	0
0010	クリアとウツシエコンプ、そして2周年おめでとう！お疲れ様でした！本当に面白かった！	54	ゆうご	0
0011	2周年おめでとう🥰ありがとう。	6	一般通行野草	0
0012	I want to treasure this last stream...feels like it was just another day together	5	Bwaka 67	0
0013	最後に好きなゲームやってくれて嬉しかった。 2年間お疲れ様でした！ありがとう！！	2	川手.	0
0014	リンクが死にそうな場面で　りんご食えってコメントあったのマジ草　そしてギバラありがとう	16	秦瑞普尔	0
0015	ゼルダ BotW  クリアおめでとう！ 面白くて、可愛くて、凄く楽しかったです 2周年もおめでとう！	4	ひとつめ。	0
0016	この世にギバラがいたという証がなくなってしまうのが悲しい	9	森森	2
0016-001	俺たちが覚えてればそれが1番の証になるんだよ……	0	しゃろん:フリー素材
0016-002	志村けんさんの時のような虚無感	0	N J
0017	クリア、記憶回収おつかれ〜！ 最初から最後まで面白かったよ！ おつえら〜！	12	ウパー	0
0018	ありがとうございました。	7	アルセウス	0
0019	00:01 最初からかわいいムーブ	5	Ketaけた	0
0020	I can no longer see her avatar move live.  Time to make a 2Dlive wallpaper of Gibara. I'll probably add some voice clip when you click her. Heh. Reality can be whatever I want.	0	Zena Nakazato	0
0021	ギバラが引退してしまって、寂しい寂しいと思ってだけど、開幕いきなり吐いてるの見て爆笑してしまったw	5	リhir	0
0022	クリアおめでとう🎉 ２周年おめでとう！！	2	tora shiroi	0
0023	クリアおめでとう！  そして、2周年おめでとう！！！！！！！ おつえら〜！	25	山	0
0024	2:29:40　推しが出てきて大興奮する江良ちゃん  ブレワイクリアおめでとう！ ゼルダ無双にもリーバル出てくるから是非やって欲しいよ！	32	フォル	0
0025	2周年おめでとう!!そしてブレワイお疲れ様！面白かったよ	17	ヘイガニのいとこ	0
0026	実質最後の配信かぁ...	9	おめぇもゲェジかぁ!?オラもなんだぁ!!!	0
0027	江良ちゃん、長時間おつえら〜	6	氷雨	0
0028	2周年おめでとう🎉！ おつえら〜！	1	しじみちゃん	0
0029	2周年おめでとうだいすき！！！！🐰💗💗💗	1	hanaaa	0
0030	2周年おめでとうございます🎊	1	貢推引人	0
0031	夜遅くまでお疲れ様でした！ そして2周年おめでとうございます！🎊	1	T. T.	0
0032	2周年おめでとう！ブレワイ面白かったぁぁ！	0	図屏風唐獅子	0
0033	二周年おめでとう！！	0	えなえな	0
0034	楽しいブレワイの時間をありがとう	0	サンチャ	0
0035	おつえら…！！！！！！！！楽しかった！！！リーバル最高！！	4	_な	0
0036	2周年おめでと〜！えらちゃんのブレワイ実況大好きだったよ！おつえら！	2	痔ラッパー	0
0037	ゼルダの伝説 BotW　お疲れさまでした ともに駆け抜けた冒険の数々、最高でした	4	ぐぴぐぴもぷもぷ	0
0038	江良ちゃんのファンとしても、ゼルダシリーズファンとしても、この名作をこの節目にクリアしてくれたことが本当に嬉しい  江良ちゃん2周年&BotW完結おめでとう！	17	zmz Fumi	0
0039	2周年おめでとう！	5	チキンバスター/ChickenBuster	0
0040	アーカイブは残して欲しいな…	13	rUToβ	0
0041	旅の終わりを見届けられてよかった...☺️ おつえら！	4	あおりんご	0
0042	2周年おめでとう！！ ブレワイ面白かったー！！ ずっとだいすき！！！！	2	なさ	0
0043	もう配信がないと思うと泣きそう	23	delete _xd	2
0043-001	そっか、もう配信見れないんだ そっか……     (இдஇ`｡)	5	マグロのお兄様
0043-002	俺もう泣いたわ......w          ｡･ﾟ･(ﾉД`)･ﾟ･｡	12	ゲシュタルト崩壊した人
0044	クリアお疲れ様でした！寝落ちして最後まで見れなかった、、、後でアーカイブ見ます 2周年おめでとう！！	3	阿獰	0
0045	2周年&クリアおめでとう！！ おつえら！！	2	えりおっと	0
0046	お疲れさまでした　　アーカイブは消さないで欲しい…	8	aaa aaa	0
0047	クリアおめでとうございます	1	すしわ	0
0048	自分らしくゼルダをする姿を見てるのが楽しくて、途中からアーカイブ全部見て追っかけるくらいにはハマってたよ 連日長時間配信ありがとう！お疲れ様！	6	ノッル.	0
0049	1:31 開始 装備強化パート 12:09 大妖精 16:17 忍びシリーズ購入 1:17:08 祠　力の試練　序位 1:20:30 ポックリンに会ってポーチ強化  ハイラル城攻略へ 1:43:02 ハイラル城下町跡 1:44:22 ハイラル城  1:50:00 ライネル(青)戦 2:02:32 ライネル(白)戦  2:27:55 ガノン戦 2:39:55 魔獣ガノンとの決戦 2:47:58 決着、そしてエンディング  記憶コンプリートへ 3:01:08 ガノン前から再開  3:06:12 ゼルダとの記憶　遺物とゼルダの役目  3:11:23 ゼルダの日録 3:20:15 ゼルダの研究録  3:36:14 ゼルダと英傑達との記憶　騎士任命  4:12:23 ゼルダとの記憶　厄災復活の予兆 4:19:34 ゼルダとの記憶　姫しずか 4:25:59 ゼルダとの記憶　封印の力 4:31:26 ゼルダとの記憶　厄災からの逃亡  4:34:56 インパに報告　最後のウツシエを知る  4:45:19 最後の記憶　ゼルダ覚醒  おまけ 29:39 ほよ〜ん 2:29:42 リーバルに限界化1 3:37:39 リーバルに限界化2	34	紳士.	0
0050	おつかれさま。ありがと。	0	雨衣「観測者γ」	0
0051	2周年おめでとう！ 行けなくてごめんね😢 ブレワイおつかれさま！	1	くみちょー	0
0052	江良ちゃんのbotw楽しかった！戦闘の仕方すぐ忘れてボコボコにされても最後は勝つの江良ちゃんらしくてすき あと、弓ヘッショで楽しくなっちゃってそれしかしなくなるの子どもみたいでかわいかった	3	柳ユウ	0
0053	二周年＆クリアおめでとう！	3	ゆのみ	0
0054	クリア＆2周年おめでとう！ 今回も面白くて可愛くて最高でした	1	雨井、傘を離さない。	0
0055	クリアおめでとう！そして2周年おめでとう！！	2	ララララスタ	0
0056	クリアおめでとう！ 江良ちゃんの冒険楽しかったです。 今日は特に戦いへの順応が早すぎで天才かぁ？って本当に思いました。 長時間のプレイお疲れ様です。	2	kty	0
0057	感覚が戻って来たらちゃんとできるの凄い！クリアおめでとう！ 2:29:41    かっこいい英傑達 3:33:23    かわいいガーディアン 3:37:38    リーバル	6	ゅぅゃょゎぃ	0
0058	クリアおめでとう！ ２周年おめでとう！！	2	エンジェルスライムきゅうさま	0
0059	BotWクリア&2周年本当におめでとう🎉	2	ステラおじおじさん	0
0060	2周年おめでとうございます！	1	としくん	0
0061	面白い大冒險 疲れ様でした♪	0	12月31日	0
0062	2周年おめでとう!江良ちゃん	1	a s	0
0063	ゼルダシリーズ初めて見たけどとっても面白かった！ 2周年おめでとう！	0	可視光リリリ	0
0064	もう配信が見れないと思うと...チャンネルが消えるという事を聞いて、居てもたってもいられなくなり、あまり良くないことだと分かっていますが.....      今までのアーカイブ全部PCに保存してます	9	灰と幻想のただの厨二病です ハイ	6
0064-001	@受験生きのこ 個人利用なら法には抵触しないけど、youtube規約には抵触するよ。 まあ規約を守らずにダウンロードしている人間なんて山ほど居るだろうが、それをわざわざコメントでひけらかす辺り民度が知れる。  参考  本サービスの利用には制限があり、以下の行為が禁止されています。(中略)本サービスまたはコンテンツのいずれかの部分に対しても、アクセス、複製、ダウンロード、配信、送信、放送、展示、販売、ライセンス供与、改変、修正、またはその他の方法での使用を行うこと。ただし、(a)本サービスによって明示的に承認されている場合、または(b)YouTube および(適用される場合)各権利所持者が事前に書面で許可している場合を除きます。  「許可と制限事項」より	3	T畑
0064-002	@I LOVE TACHANKA 公開しなければ犯罪ではないのでは？	3	受験生きのこ
0064-003	ｺﾞﾒﾝﾈ(小声)	0	灰と幻想のただの厨二病です ハイ
0064-004	普通に犯罪ですね	1	I LOVE TACHANKA
0064-005	その気持ちわかるぞ	1	神速の朧蛇ゼロ
0064-006	わかる！わかるよ！ストック出来るデータ容量があったらやってた(´；Д；`)	2	mineum
0065	0:00 入念な準備 1:17:11 「ちゅき！」たすかる 1:35:15 歌枠 1:44:13 ハイラル城到達 1:49:12 あまりにも長い眠りで記憶が失われてしまったギバラ 2:01:34 闘いの中で記憶を取り戻していくギバラ 2:27:36 ガノンさんとの初対面 2:29:35 「ひ゛え゛え゛え゛え゛！！」 2:39:23 「怨念が、おんねぇん」 2:47:36 ♡♡♡ギバラとリーバル、最初で最後の共同作業♡♡♡♡♡♡♡♡♡♡ 2:59:16 ゼルダ“は“生きていた 3:01:17 ウツシエの記憶集めツアー 4:33:31 最後の記憶と言ったな。あれは嘘だ  ガノン戦でミファーもリーバルもぴえんもウルボザも、全員活躍してるのホントエモがすぎる	7	All Lies	0
0066	物語の続きがめっちゃ気になるけどここまでって決めてたなら仕方ないか… 改めて2周年おめでとう🎉	1	いち	0
0067	クリア＆2周年おめでとう！！！ 私は寝落ちしちゃってリアタイできなかったけど、、、😢 おつえら～	0	さな	0
0068	ありがとう	2	世界で一番愛してる江良ちゃん	0
0069	リーバルの「あの姫とは気が合いそうだよ」に対して恋敵...？って言ってるコメいて草	1	絶対に切れないミサンガ	0
0070	1:00:48 お料理開始 1:10:05 薪食えるワザップ 1:17:11  ちゅき 1:20:21 帰りたい 萌え声生主 1:53:52 操作方法を忘れる 2:27:50  ボス戦スタート   2:39:46 怒涛のは？？？？？？？？コメ 2:43:32 ばさしいいいいいいい 2:48:06 ゼルダ眉毛太くね？  3:10:04 ハメハメ 3:11:22 ゼルダの日記 3:30:17 ドジっ子ガーディアン 3:33:15 なんか可愛いガーディアンと可愛い江良ちゃん  4:11:00 結構かけて見つけたスポット	7	らむｗｗ	0
0071	江良ちゃん２周年おめでとう！！！  これからも全力応援します！！！	6	ren it	3
0071-001	@zころばし屋 どんな気持ちかって？ 推しを全力で笑顔で送り出せたことよ。何か問題？	4	ren it
0071-002	@zころばし屋  何故それをわざわざ聞く必要があるのか 分からない	1	かたくりこ
0071-003	今どんな気持ち？	0	zころばし屋
0072	ラジオの生放送からの長時間の配信お疲れ様 やっぱりラスボスは実質雷のカースガノンでしたね	1	マークツー	0
0073	ラスボス撃破からの全クリおめでとうございます。 ゼルダシリーズは名作ばかりで歯応えのある謎解きも多数用意されてるから また気が向いたら旧作も是非プレイしてみてほしい。  改めてデビュー2周年おめでとうございます！！	3	一人ちくわ祭り	0
0074	クリアおめでとうございます！ 途中で寝落ちしてしまったけれど…  それと2周年もおめでとうございます。	0	ネマ	0
0075	2周年おめでとう&クリアおめでとう！	0	Shell Posix	0
0076	ほんとありがとう クリアおめっとなす	1	ちーくぺとりす	0
0077	クリアおめでとう！	1	ただのゲーム好き	0
0078	クリアおめ！！！	0	shiki magatama	0
0079	0:52:30 音を出すものに厳しい江良ちゃん 0:58:00 スタルモブリン参戦！！イーガ団参戦！！ 1:44:20 一昔前の弱めのクッパ戦ぽいSE 3:05:50 M.C.ドナルド再び 3:33:10 楽しそうに目玉撃ちハメする江良ちゃん	4	ひき茶	0
0080	江良ちゃんやっぱゲーム上手いなぁ	1	うるしぃ	0
0081	2周年おめでとう！ ここ数日の長時間配信お疲れ様でした クリア出来たことが嬉しくも寂しくもありますが…	0	稜ちゃん	0
0082	行かないでおくれ〜😭←	5	Mas chera96	0
0083	お疲れさまでした	0	nozumi nozumi	0
0084	w	1	ωさっさん	0
0085	クリアおめでとう！ここ連日のぎばらのブレオブめっちゃ面白かった！      今日だけだから本人にも言わせてもらうぞ… 大好きだ江良ちゃん…ずっとずっと…	4	闇ちゃんだぅ	0
0086	以下タイムスタンプあらすじ    0:15 プリ☆チャン 1:00 ゲームスタート 2:14 人中長っ！ 4:58 平原の塔 5:46 丘陵の塔 6:32 アッカレ古代研究所 8:54 タバンタの塔  11:55 大妖精シーザ 15:40 カカリコ村 その１ 17:54 大妖精クチューラ その１ 25:54 ホタル探し開始 28:27 あのモブー！ 30:10 大妖精クチューラ その２ 36:05 大妖精ミジャー 38:10 わぁーっ！ 42:18 イチカラ村 45:38 カカリコ村 その２ 46:28 おい鳴くな！ 49:10 ゾーラの里 51:46 カカリコ村 その３ 52:34 うるせぇって！！ 53:44 大妖精クチューラ その３ 55:36 ハイラル城へ 58:03 お前ありえんだろ！！  1:00:50 料理タイム 1:16:48 カタ・チュキの祠 1:20:00 ポックリン 1:28:23 ほこら探し 1:40:00 ハイラル城下町跡 1:42:45 ガチセーブ厨 1:44:15 ハイラル城 城門 1:45:18 狙われてるけどセーブ！ 1:49:00 三の丸 vsライネル 1:51:05 戦いを忘れております！ 1:54:14 盾持ってない！ 1:57:10 言ったでしょ！上手いんだって！！ 1:59:15 技術はあるけど頭が足りてない  2:00:00 デビュー二周年 2:01:33 二の丸 vsライネル 2:11:50 連続ラッシュ 2:13:45 ライネル撃破 2:25:50 いつでも使える男と女 2:27:38 本丸 2:29:40 びえぇぇぇぇっ！！！ 2:30:10 かっけー！！ 2:31:00 vs厄災ガノン 2:38:00 厄災ガノン撃破 2:39:20 vsラスボス 2:47:38 ゲームクリア 2:50:50 エンドロール 2:59:50 リーバル行かないでぇぇぇ！！！  3:01:49 記憶めぐりの旅 3:06:00 思い出した記憶 その１ 3:11:21 ゼルダの日録 3:20:06 ゼルダの研究録 3:25:30 リーバルの日記ある！？ 3:33:30 ぴっ 3:36:10 思い出した記憶 その２ 3:37:35 急にさぁ！声の低さ変えるのやめてくんないかなぁ！！ 3:38:50 平原探し 3:45:10 他の方やるわ 3:45:53 峡谷探し  4:06:27 おや 怒ったのかい？ 4:11:05 思い出した記憶 その３ 4:14:10 攻略サイトは神です。ホントに。 4:16:18 絵描きからのヒント 4:19:29 思い出した記憶 その４ 4:25:40 思い出した記憶 その５ 4:31:20 思い出した記憶 その６ 4:34:45 インパへの報告 4:36:15 最後のウツシエ 4:45:10 思い出した記憶 ラスト 4:48:35 ウツシエ コンプリート  三週間で42時間超えのロングラン配信、本当にお疲れさまでした。 謎解きでの読みの鋭さ、限界オタクのリアクション、ばさしやゴルシたちと 楽しそうに旅する雰囲気と江良ちゃんらしさが存分に見られて楽しかったです。	4	里	0
0087	ここが旅の終わり。 2周年おめでとう。	3	とっきい	0
0088	本当におめでとう	1	森中好きの新人くまさんず	0
0089	おつえらー ブレワイクリアないすぅ 江良ちゃんアクションつよつよなのでは？w 2周年おめでとう🎉 楽しかったー	1	いろはに	0
0090	ｗ	0	magnet	0
0091	この配信の終わり方がもう… 新衣装可愛かったよ😢	6	fank fish	0
0092	おつえら 楽しかったよ。ありがとう。	1	Ciel	0
0093	寝落ちしたけど追いつきました。クリアおめでとう！  以下、自分語りですごめんなさい。 ブレワイは中国の妻にプレゼントとして買って、一緒になって楽しんだゲームです。 私の不甲斐なさで、妻と一緒に住んでいた部屋の家賃も払えなくなり、 妻は中国へ帰らざるを得なくなってしまいました。 そのあとにコロナになり、妻と直接会えなくなって久しくなってしまいました。  えらちゃんがブレワイをプレイしてくれるって知って、 配信を見ながら妻とプレイしていた頃のことを思い出して、純粋に嬉しかったです。  将来、中国に行けたら、また妻とブレワイを えらちゃんの動画と一緒にたのしもうとおもいます。  ありがとうございました！	7	ひなぎくhinaggik	0
0094	クリア&2周年おめでとう！ メンタルやられてるときにギバラの配信・ライブには救われました。zepp札幌のファンサとか特に。 ギバラの人生がこれから先少しでも笑顔が多いものになりますように！おつえらー！！	0	さつき	0
0095	w	1	江戸川乱歩	0
0096	長かったですがようやく戦いに終止符を打つことができましたね！ クリアおめでとうございます！ そして2周年！おめでとうございます！！ 大好きだよ！江良ちゃん！	0	コンティロマネ/イルミナたんふぁんくら部部長	0
0097	おつえら！	0	電子レンジ	0
0098	w	0	やせたかなし	0
0099	w	0	傘傘	0
0100	Good shit.	2	Aeth Alpenglow	0
0101	(ﾌﾝ) 君にしちゃ 頑張ったんじゃないか?   じゃあそろそろ行きなよ…… まだやる事が残ってるだろ?	7	Sorasuke	1
0102	おつえら	1	やこ	0
0103	w	1	見た動画に草をはやすやべーやつ	0
0104	​なんか今日？引退するんですか？ ゼル伝から流れて見に来たら スゴイ場面に遭遇しました。 BotW配信楽しかったです。お疲れさまでした。	5	K T	0
