0001	シェモ・ラタの祠で爆弾使えのコメが多い中、自分の回答を探し出して突破するのかっこよかったです。  あと、謎解きで答え教えられるのはやりにくいと思います。(個人の意見)	67	kty	7
0001-001	ネタバレコメは黙ってブロック ブロック過多になると自然と配信側からも見えなくなる	4	アナルビルダーnEx
0001-002	荒らし目的でネタバレするやつはまだマシ 本気で善意で良かれと思ってネタバレするやつが一定数いるのがやばい	23	つゆり
0001-003	マジでわからんのが、答え教える意味なくね？ 江良ちゃんが自分でクリアするのを見たいのに、答え教えてその通りさせて何が楽しいん そんなに早くクリアしたけりゃ自分でプレイすれば？	12	ZEN
0001-004	ちなみに自分はバグ技を使いました	0	町屋陽子
0001-005	自分の思い込みかもですが、江良ちゃんが答えのコメント見て見ぬ振りしてるのが何とも… まあ、生配信では良くあることと思いますが。	5	kty
0001-006	祠内ではコメント見ないようにしてるのかな〜と見てて思いました。気のせいかもですが(´・ω・｀)	2	鈴央渡邉
0001-007	それなです	2	あお
0002	3:00:07 イバラ大炎上	38	ナタ	0
0003	3:01:02 江良ちゃんがイキイキと自分の解法を見つけていく過程がおもしろかった	11	はらまき	0
0004	お疲れ様でした!バイトでちょこちょこしか見れなかったので 、改めてゆっくり見ようと思います。😊	14	ひな	0
0005	江良ちゃんのやる事を見てるうちにどうやって謎を解きたいのかが理解できて、それが実現できると解った時メチャクチャ面白かった。脳汁どばどばだった。一度やった祠をまたこうして楽しませてくれてありがとう	15	樹形図	0
0006	大妖精にドン引きしてて草	14	カーズ様	0
0007	愛馬に「えらいねぇ。ホントえらいね」って餌あげながら褒めた後「馬刺し」って言うの毎回笑っちゃう	7	yuki	0
0008	「いい事」で暴走するの最高にギバラ（誉め言葉）	1	よもぎ	0
0009	今日もギバラが可愛い	5	アルセーヌルパン	0
0010	3:40:10  神回避	2	絶対に切れないミサンガ	0
0011	ばさしになって江良ちゃんと旅したい人生だった	6	柳ユウ	0
0012	ブレワイの初めてドラゴン見つけた時の興奮はすごい	5	そらまめ	0
0013	ウルフリンクのamiibo可愛いのでぜひ買ってみて欲しい	1	nasunasu 00	0
0014	新解法　3:29:50	5	Rain Circle	0
0015	しんのすけの真似似てて吹いたw	0	yuuto	0
0016	長い時間お疲れ様でした☺️いつも楽しそうにされているから、こっちも楽しくなります。ありがとう🌼	1	ひでまる	0
0017	たまにやるやんってときあるけど記憶力がニワトリすぎる...	0	モルテ	0
0018	3:30:50 拍手しちゃった	0	かさばり	0
0019	馬刺しの事とうとう馬肉って言ったなぁ🤣	1	てぃーーーもちょーん	0
0020	3:01:10 俺	0	猿.マシラ	0
0021	2:16:07 聖地巡礼 3:38:25 ぴえん族	0	Niy / ニー	0
0022	お、今回時間長いな	1	たかしわ	0
0023	1:09 開始　  ハテノ村探索 14:27 祠　ミャマ・ガナのからくり 54:48 ハテノ古代研究所  ウツシエの記憶探し 1:24:33 大妖精の泉探索 2:16:13 記憶発見(ガノン襲来時)  神獣探索 2:26:10 祠　沈んだ救い手  2:41:52 ゾーラ族との遭遇  3:01:30 祠　光が時を刻む間に 4:00:08 祠　力の試練　序位  4:05:40 シド王子と会う	10	紳士.	0
0024	ネタバレ     ゾーラ族は基本的にかわいいやつかかっこいいやつしかおらん	6	チカちゃん	1
0024-001	ネタバレ      シドとミファー、かかわいいよねアミーボほしい	3	町屋陽子
0025	ハマりつつあるのがよく分かって嬉しくなる。 末永くじっくりと続けて欲しい。	2	のき	0
0026	続き待ってます	0	ミルコメダ	0
0027	嘘やん馬に付けた名前一緒やんこれシンパシー感じちゃうなぁ運命かなぁ(ﾆﾁｬﾆﾁｬ	2	。キヌクソ	0
0028	正直ギバラの脳みそじゃゼルダは無理だと思ってましたごめんなさい	5	ベディアン	0
0029	1:18:32　ここでZLのことをを間違えてZRとコメントしてしまいました。すみません。	3	けい	0
