0001	実は裸のリンクに反応するNPCは結構います パーヤも顔を赤らめて反応してくれます  それがゼンラの伝説　ブレスオブザワイルド	58	Cocopoo2000	1
0001-001	そうですね全裸縛りの時のNPCの反応が好きでずっとやってます。技も鍛えられるし普通に良きですよw	4	中邑竜
0002	2:24:18 初手イーガ団ガン無視なの強者過ぎる	17	あぶあぼぅ	0
0003	16:35　音声認識システム付NPC	48	フォル	0
0004	16:10 第一村人と会話が成立した瞬間	39	そこらの民衆	0
0005	1:29:16 萌え声生主みたいなポックリンのアテレコ  1:52:35 女性の部屋に勝手に入り服を脱ぐ変態(英傑)	32	紳士.	0
0006	ばさしもばさしに対する江良ちゃんも可愛かった！ そしてアフレコがホントに上手い 1:29:16  萌え声 1:49:05  おばあちゃん	10	ゅぅゃょゎぃ	0
0007	何だかんだギバラはゲーム上手いから安心して観れるのが好き	8	太陽の中の生活	0
0008	1:07:13　名前ちゃんと考えた結果がこれですか……	18	コンティロマネ/イルミナたんふぁんくら部部長	1
0008-001	使えなくなったら　即食い	3	fank fish
0009	59:19　最強生物コッコの逆襲	8	柳ユウ	0
0010	1:29:15 1:31:50 完全復活 からの 1:29:56 センシティブ	16	ひなぎくhinaggik	1
0010-001	若干声高いアルス・アルマル	3	チカちゃん
0011	ギバラ察しが早くてゲームと息ぴったりなのおもろいw	8	じゃぱにーずモアイ	0
0012	さては江良ちゃんめちゃくちゃBotWに向いてるな？ 頭が切れてアクションが上手。	7	のき	0
0013	概要欄見て嬉しくなった	9	yuki	0
0014	1:58:10 ここセンチュリースープ	4	ギョルイ	0
0015	1:31:50 この喋り方大好き	5	ずち	0
0016	今回も楽しかったです☺️次回も楽しみにしてます🌼	3	ひでまる	0
0017	48:26 時間停止	3	ぷりむ	0
0018	江良ちゃんの実況って良いよね     ち ゅ き や で 👍	12	ひな	0
0019	というか馬の名前が奇しくもこの世界の古代神獣のそれなんですが	4	Cocopoo2000	0
0020	アーカイブ見まくってる…( ；∀；)	1	狛猫	0
0021	やっぱギバラの実況おもろい！	1	しゅうくり	0
0022	萌え声が度々悠木さんに聞こえる 最高	0	通りすがりの私	0
0023	ブレワイ初めて見たけどめちゃくちゃ面白い	0	可視光リリリ	0
0024	なかなかリアタイ出来ないけど毎回おもろいぜひ最後までやって欲しい	0	Axel20115	0
0025	えらちゃんとゼルダの相性がいい	3	NH K	0
0026	2:17:02 おまかわ	4	なぬ	0
0027	コログかわいい	0	Axel20115	0
0028	1:31:17 ボッタクリン	0	絶対に切れないミサンガ	0
0029	皆コメントしていないだと（困惑）	4	もちもちのわらびもち	0
0030	1:29:20 江良ちゃんきちゃあ	3	투르아바	0
0031	ボックリン（cv御伽原江良）かわいい ばさしかわいい ばさしを可愛がるギバラかわいい	4	Aki 45621272	1
0031-001	あまみゃを更に高くしたような声･･･つまりロリ･･･ギバラ、お前がロリになるんだよっ！	0	かぐふぇす
0032	1:46:26 我、勇者ぞ？	0	MrJohn00993	0
0033	1:32:16   くっそツボ	0	絶対に切れないミサンガ	0
0034	48:28くらいのやりとりホント草(っ'ヮ'c)	1	ひき茶	1
0034-001	パーヤとばあやを間違えるのも草(っ'ヮ'c)	0	ひき茶
0035	いろんなライバーがいろんなルート行ってて面白いですね！ シナリオ通りでも狂ったルートでも、初見の楽しさを思う存分味わって欲しい	4	Sorasuke	1
0035-001	いつかライバーがバグ技や裏技が使うようになればいいのに	0	町屋陽子
0036	えらちゃんかわいくない？	0	ニシローランドゴリラ	0
0037	¡Great video! (人 •͈ᴗ•͈)	1	Sergio Romo Muñoz	0
0038	5:50 ヴァシ・リャコの祠 16:07 音声認識NPC 20:23 初コログ 32:17 高所恐怖症リスナー煽り 37:58 リ・ダヒの祠 48:26 迫りくる弾 50:13 エルサ 53:19 ナンパ 59:19 ゼルダ伝統コッコの逆襲 1:07:00 ばさし 1:09:49 エルサからのハユ・ダマの祠 1:29:16 萌え声生主 1:57:31 完璧なアテレコ 2:05:17 タロ・ニヒの祠 2:22:45 あいつ○すわ	25	ナコト	0
0039	アフレコが最高でした	1	てぃーーーもちょーん	0
0040	彼は思いしるだろう後々白銀ライネルという存在が出てくることお	10	町屋陽子	0
