0001	1日1食で、食べてるのがもずくって、それで事足りるとか言ってたけど、食生活大丈夫なのかな……	65	ひなぎくhinaggik	1
0001-001	それで良いと思っていても身体は悪くなる一方、ストレス溜まってるのかな。	6	陰陽
0002	1:04:30 えっさ、ほいさ、ほいさっさ	36	そこらの民衆	1
0002-001	えっさほいさ好き	4	kty
0003	ギバラのボイス発売したって聞いた時にはもう感動しすぎて泣きまくって家が冠水したよ	38	絶対に結婚するライナー【登録者数1000人で結婚】	0
0004	だんだん難しくなってきたねぇ ここの切り替えすき  1:36:12 わ・た・し♥️    1:36:47	27	ゅぅゃょゎぃ	0
0005	2:11:15 ほぼ聞き取れなくなったロゼッタボイス	21	圭ちゃん	0
0006	ギバラちゃんの元気な声が聴けて気持ち良く寝られます☺️ありがとー😃	12	ひでまる	0
0007	キノピオの声上手すぎる	3	ミジンコ	0
0008	古代魚惑星を　古代　魚惑星　で区切るの草	3	絶対に切れないミサンガ	0
0009	所々で「うまくない？」って聞いてくるのかわいい	7	くんりゅー	0
0010	31:26　1:48:38ウサギ侵略者説 1:43:10　1:59:35プチフルどっち派？	14	kty	0
0011	電子音声風ノイズ　0:11	3	神奈川横浜	0
0012	江良ちゃんご飯しっかり食べて健康に気をつけてね！！応援してます🧡	2	H M	0
0013	やっぱ江良ちゃんｽｷ	0	Zu Mi	0
0014	ボイスよかったのでコメントしに来ました。よかったです。	2	まるだしっ	0
0015	初めてボイスと言うものを買いました！ 苦手とか短いとか仰ってましたが、すっごい自然で、めちゃ良かったです…。  確かにえらちゃんがそこにいました…。 これが…質感……？	5	かむぱっく	0
0016	百日紅コメワロタ	2	閲覧用めふぃすと	0
0017	時々本気でギバラ養ってやんないと野垂れ死ぬんじゃないかって心配になるわ	14	bbksfck a.k.a ばびかす	0
0018	聞き取れないロゼッタボイスなんか聞き覚えあると思ったらオーマイキーの先生だわこれ	1	ひっちゃん。	0
0019	サムネ なんか増えたw	2	由磨霧燐くんの実況チャンネル[仮]Yumagiri-Rin	1
0019-001	残り3個てw	0	由磨霧燐くんの実況チャンネル[仮]Yumagiri-Rin
0020	サムネが2なのが笑えるw	3	五月雨YN ST	5
0020-001	@箱好き いえいえ、僕も変わってるのに気づかなかったので 紛らわしかったですよねw	0	五月雨YN ST
0020-002	@五月雨YN ST  そうだったんですか⁉ 何も知らなくて… もし不快な気持ちになっていたらすみませんでした...	0	箱好き
0020-003	@箱好き ほら、2じゃね？って指摘してる人、あと一人いるでしょ？ この配信の時は2のサムネだったんよねw	0	五月雨YN ST
0020-004	@箱好き あっ直ってるね… この前まで2の背景だったんだよねw	0	五月雨YN ST
0020-005	２はヨッシーに乗ってるマリオで背景は空みたいな感じだったと思います	0	箱好き
0021	サムネ2じゃね？w	12	Miroir Egg	2
0021-001	まあやんない気がしますけどね	1	電気の人
0021-002	2もやるという伏線の可能性が微レ存	6	電気の人
0022	あー、結構終わりの方で私風呂行ったのか……  あ、初です	3	黒焦げの鴉	0
0023	ケイトくんの誕生日ガチャ回さないんですか?	4	さらさ	1
0023-001	それな	0	もももももも
0024	偏見がヤバい	1	鈴木康太	0
0025	関係ないけどケイトのバースデー引きましたか？！私は20連目で出ましたー！	0	ひぃ	0
