0001	プリリズ・レインボーライブ(3期)だけでも見てください、人間関係ドロドロで感情が死ぬ超鬱展開の嵐が待っています、でも最後は必ず救われます、、、女児アニメと一言で済ませていいアニメではないです、、、	60	みけねこ	0
0002	プリティーリズム見てほしい	87	タピタピ	1
0002-001	プリリズえーよな	0	いつきたまき
0003	4:16 「プリパラは聖書」と「ギバラは清楚」で韻踏めますね ギバラップを作る予定のある方はぜひ	71	ポンデリング	0
0004	プリティーシリーズ個人的視聴順おすすめ  ずっちゃんのツイートから初めてこの方の配信を拝見しました.既にプリパラとアイパラは視聴済みとのことですので以降のプリティーシリーズの視聴順に関してご参考いただければ幸いです.  おすすめ①:時系列順 プリティーリズム1期(4クール)→2期(4クール)→3期(4クール)→キングオブプリズム1期(60分)→2期(90分)→3期(1クール)→プリチャン(約10クール+現行話) 単純に放送順です.ど安定、正直これでいい.  おすすめ②:キンプリの勢いで飲み干す順 プリリズ3期→キンプリ1期〜3期→プリリズ1期〜2期→プリチャン プリリズ1期と2期は世界観および時系列が繋がっているため連続で見るのをオススメしますが3期だけは(正確には1期2期見てないと分からない要素等もあるけど)世界観が独立していて単品で見ても作品の良さそのものは100%ではないものの十分に楽しめるタイトルになっています.なので他シリーズよりは短い話数(50話)で一区切りつける3期を見て、3期と世界観の繋がっているキンプリでブーストをかけて他のシリーズもそのまま飲み干すフードファイタールートです. シリーズの多さから途中で脱落した方を何人も見てきたので完走し易さで言えばこっちの方がいいのかなあ.  でも結局はどのシリーズから見てもいいんだ、それがプリティーシリーズだから.	111	Lock Caps	3
0004-001	I've always wanted to watch it  I will one day, probably	0	Segaco
0004-002	@レッドホットチキン卍スーパー卍  ええんやで、でも117話まで見たら1回そこで止まってプリリズ1期〜3期を見るんだ スタイリッシュ・タフ・ガイとの約束だよ☆	15	Lock Caps
0004-003	(プリチャンから見始めちゃ)いかんのか？	1	レッドホットチキン卍スーパー卍
0005	メン限じゃない雑談を見れたのは嬉しかった	41	ひなぎくhinaggik	0
0006	50万人おめ…プリパラはいいゾ 0:28 50万の話 2:37 リングフィットの話 3:48 プリパラは聖書 24:48 プリパラを振り返って  1:36:09 女児アニメの話 1:46:08 女児に関わる仕事がしたい 2:09:46 50万を迎えて 2:13:48 新年のおみくじ	70	そこらの民衆	0
0007	プリパラに50万やったのかと思ってきたけど、おめでとう	4	白菜白菜	0
0008	キンプリはいいぞ TVシリーズはプリパラオマージュいっぱいだぞ	3	HSO T	0
0009	プリリズプリパラプリチャンキンプリ全部面白いのほんと凄い。個人的にはプリリズRLが1番好きだから見て欲しいな…AD.DMF見てからの方がわかりやすいけどRLから入っても問題ないので是非に そしてリアルのライブもめちゃくちゃ良いんよ…生でマイドリのBelieve My DREAM!聴いて現地でガチ泣きした思い出	11	n2_ natsu	0
0010	プリパラへの熱を感じる良い配信だった… 話してる間に新しい夢ができるのもよかった プリパラを好きになってくれてありがとう 江良ちゃんの夢も叶いますように！	2	コージー	0
0011	プリパラ全然知らないんだけど、ギバラが熱く語ってたから気になってる。 何から履修したら良い？	10	コトコットン	5
0011-001	dアニメストアも全話見れるよ	1	尚樹万章
0011-002	@まりな あっ、同じシリーズなんだ。オーロラドリームは知ってたけどプリパラとは何故か別作品だと思ってたよ...(クソにわかですまん) どうもありがとうございます🙇‍♀️  調べてみたけど2作目なのか。てか主人公小5ってことに一番驚いた	0	コトコットン
0011-003	プリパラが見たいのであれば一期からの方がいいですが 作品としてプリティーシリーズを履修するならプリティーリズムオーロラドリームから順にの方がおすすめです	4	まりな
0011-004	@エノキ ありがとう！とりまアマプラで探してみる	0	コトコットン
0011-005	プリパラ一期から順に観れば大体わかる	4	エノキ
0012	夢に向かって凄い頑張った経験が無いって言ってるけどこの人数を楽しませれるのは才能やろ	14	しょうま	0
0013	ギバラにアイカツも見て欲しい	30	美華	1
0013-001	そしてプリキュアも(既に見てたら申し訳ない) 目指せ女児向け制覇だァ！	4	りんきゃさ
0014	13:13　ディステニー展開やとひびき様はプリパラシステムに飲まれてエンドやろうなぁ	3	ラミネス	0
0015	プリリズを見てほしいです…(´；ω；｀)	9	なつめ	0
0016	ひとりの人間をすくい上げて、次のステップへと送り出していったにじさんじ凄すぎない？ シンデレラに出てくる魔法使いのおばあさんかな？	0	mateNANANA	0
0017	江良ちゃん、プリパラの話題取り扱ってくれてありがとう。 ツイステにも関わってる山下誠一郎さんと小林竜之さんの歌声も堪能できるからWITH単独ライブDVDも見て欲しいな。 私のオススメライブDVDは「クリスマスドリームライブ2016」「サマーライブツアー2017」です。 i☆Ris本人たちが舞台した「ライブミュージカルプリパラ」(通称プリミュ)も面白いですよ。	14	ずんだぬむ	0
0018	プリリズは名言の宝庫 プリパラは語尾の宝庫 プリチャンは桃山の宝庫 キンプリは天然ガスが出たー！！	6	紅クリイム	0
0019	50万人がタイトルから消えてて草	5	白石誠	0
0020	メイキングドラマの「う～～」のドロシーの顔好きなのわかる	3	春雨	0
0021	この動画流しながらする3DSプリパラは至福	3	リィジュ	0
0022	50万人おめでとう🎉 ビックリするくらい熱く語ってましたね❗	3	ひでまる	0
0023	10:41ドロシー様降臨	3	ユメ	0
0024	14:17 みんなともだち、みんなアイドルっていうテーゼがあってアンチテーゼとしてひびき様が立ちはだかるというのはらぁら達にとって必要なことなんだよなね。むしろひびき様の存在があるからこそらぁらのスローガン「みんなともだち、みんなアイドル」は、社会通念上の綺麗事じゃなくてらぁらの個性として輝くんよ！！！！！ そして罪を憎んで人を憎まず、どんなにひねくれてても存在を肯定するヴァーチャル空間プリパラ…プリチケが届くとはそういうことや  「悪」も「善」概念でしかなくて人間に依存することはなくて「らぁら」は「らぁら」だし「まほちゃん」は「まほちゃん」なんよな…	33	あ	0
0025	プリちゃん見るならやっぱり最初から見た方がいい	7	ʚあいらぶɞ	0
0026	アイカツを(特に初期を)見ろ！！！！！	2	ぷりちー外道丸	0
0027	江良ちゃんの配信みて、久々にプリパラロスになって「なんでプリパラ終わっちゃったんだろう…」「らぁらﾏﾏ…」とか考えながら「プリパラ　新作」で検索かけたら  プリパラ　新作アニメ　21年春配信  生きる希望ができました。江良ちゃんありがとう	15	minato asuka	1
0027-001	さよならじゃなかったね	1	尚樹万章
0028	この動画なんか凄い熱を感じました😊	0	でれでれでーだら	0
0029	プリパラはふでやすの脚本で気が狂う	3	Sinderu Man	0
0030	プリパラを見てくれてありがとう	2	白玉あろま	0
0031	概要欄の飾らないシンプルな本音が好き	0	歯車	0
0032	50万　おめてとう！！	0	12月31日	0
0033	プリパラロスが未だに抜けません…………	1	hoheinaba chan	0
0034	キンプリまでたどり着いて救われて欲しい	1	A B	0
0035	ぐおおおおお見れなかった！！50万人おめでとう！！！！！	0	ib Emiya	0
0036	(プリリズを観た上でキンプリも…キンプリも見てくれ…)	1	まめ	0
0037	50万人おめでとう！ 言えてなかったからここで	0	: ACE	0
0038	ギバラの話すっげーわかる	0	尚樹万章	0
0039	プリパラは聖書 プリリズは義務教育  オーロラライジングになりたい	0	ri io	0
0040	みんな友達、みんなアイドル………()	0	ふわ	0
0041	プリパラやりたい	1	ゆうくん	0
0042	可愛い	0	N	0
0043	プリパラアプリリリースされたら即実況動画出してガチャで発狂してるギバラが見える見える	7	リィジュ	0
0044	プリパラだいすきです。	1	女柳沼郁美	0
0045	こんばんは	0	女柳沼郁美	0
0046	アーカイブ見よーって思って概要欄開いたんだけど…    ＿人人人人人人人人人＿ ＞　　　集金枠　　　＜ ￣Y^Y^Y^Y^Y^Y^Y^Y^Y￣   そういうところ好き	0	わくわくさん	0
0047	年明けてから、メン限ってやってますか？	0	清水谷怜	0
0048	プリパラは人生、、、かな？	0	JUNYEON LEE	0
0049	アイカツ見て欲しい…😳💖	0	みるめろ	0
0050	ツイステの広告流れてきたw	0	マジカルアリア	0
0051	English viewers: *confused confusing confusion*	6	Jake K	1
0051-001	She is playing Pripara apparently but the screen is black so 😍	1	Maria Himesato
0052	プリチケ１００枚ぐらい持ってるな～(ゲームセンターにある奴から出てくる奴)  明日プリパラやりたいな(ゲームセンターにある奴)プリパラ最高です☆	1	りんご飴。	0
0053	プリパラの中であじみ先生だけは、一人の人間の人生を微妙な方向にねじ曲げてその後もダメージ与え続けてるにもかかわらず一切制裁も成長もないんだよね…。狂気耐性を話数の進行と共に視聴者に獲得させていくプリパラの中でもあじみ先生はダントツの狂気だし、ギバラのプリパラ声真似で一番似てるのがそのあじみ先生っていうのが運命を感じずにはいられない	9	Shuichi Kimura	0
