0001	20:47 地震アラーム	37	しなのん	1
0001-001	地震です地震です	2	070 lien
0002	4:20サンドアイランド　グリーンスター 12:15 チャレンジボール 18:20 チャレンジサーフィン 23:45 チャレンジバブル 34:00 ハニービーキングダム　パープル 52:20 サンドアイランド　隠しスター 1:04:30 サンドアイランド　レッドコメット 1:09:20 アイスボルケーノ　隠しスター 1:21:30 アイスボルケーノ　パープル 1:39:30 個人的に好きなシーン 1:45:00 グラスビーチ　隠しスター 1:58:30 ファントム　パープル 2:01:55 ファントム　隠し 2:08:10 グラスビーチ　パープル 2:27:45 オータムウッズ　隠しスター 2:30:55 トイボックス　パープル 2:59:50 ダンジョンケイブ　パープル 3:12:50 バトルロック　パープル 3:18:05 スターダスト　パープル 3:25:50 サンドアイランド　パープル 3:37:25 ウィンドガーデン　パープル 3:42:30 オータムウッズ　パープル 3:48:40 ループオーシャン　パープル 4:08:40 ヘルプロミネンス　パープル 4:18:35 キャノンフリート　パープル 4:33:00 レッドスター	27	ぺぺ	0
0003	3:09:09	44	はらまき	0
0004	5:29:26 ロゼッタのときのカッスカス声だいすき	15	柳ユウ	0
0005	取り残し集めるの精神すり減るのに長時間できるのすごい	6	さむいすもう	0
0006	ギバラマリギャラ上手いわ	20	いのらん	0
0007	思ってた3倍やってて草	13	シス単	0
0008	グリーンスターのチャレンジ系のギャラクシーを初見でクリアすな笑 普通の人は初見じゃあ一回は死ぬんよ 底知れないギバちゃんのゲームの上手さを見た	7	モンすば	0
0009	神ゲー最後までやってくれて本当にありがとう！2も出たらやってくれると嬉しいな！	9	Atlas -	0
0010	長すぎてアーカイブに乗り切らないのホンマに草	5	佐藤心担当P	0
0011	パープルコインオンルイージ征伐シーンマジでテンション上がった。	4	shiki magatama	0
0012	2:32:20 2:32:20 だ...駄目だ...まだ笑うな...こらえるんだ...し...しかし...  2:34:05 2:34:05 100点満点のリアクションありがとう	14	はいはく	0
0013	長時間お疲れ様でした☺️	7	ひでまる	0
0014	サーフィンガチめにバケモンやろw上手すぎw	3	ヒッツー	0
0015	自分も感受性が強いから、映画とか色々見て、自分に投影してなんかすごい考えこんでしまうのわかりみが深い。	2	黒死ペスト	0
0016	ギバラちゃんのゲム配信だいすきです おつかれさまでした😊	1	らいか	0
0017	120枚全部取ってくれるとは思わんかった。 サンシャインも面白いから是非やってほしい。	1	あじぇあじぇ	0
0018	チャレンジギャラクシーをサクサクプレイしてたのは本当に驚きました。お疲れ様です。 出来れば2もやって欲しいなぁ	13	MЁI MЁI	1
0018-001	2は120枚でストーリー終わらんからやばそう	1	shin toku
0019	めちゃ懐かしくてくそやりたくなった	1	k s	0
0020	ギバラの絵本朗読ほんとすき	2	ろくでなす	0
0021	完全クリアまでやってくれてありがとう！ 何処かで苦戦すると思ったけど全然そんなことなくて、江良ちゃんのすごさを改めて実感しました。 話も途切れることなくてとても楽しかったです！	11	kty	0
0022	5:23:23~5:28:39 ここまでが今までのロゼッタの発言の伏線だったのか…	3	イロハ坂ほへと	0
0023	江良ちゃんもしこのゲーム気に入ったらスーパーマリオギャラクシー2もおすすめだよ！！！	2	しょ〜	0
0024	5:13:20 感動の絵本読み   ∟5:13:37 第三章   ∟5:15:37 第四章   ∟5:18:15 第五章   ∟5:19:48 第六章   ∟5:21:48 第七章   ∟5:24:53 第八章   ∟5:28:48 終章  5:18:00 お前がママになるんだよ！ 5:23:20 ヒステリックおばさん！？ 5:24:58 急に刺しにくるじゃん	6	シュウ	0
0025	1:45:11 自分用 ドヤギバラ 見返したらホントに2/3が一発クリアでびびった 12:20 チャレンジギャラクシー開始	1	ニック_nick	0
0026	ギャラクシーはコメットでステージの雰囲気が一変するの好きだったのだけど、本筋クリアしたらやめちゃう人多くて中々ここまでやってくれる人っていない感あったのよね。トイボックスのパープルコメット挑戦してくれて嬉しかったｗ　任天堂って一見やさしい子供向けって雰囲気あるけど、昔はめちゃくちゃ鬼畜だったし、その片鱗は今でも１００％コンプしようとするとでてくるんだよなぁ・・・。  マリオ好きならぜひオデッセイまでやってみて欲しいな。マリオの集大成って感じあって感動したから・・。	1	kone	0
0027	¡Great video! Now… I have something to see this solitary day.	5	Sergio Romo Muñoz	0
0028	かわいかったなぁギバラ	16	もちだのひと	3
0028-001	@月宮あゆあゆ あ、そっかぁ(	1	もちだのひと
0028-002	ギバラはいつもかわいいんだよなぁ	7	月宮あゆあゆ
0028-003	ギバラ？何を言ってるかわかんないなぁ、可愛いのは御伽原江良だよ()	3	レイス
0029	27:46 ここスネーク 2:47:44 宇宙の彼方で秘密の任務がある！	9	は〜る	0
0030	初回配信見てから、これみたらあまりの別人でわろた。	4	みどりまきばお	0
0031	ファックミィ！スペルマリオ〜✊	0	ヂスセイヤ	0
0032	心身大丈夫だよな？土下座とかで……	1	メリーめめめ	0
0033	12:22 18:34 23:54 トラウマを打ち砕く一発クリア 31:54 48:45 絶叫シーン 2:43:28 パープルコイン オン ルイージ	5	そこらの民衆	0
