0001	目的地に文字通り一直線なの草	7	柳ユウ	0
0002	48:15 これは鼻で笑う辛辣なギバラさん	2	かなどめ	0
0003	19:20　吟遊えらち(っ'ヮ'c)	22	ひき茶	0
0004	謎解きとか神獣の倒し方とかの閃きがほんとすごいですね……よく思いついたなっていう…… 	3	コンティロマネ/イルミナたんふぁんくら部部長	0
0005	今日もギバラが可愛い	3	アルセーヌルパン	0
0006	ボス戦での偏差撃ち上手くてＰＣ前で拍手してた	2	サンチャ	0
0007	いつも思いますけど…よく集中力が続きますね😲凄いなー🌼	1	ひでまる	0
0008	回復も矢も全部出し尽くしてのギリギリの勝利で面白かった！次の戦いはどうなるのか楽しみ！	7	kty	0
0009	新衣装ゲーム中でも画面映えしてかわいー！ありがとうー！	5	ウパー	0
0010	光輪の槍は槍系列の中でも総合ダメージが高い武器になります。	2	空蜘蛛	0
0011	新衣装最高です	3	フラティー	0
0012	ウマ娘はいいぞって言った瞬間ウマ娘のcm来て草	1	Niy / ニー	0
0013	仕事終わったあとの数少ない楽しみ	1	ミヤケン[Miyaken]	0
0014	今回も天才だった！ ユン坊いいやつだったな… 21:38  お詩助かる	7	ゅぅゃょゎぃ	0
0015	新衣装えらちで謎解きに目輝かせてるのほんとに可愛すぎました！　そして新衣装デバフは笑ったww 推しの供給過多で死にそう((( いつも笑顔をありがとう！これからも一番応援してます♪　いつかメンバーなりたいです	1	くろーばー	0
0016	カッシーワ吟遊詩人で「詩を詠む」って言ってんのに「歌う」と勘違いされて歌ってることにされてるの草	4	どんな呪いも幻想殺しで無効化する上条当麻	0
0017	1:20 開始  次の神獣を探しに 11:48 祠　道を切り開くは鉄の球 19:24 カッシーワと出会う  ゴロンシティ 56:25 ゴロンシティ到着 1:07:33 祠　揺れる炎 1:31:15 ユン坊との出会い 1:35:56 ダルケルとの記憶  神獣攻略 1:57:20 VS神獣ヴァ・ルーダニア 2:29:45 神獣内部へ 3:12:05 ボス戦	27	紳士.	1
0017-001	助かるラスカル	1	チープドロップ
0018	長時間おつえら〜！	1	ひよどり	0
0019	可愛すぎるやろ	1	てぃーーーもちょーん	0
0020	ｱｰｶｲﾌﾞ消化いきます 新衣装かわいいえらちゃん祠も楽しんでて見てて楽し 真っ直ぐ火山突破しようとして散々燃え死んだ後、ふもとの馬宿行ってさっき燃えたわ！ってなりながら薬もらうの分かりすぎる 長い道のりだけど楽しんでぼちぼち頑張ってほしいです	3	太陽	0
0021	1:47:00　1:47:00 1:47:00　1:47:00 あ、わかった！……わからん……あ、わかった！……わからん……	0	紫[むらさき]ではない	0
0022	いつも江良ちゃんは可愛いけど、今回の江良ちゃんはいつもより輪をかけて可愛かった……  新衣装よかったよ！！ありがとう！！	1	えいちえす	0
0023	2:44:44	0	さくさく	0
0024	Nice video!	1	Sergio Romo Muñoz	0
0025	これはサクサク進んでる方なのか？	4	たかしわ	4
0025-001	それとお金が無いとそれぞれの地方で防具が買えないからそういう意味でも寄り道が大事だったりする	2	らいむ
0025-002	このゲーム、ストーリーよりも寄り道の方が圧倒的にボリュームがでかいから寄り道せずにストーリーに直行すると割とサクサク進める。 だけど、ストーリーを進めていくと敵の強さのランクがどんどん上がっていくので、初見プレイの人が寄り道無しでストーリーをサクサク進めてしまうとそのうち敵が強くなりすぎて詰まる。  その証拠に、前回も今回も黒シリーズの敵やカースガノンにかなりの苦戦を強いられているし、死亡回数やミファー使用回数も多めなんだよね。 このペースで行くとゲルド辺りで死亡ラッシュを見ることになるゾ。	4	どんな呪いも幻想殺しで無効化する上条当麻
0025-003	寄り道ばっかできるゲームでこれはかなり早い なんならもっと寄り道してほしいまである	1	bbksfck a.k.a ばびかす
0025-004	攻略本なしと考えたらかなり早い	4	すテんドぐラす
