0001	よう…アンダーソン警部補、ゆうべ10人もレンタルしたらしいぜ… 経理から聞いたから間違いないぜ それでうち5人も男モデルだってよ… へへッ…サッカー大会でもしたかったのかね？	64	umdius	1
0001-001	言ってろ、、、クソったれ	1	T Yamano
0002	即決で優しい選択肢を取るギバラが大好きだ… ディズニーで育ったシンデレラは違えや	153	らむｗｗ	2
0002-001	@a S でも王子さまがDVしてきたらその日の内に容赦なく眉間ぶち抜きそう	0	ヌベヌベ
0002-002	そりゃ王子様を待ってるからな	15	a S
0003	魔女の家の配信とか見たことない人はおそらくギバラがだいぶ優しい人間であることを知らないと思う。 確かに普段はクレイジーだしロリコンだし怠惰だったりする面をTwitterやら切り抜きやらコラボで見るかもしれない、でもそれは彼女の一面であり人を笑わせたいという、エンターテイナーな部分を切り取っただけに過ぎない。 そういう芸人的な所だけじゃないのが見れるのがここ数日のDetroit配信だと思う。 アリスに対して溢れる母性、人やアンドロイド対する優しさそんな彼女の魅力が詰まった回だった…	131	しょーた	4
0003-001	リアクション芸人のイメージ強いけど根っこはだいぶピュアですよね。アンドロイドに対しても情緒的だし、わりとまじめにデトロイト世界にいたらアンドロイドと良い関係築けそう。	15	きのあかり
0003-002	ギバラ優しいから本当好き	9	絶対に結婚するライナー【登録者数1000人で結婚】
0003-003	めっちゃいいこと言うね😭	11	にじさんじ追いかけ太郎
0003-004	切り抜きでちょっと見たことがあるだけだったから、こういう選択（誰も殺したくない）やきめ細やかな探索と実況をするって印象はなかったなぁ。 デトロイトの実況は他にも沢山見てきたけど、純粋に実況が上手だし、QTEも短い時間で色々考えてることが伝わってきて面白い。	22	重い槍
0004	デトロイト配信でみんなえらちゃんにメロメロになっていく	16	つっちー	0
0005	見てきた中で一番良いルートだわ	34	ぽたて	0
0006	切り抜きとかだけ見てるといつもあたおかなイメージがあるけどあくまで盛り上げるためであって根っこは優しい子なんやなって偶然リアタイして知った( ´ ▽ ` )	40	jet隼騎	0
0007	エデンクラブで微塵も迷いなく撃たないを選べるのはほんとにすごい	9	黒沢クロワ	0
0008	ギバラから温かい慈愛を感じる…	42	樹形図	0
0009	やっぱり江良ちゃんって純粋にゲーム実況上手いよね 観察力高いし喜怒哀楽はっきりしてるから見てて飽きない	36	マークツー	0
0010	1:15:42 江良ちゃんの可愛い『チューして！』	52	にじさんじ追いかけ太郎	0
0011	目的のために手段を選ばないスタイルだと思ってたけど、不当というか、理不尽に殺して進むことがないから今まで見た中で1番ギバラが優しいムーブしてる	66	ウパー	0
0012	ギバラのデトロイト実況むっっちゃすき	15	喫茶店勤務みけんねこ	0
0013	35:31 死体に髭生えてワロタ	14	うに丼	0
0014	1:16:55 ｢優しい子だ…｣ ギバラ｢ねぇ。優しい子｣ ワイ｢(ギバラを見て)お前じゃい!!!!｣	33	天照	1
0014-001	未だかつて無い類のコメントが、Detroit配信では確認できる	5	はなかっぱ#UGK。
0015	本当に隅々まで調べてくれてありがたい。コールのとこ調べなくて後で泣いた実況者知ってるから。	11	よっしぃ_	0
0016	この配信はギバラがどれだけ優しいチンパンジーかがよく出てて好き	22	岸田卓也	0
0017	ウキウキ言ったりするけど根はちゃんとシンデレラなの好き  そしてもうすぐ50万人ッッッ！！！！！	25	ボラファン	0
0018	各話のタイムスタンプ  2:03 コナー6話 16:20 マーカス7話 33:20 コナー7話 57:48 カーラ6話 1:22:36 コナー8話 1:31:58 マーカス8話	27	ひさひで	0
0019	33:43 ｳﾜｧｰｵ! 1:08:36 はわわわわ……はわわ！	6	ひなぎくhinaggik	0
0020	今日のここ好き 1:13:08 お姫様のおはなし 1:44:25 お掃除楽しいるんるるん♪	37	そこらの民衆	0
0021	9:16　ビンタ聞きたい人向け	30	春雨	0
0022	ギバラのデトロイト配信見て自分も買いました。	11	Rin Tomy	0
0023	ギバラのルート素晴らしい	9	ぽたて	0
0024	えらちゃんのデトロイト見てから すごい優しいこと知ってもっと好きになった💖	10	ぱうむ	0
0025	これのエンディングと一緒に50万人迎えてほしいなぁ 多分先に50万人だとは思うけど こっから頑張ってほしいなぁ	11	牙狼ニ乃牙太刀	0
0026	最近の毎日の楽しみになってます。優しい江良ちゃんすこっ…！！	5	アルぺギウスてゃん	0
0027	もう少しで50万人ですけど、50万人おめでとうございます❗❗❗❗❗❗ 配信してくれありがとうございます‼️	13	ジギー	0
0028	こうやって女の子が元気に心動かしてるの見るとこっちも楽しくなる	11	地獄鳥	0
0029	お疲れ様です⤴️最後えらい悩んでましたね。思ったとおりにやってみて下さい🙋	23	ひでまる	0
0030	優しすぎて泣く	9	ユル	0
0031	優しさと可愛さのギャップ最高です。 しかもゲーム上手だし、テンポもリアクションも丁度良くて見やすいです！  所謂ギバラってイメージしか持ってないであろう友達にオススメしようと思います。	5	かむぱっく	0
0032	35:35 後ろのポールダンサーがめちゃめちゃ主張してくるw	15	でるでる・びゅるる	0
0033	10:32 ここすき	8	dekarucha	0
0034	ハンクは本当はデスメタルじゃなくてジャズを好むおっちゃんなんだよな	7	さやま	0
0035	次回は多分コナー編で一番好きなシークエンスだからめっちゃ楽しみ。	6	rara natadecoco	0
0036	ちゃっかりキンハー入れてんの江良ちゃん味つよい	8	スカーレットフランドール	0
0037	あっという間の二時間だった、、、	8	ばんぶれ	0
0038	YouTubeに散らばっているこの人の切り抜きでしか知らなかったけど、改めてちゃんと配信観るとなんかめっちゃ良いな…ってなった  なんかこう…着飾ってなくて常に素？な感じがとても良い そういう時期があったのも知ってるけどw	14	Anyan	0
0039	全部優しい選択で好き	3	チキンバスター/ChickenBuster	0
0040	切り抜きのイメージと違ってめっちゃ優しい　好きになった	6	ミヤケン[Miyaken]	0
0041	35:39 後ろのアンドロイドの挙動で笑った	1	からあげまる	0
0042	あまりにも優しすぎる選択   両方選べなかった理由 53:25 56:50  撃つか否か 1:53:48  見捨てるか否か 1:58:04 1:58:48	25	紳士.	0
0043	今回もとても面白かったです、是非とも最後まで見たいと思ってるので応援してます。	5	重い槍	0
0044	おつえら～～！今日も配信面白かったー！ コナーがどんどん人間っぽい感情に近づいてきてて好き…。 ギバラちゃんの選ぶ物語の続きが楽しみ！	7	重音色kasaneiro	0
0045	Nice to see Gibara being active in streaming again	0	MilkShake 1108	0
0046	港から盗みに成功した後の革命演説で流れた「チェ・ギバラじゃん」ってコメで腹抱えて笑ってる自分がいる	0	リーナマートン	0
0047	エラちゃん優しいなーって見てたけどハンクの経費のこと考えたら笑い止まらなくなった	0	Pacifist	0
0048	41:40  辺りのでびちゃんのコメント見つけられない…	5	曲八	3
0048-001	あ、これ見て探しに行こうとしてる人のために言っておくと、でびちゃんは「3Pだ!」って言ってたよ	1	曲八
0048-002	@厚着の大将 ありがとう救われた	0	曲八
0048-003	にじさんじおるやんけbot @2434oruyankebot ↑このTwitterアカウントでライバーさんが配信でしたチャットを見れるのでどうぞ	0	厚着の大将
0049	やっと見れます	1	モオニング	0
0050	出来るだけ傷つけず優しい選択するのに慈悲を感じる… もっとガンガンぶん殴っていく系かと…(	0	リュウ.	0
0051	ギバラちゃんにプロセカやって欲しい！！！プレイ動画めっちゃみたい	4	天才美少女	0
0052	1:29:57 ここから好き	6	ワンピはんそで	0
0053	百合を赦す漢、そのなはハンク	0	汚い忍者のぶお	0
0054	DBH配信でギバラのこともっと大好きになっちゃった…	0	むむむ	1
0054-001	あとセンターで停電させない人初めて見た	0	むむむ
0055	俺最後のシーン秒で見捨てて行ったのに江良さんはノータイムで助ける選択が出来るから優しいよなぁ	1	ユル	0
0056	おぉ、見逃すのか　ノータイムで撃っちまったよ	1	ユル	0
0057	た	1	宇月宇良々	0
0058	ほんとどこかの笹とは全然違うルート辿ってるなぁ…	1	a S	1
0058-001	同じく。切り抜きとかでしか知らなかったから、「やっちまえー！」みたいな感じなんかなーとか勝手に思ってた…  めっちゃ良い人やん…	8	Anyan
0059	1:55:10新人ライバーマーカス君の迫真の初配信	28	絶対に結婚するライナー【登録者数1000人で結婚】	2
0059-001	逆に世論上がりそう	3	aie 3101
0059-002	初配信マーカス「ﾊｼﾞﾒﾏｼﾃｪ」 ↓ 数週間後マーカス「ｱｧゴミカスゥ (人間)！！シネェエエエエ！！！」	8	きのあかり
0060	とりあえずいろいろ言いたいけど。        掃除楽しいなら自分のへや掃除して	20	キャラクター	0
0061	どうもギバラの三段腹です	2	ピリオドonly one	0
