0001	感受性が高いからか、ちゃんと演出毎に〇〇かわいそうって感じたり、察しが良くてゲームの飲み込みが早かったりしたの良かった	214	ノッル.	0
0002	1:43:59 怒られるから読まないと言ってたのに性欲が上回った瞬間	216	仮アサクラ	2
0002-001	やってること笹木と一緒	3	キャラクター
0002-002	ちゃんと文字まで読み上げるっていうね	16	Legenづ
0003	ハンクの所でデトロイトあるあるの、思ってた選択肢と違う問題に早くもぶち当たってて笑ったww	114	さらね。	0
0004	1:34:58 ギバラさん2人います？	91	ポンデリング	1
0004-001	意味わかったわ 草	4	デスブリンガー諭吉
0005	1:34:12    デトロイト名物の「こんなつもりじゃなかった」に早くも振り回されててかわいかった	117	柳ユウ	0
0006	各話のタイムスタンプ タイトルは敢えてなしです。  2:06 ゲーム開始 6:00 コナー1話 27:19 OP 30:58 マーカス1話 39:20 カーラ1話 1:05:30 マーカス2話 1:28:25 コナー2話	120	ひさひで	0
0007	すぐに目移りして色々調べるのが結構このゲームに合ってるかもしれんね。  探索が大事なゲームなのでこの調子でウロウロガサゴソしてもろて	104	紳士.	0
0008	リアクションがいいから見てて楽しいし所々優しさが溢れ出ててほっこりした	47	tama zarashi	1
0008-001	ワカリミ~	3	taiyong jin
0009	最近配信多くて嬉しい 無理せず毎秒配信してほしい	44	ちょうはつ	0
0010	久々に見に来たけど、江良ちゃん相変わらず可愛いな	16	焼き紙P	1
0010-001	そして相変わらず面白い。好き。	8	焼き紙P
0011	ギバラがデトロイトやるとか予想してなかったからついついコメントしそうになったわ	28	ふじ	2
0011-001	コメントしたら負けみたいな雰囲気出すな笑	5	エーマχ
0011-002	アブラハム「いや、しちゃってんだよねコメント」	20	きのこ派
0012	1:34:12 △酒を取り上げる	58	ENJOY	1
0012-001	後の選択肢でもちょっと機嫌損ねてるところあったよなw メインヒロインとの相性悪いの草生えた	3	ヤマノシン!
0013	反応が新鮮なのに着眼点も発想も鋭くてさすギバって思いました(小並感)	58	ウパー	0
0014	不意に某黒猫系急ブレーキを感じるときがある	17	sma Mtbr	0
0015	実は配信ちゃんと見たの初めてだけど、ゲームが上手くて驚き。 勘がよくて探索丁寧なのにサクサク進行で気持ちよかった。 リアクションも純朴ですごく可愛かった。 でも声の感じが前と結構違うね。垢抜けてていい感じ	16	まなつび	0
0016	やっぱりゲームセンスあるよね リアクションも良いから見てて楽しい	29	dotism	0
0017	コメントのここ好きだけ見とくかと思ったけど最初から見たくなった。	26	マジカルバナナ	0
0018	すっごい久々に見かけたけど、やっぱり反応に感情がノってて面白い！	29	重い槍	0
0019	50:18 ギバラさんと全く同じコメント言おうとしてしまってワロタ	8	のずのず	0
0020	丁寧に進めていくのめちゃめちゃ好感持てる	7	ばらだば	0
0021	なんかお姉さんみが増してて好き。 度々アンドロイドに同情してたり トッド、アリスのお世話完璧だったり コナーくんその遊び好きだねぇ〜って言ったり ハンクの酒取り上げたり 頻繁に報告が先かなって気にしたり。  しばらく見ないうちに声もイケボ寄りになっててすここここ。	27	ヤマノシン!	0
0022	ちゃんと全部調べようとしてるの江良ちゃんの性格が出てて面白かった	12	もみ爺	0
0023	ここ好きシーン集 25:22 リアルなリアクションが好き 42:04 生活感にライバル意識 1:11:05 回る車椅子 1:26:10 おいこいつ殴れねぇのか？	63	そこらの民衆	0
0024	メンバーに入れないから、こういう配信がたまにあるととても嬉しい😊	8	きにょこ	0
0025	最後に見にきた	4	多分人	0
0026	57:06 アル中カーラカーラ	7	Freeze	0
0027	やっぱりこのゲーム人によって反応も選択も違くて見てて飽きない	4	なつみかん0p0	0
0028	素直な反応で見てて楽しかった	4	ミヤケン[Miyaken]	0
0029	デトロイト！！ありがとう江良ち〜‪( ´•̥  ̫ •̥` )‬江良ちがどんな選択するのか楽しみだよ‪( ᐡ｡› ·̫ ‹｡ᐡ )♡‬	3	原井はらい	0
0030	急上昇ランキングおめでとう	8	えらち	0
0031	ギバラがめっちゃ優しい子なんだなってのがよく分かる配信だ アーカイブ見て追いつくぞ	8	はいく	0
0032	生配信嬉しかったー！ 選ぶ選択肢ひとつひとつにギバラの優しさを感じました☺️ 次回も楽しみにしてます！	12	マグロ・アカミスタ	0
0033	サムネの顔好き	3	人	0
0034	ギバラが配信してくれるだけで嬉しいのに 丁寧なプレイングだし飲み込み早いし 感情豊かなリアクションも個性的な選択も滅茶苦茶面白かった。 次回も楽しみやよ	17	ヤマノシン!	0
0035	見逃したくないデトロイトがあった	1	ゆと。	0
0036	デトロイトやってくれて嬉しい 久々にギバラの見たけど面白かった（子並感）	2	木3	0
0037	へっぽコナーでは無いのかやるな	3	ニャイフ	0
0038	えらちはいしんおおくてうれしすぎる	5	あい	0
0039	リアクションが豊かで色んな所に気遣ってくれるから見ていて楽しい	1	みゃみゃこはむむ	0
0040	おつえら～ デトロイト本当に面白い！	4	重音色kasaneiro	0
0041	一つ一つの手がかりを全部見つけようと念入りに調べていって リアクションも新鮮ですごい楽しい 配信してくれてうれしい	7	ユニバァァァス	0
0042	メンバー限定からいきなり表で配信しだして、いきなりメジャーなゲームをやりだして、しかも鋭い考察に操作もめちゃ上手で驚きまくり。そして最高に面白かったです。続き楽しみにしてます	12	ごたんだくん	0
0043	ギバラのこういう配信待ってたぞ！絶対さいごまで見るからゆっくりじっくりやってくれな	4	2501 SIG	0
0044	おもろいっすわ〜	5	ムキムキ	0
0045	ゲームが合ってる。	7	腹持ちいいよ	0
0046	ギバラの適応能力というものはすごいもので… 最初こそポンコツスタートだったものの直ぐにゲームの本質とコツを掴んだね…(移動はおぼつかないけどw) ギバラの苦手な時間が迫ってくるタイプのゲームだけど上手いことやれてすごいわ まぁ無理しない程度に頑張ってほしい 応援してるぞ  本日のセッ〇スノルマ 1:44:15	29	しょーた	0
0047	最近配信してくれるの助かる	0	あめ	0
0048	*BECOME* *HUMAN*  ......やばりサルかな？	11	YuiwaShake	0
0049	配信お疲れ様でした、この手のゲームはやり出す止まらない感じがします❗️	1	神城アキラ	0
0050	デトロ！開けロイト市警だ！	0	アニメが生き甲斐	0
0051	デトロイトのCG本当にリアルで怖すぎる	0	みゃみゃこはむむ	0
0052	27:53  ミュウツーの逆襲	1	りょりよ	0
0053	デトロイト切り抜きからアーカイブ追ってますがとても面白いです…！	0	リュウ.	0
0054	アーカイブありがとうございます😭	1	池田こころ	0
0055	昔の写真1:01:08	0	HERO	0
0056	「あとは？」が可愛い	0	I t	0
0057	お疲れ様🙋 正月休み無しかえ？	2	ひでまる	0
0058	1:07:18	0	ネピ	0
0059	江良ちゃんのデトロイト嬉しい！  ここすき 1:15:44    1:34:12	18	ゅぅゃょゎぃ	0
0060	プレイヤーの質というか能力というか、そういうのが丸見えなゲームだからなww どっかで泣かないかなぁ（ゲス顔）	0	共和刀民主刀	0
0061	あけおめことよろ	1	七騎士	0
0062	トッドさんApex出てませんでした？	0	ローリングローリ	0
0063	がんばれー がんばってくれー	3	牙狼ニ乃牙太刀	0
0064	Otogibara:Become Human	21	友狩恵西	4
0064-001	人 間 に な る (迫真)	0	霧雨ユナイテッド
0064-002	元々人間じゃないみたいな言い方やめろw	1	FANTA
0064-003	好きだわ	0	鰹24
0064-004	かなり好き笑笑	0	剣道好き
0065	oh boy, I'm going to enjoy it like never before. Nicenicenice~	4	Lord Mika	0
0066	1:44:00ギバラ「アンドロイドとヤル方がマシ！？」	17	絶対に結婚するライナー【登録者数1000人で結婚】	0
0067	Wow soy el único español que ve esta vtuber? uwu	0	Caritos Sempai	0
0068	Gibara finally becomes human 🙏	6	Pupseus	0
0069	龍が如く今前作50％オフですよ〜	3	Marin	0
0070	無法街の王伎蛮羅	1	片桐おでん	0
0071	配信してくれるのほんとに嬉しいし楽しみだけど違和感しかない	48	にじさんじ追いかけ太郎	3
0071-001	@にじさんじ追いかけ太郎 ほんとそれはそうですよね、、	0	ただ怒るあき竹城
0071-002	@ただ怒るあき竹城 この間まで配信の通知があまり来なかったのに最近は1日2回とかやってて、ただびっくりしてるだけかもしれないです…	0	にじさんじ追いかけ太郎
0071-003	ホント単純に質問なんですが、違和感なんかありますか？？	0	ただ怒るあき竹城
0072	ギバラとアンドロイドなら…   まぁ答えが必要でしょうか？	1	メイフの蜜ぎ隊	0
0073	新しいアンドロイドを買ってもらおうね	0	ユル	0
0074	コナーは嘘ついてないよ　コナー「は」傷つけないって言っただけさ…hahaha…	0	ユル	0
0075	（ネタバレ注意）       ダニエルが打たれた所で顔が本当に😱になった	0	みゃみゃこはむむ	0
0076	Nice 36:14 🍌🍌🍌🍌	4	Gunner Marvin	0
0077	配信最初の方で言ってた キングダムハーツとかも、 もしかしたらもうプレイ してるかもしれないけど、 飽きたりすることがあっても、 と言いながら強制はしないけど 僕たちに視聴されながらって いうかたちじゃなくなっても、  お前がしたいように遊んでよ！ 「僕たちに視聴されながらって いうかたちじゃなくなっても」 っていうのはゲーム以外での ことでも同じだと 勝手に思いたいしっ、それに もっと、自己中なこと言うと……  Undertaleっていうゲームの ルート回収してくれたら助かる (配信としてやったのは 中立ルート)。  きっと今でも僕たちが ギバラのプレイで見たいのは、 真の平和主義者ルート で、  こんな↑くどい?!(すみません) 言葉にも表せないくらい  他のルートと比べても、いや 他のゲームと比べてもきっと 感動できると僕は推せるから！  これは僕の勝手な願いだから 騙されたつもりで、 視聴者から来たオススメに 応えるつもりで、  もしなんか気になって、 気が向いたらやってください。 お願いします。               ↑ 今言いたいこと  これまでと普段と これからにも言いたいこと             ↓  「開けろ！デトロイト市警だ！」「あぁぁぁぁゴミカスぅぅ！！しねぇぇぇ！！！」	1	Nao#4	0
0078	自分が遊んだ時は「人間が暴走したアンドロイドを処分しない理由ないよな」みたいな現実的な考え方をしてしまったから、操作するキャラに立場を考えず素直に感情移入するプレイは新鮮だった アンドロイド側で世界を見るように作られているし、一周目は雑に人間ひどい～！って言いながら遊ぶのも良いよね 「カーラ、ビール持ってこい」は「アレクサ、音楽かけて」と同じ感覚なんだろうと気がつくと感情移入が難しい	0	とーげ	0
0079	ギバラってこんなおっさんみたいな声してたっけ	0	切り抜きバーチャルユーチューバー	0
0080	なんでサムネが某裁く系の人と一緒なんだいw？ 自分がガチ無知やったら申し訳ないけど()	0	BOCCHI DAIDARA	0
