0001	スプリットカードver.ギバラ（舞い散る諭吉）	3430	カール	6
0001-001	めっちゃ笑った	1	パン大好き
0001-002	伸びそうだからコメ残しとこ	2	くろみつ
0001-003	伸びろ、わっしょい└(ﾟ∀ﾟ└)	11	/たいやきさん
0001-004	伸びろw	19	はにはん。
0001-005	天才w	45	いなご
0001-006	これめっちゃ好き	79	なっとうごはん
0002	「6万円で天井！！……カリムくんと一緒…？」  けーくんの隣にいますね、カリム。	2258	つがみしょういち	6
0002-001	1カリム=5けーくん	0	リンネ__ぴく民
0002-002	いや！でもカリムくんは6万円で1枚、、、w()	4	はみてゃ
0002-003	軽音部尊い……😇	6	多々良かすみ
0002-004	リリアちゃん揃ったら軽音部で草	42	千羽.
0002-005	なんか怖いw	30	くもアイス 隂キャ君
0002-006	ごけーくんいちかりむ	108	狂乱
0003	誕生日の日に友達とギバラ生きてるかな？って話してたわ                                                                   生きてる？	3005	しおらい	8
0003-001	同士がたくさんおる	4	ななせくん
0003-002	同じこと思ったww	3	粥屋七草
0003-003	やっぱり心配になりますよね😅	3	ユリ
0003-004	いとこと同じ話してたわw	5	明石彼方
0003-005	ままんと言ってたw	7	人工芝
0003-006	なかま	10	ゆうなだよ
0003-007	わい「けーくんの誕生日やん」 友「ギバラ大丈夫かな」ってなってやした｡	136	ゆ〜
0003-008	猿のように元気でしたね	206	マグロのお兄様
0004	一般オタクはこれを脳内でやってるんだけど配信という場を設けることによって彼女は声にすべて出しているから感情が倍増どころの騒ぎじゃなくて本当に死んでしまうんだよね語愁傷様です	2160	。.ʚいちごɞ .。	1
0004-001	(早口)	11	そるとくん
0005	VTuberを全く知らない私が唯一見続けた方がギバラさんでした 引退と知った時はすごくショックでした ､､､ 前向きな理由だと知れて良かったです！！！ガチャ爆死しがちなギバラちゃんお幸せに！！！！！！！！！！	36	ぽむ	0
0006	ジ   ェ  イ  ド   に    好   か   れ    る   ギ    バ    ラ	1385	ホワイトブラック	4
0006-001	しかし、ハロウィン限定ジェイドには遊ばれたギバラであった	6	ななせくん
0006-002	ジェイギバてぇてぇって言おうとしたけどありとあらゆる方面から怒られそう	29	伊達巻
0006-003	このコメントで全てを察した()	35	モコモコわたあめ
0006-004	今までのガチャでも天井とかで高確率で出てたし呪われてんのかなギバラww	36	フラッピーハッピー
0007	これから誰のツイステ 配信見ればいいんだぁー	36	空アニメ好き白	2
0007-001	それなすぎる	2	はるの
0007-002	ほんとそれ	5	多すぎる推し
0008	ツイステガチャ動画はギバラのやつが1番好きやったんやけどなぁ 夢に向かって頑張ってね	38	バファリン中毒	0
0009	大学４年生で手芸サークルに所属している。料理、掃除なんでもこなす家庭的な女性。 いつか素敵な王子様が自分を迎えに来てくれると夢を見ている。	957	ゆのみ	14
0009-001	自分を迎えに来てくれると夢見るっていうか、ギバラは自分から迎えに行きそう😂	3	オォオピョオオオ
0009-002	@無臭無味  ありがとうそれ求めてたで	4	ぞろあでもある ぽてちくん
0009-003	@ぞろあでもある ぽてちくん  テンプル？	3	無臭無味
0009-004	油を固めるやつなんだっけ？	3	ぞろあでもある ぽてちくん
0009-005	大学4年生で〜からが夢なんじゃないの？	4	ネオン
0009-006	ゾロリはポプラ社	2	ぴよぴよ
0009-007	おれが作ってるのはガンプラ	6	Beluzベルヅ
0009-008	俺はチンピラ	11	お茶
0009-009	ここからがテンプラ	11	欲しいマネー
0009-010	もはやこの流れテンプレ	12	きう
0009-011	追記。  大学四年生で手芸サークルに所属している。料理、掃除なんでもこなす家庭的な、 いつか素敵な王子様が自分を迎えに来てくれると夢を見ている女性。になりたかった猿。	90	お茶
0009-012	なんでやろめっちゃ笑ってしもた……	31	まんじゅう、
0009-013	公式が勝手に言ってるだけやぞ	141	ゴミ
0009-014	怪文書やめろ定期	192	かたかた
0010	推しの前だから若く見られたい❤(？)と思って年齢設定若くしたら月5000円しか課金できない設定になった。死ぬ。	274	ゆい	3
0010-001	申し訳ないけどめちゃくちゃ笑った	0	あや
0010-002	あんなん20歳以上安定では？	12	Sakuraku
0010-003	私の友達、課金する指名で実年齢＋6歳してました‪w	11	LAI CHI
0011	天井にオクタがまってない安心感	383	さ。	2
0011-001	@ああ-ああ 6は	0	ぴんくしゅがー
0011-002	オクタ「不親切な方だ...(運営)」	63	ああ-ああ
0012	概要欄｢収録の時あまり体調よくなかったからおしとやかかも｣  ほーん……🤔 動画｢げぇぐんっ！はにべちゃひゃんあいうぅｵｯｵｯｵｯｵｱｯ!!!🐒｣  ☺️☺️	779	あめ	2
0012-001	🐒	10	千羽.
0012-002	平和☺️←←←←←←	15	ぷっちょ
0013	そろそろギバラの喉が心配よ	1105	みみ	0
0014	け〜くん喋るタイミングでちゃんと聴いて、け〜くんの息継ぎの合間にコメントするのマジでギバラヲタクの鏡	1032	きむち	6
0014-001	鏡の間の鏡と掛けてるに1票	8	ひじき
0014-002	@くづくず あ、そーいうこと？	5	じょる
0014-003	@じょる どっちでも伝わるからいいんじゃねって話じゃん？	5	くづくず
0014-004	@gimi taka 普通に間違いなんだけど今はそうなんか。知らんかった。	11	じょる
0014-005	どちらでもいい定期	27	gimi taka
0014-006	鑑な	25	じょる
0015	2:43 今  回  は  S  S  R  で  出  て  こ  ら  れ  な  い  か  ら  ね	807	田中。	0
0016	御伽原さん絶対けーくんのスマホケース買ってる	297	四ノ宮夜継	2
0016-001	無事購入できたみたいです…良かったです…	30	えだめる
0016-002	スマホの機種が違くてスマホから変えてるに1ジンバブエドル	90	ああ-ああ
0017	1カリムの高さが更新されてしまったな	321	白い白い未栄	2
0017-001	1カリム=5けーくんは草	1	リンネ__ぴく民
0017-002	1カリムで通じるの辛い	58	来世は林檎にして
0018	9:03 ここオクタの実験着揃ってて笑っちゃった	544	たま	2
0018-001	sr6枚  13:19 ポム式典服 13:29 ですかね…？	11	ほむほむほむほむほむほむ
0018-002	他にもポムの式典服揃ってたりsr6枚出てた時上段下段で実験着式典服3枚連続で並んでたりオクタの圧が強い10連結果がちょくちょくあったり今回のギバラのガチャは何か持ってるものを感じました…w(オクタの圧強いとか羨ましいぞギバラｧｧ…！！！)	43	鈴宮千代
0019	正直、前までは「爆死するほど美味しいんだろうなー笑」なんて思ってたけど、ここまでガチャ運悪いと本当早く当たってくれという願望しか抱かなくなる。 まず、思考が天井で1枚って時点でやばいんよ。  この動画たくさん見るので、広告収入でまたガチャしてください。	490	如月	0
0020	推しが推しに限界化しているのを見ると幸せになれる	431	ラリネコ	1
0020-001	わかる	3	kcal
0021	「淑やか(しとやか)」は身の振る舞いや話し方が落ち着いていて上品なさま。「御淑やか(おしとやか)」と言う風に「お」を付けて使われる場合は、特に「おしとやかな女性」といった風に、女性の立ち振る舞いや所作について形容されることが多い。	818	ややあ	3
0021-001	対義語:ギバラ	13	メソ豆
0021-002	真逆で草	39	ところで私のコンタクト知らん?
0021-003	体調気を付けて、、、！！！	46	ややあ
0022	カリムが単位になってて草	455	笹かまぼこ	0
0023	おしとやかの意味を辞書で調べなさい。 （概要欄）	548	macaron	0
0024	まぁ天井確定だから、最高でも500連だしね。期待してるけど	472	さらね。	0
0025	I like the funny sounds when she does Gacha. :)	40	tatewaki2000	0
0026	6:21 突然の金子みすゞ笑った	389	黄色のお花	0
0027	1カリムとか言う新しい単位生み出してて草	159	みか	0
0028	カリムくん6万がどれだけ異常だったのか改めて思い知らされる動画だった・・・。	171	一人ちくわ祭り	0
0029	け〜くんの場合もう当たり前のように完凸させに行ってますね…… ガチャも編集もお疲れ様でした！	386	コンティロマネ/イルミナたんふぁんくら部部長	0
0030	12:40 プレミア公開つづき ちなみにマジカルキーがないのはスケジュールの都合で誕生日前だったからだそうです。	286	里	0
0031	ギバラさん体調大丈夫かな(概要欄より)	271	ゆあねみ	4
0031-001	体調不良って何だっけ(動画見終わった)	7	ゆあねみ
0031-002	おしとやかとは…？	14	モモくん
0031-003	体調不良とはって感じでしたね✨	6	しおらい
0031-004	大丈夫だといいけどねぇ… どうせケイト狂いだから猿化するに決まっとるわね	19	はなちゃんねる
0032	この動画1番好きでした	14	フリア‐Furia‐	0
0033	ツイステのキバラが本当に好きだった ツイステのキバラのおかげでキバラを知れたから本当に新参だけどマジで大好きだよ！！！これからも！	7	、ハと	0
0034	６万＝１カリム という新たな単位が生まれたのであった..................	70	猫ジョル	0
0035	13:40～の母国語好き	170	猫みけ	0
0036	早めに完凸してて欲しいな…………楽しみ。	319	あゝ無常!	0
0037	見納めしてきました😭ギバラちゃん大好きです！	12	くり	0
0038	オタク特有の尊いが限界突破した時の まじそれどこから出てくるんだって語彙が好き	103	グッピー	0
0039	江良ちゃんのことツイステで知ったって人多いと思う。 学校とかでそう言えばこの前話してたVtuberの子見たよ！って言われることもたくさんありました！！ 江良ちゃんのおかげでお友達増えたよ。 推しに本気な江良ちゃんずっとだいすき。	9	結菜	0
0040	天井すり抜けが多いギバラにとってBD SSR確定の救済処置が施されるの、ギバラのガチャ運を見越しての処置で救われたな！って思ってたのにやっぱり割と課金してるの救いようがなさすぎる	54	村田ちき	0
0041	SSR出ないからってSR、Rにジェイド結構出てきてて草	46	ぷーさんのおたふく	0
0042	江良ちゃんの写真フォルダ見てみたい…	137	にじさんじ追いかけ太郎	0
0043	バースデーけーくん以外のカード 全部香水になってて草	67	ポテト	0
0044	スケボー乗ってるけーくん見てる江良ちゃんを見たかったよ…	7	暇人	0
0045	9:05 早くない!? 課金のペース 早くない!? ギバラ心の俳句	60	宇賀神とりもち	2
0045-001	ヤケクソみたいな俳句で草	0	Latte抹茶
0045-002	友蔵？	0	まっちゃラテ
0046	9:08 ここのSRオクタなの笑う	10	Rion _mmder	0
0047	1:39  ｢納税から行きたいと思います｣           ｢ﾊｲ｣   レオナ で早速笑った	22	チャイ星人	0
0048	荒ぶるケイト君連呼のあとにKATEの広告だったから思わず笑ってしまった	7	実琴	0
0049	動画内で何回スクショしたんだろう…ってなって数えたら    31枚でした。	43	凛音	0
0050	この方ってガチャに命かけてるんですか？？	32	くろちょこ ぽんたんズ:0	0
0051	江良ちゃんマヌカハニー舐めてね… 今回回した分よりは安いよ	35	りな	0
0052	ギバラのお迎えは誘拐の域なんよ…	15	りら	0
0053	笑って見てたけど2週間後は己が身なのよな	51	時雨	0
0054	＿人人人人人人人人＿ ＞　来ると思った　＜ ￣^Y^Y^Y^Y^Y^Y^Y￣	92	なゆ	0
0055	8:32 ここだけでわかるスクショの量	31	Gao	0
0056	ギバラにお淑やかという言葉は似合わない（褒め言葉）	85	はる	0
0057	けーくんバースデーの話聞いた瞬間にギバラが過ぎったのでこの動画が出るのを待ち望んでる自分がいた	75	ふわり。	0
0058	すごく悲しいことがあって泣きながら気晴らしのために再生したのですが、見終わる頃には笑顔になっていました。 ありがとうございます。	16	only view_	0
0059	因みに僕はけ～君の誕生日完全に忘れてました。もう二度とけ～君なんてなれなれしく呼ばないので許してください	9	ごーちゃ	0
0060	けーくん誕生日って聞いた時から御伽原さんの心配をしていました。絶命はされてないようで良かったです。	34	朱音〈 akane〉	0
0061	カリムくんの異常さがよく分かりますね	61	リオ	0
0062	けーくんのガチャ来るたび江良ちゃん溶けてない？色々と… 追記 バースデーけーくんのお迎えボイス（？）めちゃくちゃ可愛いな？？？？？？？？ これはバズるわ😇	8	ぱすた	0
0063	い　つ　も　よ　り　お　し　と　や　か	38	えーえー	0
0064	最初から飛ばしてるなぁって序盤から急に人間語に戻るの草。	24	らいばのーむ	0
0065	1カリム＝完凸は草	29	KYMNN 。	0
0066	やっぱりギバラのガチャ動画が一番好きだわ	4	水晶	0
0067	けーくんの誕生日の告知が出てからこの動画待ってた	28	みち	0
0068	カリムくんの時がいかに異常だったかがよく分かる…	23	kuronnlove1010	0
0069	100連未満で完凸してる人いるのか！？そんなん都市伝説とかじゃないの･･･？(震え声)	32	ボーテ先輩	2
0069-001	@ところで私のコンタクト知らん? 自分2枚抜きとかした事ないので羨ましい限りです。後話がそれますが名前にセンス感じました😌	3	ボーテ先輩
0069-002	完凸じゃないけど50連目で2枚引きしました…ロード長かったからもしかして~とか思ってたけどびっくりした…	2	ところで私のコンタクト知らん?
0070	復活してくれとは言わないけどまたギバラのガチャがみたい	1	マギだよー	0
0071	170連目オクタの実験着＆270連目ポムフィオーレの式典服揃ってて草	26	タルップル	0
0072	10連キーどうしたの？って気になってる人はガチャ動画は予定によりけーくんの誕生日前日に引いたってTwitterで言ってましたよ〜〜〜	24	【】みこ【】	0
0073	4:32　確定演出(ぎばらさん含む)	3	気づいたら脚に青タン	0
0074	ほぼほぼウツボ兄弟出てきてるの草	13	コナツ	0
0075	8:40 けーくんSSRに目が行きがちだけど10枚中Rが4枚だけって相当引き強くない？？	3	ひとみ	0
0076	なんか普通の動画になってて草 僕のプレミア配信は江良ちゃんにならなくてええねん	34	いつぴーせつな	0
0077	待ってました。。。！  何万課金したんでしょおか！(((	24	かむかむ	0
0078	3:21突然のベジータで草	15	一富士二鷹	0
0079	毎回完凸なの当たり前になってきたなぁ	28	にじさんじ追いかけ太郎	0
0080	江良ちゃんのツイステ動画好きだったんだけどな……… もう見れないのか…	2	はるの	0
0081	概要欄は完全なフリと見た。      (((体には気をつけてね)))	58	たぬき。	0
0082	24日に自分もこんな風になるのかと思ったら恐怖しか感じない	28	音乃。	4
0082-001	わかる、、	0	でで
0082-002	ディアソムニア推しなんですけど、冬はバースデーやらイベントやらで毎日期待で心臓が止まりかけてるんですよね(隙自語)財布と喉がギバラ	4	ねこぼこ。
0082-003	それな	2	ポン酢のかいくん
0082-004	あずぅぅぅぅぅるぅぅぅぅ、、、、、、、、	3	若晴
0083	9:46 のおいでけーくん... からのｱｧ〜ききききゅいきゅいほんとすき	7	きゅうり	0
0084	けーくんのお部屋買い忘れた私を誰か殴り殺してください	5	翠	0
0085	0:30 ここで10連キー無くなってるから動画冒頭を後に撮ったんだろうな	13	鈴央渡邉	0
0086	絶対やると信じてました😭😭😭楽しみです！	34	Y, A	0
0087	相変わらず双子のガチャ率高い気がするw	11	いなご	0
0088	100連目で出た後「流れで来るのでは！？」って思った後動画の残り時間見て察する	11	シロ	0
0089	カリム単位になってて草	11	みゆ	0
0090	ロゼッタで私信を感じるって聞いてそういえばえらちゃんとけーくん髪色一緒だなって、、	25	きなこ。	1
0090-001	待ってロゼットです今気づきました	0	きなこ。
0091	編集お疲れ様 やるって信じてたʚ🥺ྀིɞ  ฅ🥺ྀིฅ	38	とカた	0
0092	1カリム君は草単位感覚やんw ジェイドさんのノーマルの圧ワロタ	3	たかみかん	0
0093	ケイト君の誕生日にログインしたら (あぁ…ギバラこれ完凸まで惜しまずに課金するんやろなぁ…)思ってました。案の定で笑いました	9	ボーテ100点なソフィアくん	0
0094	今回はそこまで悲惨じゃなくて良かったね(?) 1カリム＝完凸は迷言	22	サク	0
0095	概要欄…大丈夫？休んでね:( ;˙꒳˙;):       てか、おしとやか とは 辞書引こ	43	まんじゅう、	0
0096	おしとやかの対義語の存在だろ 無事完凸できてよかったね……	3	やみやみこ	0
0097	7:56まじわかるそれ確定以外で見たことない	3	土門日輪	0
0098	ビジュやパソストで限界化するギバラが目に見える(いつものこと)	16	渚	0
0099	ギバラがスクショした回数 ↓	4	なと	0
0100	おらギバギバすっぞ‼️	22	神城アキラ	0
0101	バースデーガチャでもオクタに付き纏われる女,それがギバラ	3	稲荷貉	0
0102	もうほんとにすごい運が悪いw 物欲センサーすごいのかな？ww	3	ハレル	0
0103	不幸自慢をさせてください。  当方アズール推し、この度のアズールバースデーガチャで完凸を目指した結果、400連というかつてない地獄を味わいました。 あのタコ野郎、60連目で一度出たきり、天井以外で出ないというガードの固さ。  300連を越えたあたりから吐き気が止まらなくなり、ギバラさんがガチャ爆死でいつも嘔吐している気持ちが大変よくわかりました。 ツイステをやめようか本気で悩みましたが、完凸どころか１枚手に入れるだけのために、天井を2回すり抜け、6万を費やしたギバラさんのカリムガチャ動画を見ることでなんとか持ち直すことができました。本当にありがとうございます。 これからも応援しています。	5	山田葵	0
0104	この動画のCMがツイステでなんか嬉しいw	1	かえまる。	0
0105	石の端数が超気になる お疲れ様	14	食パンミリリム	0
0106	御伽原error	13	とっても可愛くて優しくて完璧な私が言うのもアレだが、言わせてもらおう。	0
0107	最後途切れたからビックリしたけど、ちゃんと最後まであるのね	3	退魔七夜	0
0108	待って２７０連目に ポムの式典全員来てるやん 何気にすごい	9	GEARギア	0
0109	3:47 闇堕ちナナチ好き	8	Ikuzak Enimok	0
0110	Vの世界を全く知らない自分にVTuber という素敵な世界を教えてくれて、ツイステってなんだ？ってぐらいの知識だったのにそこからツイステにも沼って、、 本っ当にいつまでも一番の推しだよ！！	0	༒りゆす༒	0
0111	ギバラのおかげでけーくん沼にハマり(本推しはトレイ)、初めてトレイ以外のバースデー引きました。 初めて天井まで回さないと出なかったけど。 ありがとうギバラ………	3	たけのこ	0
0112	まじでギバラの動画テンポ良くて見やすくて好き なかなかSSR出ないからテンポ良くても動画長いから最高〜	8	空白	0
0113	【 引用:概要欄 】ちょっといつもとはちがうなと思ったけどおしとやかではない定期	7	Gao	0
0114	母国語のとこしんどい笑笑 ギバラ語	2	きなこ。	0
0115	ラギーとオクタヴィネル寮の皆さんに頼んだらけーくんのオフショット売ってくれそう	2	天然思考	0
0116	もはやメシウマではなく、ギバラが嬉しいときに自分も嬉しい。	2	繰り返すもぐら	0
0117	SUICAにも課金して…	7	ましろぱん。	0
0118	初コメですがケイトくんの誕生日🎂なのでSSRガチャやってくれると信じていました☺🎶	3	神野葵	0
0119	＿人人 人人＿  ＞ 待ってた ＜  ￣Y^Y^Y^Y￣	3	Ame	0
0120	完凸おめでと～！！！ 「とりあえず5万」の恐ろしさに震え上がったけど、母国語沢山聞けてよかった！	8	雲雀	0
0121	お、同じ反応じゃん。 違うところは課金とSSR出てるところかな(爆死) てか、 けーくんバースデーおめでとう！！！ おめでとう！！！！！！！！！ おめで(((	12	推し最高	0
0122	お母さん、江良ちゃんがのど痛めないか心配よ。ちゃんと加湿して寝るのよ。 母より	26	とっつぁんボーイ	4
0123	おっっっ…！いつやるのかとソワソワしてたよ！！！！	2	時雨	0
0124	0:00 王の帰還	3	パンドラの箱	0
0125	絶対やるって信じてたよー！ ありがとう😊 限界化した江良ちゃん楽しみ😍 改めてけーくんおめでとうございます🎉	18	臨華	0
0126	動画では最後までありますよ！！！ラグでずれたっぽい、、！	2	あいかわまふゆ	0
0127	待ってました!! いやぁ今回は猿何匹分くらい叫ぶのだろうか…	17	まんじゅう、	0
0128	運営から貰った鍵で出てしまった（）	2	松浦夢	0
0129	唐突のSuica笑ってしまった	2	ゆら	0
0130	私もケイト推し（寮生枠で）です！ 同士ですね～。 バースディ当日に 2月4日にひきました。	2	トレア	0
0131	ギバラちゃん生きてて嬉しい！ 編集もお疲れ様です！動画楽しみ♡ ギバラちゃんの絶叫たのしみ！	5	mo kata	0
0132	え、最後とぎれた？	3	ふらいえんび	0
0133	リビングで見てたら親に不思議な顔で覗かれました。	12	あるみ	0
0134	ありがとうございます！！！楽しみにしてました！！！！！	2	たなかかなた	0
0135	1カリム＝天井は笑う	2	おれ	0
0136	待ってました！ 生きてて良かったです😭😭	5	かむかむ	0
0137	なんか途中トドの鳴き声聞こえるけど気のせいだよね？？（おとぎばらにゆめを持っていた奴）	3	黒澤丸	0
0138	「絶対動画内のどっかで猿叫する｣ってコメントしようとしたら動画開始早々高音出してて草	5	雷光虫	0
0139	実験服のけーくんの顔が1番好きなのめっちゃわかる	8	さやむ	0
0140	お猿さん生産学校	2	MIDORI	0
0141	「ジェイド率高い気がするけど…」って言うから数えてみました。 が、最後に数が合わなくなったのでどこかが違います(明日気力があれば数え直します)   リドル13    エース8   デュース11   ケイト12 トレイ6   レオナ15   ラギー16   ジャック6   アズール11   フロイド18   ジェイド13   カリム14   ジャミル13   ヴィル14   エペル15   ルーク15   イデア13   オルト12   ツノ太郎7   リリア13   セベク16   シルバー18   計279	27	makoto kotono	2
0142	ちょっと待って?      どこがおしとやか??????	2	nono	0
0143	他のキャラのバースデーカード出るたびラギーブッチの誕生日が待ち遠しくなる₍ᐢ• ‧̫ •̥ᐢ₎	2	mikar i	0
0144	3:53 接吻音かと思ったら脱糞音だった…	0	kami miya	0
0145	けーくんの誕生日＝ギバラ死という認識がついててな……	1	ほい	0
0146	おしとやかとは……健康第一やで♡♡	1	もちこ	0
0147	顔良… いっぱいけーくん引けてて良かった…	1	Lumen Caelestis	0
0148	引くの待ってたよ笑笑	1	おいしい牛乳	0
0149	9:29  パンパパパンパン　よっしゃシンデレラ！	1	なめ	0
0150	爆死した後の「ｽｩ〜〜」が何気に好き	2	咲宮愁	0
0151	人間っぽくない声が時々聞こえるんだが ちなみに私の元にけーくんは来ませんでした。	6	03 Reisa	0
0152	ほんとにいつもよりお淑やかで心配になる(いつもより)	1	海ノオト	0
0153	＿人人人人人人人人人＿ ＞ この日を待ってた ＜ ￣ＹＹＹＹＹＹＹＹＹ￣	10	1 1は	0
0154	2:40 も〜ジェイドくん絶対ギバラのこと好きでしょ〜！？	0	きゃべつ	0
0155	江良ちゃんのガチャ見ると引きたくなる(地獄門デス・ゲート)	3	らむｗｗ	0
0156	今日は某🎤の次男くんの誕生日なのですが、ギバラさんは🎤知ってますかね？	1	୨୧ えす ୨୧	0
0157	オクタの圧やばくない？	5	今すぐ寝るね	0
0158	ギバラへ  羽1枚でも鏡怒ることあるから1枚だったとしても落ち込まないでね	3	ぽるか	0
0159	まってた！！絶対来ると思ってた	1	dia sa	0
0160	友達が無料十連キーで出してたのでボコりに行ってきますね	4	なっとうごはん	0
0161	今のご時世猿なんて見に行けないから楽しみ	34	舞桜	0
0162	3:22クソ笑ったw	0	なーこ	0
0163	てかオクタヴィネルめっちゃ出るやんすり抜けたかったんだろうな	1	常盤かごめ	0
0164	ギバラが課金してるの観ると元気になる	1	イカ	0
0165	おしとやかって何？？？	3	柳ユウ	0
0166	YouTubeくん……？	2	りーちゃん	0
0167	完凸おめでとうございます！！ ケイト出るとき必ずスカラビアいる気がするw	1	めいあるぷす	0
0168	限界オタクすぎて好き笑	0	ゆゆゆ	0
0169	Suica703円なの笑っちゃったじゃん😹	1	ほしぐも	0
0170	ギバラの引いたバースデーガチャでマレウスが一番早くきてんの草	4	薔薇の人	0
0171	まじ待ってた笑	1	Za	0
0172	5:57 からの怒涛のスクショで声出ました	0	みずいろ	0
0173	これを楽しみにしてた節がある笑	0	クローンしまきじ	0
0174	待ってました！！！！楽しみにしてます！！✨✨	1	らの。	0
0175	私10連目でSSRのけーくんゲットできた(´・ω・｀)	1	ゆず	0
0176	楽しみすぎるーー！！！	1	えり?	0
0177	闇の鏡怒らなくてもSSR出る時あるよね出た時めっちゃ焦る笑笑	2	てゃん	0
0178	絶対にすると確信していたw	0	雲雀露草	0
0179	3:56 漏らしてて草	0	黎明卿 新しきボンドルド	0
0180	ギバラちゃんは絶対字幕の才能がある	1	浅葱	0
0181	待ってました！笑笑	0	Mari mo	0
0182	僕も天井で一枚しか出てくれませんでした(;_;)	1	I. M	0
0183	きっとBDガチャあげてくれると思って毎日チャンネル覗きに来てた🥰	1	るあー	0
0184	やっぱりジェイドで草	1	hanaaa	0
0185	けーくんよかったね…！安定の天井	1	さ	0
0186	待ってました！！ この動画みると6月の推しガチャ怖くなるけど完凸目指して頑張るよー	1	かっぱ	0
0187	いつ動画出るんだろうと待ってました！！！！！完凸おめでとうございます🎉	1	まみ	0
0188	(母国語です)めっちゃ好き	0	となこ	0
0189	めっちゃ待ってましたww	0	るあん	0
0190	けーくん最推し現在50連で0枚の私に絶望を与えた........................	4	梅花	0
0191	そうだった…おしとやかの基準が違うんだ	4	。おこめ	1
0192	ちゃんと体力使ってから引いてて笑った	0	コウメ	0
0193	お淑やか…とは…？？？(最上級の褒め言葉)	1	いちごタルト	0
0194	スイカ出てきたのほんと笑った	0	ぽちた	0
0195	待ってましたー！ 誕生日来たときに生きてるのかどうか少し不安になったw	0	走れチルノ	0
0196	このトゲピーみたいな声出してる人感覚バグってんな	3	ジームGF	0
0197	流れるような課金流石です	1	M M	0
0198	最近にじさんじ好きになったんやけど カリムに6万かけた動画は前に見てて この人やったんかってなった。	0	睡眠。	0
0199	編集お疲れ様！カリムくん…	0	ゅぅゃょゎぃ	0
0200	0:36 ガオガエンにしか聞こえん	0	やたがらす	0
0201	私、16連でバースデーけーくんきました笑笑 本命のアズールバースデーが天井まできてくれる気がしません......	0	濱田美月	0
0202	今回はギバラの生存確認必須ですね笑	0	花ちゃん	0
0203	わ！のがめっちゃ好き！けーくんの驚いてる表情が浮かぶ	0	hiro	0
0204	俺もこれみて1枚引いた 良かったな姉さん	3	立見賢治	0
0205	最後の｢6万！……カリムくんと一緒？｣で笑っちやったw((イコールケイトくんも6万円の男っすね((？	0	愛林檎だよ	0
0206	汝〜から始まるのはSSR率高いですよん	0	ぁぁ	0
0207	概要欄「体調悪かったらお淑やかになる｣とかゆうバグ発生してて草	0	蜜柑星KT	0
0208	ギバラさんは多国籍言葉が豊富！(((((	0	いちご	0
0209	1:39 ）レオナ ＿人人人人人人＿ ＞　解せぬ　＜ ￣^Y^Y^YY^Y￣	0	めめい	0
0210	課金をカード支払いにしたらコンビニダッシュせんでも良くなるんやで…？ﾆｯｺﾘ	2	アレン	0
0211	自分も天井でけーくんお迎えしました！！！！！ ギバラちゃん完凸おめでとうです✨🎉🎉🎉🎉	1	紡_つむぎ	0
0212	第2弾あって草	1	ふらいえんび	0
0213	@概要欄 おしとやか…？🤔	1	ポテチバーガー	0
0214	セリフのとこちゃんと黙るの好き	1	一般通過握り飯	0
0215	けーくんのスマホカバー買ったんかなw	1	小百合。	0
0216	ジェイドに好かれてるギバラさん羨ましすぎる💓	0	れいん	0
0217	最高にきめぇ(褒め言葉)	0	梅しそ	0
0218	僕の推しいっつもガチャの時死にかけたり猿になったりするの何かの間違いだと思いたい	0	しおり	0
0219	0:27 ギバえもん	10	毛むくじゃらの白子ポン酢	0
0220	絶対すると思ってた！！！！٩(*´︶`*)۶	0	あい	0
0221	あれ、なんか今日静か…、？？	3	かむかむ	0
0222	母国語ヤバすぎで草	0	りーちゃん	0
0223	コレを編集してる時の顔が見たい	0	421 pmm	0
0224	私34連目で出ました！！ 深夜に回してけーくん出てお姉ちゃんと騒いでましたw	0	syaro	0
0225	途中で終わってビビったけど、ライブから戻ったら最後まで見れた  けーくん完凸おめでとう！	0	イクラちゃん	0
0226	母国語ネタ草 完凸	1	ヶ丘	0
0227	7:07謎の使命感	0	Raな	0
0228	ぐるぐるしまくってたけど面白かった	1	輪廻	0
0229	安心してくれ…私はフロイド(推し)を100連で出してやりましたよっ！(泣)	2	かなめくん	0
0230	良かった！！動画の最初からいつものギバラで安心した！！ まぁ、天井は確定ですよね？？	0	河合美咲	0
0231	ギバラなら絶対やってくれると思ってた	1	きなこもち	0
0232	超楽しきにしてた！ww	0	のいいの	0
0233	13:49 の中国語「本当になんて言ってるのか聞き取れない」	0	がお	0
0234	全く関係ないけど､､､金どっから入ってきてんのww	0	きおすく	0
0235	ぎばらさんの動画楽しみにしていました！おめでとうございます☺️	0	ろの	0
0236	絶対アップするとおもってたw 楽しみにしてました！	0	Mina uto	0
0237	こない、って思った瞬間に推しくるのは心臓にわるいww	1	天神の雲	0
0238	けーくんBDのビジュ最高すぎるんだけども 歴代BDの中で一番好き というか推しじゃないけどビジュはそもそも一番好き	2	いはない	0
0239	ありがとうございます♪ 楽しみ！	1	レモン	0
0240	楽しみにしてます！！！！	1	讃岐造	0
0241	見るの一日遅れてしまいました、、 待ってました！！！( ߹꒳߹ )	0	齋藤	0
0242	けーくんお迎えお疲れ様です。 私もどうしようか迷ったんですけど勝手に手が動いてました… ま、まぁ無事にお迎えできたからまだいいですけど…w	1	エース推し	0
0243	待ってましたーー！！！！	0	多すぎる推し	0
0244	ずっとずっとツイステ配信して無かったからもう飽きたのかと思って悲しかったけだそんなことなかったありがとう泣くほど嬉しい	18	べべいす	0
0245	なんか見てて楽しい‪w‪w	0	̇ ̊ʚ あ め ɞ ̊ ̇	0
0246	待ってました！ツイステ新しいガチャ来るたびギバラちゃんの動画UP待ってる自分がいる	1	こりこり	0
0247	キモオタから搾取してイケメンに搾取される最高の循環	0	軽井木もちね	0
0248	9:46 妖怪けーくん招き	0	絶対に切れないミサンガ	0
0249	待ってました〜！	0	まふぴーや	0
0250	最近、羽2枚出ても最低保証の時が多いんよな…もしかしてワイだけ…？	0	リコメ	0
0251	風のように叫び方が変わるの無理笑笑笑	0	きなこ。	0
0252	何気いつもガチャ回す前に授業まわしてて 「0／10」になってるところがすき	2	東江有紀子	0
0253	け〜くんのバースデーガチャ発表された時からこの動画を待ってた...(ᐡ⸝⸝- -⸝⸝ᐡ)	0	はるせ。	0
0254	ギバラの動画をみる時(主にガチャ)は 最初に動画時間を確認します(^^) 察ｓ(((	0	月夜の懐中時計	0
0255	これでいつもよりおしとやかかもは草（概要欄）	0	ログインして入力	0
0256	やっぱ推しのおめかしは今凸だよな！！！！！！(マレウス完凸した女)	0	rina	0
0257	待ってたー！	1	空飛ぶ猫たま	0
0258	最高に気持ち悪いね笑(褒め言葉)	0	slip A.	0
0259	やったー✨見たかった！嬉しい🎵🎵	0	世界中の猫の鳩胸	0
0260	Suicaめちゃくちゃ笑った	0	しの.	0
0261	最近はじめて、レオナでた！	0	狗神キラリ	0
0262	14:04 グ　リ　ム	0	モ	0
0263	生きとったんかワレェ！と思ったら別の意味でﾀﾋんでて草	0	ーしちゅ	0
0264	みんな知ってるか？ このギバラとかいうやつ一応シンデレラなんやで	1	凡人	0
0265	270連目ポム式典服欲張りセットでかわいい	0	蒼鉛	0
0266	ギバラってオクタヴィネルにめっちゃ懐かれてるよね…()	0	カービィ	0
0267	今更ですが約280連でけーくん完凸おめでとうございます！貢原江良さん！！（）	0	flos *	0
0268	鈴と小鳥とそれから私…  面白い例えだね…！！	0	司馬苑	0
0269	オタク特有の早口好き	0	わらびもち	0
0270	待ってました！！！	1	とむ	0
0271	本当に体調悪かった？ 全然おしとやかじゃないよーww けいくんマジでかっこいい お誕生日おめでと〜〜	3	さっくんの彼女になりたい舘推し	0
0272	運分けたいくらい当たって欲しいと思って毎回見てるw	0	らい	0
0273	100連未満での完凸なんてあるの(っ'ヮ'c)！？すごい強運	0	ひき茶	0
0274	ツイステ開いてケイトの誕生日を知った時、ギバラさんが頭をよぎった 😂	0	零	0
0275	もはやVTuberを捨てていて笑う	0	ダイソンだった人	0
0276	めちゃくちゃ待ってました！ 完凸動画見返してました😭	0	安芸	0
0277	まってた〜〜〜	0	むぬてぃん	0
0278	お淑やか……？？？？？？？？？？？	0	葉月	0
0279	ツイステの動画楽しみにしてました！	0	しおのり	0
0280	これ見たあとにピンキーちゃんとのデュエット曲聞いてみ？ギャップどころかもうゴーストシンガーかと思う。	1	θ si-ta	0
0281	(母国語です)	0	Sa Yama	0
0282	やっぱり推しに狂ってるオタク見るのが一番楽しいな	0	ゐぬこ	0
0283	ギバラの写真ホルダーを見てみたい(ﾟ∀ﾟ)	0	ちびモグ	0
0284	おとしやかってなんだっけ(概要欄)	0	うか	0
0285	推し誕生日おめでとう🎁🎁🎂🎉🎊㊗️	0	Kyosuke	0
0286	ギバラちゃんのこの動画をずっと待ってた	0	まあり	0
0287	動画15分あるのに4分で天井してるの草	0	もかさん	0
0288	けーくんBDで初天井した…	0	れい	0
0289	グルーヴィーのイラストで推しが混じっていた自分、尊死	0	うっみ	0
0290	おしとやかとは…	1	ゆぅか	0
0291	9:49 から朝方によく聞く鳥の鳴き声に似てて朝を感じました	1	麦	0
0292	これギバラって知らんで見てなかったけどさ バーチャルってなんやったっけ？？？	0	彩	0
0293	まじでこの動画上がるの待ってた	0	もんままま	0
0294	ガチャ回しながら江良さん生きてるかな…とか思ってました。	1	moca	0
0295	ケー君の誕生日で真っ先に思い出した  完凸おめでとうございます❣️	0	ぴぴ美	0
0296	待ってたぜ〜♡	0	てるテル	0
0297	ギバラの引くたびに初めて当たったみたいなリアクションが好き	1	ナポリたん	0
0298	待ってました！！	0	harusame eeen	0
0299	8:41 ナナチかな？	1	ライゲル	0
0300	この動画観ると、なんだか元気になる	0	ユリ	0
0301	13:06 かつてないほどウキウキな課金	0	は〜る	0
0302	待ってました！！！！！！！	0	しい	0
0303	「事前に言ってくれ」っていってもギバラ結局いざ導かんって言われたらめっちゃ発狂してるやん……wバースデー告知出た時から動画楽しみにしてましたwけーくんハッピーバースデー！	4	あき	0
0304	Suicaになっちゃうのすごくわかる………	0	たこやき	0
0305	まさかのカモが登場したw  お疲れ様でした(*_ _)	0	shinbey ヨッシー101	0
0306	概要欄見たけどおしとやかではないと予想	10	物吉審神者	1
0307	今体調崩してるけど声聞いてると元気なる	0	いわし。	0
0308	それでこそ江良ちゃん	1	ゆず、	0
0309	4回目で、出た	0	はらかず	0
0310	ツイステは分からないがギバラが幸せそうにしてるのを見るのが楽しい	1	ろくでなす	0
0311	待　っ　て　た	0	インノケンティウス三世	0
0312	ギバラの為にギバラのYouTubeの広告見まくるね❤︎❤︎	0	chisato	0
0313	ギバラのツイステガチャは絶対見てる 笑	0	てゃん	0
0314	9:08  オクタの実験服全員出てるの草、好かれすぎやろ	0	ろろろろろ	0
0315	真夜中にやると確率上がりますよ！ リリア様のおめかしバースデー、2時にやって単発で出ましたから！	1	小林愛佳	0
0316	全人類にけーくんのグルーヴィー絵見て欲しいかわいすぎてしぬからさ、、	0	。	0
0317	投稿してくれて嬉しい💓 ありがとう🤗	0	na ru	0
0318	待ってましたぁぁぁぁぁぁぁ‼︎‼︎‼︎	0	皇伽-きみか-	0
0319	4:43~  ひつじのギバラ	0	哲学者	0
0320	50連まで頑張って貯めたのに出なかったよねー	0	前田りえ	0
0321	今回もおかしくなってないね。（洗脳済）	1	べーやん。	0
0322	この動画見ながら引いたら20連で出ました ありがとうございます(^^)	0	人生のモブ	0
0323	天井まで来ませんでした。 ギバラ…お前も仲間だろ？？    追記:仲間でした！！ありがとう！！	37	Mina	0
0324	突然の実写鴨に笑いが止まらない	1	ましゅろしゅろ	0
0325	おしとやかの欠片も無くて草	0	ぽよ	0
0326	淑やか：は身の振る舞いや話し方が落ち着いていて上品なさま  おしとやかとは🤔	0	もか	0
0327	今回ペースめちゃ早い気がする……	0	K. S.	0
0328	やっぱみんなけーくんのバースデーの通知来た時ギバラの心配するよな、、、	0	たいまい	0
0329	息するようにかきーーーーん	1	佐鳥です	0
0330	ケイトの「映えすぎ〜｣が IKK〇さんにしか聞こえない	0	ひひひひひひ	0
0331	まだ推しの誕生日来てないんですけど、ちょっと心配になってきた	0	みつつきゆい	0
0332	12:17 あれ、、なんかカカロットがうつった気がしたんだけど……気のせいか。	0	松田	0
0333	けーくんへの誕生日プレゼント6万円	0	ウルフ	0
0334	グリム演出は単発でも出ますよ☻ ツイステ動画待ってました😭😭✨✨	0	もちぺ	0
0335	確かにこえいつもより大人しい感じがする 私の脳みそに刺さらん	0	そら	0
0336	けーちゃんかっわいいね〜	0	あぐらいあ	0
0337	ジェイドくん出なかった悲しみからか何故か2860個の魔法石あるんだか（真顔）	0	小山和彦	0
0338	魔法石と書いて、ジュエルと呼ぶギバラちゃん	0	るる	0
0339	待ってた…これを…	0	ワナビー	0
0340	ギバラオタクの鏡(´；ω；｀) お疲れ様！今度スパチャ投げます(´；ω；｀)	0	なつめ	0
0341	5万入れてる女のSuicaの残高705円なのおもろ	2	田中ピーターラビット	0
0342	ギバラのガチャ動画を見てると無料ってなんだっけ？ってなってしまう	1	ぱうろ	0
0343	天井の時単発使えよ思ってた(())	0	あ	0
0344	めちゃくちゃ待ってた	1	みかんんん	0
0345	リーチ兄弟がSSRで出たがってる、、、、	0	みゃのぴーす	0
0346	乱数調整(20回くらい)＋夜の1時～5時＋物欲無くすをするとSSR当たる確率高いですよ！ちなみに私もこの方法で最近SSR3枚くらいGET出来ました！	0	めろんくりーむそーだ	0
0347	10:03 御 伽 原 動 物 園	0	MaKuRoWolf	0
0348	おめでとうございます(白目)	0	ぴぴっぴぴぴ	0
0349	やっぱけーくんのバースデーはやるよね（笑）	0	あお氏	0
0350	今日失敗やらかして死んでたけど救われましたありがとう。🙂	0	スヌーピー癒し	0
0351	誕生日ガチャ天上かかった事ない… 他ピックアップはしっかり天上だけど	0	狐狛	0
0352	待ってたよ！！	0	ピースワーク	0
0353	この動画を待ってた	0	ゆき	0
0354	最近鍵の回るところでSSRがわかることに気づいた。 その後の光はわかってだけど。	0	篠美智子	0
0355	けーくん1人出ることに1天井分浮くのでけーくん1人に諭吉2.5人分含まれてる。	0	いず	0
0356	まってました…	0	Ulala	0
0357	動画の長さで大体わかる説…	0	兎乃	0
0358	これを楽しみにしてた	0	ぽんずはともだち	0
0359	けーくんバースデー来た時に「ギバラさんが壊れるの見れるなぁ～（喜）」って一番に思った。未来予知っ！！	0	竹子土井	0
0360	鈴と小鳥と 聞いて　合唱を思い出した…なつかしい…	1	芋虫	0
0361	広告スカラビアのCMで沸いた。そんで待ってた	0	お寿司お寿司	0
0362	0:27 ここギバえもん	0	ぴじょ美	0
0363	元気そうで良かったです	0	ATSUSHI FUKASAWA	0
0364	ギバラってほんとに女限界ヲタクの化身だよね	0	あお	0
0365	課金しまーすのところでメルカリで意外と高く売れるかもの広告きてギバラが哀れになってきた	0	ひなひな	0
0366	私も天井けーくんだったからもうなんかさぁ！！！！ってなっちゃいますね😭😭	0	まるも	0
0367	信じてました( 'ω')	1	ぽよづき	0
0368	すり抜けなしは神	0	ご自愛下さいどうぞ	0
0369	出ると思った	1	氷宮霧佳	0
0370	いや、待ってたこれ	1	ヤマダに火のつく宵の家.	0
0371	自分の名前がけいとだから江良ちゃん推してる僕としてはすっごい嬉しい。	0	そらいろらむね	0
0372	ギバラのガチャはいつでも最高よ。 これからもコンビニと仲良くな。	0	赤い稲妻	0
0373	こないだ推しの誕生日ガチャ引いた時に嬉しさと驚きでゲロ吐きそうになって嗚咽がやばかったのでギバラ嗚咽を聞いてわかる〜！！となってる(わかる)	0	もあ	0
0374	ジュエル(笑)	0	うた	0
0375	記者会見並みにスクショ連写してて草	0	Mio Mio	0
0376	良かった生きとって。ありがとう	0	おけ田	0
0377	来ると思ってました	0	In a	0
0378	実写鴨と母国語です、で吹きました。 けーくん完凸おめでとうございます！	0	みぃちゃん	0
0379	待ってた！	1	ティコo	0
0380	誕生日きたからそろそろギバラヤバいんじゃないかって思ってたけどやばかった	0	まじめくん	0
0381	カリムくんから、🛹もらったんよ	0	はらかず	0
0382	やっぱりツーショで逝ってた	0	*姫蛍	0
0383	検索:おしとやか とは	1	あゆ	0
0384	まってました！！！！！	0	サングリアルビルキス	0
0385	ギバラは体調が悪かろうがケイト狂いだからどうせ猿化するに決まっとる。	3	はなちゃんねる	1
0386	イキ過ぎィ！！！！！！！	0	メンヘラ惰弱系ビッチ	0
0387	自分は石貯めてて満足にガチャ引けないからギバラちゃんのガチャみて欲発散してる笑	0	。ゆう	0
0388	イデアくんのバースデー7ヶ月間ガチャ禁したら100連で完凸出来ました🙄	0	霖	0
0389	諭吉さんもスプリットカードか〜(？)	0	#翠ちゃん	0
0390	けーくんのバースデーが出ると知ってからギバラさんの動画を楽しみにしてました！ 1カリム＝けーくん完凸に吹き出しました(笑)	0	もとき	0
0391	ガチャ楽しみにしてました	0	えんどうさや	0
0392	もうツイステ辞めちゃったのかと思ってましたまた発狂聞けて嬉しいです	0	もうさぎ	0
0393	けーくんとオソロに出来るスマホカバー出たけどもちろん買うよね？	0	風蛇 フミカノ	0
0394	私の周りでは江良ちゃんのことは「カリム6万の人」で通じます	0	Michael Y	0
0395	単発て来ました🎼.•*¨*•.¸¸🎶(煽り)	0	Yuzu Citron	0
0396	毎回テロップｳﾞｪｪみたいなのを打って動かしてをしてるんだと思うとおもしろいww	0	jtnkrmg MAO	0
0397	個人的にけーくん≒ギバラって所ある	0	あこ	0
0398	ギバラが元気そうでよかったよ	0	凪狐	0
0399	もう誰も触れてないけどバーチャルギバラさんが出ずに声のみという。	0	キューブリックスキ子	0
0400	初めて見たけどこの人面白い	0	CMタストル	0
0401	ぐるぐるどっかーん	1	はむしく	0
0402	ギバラ（の推し）ピックアップ召喚待ってました	0	東芝白崎	0
0403	来ると思った	0	n	0
0404	見る前「15分か～早めに引けたんかな？」 3分後「え、もう50連…この時点で課金…？え…？御伽原さん…？」	1	氷見こさじ	0
0405	完凸おめでとう🎉㊗️🎊300連以下でも幸せならOK!	1	雪米	0
0406	自分50連で完凸まであと一歩とかギバラの前で言えない()	0	あろま	0
0407	誕生日は20連で一回は大体でるってイメージ	0	ことこゴリラ	0
0408	ギバラ…けーくんとおそろのスマホカバー複数買ったって報告してたけど、何個買ったのか気になる…😂	2	Yuki N.	0
0409	俺もギバラのみて引きたくなったから引いたら16連でけーくんでました。対あり＾＾	0	与作くん	0
0410	この動画まってた	0	ナポリたん	0
0411	ガチャ動画のコメ欄に必ず現れるギバラの公式説明文	0	小崎ニャン子	0
0412	0:08あたりにレジギガスいなかった？	0	5 i	0
0413	13:20 ポム全員式典服お出迎え～(他にもあったか？)	1	メロンパンー	0
0414	ツイステのガチャひさびさな気がする	1	終夜	0
0415	まーたVなのに Vやってないよこの娘…(平常運転)	0	天上のG	0
0416	プレミア公開で見てて急に終わったからえ？！？！ってなったけど、 無事に完凸出来てよかった…！ おめでとう！！！	0	よよよ	0
0417	やはり…	0	Mi zu ki	0
0418	ツイステ全くわからんけどこんな凄まじい限界化するって事だけは理解した	0	taisi ri	0
0419	ジェイド天井 フロイド天井  お疲れ様です…	0	フクロウ	0
0420	(゜Д゜)ｱｯ!?にじさんじだったの？ツイステ限界オタクだと思ってました	0	N民#ドN	0
0421	けーくん絶対でないだろと思いましたら20連目で出たという私	0	はな	0
0422	安定安心のツイステガチャ動画w グルーヴィーを見た時の反応も見てみたい！	0	H H	0
0423	ギバラの限界オタクの叫び聴いてると安心する もはやギバラASMR	1	シオリ。	0
0424	けーくんをモチーフに女性物の上着、パーカー等の作ろうと思ったら売れると思いますか？	0	Lui Lui	0
0425	ギバラが投稿するのけーくんばーすでー前日から待ってたよ((( ギバラが無事生存しててよかった(((  改めて思ったけどギバラ意外と運悪めなのか運営から搾り取られてるのか(？)	0	mika	0
0426	ツイステ運営に財布(命)を握られるギバラ	0	。。	0
0427	実は私、けーくん最推しなんですけど、ギバラ絶対けーくんスマホケース買ったやろ。私なんてiPhoneじゃないのに買ったからな。	0	郵便屋さん	0
0428	にじさんじの亀井有馬	0	SHOGO	0
0429	にじさんじという存在をこの人から知った	0	ユラン	0
0430	まるでいつもおしとやかじゃない言い方じゃないk……合ってるか……	1	グラドラ・レクス	0
0431	しょっぱなから草	1	漆黒霊夜	0
0432	意地も愛嬌	0	あすぱら。	0
0433	動画待ってた	0	アカツキ01	0
0434	ギバラのけー君ガチャ待ってた	0	。しょう	0
0435	この前初めて100連以外でグリムが出たのを見た グリムちょー可愛い	0	ミアン	0
0436	ケイト君誕とか絶対ギバラちゃん仰げば尊死じゃ～んってずっと動画上がるの待ってました！笑	0	五条茜	0
0437	待ってたーw w スクリーンショット同じ画面 w 何枚撮るの⁉︎	0	六録	0
0438	とりあえず5万は強すぎる	0	ちんあなご	0
0439	あ、あの、けーくんの誕生日楽しみにしてたのにログインボーナスはおろか最初のメッセージ？動画？みたいなのもなかったんですけど同じ人いますか？	0	さら	0
0440	すっげーどうでもいいけどうちの学校こういうテンションの先輩いたわってふと思い出した	0	モコモコわたあめ	0
0441	なんでか知らんけど(まじで知らん) これを大音量で聞いてて耳が((     え、なんでだろう(謎)	0	はづ	0
0442	🐒かと思ったら🦆で草	0	祇条楓	0
0443	これを待ってた	1	りらありす	0
0444	これを待ってた	1	まりもorange	0
0445	いつか素敵な王子様が自分を迎えに来てくれると夢を見ている                    　↓ 金で迎えに行っている	0	どつぽん	0
0446	ケイトガチャ来るって聞いて1番に御伽原 江良さんが頭に浮かんだ。お幸せに！	2	しろくま好きちゆん	0
0447	召喚の時のボイス絶対聞き逃したくないから叫ぶの抑えるよね	0	みゃのぴーす	0
0448	待ってました！！私もケイトくん推しなのでビジュアルが発表されたとき素晴らしすぎて発狂しましたww	7	おしゃけだよ	0
0449	サブツイッター見て動画待ってました！！ パソストでも叫ぶんだろうなぁ(・ｪ・)ﾀﾉｼﾐ	1	nori	0
0450	10連でケイ誕1凸してしまったの申し訳ないw	0	えな	0
0451	ここに新たな単位が生まれました！！率先して使っていこう！！！	0	みらくるれもん汁	0
0452	ごきげんな兵藤会長みたいな声出てる	0	GIL春菊 type Zi	0
0453	500連で絶対完凸できるからいいね	0	さや	0
0454	ズレたんかな	1	黒茶	0
0455	カリムくんのエグさが際立つな	0	ジル	0
0456	絶対完凸させると思った。	0	三日月	0
0457	お ち つ け	2	さ	0
0458	動画を待ってた	0	三日月.	0
0459	けー君完凸とかマジヤッベー☆!!      声優ネタ怒られそう	1	パジャマだいすきももお姉たん!!	0
0460	おしとやか…？？	1	甘いみかん	0
0461	開幕乙女声可愛い	0	バルボッサギー	0
0462	もらった10連キーは何処へ	0	無能なえりかっぴ	0
0463	お迎えするというより今にもギバラにお迎えがきそう	0	リンカンリンカン	0
0464	ノリで回した10連目で1枚出してごめんなギバラ	0	さく	0
0465	ワタシ サイキン マナビ マシタ、ムヨク ガ カツ(期待した時出ないが諦めてる時に不意打ちしてくる運営)	0	あは	0
0466	確定の時金色の光が走るんやな	0	s pokipoki	0
0467	推しに対して発狂しすぎて吐き気催してる人初めて見ましたありがとう	0	୨୧ るる୨୧	0
0468	ケイト君のおめかしバースデー3枚出ました	0	霧野薫	0
0469	動画的には美味しいのかもしれないけど、こんなに課金してんのに最低保証しか出ないの気の毒すぎる	0	Supica	0
0470	2回で来てくれた子だ	0	割れ鼈甲	0
0471	おしとやか: 性質や動作がもの静かで上品であるさま。また、つつしみ深いさま	0	高咲ソライ	0
0472	定期的に見るようにしてるんだけど、これからも見るから…少しでも、少しでもガチャの足しになれば…	0	田吾作	0
0473	6:32 衝撃の瞬間(予言)	2	や。	0
0474	本当に｢王子様が迎えに来るのを夢見てます｣って言ってた人と同じ人物ですか？ってくらい荒ぶってて本当に大好き	0	ボーテ100点なソフィアくん	0
0475	たのしみにしてました	0	わもす	0
0476	うーん、知ってた	0	峰桃花	0
0477	待ってた	0	cham chay	0
0478	待ってた	0	気づいたら脚に青タン	0
0479	待ってた	0	ひらめの開き	0
0480	待ってた	0	しじみはなこ	0
0481	BDケーくん＝カリムくん ガチャの恐ろしさを垣間見てしまった。	0	山田海子	0
0482	ついに来たか... 生きてるかな	0	黒茶	0
0483	いつもより…Ｏ　ＳＩ　ＴＯ　ＹＡ　ＫＡ…？	0	カワイイ瑞希	0
0484	40連目で2枚抜きしたからｵｯこれは完凸行けるのでは？って調子こいて回してたら地獄を見た	0	産まれたての審神者	0
0485	これを配信じゃなくて1人で引いてるって思うと…………………	0	お茶	0
0486	自分でフラグを立てる天才	0	てぃん	0
0487	ギバラさんのツイステ動画をみてツイステ始めました！！！ ヴィル様がかっこよくて頑張ってピックアップ引いてるけど来てくれません……	0	レモンの雫	0
0488	課金デバフかかってる？てぐらい毎回SSR全然出ないの草	0	ん	0
0489	けーくんは何万の男かな	1	ゆき	0
0490	ギバラちゃん30Dayパス買わないの？ 完凸おめでとー！愛を感じた	0	すとろん	0
0491	カリムは単位だった…？	0	noa noa	0
0492	いつもよりおしとやかとは…？	0	アホの狐	0
0493	このガチャ回したとき４０連やってこなくてマジカルキー１８本（単発）で持ってたから１回１回引いたら総合で１４本目で来たからぎばらちゃんのガチャ確率ほんとにおかしいと思う笑笑笑笑	1	饅頭	0
0494	開幕１秒で限界化するギバラさん。	0	koi. aka	0
0495	これを待ってた	0	藤崎千里	0
0496	やっぱり	0	僕ぺけ.	0
0497	私御伽原さんの動画ツイステガチャだけ見たにわかなんですけど、この方は限界ヲタクで、ツイステ沼の深くに埋まっている方ですか？	0	。ゆず	0
0498	ちーん😅	1	ひでまる	0
0499	バースデー召喚まじBDSSR確定なの有難い ガチャスクショめっちゃするけど数週間後我に返ってフォルダ整理するやつ	0	千羽.	0
0500	これを待ってたんだよ！	0	猫缶の猫	0
0501	てっきり500連引くとばかり……。	0	。にあ	0
0502	私は無事天井でお迎えしました…。 ギバラさんもお疲れ様です！   🐙……イベント🦈(？)…ｳﾞｯ(オクタ推し)	1	kr mssk	0
0503	待ってました！！けーくんの誕生日って聞いてすぐギバラさんのガチャ動画連想されましたww	2	かえまる。	0
0504	???「課金は、食事よ！！！！！！」	0	Mr. Mix	0
0505	これを単発の1回で出した私は今年の運を使い切りました	0	モナカルンバ	0
0506	やっぱにじさんじは色んな人が居て面白いなぁ	0	ふぁんふぁん	0
0507	「おしとやか」の意味を辞書で引いてみようか	0	ましゃ	0
0508	おしとやかとかいう概念   お体をお大事にィィィィィ！！！！！	0	ああ	0
0509	相変わらずあたおか 体調不良なのにおしとやかじゃないの草 ちなカリムくん私も引いたで()	0	鈴木	0
0510	女と嘔吐とスキャットマンのミルフィーユ状態と思いきや、不意に挟まるサイヤ人で草	0	ムギトロ	0
0511	発狂具合に期待( ˙-˙ )     追記  予想通りの発狂具合。(⌒‐⌒)  完凸おめでとう！！	1	水無月あめ	0
0512	とりあえず5万()	0	さいだ	0
0513	待 っ て た	0	R J	0
0514	待 っ て た	0	Ann nna	0
0515	0:27   バラえもん	0	神来丘R[しんらいきゅうあーる]	0
0516	ツイステ全くわからんけどギバラはおもろい	0	まる	0
0517	オレンジ匂わせか？お？お？	1	ふらいえんび	0
0518	アズに取っておくつもりだった10連キー一発目で一人来ましたね	0	あおあお	0
0519	ギバラはSSRが出ると思っていないところでSSRが来ると呼吸困難からの急激な蘇生をガチャ動画のたびに繰り返しているので彼女の心臓が心配です。	0	はるはる	0
0520	100連でSSR1枚なの仲間意識感じました	0	すずあ	0
0521	俺30連で2人来て、なんか知らないけど、 ｢ギバラ…｣ってなった	0	眞由希にゃろ。	0
0522	ギバラがｵｴｴｴｯｳﾞｪｱﾟ⤴︎⤴︎とか言ってて広告入ったらダイエット系でお゛えええええっげーーって吐いてて笑った	0	あいけんか	0
0523	天井までに4回出た	0	m sa	0
0524	ほんまにSuicaスマホに入れたんやな	1	みかん	0
0525	3:22    12:18 本日のドラゴンボールです	5	ふらん*	1
0526	カリムは単位だった…… (１カリム＝6万円)	0	もちもちRain	0
0527	Suica推しだから助かる	0	Mowもーもー	0
0528	こんだけ回しててグリム見ないってすごいわ	0	たかはし	0
0529	や　る　と　思　っ　た	0	金造	0
0530	＿人 人 人 人 人 人 人＿  ＞ 　待  っ  て  た     ＜  ￣Y^Y^Y^Y^Y^Y^Y^Y^Y￣	1	ごりらっぱ	0
0531	何百連するんかな	0	雪山とまと	0
0532	この動画 密かに期待してた人 ⤵⤵⤵	0	ふーせんがむ	0
0533	なんだこれは…初配信にあんなこと言ってた人とは思えない、でもこのギバラの方が好き	1	菓子パン	0
0534	鴨で腹筋やられた	0	ふくろう	0
0535	おしとやかとは…( ᐛ )   カリムくんは強い（いい意味で◜ω◝ ）	0	・3 ・	0
0536	13:06  13:06  13:06  13:06   13:06  13:06  13:06  13:06    けーくんお迎えの歌	1	あゝ無常!	0
0537	けーくんと誕生日一緒だった私は勝ち組(？) でもけーくんは来てくれませんでした🙃 マレウス様100連したんでね…(無課金勢)  このご時世体調にはお気をつけて😌	0	零雫【レナ】	0
0538	13:20 でポムの式典服 7:32 でイグニの式典服 9:03 でオクタの実験着　それぞれ全員来てるの凄い	11	。ゆ	0
0539	ギバラからいつの間にかハマったにじさんじ 落ち込んでても笑えるありがとうギバラ 課金狂いしてるギバラがすこ 推しが来なくても他キャラも愛するギバラがすこ	0	冴島結月	0
0540	2:36 悟空	1	むらを	0
0541	一回の課金で何円かかって何回引けるんですか？	0	さめ.	0
0542	僕もギバラくらい課金できるようになりたい、、、（無課金）（けーくん当たんなかった）	5	まほーしょーじょちゃん	0
0543	Hey Siri おしとやかの意味って何？	0	aya miya	0
0544	まさかツイステのガチャ動画で金子みすゞ聞くとは思わんかった	0	白米	0
0545	皆さんケイト先輩のスマホケース予約しましたか？	0	ケイト	0
0546	これでお淑やかなんか      たしかに	1	まろしのch	0
0547	私は課金無しで天井でした😌けーくんは安い男じゃないと思ったら何とか発狂はしないで済みました✌️	0	もっち これからも四葉推し!	0
0548	おめかしは天井で少なくとも確定だからいいけどこれ確定じゃなかったらカリム6万の時よりやばそう	0	hana haru	0
0549	私１０連で出てびびってスマホ投げてしまいました そしたらカバーにヒビが入りました。はい。 けーくん尊いんでいいです。はい。	0	ひなひな	0
0550	いつもよりおしとやか……？ おしとやか……  おしとやか……  おしとやか……  …	0	しろ吉	0
0551	そろそろ警察呼んだほうが良いんじゃ...	0	観測螢	0
0552	待ってた👐👐👐	2	mimiまゆらー	0
0553	爆死しました。	1	狗神キラリ	0
0554	13:49 有什公言不能新地昕取！？	0	さ	0
0555	私とことりとすずとって言いたいんやろな	0	橙木玲	0
0556	【概要欄】 自分「おしとやか…？あっギバラの中で、だもんねっ!!(洗脳済） 心の声（あんまり変わらん気する）	0	すわぴちゃん	0
0557	なんかサムネ見て思ったんがさ、、メイク落としたヒソカ？って思ったんよね	0	カジキ目黒	0
0558	これでいつもよりおしとやかなら普段はもう人の領域を超えてる	0	塩枝ソル斗	0
0559	元気そうで何より	0	橘柚斗-ユト-	0
0560	9:51  人魚語…？	0	翠	0
0561	１カリムほぼ家賃なんよ	0	時雨改五	0
0562	どうでもいい話だけど魔法石をジュエルっていうくらいそっちのゲームやってんかなあ、なんて	0	りず	0
0563	ツイステ、2万4千円？くらいで1天井なのほんと羨ましいわ……… しかも誕生日はすり抜けなし、絶対完凸出来るじゃん……羨ましい……	0	忠尚	0
0564	収録時体調悪かった…へぇ………えっ？？	0	ゆきみだいふく	0
0565	私も1枚目天井まで出なかったから仲間がいて安心した ハロウィンイベ以降貯めてた石3000個全部使ったのに結局2枚しか来なかった...	0	山桜ヒナ	0
0566	なんかこれ10連で出たんよな	0	kira mayu	0
0567	ガチャ動画毎回楽しみにしてます！  ちなみになんですがお使いの端末がiPhoneであればLINEpay登録すればコンビニに行かなくても魔法のカード購入できますよ🤗  良い無(理のない)課金Lifeを🎉🎉🎉	0	えびまよ	0
0568	ありがとうございます🥰🥰 やってくれてると信じて楽しみにしてました!!🤗🤗 お疲れ様です!!	6	めろでぃのあっぷるてぃ。	0
0569	BDケイト完凸(280連)までに出たジェイド  R制服：6 R体操服：3 SR式典服：1 SR実験着：3 合計13人	0	それがし	0
0570	10連で出なかった時の切り替えがかつてないほどに早いw	2	kty	0
0571	けーくんの誕生日きて、リア友と最初にした会話が 友｢今日けー君誕生日だね｣ 私｢ギバラ大丈夫かね｣ 友｢発狂しながら貢ぎまくってんじゃね？｣ ｢カリムの二の舞になりそうだね｣ 私｢あー、でも今回バースデーガチャだし大丈夫でしょ｣ 友｢えー、でもギバラだよ？｣ 私｢あー。｣	0	若様の為ならこの命	0
0572	本名ケイトわい、ほぼ毎動画のことだけどなんだか複雑な心境になる	0	Kate Oum	0
0573	バースデーは大抵20連以内にでます🙌 最低3回デス🙄 夜8時以降夜中にやると出やすいと思います🙌🙌	0	林檎	0
0574	まじで尊敬します(☆∀☆)	0	KS T	0
0575	毎度の事ながら、バーチャルYouTuberやんな？ あれ？姿が見えんぞ？？ あれ？？ギバラ？？？あれ？？？	1	なヲ!	0
0576	日本語喋れてない	0	桜もち	0
0577	カリムくんは単位です。1カリムくんで6万です。0.5カリムくんは3万ですね。	0	てん	0
0578	13:05 課金の歌すき	7	はらまき	1
0579	母国語は御伽語ですか？	0	メルファ	0
0580	諭吉でSSRを出すって実質、錬金術じゃね？	0	t	0
0581	Suica吹いた	0	魘夢	0
0582	毎回思うけどギバラツイステ運営に絞られてない？  やっぱり無欲で引くのがいいんやろなぁ…	0	ゆんぐりー	0
0583	概要欄:いつもりおしとやか     動画を見たあとの私 ｢おしとやかとは…｣	0	ななせくん	0
0584	イデアBDの時課金出来ない状態で80連して爆死した私にとっては親近感しか湧かない	0	*うさにゃん*	0
0585	急に静かになったな…と思ったら通信制限で止まってただけだったわ	0	ところで私のコンタクト知らん?	0
0586	いつもよりおしとやか、、、、、？？？？	0	MI KA	0
0587	限界オタクのギバラすき	0	猫は世界を救う	0
0588	剣持のゴリラ真似あながち間違ってない	0	いけ	0
0589	えらち完凸おめでとう 体調気をつけてね、、、？	6	ひまり	0
0590	安心感が実家なんよ	0	まにまに	0
0591	いくらかけたんだろ	0	女ぽ	0
0592	バースデー、マジカルキーの単発でも引いてみてください！結構出ます！！	0	はなちな	0
0593	わいのiPad、単発1回でケイトBDSSRきた… 幻かと思ってたよ単発SSR 欲を言えばiPadできてほしかったけど、最推しフロくんのイベ待ちなので石貯める！！！(無課金)	0	。ゆう	0
0594	私はアズ誕に貯めているのでけーくんは6回しか回せず、出ていませんが、ギバラさんが出してくれると私まで嬉しくなります！笑 お誕生日おめでとうございます！！	0	あいちゃん	0
0595	動画の長さ的にもう少し察する	0	来世は推しのメガネになる!!	0
0596	凄すぎます！（私は10連キーで、でちゃった……）	0	ラーラ	0
0597	100連する気満々で魔法石めっちゃ貯めてたけどまさかの単発で出た… (スキップすると出やすいとゆう自分なりの考えでスキップしまくってたらいきなり出てきてふぁっ!?ってなったw)) 最推し最高    てかグルーヴィー可愛すぎな?(  ˙-˙  )	0	。ユウ	0
0598	凄いな…久し振りに見たけど…      ツイステってすり抜けないんか…	0	裏垢ですが何か?	0
0599	字幕付けるとカオスなのだが	0	由紀江土屋	0
0600	元気？	0	よよよん	0
0601	課金のしすぎで感覚がおかしくなっていらっしゃる……  完凸おめでとうございます👏🏻👏🏻   あとグリムは多分天井の合図だと思います 私はそう思ってますそう信じてます	5	命-life-	0
0602	え10連キーどこいった？	0	にゃあ	0
0603	わいの友達でけーくん5連目で出した奴いて、、、しかもそやつ今まで天井でSSRを出した経験がない＝いつも100連以内にはキてるって、、、、は、、、 わいちゃんと100連(無課金)納税したのに、、、 ちょっと殺ってきますね( ੭˙꒳ ˙)੭	0	たぴおかみるくてぃー。	0
0604	誰も言ってないんだけど、モデル出さないで実況してるからただの限界ツイステ女実況者になってんの草	0	勉強したくない	0
0605	ギバラのツイステ動画見てる人に分かる単位  1カリム=5けーくん	0	陽南	0
0606	新作待ってました〜´ω`*    （心の中） ｷﾀ━━━━(ﾟ∀ﾟ)━━━━!!ｳﾎｯ(ง˘ω˘)ว	0	ゆら子	0
0607	限界オタクの象徴 ギバラ	1	さかぐち	0
0608	あの､､､自慢話と捉えてもらって構わないので聞いてください､､､      あのですね試験メダルが400枚ぐらいあってキーを3個交換したんですよ。 それで、「まぁどうせ来ないけど単発引くか〜‪w‪w」とか思って引いたら 闇の鏡が怒りまして､､､ ケイト来ちゃいました､､､。 誕生日の前日に	0	夜空	0
0609	え、これがおねがいダーリン歌ってた人ですか？？？？？	0	ぽっぷこーぬ	0
0610	主様のバースデー最短で引き当てたのが私の最推しのマレウス様でつらい、、、w自分は天井だったのに、、、逆に自分はけーくん30で当たったんすけど、やっぱり推しって出ないもんなんすかね？？笑	2	Raな	0
0611	生きてる？？？	0	だる子	0
0612	無料１０連で2枚引きしました             って友達がってましたಠ益ಠ	0	あっちゃん犬猫愛護団体	0
0613	けーくんのBDイラストを公式で見た時から　正座しつつ諭吉を差し出すギバラさんのお姿を妄想していましたが、現実化していました  今回も楽しい動画をありがとうございます　体調お気をつけてくださいね	0	甘芋納豆	0
0614	この人見てると私がケイト推し名乗ってるの申し訳なくなる…。	4	ボンクラ	0
0615	諭吉さん使っても100連出来ないんだよねぇ ツイステキャラはそれほど魅力ということ	0	人間恐怖	0
0616	正直ツイステのガチャ更新の度にギバラのガチャ動画を心待ちにしてる	1	すのーふれーく	1
0617	これで少しおしとやか？なのか	0	みころう	0
0618	いやギバラ……体には気をつけてな……      お   し   と   や   か   と   は	0	こんるるされたいブロウ	0
0619	乱数なんとかやってみたらどうですか？？	0	たこやき	0
0620	ごめんなさい 1回目で引けた人です バースデー10連キーは通常ガチャで使いました SSRジャック君来ました	0	堀ヤリノ	0
0621	すいません誕生日けーくん鍵10連    (実質無料)で出してしまいました(  ᵒ̴̶̷̥́ _ᵒ̴̶̷̣̥̀  )         わーいけーくん来たーうれしーな〜＼( 'ω')／ウオオオオオオアアアアアアアアアアアアアーーーーーッッッッ！！！！！(精神崩壊)	0	通りすがりのラブライバー	0
0622	まぁ、やるだろうなって思ってました しってるか分かりませんが、ホームの羽マーク→アルバムの キャラのボイス・演出ってとこから カードを選択すると好きなカードの最初の演出(一言ストーリー含め)が見れるので けーくんとの感動の再会を沢山してください☺️(6万カリムとも)	1	Reon	0
0623	ギバラが騒いでるの聞くのが最高の娯楽	7	絶対に結婚するライナー【登録者数1000人で結婚】	0
0624	ギバライベントの香水使わないタイプなの？	0	田中ピーターラビット	0
0625	オタクがなんのゲームしてるかの見極め方はガチャに必要なものの言い方です。 普段は石なのにジュエルって言ってるってことはギバラディズニーの音ゲーやりまくってるな...	0	ゆきみや	0
0626	うん。だよね。        来ると思ったよ、御伽原。	0	suzk	0
0627	なんかツイステのガチャって、夜中の1時ぐらいに引くと、SSRが出やすいらしいですよ( ´∀｀)	1	京。	1
0628	ガチャ動画はギバラしか見たことないから私の中でSSRの基本は天井という基準になってる（なんならすり抜けも多い） なので自分で回したらきても早くても大体80くらいでくるんだけど運いいーって思う	0	たかはし	0
0629	……(　　´　・ω・　｀　　) 私、けーくんのバースデーキーで、10連 したら、2枚出て来て、完凸しようかと…	2	り。	0
0630	よかった…びっくりした…動画にしないのかと思った…     今日もいいオランウータンっぷりですね！(みる前)	0	ちょこそふとミントを添えて。	0
0631	キャンセル押しまくってなるべく夜中の1時くらいにやるとSSR出やすいかも…昨日やったらデュースきて叫んだ	0	アニメオタク	0
0632	300連までしないの？けーくんの香水(語弊)もらえるよ！一生使えなくて香水溜まってるけど	0	つばき	0
0633	なんか…なんというか…          全    部    分    か    っ    て    た	0	きう	0
0634	マジ、ギバラがケイトくんの誕生日から全く投稿しないから死を意識したよ 生きててよかった(亡霊説は認めない)	0	リンカンリンカン	0
0635	無料分10連で引いた僕。ギバラに殺されます	0	くろみつ	0
0636	けーくんおめかしバースデー完凸 ずっっっっっと待ってました！😭 もうすぐ入試本番なのにいい結果が出なくて 泣いたりしてたけど、ギバラちゃんの動画見て 自然とニヤニヤしちゃって気持ちが落ち着いたし 本当に心の支えすぎて感謝してもしきれないです😭 2週間後に入試本番なので頑張ります！！	2	なっとうごはん	0
0637	私の中のおしとやかの定義とギバラのおしとやかの定義にだいぶ違いがあることが今回の動画でよくわかった。	0	こたけたけこ	0
0638	Figuarts mini リドル・ローズハートは買うんだろうかｗ七人買いそろえるんだろうなｗ	0	Sin Ogua	0
0639	ギバラに貢ぐ俺たちと、ツイステガチャに貢ぐギバラ。      あれ…？なんか似てね？	0	哲学者	0
0640	トイレの中で乱数調整(20回やって21回目で回す)と必ずSSR出ますよ(＾ω＾) 経験者が語らせていただきます(((	1	。るる	2
0641	ツイステのガチャ動画なかなか出さないからちょっと寂しかった…	2	桃花_momoka	0
0642	お、おしとやか‥？？？？         でも、まじでギバラ体調やばかったら休んでね‥お体にお気をつけて‥	18	すーぱーぬこ	0
0643	私は最推しイデアシュラウドは100連で完凸でした😇💕💕💕 ケー君は68連で来ました👏	2	Amini Joker	0
0644	10体のジェイドに囲まれてたね。案外すくない？イデア様の方が多かったかも	0	鈴紅月	0
0645	13:31 ポムフィオーレ寮の3人の式典服揃ってるんだが…     初コメ失礼しました。今回初めてあなたを見たのですがとても面白いですね！応援します((｡´･ω･)｡´_ _))ﾍﾟｺﾘﾝ	0	しずく	0
0646	陽キャは６万。	0	遠藤梨沙	0
0647	落ち着け！落ち着け！       一つ言わせて？運分けて？？？ (何言ってんだオメェ)	0	épéel	0
0648	同じケイト推しからしたら自分を見ているようだった	1	ちをな	0
0649	お、け〜くんきたか？？？みたいな時にぐるぐるするんですよ…ほんとにさぁ ｵｵｵｵｵｵｲ、YouTube 君しっかりしろよぉ〜ーー？？	9	にじさんじ追いかけ太郎	0
0650	20連で出た‪w	0	めだまやき	0
0651	鍵2つと10連で出た僕はかなり幸運だったんだな。と改めて思わされる動画ですね！でも今回の動画はとても楽しみにしてたしとても面白かったです^ - ^	0	モンスト好き	0
0652	5ケイト=1カリム	0	K M	0
0653	3:22	0	A A	0
0654	4:44 100連目の奇跡	1	記憶喪失ニキ	0
0655	今日はコンビニ行っていくら溶かしたんかな？	1	絶対に結婚するライナー【登録者数1000人で結婚】	0
0656	もう自分は来てくれないだろうって思ってネタバレ考えずにぶっ通しで見てたら今日の朝来てくれたァァァ！ギバラありがとううううう！これからパソストギバラと全く同じ反応で見るよよよよよ！	0	みみ	0
0657	無課金単発でけーくん出ましたよ！	0	裕紀	0
0658	出てきたカードの数を数えました。 (一応ネタバレ注意)       リドル13 エース6 デュース11 ケイト12 トレイ8 レオナ15 ラギー17 ジャック5 アズール11 ジェイド13 フロイド18 カリム14 ジャミル13 ヴィル14 ルーク15 エペル15 イデア12 オルト14 マレウス9 リリア14 シルバー17 セベク17   数え間違いあると思うので参考程度に…1番多かったのはフロイドでした。意外	1	んみなづき	0
0659	私もけーくん最推しで、バースデー天井まで一枚も来なかったし、ハロウィンも天井すり抜けだったので、ギバラさんとグータッチしたいですw	0	あ ゆ み ん	0
0660	バギラのおかげ(せいで) 、ツイステの沼にハマりました。ありがとございます‪💢💢💢💢‬ ツイステが私にとって初のソシャゲなんですが、お金が熔けるという感覚を初めて味わいました。どうしてくれるんだ。	2	平平	0
0661	ジェイフロのバースデーどっちも天井叩き出してて笑う。一日でそんなに引いたんか。草。	1	ねこ猫	0
0662	4:31 4:31      けーくん①  100連目 8:08 8:08      けーくん②  150連目 9:49 9:49      けーくん③  200連目 11:45 11:45  けーくん④  220連目 13:45 13:45  けーくん⑤  280連目(完凸)  1カリム＝完凸	0	ポテト	0
0663	どことなくけーくんがぺこぱのしゅうぺいに見えてくる(((	0	ヲ。	0
0664	最近ツイステ始めてガチャ引いたらけーくん？が当たったんですけど強いんですかね？	1	M・ N・E	4
0665	これ見てると無料10連キーで引けたのめちゃくちゃ幸運なんやなって、、、、	1	りゅうせい	4
0666	いつもよりおしとやか？？？？？？？？？？？？？？？？？？？？？？？？？？？？	0	通りすがりのただのたなか	1
0667	リリア様誕生日その時、 10連鍵だけで誕生日リリア様2出た（ただの自慢）	2	加藤千夏	0
0668	なんかオススメに出てきたから見たけど最早ただのYouTuberで草	0	ほんとにライオンだ	0
0669	これ見てたら猫が威嚇してきた。本能でさるってわかってんのかな	0	なかなな	0
0670	5:30ここマジで草(予言)	4	マグロのお兄様	0
0671	13:46 13:46 13:46 1番好きなところです	1	なー	0
0672	30連でけーくん出ました！！	0	たこやき	0
0673	単発で引いてしまったことに罪悪感を感じる	0	ナナヲ	0
0674	私まさかの一回目で出てきました‪w 10連したら鏡がいきなり怒鳴って来たので心臓が死にました†┏┛墓┗┓†	1	ねこたん	0
0675	10連1回で2枚単発1回で1枚出ました	0	霧野薫	0
0676	変わっちまったな。ギバラ。	0	こーーち	0
0677	てかいつも思うんだけど グリムって100連目だよ〜で出てくるからそれ以外はssrでも出ない、、ことない？	0	イチ	0
0678	＿人人人人人人人人人人人＿ ＞    お し と や か か も    ＜ ￣^Y^Y^Y^Y^Y^Y^YY^Y^Y￣	8	推しを推せる時じゃなくても意地でも推そうとする系の人間ですどーも。	0
0679	34連でけーくん当てました	0	佐藤公昭	0
0680	さすがに今回は早めにでるやろ。 (動画時間をチェック)    あっ...(察し)	0	田中。	0
0681	忙しい人向け 4:30 1人目！  8:08 2人目！！  9:47 3人目！！！  11:29 4人目！！！！  13:44 5人目！！！！！  ここ好き 8:00 江良ちゃん壊れちゃった……  9:24 どんどんぱふぱふ  早い段階で出てよかったですね！おめでとうございます！	2	コンティロマネ/イルミナたんふぁんくら部部長	0
0682	この人、オクタに限らず青っぽいチームの排出率エグくね？むしろ羨ましいわ……（イグニ推しの女）	0	岡本茉莉	0
0683	初めて彼女を見た時、お金を降らせてた。お金大好きVtuber御伽原 江良だっけ？ そうなんだぁ～って思ったものなんだよ。 そんな彼女がホストに貢ぐOLよろしくケイトくんにお金を捧げてるのを見ると、あの光景が過るんだ。 そして思うんだ。とても幸せそうだから天井でしかもらえなかったとしても問題無いよね？と	0	阿辺山優一郎	0
0684	ギバラには悪いが、 ワタクシ、バースデーで貰えるマジカルキーでけーくんでちゃった♡	0	シェン	0
0685	さーせん、10連の一発目に出ました	0	豆腐雨猫	0
0686	大学４年生で手芸サークルに所属している。料理、掃除なんでもこなす家庭的な女性。  いつか素敵な王子様が自分を迎えに来てくれると夢を見ている。	0	のりぞう	0
0687	あ、気持ちわる〜って思ったけど、私も周りから見たらこんななのかな〜って悲しくなったけど、YouTubeのためだからオーバーリアクションだよねって自分に言い聞かせてる。	0	なめきち	0
0688	ケイトのバースデー10🗝でた♡	2	三日月宗近	0
0689	ケーくん、10連で出したんよ、、、ギバラに 殺されるかと思った、、、	1	はやて。	1
0690	同担あんま好かないのに キバラちゃんだけは嫌いになれないし、 なぜか許せるんだけど笑笑 別に拒否してる訳じゃないけど( ´･ω･`)	1	くるみ。	0
0691	10連で出た私は殺されますね😇	0	Momo Kino	0
0692	単発1発で出たのは私の運が良いだけ？それとも御伽原さんの運が 悪いだけ？	1	&茶	0
0693	俺の友達１００連で(嫌な人は見ないでね)         4けーくん(最初のけーくんは単発7回回したら出たーそうでぇぇえ？？)	0	かすたーどくりーむ	0
0694	自慢していい？けーくん10連したら2人当たった	0	#翠ちゃん	0
0695	自慢します     10連でけーくんSSR2枚来ました	0	木下幸夫	0
